STRUCTURE,STRUCTURE_ID,STRUCTURE_NAME,ACTION,FREQ,Fréquence,CLIMATE_CHANGE_INDICATORS,Indicateurs du changement climatique,GEO_PICT,Pays et territoires insulaires du Pacifique,TIME_PERIOD,Période,OBS_VALUE,Valeur observée,OBS_STATUS,Observation Status,UNIT_MEASURE,Unité de mesure,ERROR_TYPE,Error type,ERROR_VAL,Error value,REPORTING_TYPE,Reporting Type,OBS_COMMENT,Commentaire
DATAFLOW,SPC:DF_CLIMATE_CHANGE(1.0),Indicateurs du changement climatique,I,A,Annuel,RAIN_ANOM,Anomalies des précipitations,TK,Tokelau,1979,,-14.2,,,,MM,millimètre,SE,Standard error,0.7,,N,National,,
DATAFLOW,SPC:DF_CLIMATE_CHANGE(1.0),Indicateurs du changement climatique,I,A,Annuel,RAIN_ANOM,Anomalies des précipitations,TK,Tokelau,1980,,-8.3,,,,MM,millimètre,SE,Standard error,0.8,,N,National,,
DATAFLOW,SPC:DF_CLIMATE_CHANGE(1.0),Indicateurs du changement climatique,I,A,Annuel,RAIN_ANOM,Anomalies des précipitations,TK,Tokelau,1981,,6.1,,,,MM,millimètre,SE,Standard error,1.3,,N,National,,
DATAFLOW,SPC:DF_CLIMATE_CHANGE(1.0),Indicateurs du changement climatique,I,A,Annuel,RAIN_ANOM,Anomalies des précipitations,TK,Tokelau,1982,,-5.5,,,,MM,millimètre,SE,Standard error,1.1,,N,National,,
DATAFLOW,SPC:DF_CLIMATE_CHANGE(1.0),Indicateurs du changement climatique,I,A,Annuel,RAIN_ANOM,Anomalies des précipitations,TK,Tokelau,1983,,14.7,,,,MM,millimètre,SE,Standard error,1.5,,N,National,,
DATAFLOW,SPC:DF_CLIMATE_CHANGE(1.0),Indicateurs du changement climatique,I,A,Annuel,RAIN_ANOM,Anomalies des précipitations,TK,Tokelau,1984,,0.6,,,,MM,millimètre,SE,Standard error,0.9,,N,National,,
DATAFLOW,SPC:DF_CLIMATE_CHANGE(1.0),Indicateurs du changement climatique,I,A,Annuel,RAIN_ANOM,Anomalies des précipitations,TK,Tokelau,1985,,-6.8,,,,MM,millimètre,SE,Standard error,1.0,,N,National,,
DATAFLOW,SPC:DF_CLIMATE_CHANGE(1.0),Indicateurs du changement climatique,I,A,Annuel,RAIN_ANOM,Anomalies des précipitations,TK,Tokelau,1986,,1.7,,,,MM,millimètre,SE,Standard error,1.2,,N,National,,
DATAFLOW,SPC:DF_CLIMATE_CHANGE(1.0),Indicateurs du changement climatique,I,A,Annuel,RAIN_ANOM,Anomalies des précipitations,TK,Tokelau,1987,,35.4,,,,MM,millimètre,SE,Standard error,0.7,,N,National,,
DATAFLOW,SPC:DF_CLIMATE_CHANGE(1.0),Indicateurs du changement climatique,I,A,Annuel,RAIN_ANOM,Anomalies des précipitations,TK,Tokelau,1988,,-6.3,,,,MM,millimètre,SE,Standard error,0.8,,N,National,,
DATAFLOW,SPC:DF_CLIMATE_CHANGE(1.0),Indicateurs du changement climatique,I,A,Annuel,RAIN_ANOM,Anomalies des précipitations,TK,Tokelau,1989,,-9.9,,,,MM,millimètre,SE,Standard error,0.8,,N,National,,
DATAFLOW,SPC:DF_CLIMATE_CHANGE(1.0),Indicateurs du changement climatique,I,A,Annuel,RAIN_ANOM,Anomalies des précipitations,TK,Tokelau,1990,,0.7,,,,MM,millimètre,SE,Standard error,1.6,,N,National,,
DATAFLOW,SPC:DF_CLIMATE_CHANGE(1.0),Indicateurs du changement climatique,I,A,Annuel,RAIN_ANOM,Anomalies des précipitations,TK,Tokelau,1991,,-13.9,,,,MM,millimètre,SE,Standard error,0.7,,N,National,,
DATAFLOW,SPC:DF_CLIMATE_CHANGE(1.0),Indicateurs du changement climatique,I,A,Annuel,RAIN_ANOM,Anomalies des précipitations,TK,Tokelau,1992,,8.1,,,,MM,millimètre,SE,Standard error,0.9,,N,National,,
DATAFLOW,SPC:DF_CLIMATE_CHANGE(1.0),Indicateurs du changement climatique,I,A,Annuel,RAIN_ANOM,Anomalies des précipitations,TK,Tokelau,1993,,10.5,,,,MM,millimètre,SE,Standard error,0.9,,N,National,,
DATAFLOW,SPC:DF_CLIMATE_CHANGE(1.0),Indicateurs du changement climatique,I,A,Annuel,RAIN_ANOM,Anomalies des précipitations,TK,Tokelau,1994,,8.5,,,,MM,millimètre,SE,Standard error,0.8,,N,National,,
DATAFLOW,SPC:DF_CLIMATE_CHANGE(1.0),Indicateurs du changement climatique,I,A,Annuel,RAIN_ANOM,Anomalies des précipitations,TK,Tokelau,1995,,12.4,,,,MM,millimètre,SE,Standard error,1.2,,N,National,,
DATAFLOW,SPC:DF_CLIMATE_CHANGE(1.0),Indicateurs du changement climatique,I,A,Annuel,RAIN_ANOM,Anomalies des précipitations,TK,Tokelau,1996,,-19.6,,,,MM,millimètre,SE,Standard error,0.7,,N,National,,
DATAFLOW,SPC:DF_CLIMATE_CHANGE(1.0),Indicateurs du changement climatique,I,A,Annuel,RAIN_ANOM,Anomalies des précipitations,TK,Tokelau,1997,,21.0,,,,MM,millimètre,SE,Standard error,1.3,,N,National,,
DATAFLOW,SPC:DF_CLIMATE_CHANGE(1.0),Indicateurs du changement climatique,I,A,Annuel,RAIN_ANOM,Anomalies des précipitations,TK,Tokelau,1998,,19.1,,,,MM,millimètre,SE,Standard error,1.2,,N,National,,
DATAFLOW,SPC:DF_CLIMATE_CHANGE(1.0),Indicateurs du changement climatique,I,A,Annuel,RAIN_ANOM,Anomalies des précipitations,TK,Tokelau,1999,,-31.9,,,,MM,millimètre,SE,Standard error,0.6,,N,National,,
DATAFLOW,SPC:DF_CLIMATE_CHANGE(1.0),Indicateurs du changement climatique,I,A,Annuel,RAIN_ANOM,Anomalies des précipitations,TK,Tokelau,2000,,-32.1,,,,MM,millimètre,SE,Standard error,0.6,,N,National,,
DATAFLOW,SPC:DF_CLIMATE_CHANGE(1.0),Indicateurs du changement climatique,I,A,Annuel,RAIN_ANOM,Anomalies des précipitations,TK,Tokelau,2001,,9.1,,,,MM,millimètre,SE,Standard error,1.1,,N,National,,
DATAFLOW,SPC:DF_CLIMATE_CHANGE(1.0),Indicateurs du changement climatique,I,A,Annuel,RAIN_ANOM,Anomalies des précipitations,TK,Tokelau,2002,,-3.1,,,,MM,millimètre,SE,Standard error,0.9,,N,National,,
DATAFLOW,SPC:DF_CLIMATE_CHANGE(1.0),Indicateurs du changement climatique,I,A,Annuel,RAIN_ANOM,Anomalies des précipitations,TK,Tokelau,2003,,16.3,,,,MM,millimètre,SE,Standard error,1.0,,N,National,,
DATAFLOW,SPC:DF_CLIMATE_CHANGE(1.0),Indicateurs du changement climatique,I,A,Annuel,RAIN_ANOM,Anomalies des précipitations,TK,Tokelau,2004,,9.6,,,,MM,millimètre,SE,Standard error,1.1,,N,National,,
DATAFLOW,SPC:DF_CLIMATE_CHANGE(1.0),Indicateurs du changement climatique,I,A,Annuel,RAIN_ANOM,Anomalies des précipitations,TK,Tokelau,2005,,5.0,,,,MM,millimètre,SE,Standard error,1.7,,N,National,,
DATAFLOW,SPC:DF_CLIMATE_CHANGE(1.0),Indicateurs du changement climatique,I,A,Annuel,RAIN_ANOM,Anomalies des précipitations,TK,Tokelau,2006,,-4.7,,,,MM,millimètre,SE,Standard error,0.9,,N,National,,
DATAFLOW,SPC:DF_CLIMATE_CHANGE(1.0),Indicateurs du changement climatique,I,A,Annuel,RAIN_ANOM,Anomalies des précipitations,TK,Tokelau,2007,,19.3,,,,MM,millimètre,SE,Standard error,1.6,,N,National,,
DATAFLOW,SPC:DF_CLIMATE_CHANGE(1.0),Indicateurs du changement climatique,I,A,Annuel,RAIN_ANOM,Anomalies des précipitations,TK,Tokelau,2008,,-31.2,,,,MM,millimètre,SE,Standard error,0.7,,N,National,,
DATAFLOW,SPC:DF_CLIMATE_CHANGE(1.0),Indicateurs du changement climatique,I,A,Annuel,RAIN_ANOM,Anomalies des précipitations,TK,Tokelau,2009,,-24.9,,,,MM,millimètre,SE,Standard error,0.5,,N,National,,
DATAFLOW,SPC:DF_CLIMATE_CHANGE(1.0),Indicateurs du changement climatique,I,A,Annuel,RAIN_ANOM,Anomalies des précipitations,TK,Tokelau,2010,,-3.8,,,,MM,millimètre,SE,Standard error,1.8,,N,National,,
DATAFLOW,SPC:DF_CLIMATE_CHANGE(1.0),Indicateurs du changement climatique,I,A,Annuel,RAIN_ANOM,Anomalies des précipitations,TK,Tokelau,2011,,-38.3,,,,MM,millimètre,SE,Standard error,1.0,,N,National,,
DATAFLOW,SPC:DF_CLIMATE_CHANGE(1.0),Indicateurs du changement climatique,I,A,Annuel,RAIN_ANOM,Anomalies des précipitations,TK,Tokelau,2012,,-4.8,,,,MM,millimètre,SE,Standard error,0.8,,N,National,,
DATAFLOW,SPC:DF_CLIMATE_CHANGE(1.0),Indicateurs du changement climatique,I,A,Annuel,RAIN_ANOM,Anomalies des précipitations,TK,Tokelau,2013,,20.1,,,,MM,millimètre,SE,Standard error,1.4,,N,National,,
DATAFLOW,SPC:DF_CLIMATE_CHANGE(1.0),Indicateurs du changement climatique,I,A,Annuel,RAIN_ANOM,Anomalies des précipitations,TK,Tokelau,2014,,9.2,,,,MM,millimètre,SE,Standard error,1.4,,N,National,,
DATAFLOW,SPC:DF_CLIMATE_CHANGE(1.0),Indicateurs du changement climatique,I,A,Annuel,RAIN_ANOM,Anomalies des précipitations,TK,Tokelau,2015,,22.4,,,,MM,millimètre,SE,Standard error,1.2,,N,National,,
DATAFLOW,SPC:DF_CLIMATE_CHANGE(1.0),Indicateurs du changement climatique,I,A,Annuel,RAIN_ANOM,Anomalies des précipitations,TK,Tokelau,2016,,10.0,,,,MM,millimètre,SE,Standard error,1.2,,N,National,,
DATAFLOW,SPC:DF_CLIMATE_CHANGE(1.0),Indicateurs du changement climatique,I,A,Annuel,RAIN_ANOM,Anomalies des précipitations,TK,Tokelau,2017,,-5.9,,,,MM,millimètre,SE,Standard error,0.8,,N,National,,
DATAFLOW,SPC:DF_CLIMATE_CHANGE(1.0),Indicateurs du changement climatique,I,A,Annuel,RAIN_ANOM,Anomalies des précipitations,TK,Tokelau,2018,,-16.7,,,,MM,millimètre,SE,Standard error,1.1,,N,National,,
DATAFLOW,SPC:DF_CLIMATE_CHANGE(1.0),Indicateurs du changement climatique,I,A,Annuel,RAIN_ANOM,Anomalies des précipitations,TK,Tokelau,2019,,18.3,,,,MM,millimètre,SE,Standard error,1.1,,N,National,,
DATAFLOW,SPC:DF_CLIMATE_CHANGE(1.0),Indicateurs du changement climatique,I,A,Annuel,RAIN_ANOM,Anomalies des précipitations,TK,Tokelau,2020,,12.2,,,,MM,millimètre,SE,Standard error,1.6,,N,National,,
DATAFLOW,SPC:DF_CLIMATE_CHANGE(1.0),Indicateurs du changement climatique,I,A,Annuel,RAIN_ANOM,Anomalies des précipitations,TK,Tokelau,2021,,-38.8,,,,MM,millimètre,SE,Standard error,0.6,,N,National,,
DATAFLOW,SPC:DF_CLIMATE_CHANGE(1.0),Indicateurs du changement climatique,I,A,Annuel,RAIN_ANOM,Anomalies des précipitations,TK,Tokelau,2022,,-30.8,,,,MM,millimètre,SE,Standard error,1.1,,N,National,,
DATAFLOW,SPC:DF_CLIMATE_CHANGE(1.0),Indicateurs du changement climatique,I,A,Annuel,RAIN_ANOM,Anomalies des précipitations,TK,Tokelau,2023,,-9.6,,,,MM,millimètre,SE,Standard error,1.1,,N,National,,
DATAFLOW,SPC:DF_CLIMATE_CHANGE(1.0),Indicateurs du changement climatique,I,A,Annuel,RAIN_ANOM,Anomalies des précipitations,TK,Tokelau,2024,,11.0,,,,MM,millimètre,SE,Standard error,1.3,,N,National,,
DATAFLOW,SPC:DF_CLIMATE_CHANGE(1.0),Indicateurs du changement climatique,I,A,Annuel,RAIN_ANOM,Anomalies des précipitations,TK,Tokelau,2025,,-5.6,,,,MM,millimètre,SE,Standard error,0.7,,N,National,,
DATAFLOW,SPC:DF_CLIMATE_CHANGE(1.0),Indicateurs du changement climatique,I,A,Annuel,RAIN_ANOM,Anomalies des précipitations,MH,Îles Marshall,1979,,-2.2,,,,MM,millimètre,SE,Standard error,0.5,,N,National,,
DATAFLOW,SPC:DF_CLIMATE_CHANGE(1.0),Indicateurs du changement climatique,I,A,Annuel,RAIN_ANOM,Anomalies des précipitations,MH,Îles Marshall,1980,,-1.7,,,,MM,millimètre,SE,Standard error,0.5,,N,National,,
DATAFLOW,SPC:DF_CLIMATE_CHANGE(1.0),Indicateurs du changement climatique,I,A,Annuel,RAIN_ANOM,Anomalies des précipitations,MH,Îles Marshall,1981,,-5.5,,,,MM,millimètre,SE,Standard error,0.4,,N,National,,
DATAFLOW,SPC:DF_CLIMATE_CHANGE(1.0),Indicateurs du changement climatique,I,A,Annuel,RAIN_ANOM,Anomalies des précipitations,MH,Îles Marshall,1982,,3.0,,,,MM,millimètre,SE,Standard error,0.6,,N,National,,
DATAFLOW,SPC:DF_CLIMATE_CHANGE(1.0),Indicateurs du changement climatique,I,A,Annuel,RAIN_ANOM,Anomalies des précipitations,MH,Îles Marshall,1983,,-24.6,,,,MM,millimètre,SE,Standard error,0.7,,N,National,,
DATAFLOW,SPC:DF_CLIMATE_CHANGE(1.0),Indicateurs du changement climatique,I,A,Annuel,RAIN_ANOM,Anomalies des précipitations,MH,Îles Marshall,1984,,-25.9,,,,MM,millimètre,SE,Standard error,0.7,,N,National,,
DATAFLOW,SPC:DF_CLIMATE_CHANGE(1.0),Indicateurs du changement climatique,I,A,Annuel,RAIN_ANOM,Anomalies des précipitations,MH,Îles Marshall,1985,,-5.2,,,,MM,millimètre,SE,Standard error,0.4,,N,National,,
DATAFLOW,SPC:DF_CLIMATE_CHANGE(1.0),Indicateurs du changement climatique,I,A,Annuel,RAIN_ANOM,Anomalies des précipitations,MH,Îles Marshall,1986,,10.9,,,,MM,millimètre,SE,Standard error,0.7,,N,National,,
DATAFLOW,SPC:DF_CLIMATE_CHANGE(1.0),Indicateurs du changement climatique,I,A,Annuel,RAIN_ANOM,Anomalies des précipitations,MH,Îles Marshall,1987,,2.7,,,,MM,millimètre,SE,Standard error,0.6,,N,National,,
DATAFLOW,SPC:DF_CLIMATE_CHANGE(1.0),Indicateurs du changement climatique,I,A,Annuel,RAIN_ANOM,Anomalies des précipitations,MH,Îles Marshall,1988,,-15.7,,,,MM,millimètre,SE,Standard error,0.5,,N,National,,
DATAFLOW,SPC:DF_CLIMATE_CHANGE(1.0),Indicateurs du changement climatique,I,A,Annuel,RAIN_ANOM,Anomalies des précipitations,MH,Îles Marshall,1989,,3.4,,,,MM,millimètre,SE,Standard error,0.6,,N,National,,
DATAFLOW,SPC:DF_CLIMATE_CHANGE(1.0),Indicateurs du changement climatique,I,A,Annuel,RAIN_ANOM,Anomalies des précipitations,MH,Îles Marshall,1990,,9.1,,,,MM,millimètre,SE,Standard error,0.4,,N,National,,
DATAFLOW,SPC:DF_CLIMATE_CHANGE(1.0),Indicateurs du changement climatique,I,A,Annuel,RAIN_ANOM,Anomalies des précipitations,MH,Îles Marshall,1991,,12.1,,,,MM,millimètre,SE,Standard error,0.8,,N,National,,
DATAFLOW,SPC:DF_CLIMATE_CHANGE(1.0),Indicateurs du changement climatique,I,A,Annuel,RAIN_ANOM,Anomalies des précipitations,MH,Îles Marshall,1992,,-11.0,,,,MM,millimètre,SE,Standard error,0.9,,N,National,,
DATAFLOW,SPC:DF_CLIMATE_CHANGE(1.0),Indicateurs du changement climatique,I,A,Annuel,RAIN_ANOM,Anomalies des précipitations,MH,Îles Marshall,1993,,5.6,,,,MM,millimètre,SE,Standard error,0.5,,N,National,,
DATAFLOW,SPC:DF_CLIMATE_CHANGE(1.0),Indicateurs du changement climatique,I,A,Annuel,RAIN_ANOM,Anomalies des précipitations,MH,Îles Marshall,1994,,0.3,,,,MM,millimètre,SE,Standard error,0.5,,N,National,,
DATAFLOW,SPC:DF_CLIMATE_CHANGE(1.0),Indicateurs du changement climatique,I,A,Annuel,RAIN_ANOM,Anomalies des précipitations,MH,Îles Marshall,1995,,3.7,,,,MM,millimètre,SE,Standard error,0.7,,N,National,,
DATAFLOW,SPC:DF_CLIMATE_CHANGE(1.0),Indicateurs du changement climatique,I,A,Annuel,RAIN_ANOM,Anomalies des précipitations,MH,Îles Marshall,1996,,3.2,,,,MM,millimètre,SE,Standard error,0.4,,N,National,,
DATAFLOW,SPC:DF_CLIMATE_CHANGE(1.0),Indicateurs du changement climatique,I,A,Annuel,RAIN_ANOM,Anomalies des précipitations,MH,Îles Marshall,1997,,20.7,,,,MM,millimètre,SE,Standard error,0.9,,N,National,,
DATAFLOW,SPC:DF_CLIMATE_CHANGE(1.0),Indicateurs du changement climatique,I,A,Annuel,RAIN_ANOM,Anomalies des précipitations,MH,Îles Marshall,1998,,-20.2,,,,MM,millimètre,SE,Standard error,0.8,,N,National,,
DATAFLOW,SPC:DF_CLIMATE_CHANGE(1.0),Indicateurs du changement climatique,I,A,Annuel,RAIN_ANOM,Anomalies des précipitations,MH,Îles Marshall,1999,,-10.9,,,,MM,millimètre,SE,Standard error,0.6,,N,National,,
DATAFLOW,SPC:DF_CLIMATE_CHANGE(1.0),Indicateurs du changement climatique,I,A,Annuel,RAIN_ANOM,Anomalies des précipitations,MH,Îles Marshall,2000,,-1.7,,,,MM,millimètre,SE,Standard error,0.5,,N,National,,
DATAFLOW,SPC:DF_CLIMATE_CHANGE(1.0),Indicateurs du changement climatique,I,A,Annuel,RAIN_ANOM,Anomalies des précipitations,MH,Îles Marshall,2001,,-7.3,,,,MM,millimètre,SE,Standard error,0.5,,N,National,,
DATAFLOW,SPC:DF_CLIMATE_CHANGE(1.0),Indicateurs du changement climatique,I,A,Annuel,RAIN_ANOM,Anomalies des précipitations,MH,Îles Marshall,2002,,13.5,,,,MM,millimètre,SE,Standard error,0.6,,N,National,,
DATAFLOW,SPC:DF_CLIMATE_CHANGE(1.0),Indicateurs du changement climatique,I,A,Annuel,RAIN_ANOM,Anomalies des précipitations,MH,Îles Marshall,2003,,3.7,,,,MM,millimètre,SE,Standard error,0.6,,N,National,,
DATAFLOW,SPC:DF_CLIMATE_CHANGE(1.0),Indicateurs du changement climatique,I,A,Annuel,RAIN_ANOM,Anomalies des précipitations,MH,Îles Marshall,2004,,9.1,,,,MM,millimètre,SE,Standard error,0.6,,N,National,,
DATAFLOW,SPC:DF_CLIMATE_CHANGE(1.0),Indicateurs du changement climatique,I,A,Annuel,RAIN_ANOM,Anomalies des précipitations,MH,Îles Marshall,2005,,-6.5,,,,MM,millimètre,SE,Standard error,0.4,,N,National,,
DATAFLOW,SPC:DF_CLIMATE_CHANGE(1.0),Indicateurs du changement climatique,I,A,Annuel,RAIN_ANOM,Anomalies des précipitations,MH,Îles Marshall,2006,,-1.7,,,,MM,millimètre,SE,Standard error,0.5,,N,National,,
DATAFLOW,SPC:DF_CLIMATE_CHANGE(1.0),Indicateurs du changement climatique,I,A,Annuel,RAIN_ANOM,Anomalies des précipitations,MH,Îles Marshall,2007,,-8.0,,,,MM,millimètre,SE,Standard error,0.5,,N,National,,
DATAFLOW,SPC:DF_CLIMATE_CHANGE(1.0),Indicateurs du changement climatique,I,A,Annuel,RAIN_ANOM,Anomalies des précipitations,MH,Îles Marshall,2008,,-16.4,,,,MM,millimètre,SE,Standard error,0.3,,N,National,,
DATAFLOW,SPC:DF_CLIMATE_CHANGE(1.0),Indicateurs du changement climatique,I,A,Annuel,RAIN_ANOM,Anomalies des précipitations,MH,Îles Marshall,2009,,-6.4,,,,MM,millimètre,SE,Standard error,0.6,,N,National,,
DATAFLOW,SPC:DF_CLIMATE_CHANGE(1.0),Indicateurs du changement climatique,I,A,Annuel,RAIN_ANOM,Anomalies des précipitations,MH,Îles Marshall,2010,,-6.4,,,,MM,millimètre,SE,Standard error,0.6,,N,National,,
DATAFLOW,SPC:DF_CLIMATE_CHANGE(1.0),Indicateurs du changement climatique,I,A,Annuel,RAIN_ANOM,Anomalies des précipitations,MH,Îles Marshall,2011,,2.8,,,,MM,millimètre,SE,Standard error,0.5,,N,National,,
DATAFLOW,SPC:DF_CLIMATE_CHANGE(1.0),Indicateurs du changement climatique,I,A,Annuel,RAIN_ANOM,Anomalies des précipitations,MH,Îles Marshall,2012,,-15.3,,,,MM,millimètre,SE,Standard error,0.4,,N,National,,
DATAFLOW,SPC:DF_CLIMATE_CHANGE(1.0),Indicateurs du changement climatique,I,A,Annuel,RAIN_ANOM,Anomalies des précipitations,MH,Îles Marshall,2013,,-5.2,,,,MM,millimètre,SE,Standard error,0.5,,N,National,,
DATAFLOW,SPC:DF_CLIMATE_CHANGE(1.0),Indicateurs du changement climatique,I,A,Annuel,RAIN_ANOM,Anomalies des précipitations,MH,Îles Marshall,2014,,2.2,,,,MM,millimètre,SE,Standard error,0.5,,N,National,,
DATAFLOW,SPC:DF_CLIMATE_CHANGE(1.0),Indicateurs du changement climatique,I,A,Annuel,RAIN_ANOM,Anomalies des précipitations,MH,Îles Marshall,2015,,17.9,,,,MM,millimètre,SE,Standard error,0.8,,N,National,,
DATAFLOW,SPC:DF_CLIMATE_CHANGE(1.0),Indicateurs du changement climatique,I,A,Annuel,RAIN_ANOM,Anomalies des précipitations,MH,Îles Marshall,2016,,-6.5,,,,MM,millimètre,SE,Standard error,0.8,,N,National,,
DATAFLOW,SPC:DF_CLIMATE_CHANGE(1.0),Indicateurs du changement climatique,I,A,Annuel,RAIN_ANOM,Anomalies des précipitations,MH,Îles Marshall,2017,,-3.2,,,,MM,millimètre,SE,Standard error,0.5,,N,National,,
DATAFLOW,SPC:DF_CLIMATE_CHANGE(1.0),Indicateurs du changement climatique,I,A,Annuel,RAIN_ANOM,Anomalies des précipitations,MH,Îles Marshall,2018,,17.2,,,,MM,millimètre,SE,Standard error,0.5,,N,National,,
DATAFLOW,SPC:DF_CLIMATE_CHANGE(1.0),Indicateurs du changement climatique,I,A,Annuel,RAIN_ANOM,Anomalies des précipitations,MH,Îles Marshall,2019,,7.0,,,,MM,millimètre,SE,Standard error,0.4,,N,National,,
DATAFLOW,SPC:DF_CLIMATE_CHANGE(1.0),Indicateurs du changement climatique,I,A,Annuel,RAIN_ANOM,Anomalies des précipitations,MH,Îles Marshall,2020,,8.0,,,,MM,millimètre,SE,Standard error,0.5,,N,National,,
DATAFLOW,SPC:DF_CLIMATE_CHANGE(1.0),Indicateurs du changement climatique,I,A,Annuel,RAIN_ANOM,Anomalies des précipitations,MH,Îles Marshall,2021,,-2.1,,,,MM,millimètre,SE,Standard error,0.6,,N,National,,
DATAFLOW,SPC:DF_CLIMATE_CHANGE(1.0),Indicateurs du changement climatique,I,A,Annuel,RAIN_ANOM,Anomalies des précipitations,MH,Îles Marshall,2022,,8.1,,,,MM,millimètre,SE,Standard error,0.7,,N,National,,
DATAFLOW,SPC:DF_CLIMATE_CHANGE(1.0),Indicateurs du changement climatique,I,A,Annuel,RAIN_ANOM,Anomalies des précipitations,MH,Îles Marshall,2023,,8.9,,,,MM,millimètre,SE,Standard error,0.4,,N,National,,
DATAFLOW,SPC:DF_CLIMATE_CHANGE(1.0),Indicateurs du changement climatique,I,A,Annuel,RAIN_ANOM,Anomalies des précipitations,MH,Îles Marshall,2024,,3.0,,,,MM,millimètre,SE,Standard error,0.6,,N,National,,
DATAFLOW,SPC:DF_CLIMATE_CHANGE(1.0),Indicateurs du changement climatique,I,A,Annuel,RAIN_ANOM,Anomalies des précipitations,MH,Îles Marshall,2025,,-4.3,,,,MM,millimètre,SE,Standard error,0.7,,N,National,,
DATAFLOW,SPC:DF_CLIMATE_CHANGE(1.0),Indicateurs du changement climatique,I,A,Annuel,RAIN_ANOM,Anomalies des précipitations,WF,Wallis Et Futuna,1979,,-19.2,,,,MM,millimètre,SE,Standard error,0.5,,N,National,,
DATAFLOW,SPC:DF_CLIMATE_CHANGE(1.0),Indicateurs du changement climatique,I,A,Annuel,RAIN_ANOM,Anomalies des précipitations,WF,Wallis Et Futuna,1980,,-12.8,,,,MM,millimètre,SE,Standard error,0.6,,N,National,,
DATAFLOW,SPC:DF_CLIMATE_CHANGE(1.0),Indicateurs du changement climatique,I,A,Annuel,RAIN_ANOM,Anomalies des précipitations,WF,Wallis Et Futuna,1981,,-9.4,,,,MM,millimètre,SE,Standard error,0.8,,N,National,,
DATAFLOW,SPC:DF_CLIMATE_CHANGE(1.0),Indicateurs du changement climatique,I,A,Annuel,RAIN_ANOM,Anomalies des précipitations,WF,Wallis Et Futuna,1982,,-1.8,,,,MM,millimètre,SE,Standard error,1.1,,N,National,,
DATAFLOW,SPC:DF_CLIMATE_CHANGE(1.0),Indicateurs du changement climatique,I,A,Annuel,RAIN_ANOM,Anomalies des précipitations,WF,Wallis Et Futuna,1983,,-24.8,,,,MM,millimètre,SE,Standard error,0.7,,N,National,,
DATAFLOW,SPC:DF_CLIMATE_CHANGE(1.0),Indicateurs du changement climatique,I,A,Annuel,RAIN_ANOM,Anomalies des précipitations,WF,Wallis Et Futuna,1984,,-5.2,,,,MM,millimètre,SE,Standard error,0.8,,N,National,,
DATAFLOW,SPC:DF_CLIMATE_CHANGE(1.0),Indicateurs du changement climatique,I,A,Annuel,RAIN_ANOM,Anomalies des précipitations,WF,Wallis Et Futuna,1985,,-7.3,,,,MM,millimètre,SE,Standard error,0.9,,N,National,,
DATAFLOW,SPC:DF_CLIMATE_CHANGE(1.0),Indicateurs du changement climatique,I,A,Annuel,RAIN_ANOM,Anomalies des précipitations,WF,Wallis Et Futuna,1986,,-5.7,,,,MM,millimètre,SE,Standard error,1.1,,N,National,,
DATAFLOW,SPC:DF_CLIMATE_CHANGE(1.0),Indicateurs du changement climatique,I,A,Annuel,RAIN_ANOM,Anomalies des précipitations,WF,Wallis Et Futuna,1987,,-22.4,,,,MM,millimètre,SE,Standard error,1.1,,N,National,,
DATAFLOW,SPC:DF_CLIMATE_CHANGE(1.0),Indicateurs du changement climatique,I,A,Annuel,RAIN_ANOM,Anomalies des précipitations,WF,Wallis Et Futuna,1988,,8.8,,,,MM,millimètre,SE,Standard error,1.4,,N,National,,
DATAFLOW,SPC:DF_CLIMATE_CHANGE(1.0),Indicateurs du changement climatique,I,A,Annuel,RAIN_ANOM,Anomalies des précipitations,WF,Wallis Et Futuna,1989,,-16.9,,,,MM,millimètre,SE,Standard error,1.3,,N,National,,
DATAFLOW,SPC:DF_CLIMATE_CHANGE(1.0),Indicateurs du changement climatique,I,A,Annuel,RAIN_ANOM,Anomalies des précipitations,WF,Wallis Et Futuna,1990,,0.8,,,,MM,millimètre,SE,Standard error,1.2,,N,National,,
DATAFLOW,SPC:DF_CLIMATE_CHANGE(1.0),Indicateurs du changement climatique,I,A,Annuel,RAIN_ANOM,Anomalies des précipitations,WF,Wallis Et Futuna,1991,,-5.9,,,,MM,millimètre,SE,Standard error,0.9,,N,National,,
DATAFLOW,SPC:DF_CLIMATE_CHANGE(1.0),Indicateurs du changement climatique,I,A,Annuel,RAIN_ANOM,Anomalies des précipitations,WF,Wallis Et Futuna,1992,,-5.8,,,,MM,millimètre,SE,Standard error,0.7,,N,National,,
DATAFLOW,SPC:DF_CLIMATE_CHANGE(1.0),Indicateurs du changement climatique,I,A,Annuel,RAIN_ANOM,Anomalies des précipitations,WF,Wallis Et Futuna,1993,,2.6,,,,MM,millimètre,SE,Standard error,0.9,,N,National,,
DATAFLOW,SPC:DF_CLIMATE_CHANGE(1.0),Indicateurs du changement climatique,I,A,Annuel,RAIN_ANOM,Anomalies des précipitations,WF,Wallis Et Futuna,1994,,-7.6,,,,MM,millimètre,SE,Standard error,0.9,,N,National,,
DATAFLOW,SPC:DF_CLIMATE_CHANGE(1.0),Indicateurs du changement climatique,I,A,Annuel,RAIN_ANOM,Anomalies des précipitations,WF,Wallis Et Futuna,1995,,2.3,,,,MM,millimètre,SE,Standard error,0.7,,N,National,,
DATAFLOW,SPC:DF_CLIMATE_CHANGE(1.0),Indicateurs du changement climatique,I,A,Annuel,RAIN_ANOM,Anomalies des précipitations,WF,Wallis Et Futuna,1996,,-10.0,,,,MM,millimètre,SE,Standard error,1.0,,N,National,,
DATAFLOW,SPC:DF_CLIMATE_CHANGE(1.0),Indicateurs du changement climatique,I,A,Annuel,RAIN_ANOM,Anomalies des précipitations,WF,Wallis Et Futuna,1997,,4.7,,,,MM,millimètre,SE,Standard error,1.3,,N,National,,
DATAFLOW,SPC:DF_CLIMATE_CHANGE(1.0),Indicateurs du changement climatique,I,A,Annuel,RAIN_ANOM,Anomalies des précipitations,WF,Wallis Et Futuna,1998,,-20.5,,,,MM,millimètre,SE,Standard error,1.3,,N,National,,
DATAFLOW,SPC:DF_CLIMATE_CHANGE(1.0),Indicateurs du changement climatique,I,A,Annuel,RAIN_ANOM,Anomalies des précipitations,WF,Wallis Et Futuna,1999,,6.6,,,,MM,millimètre,SE,Standard error,1.3,,N,National,,
DATAFLOW,SPC:DF_CLIMATE_CHANGE(1.0),Indicateurs du changement climatique,I,A,Annuel,RAIN_ANOM,Anomalies des précipitations,WF,Wallis Et Futuna,2000,,-5.5,,,,MM,millimètre,SE,Standard error,0.6,,N,National,,
DATAFLOW,SPC:DF_CLIMATE_CHANGE(1.0),Indicateurs du changement climatique,I,A,Annuel,RAIN_ANOM,Anomalies des précipitations,WF,Wallis Et Futuna,2001,,-10.4,,,,MM,millimètre,SE,Standard error,0.5,,N,National,,
DATAFLOW,SPC:DF_CLIMATE_CHANGE(1.0),Indicateurs du changement climatique,I,A,Annuel,RAIN_ANOM,Anomalies des précipitations,WF,Wallis Et Futuna,2002,,-5.3,,,,MM,millimètre,SE,Standard error,0.7,,N,National,,
DATAFLOW,SPC:DF_CLIMATE_CHANGE(1.0),Indicateurs du changement climatique,I,A,Annuel,RAIN_ANOM,Anomalies des précipitations,WF,Wallis Et Futuna,2003,,-7.8,,,,MM,millimètre,SE,Standard error,1.0,,N,National,,
DATAFLOW,SPC:DF_CLIMATE_CHANGE(1.0),Indicateurs du changement climatique,I,A,Annuel,RAIN_ANOM,Anomalies des précipitations,WF,Wallis Et Futuna,2004,,-0.4,,,,MM,millimètre,SE,Standard error,0.7,,N,National,,
DATAFLOW,SPC:DF_CLIMATE_CHANGE(1.0),Indicateurs du changement climatique,I,A,Annuel,RAIN_ANOM,Anomalies des précipitations,WF,Wallis Et Futuna,2005,,-3.8,,,,MM,millimètre,SE,Standard error,0.8,,N,National,,
DATAFLOW,SPC:DF_CLIMATE_CHANGE(1.0),Indicateurs du changement climatique,I,A,Annuel,RAIN_ANOM,Anomalies des précipitations,WF,Wallis Et Futuna,2006,,16.8,,,,MM,millimètre,SE,Standard error,1.8,,N,National,,
DATAFLOW,SPC:DF_CLIMATE_CHANGE(1.0),Indicateurs du changement climatique,I,A,Annuel,RAIN_ANOM,Anomalies des précipitations,WF,Wallis Et Futuna,2007,,8.4,,,,MM,millimètre,SE,Standard error,0.8,,N,National,,
DATAFLOW,SPC:DF_CLIMATE_CHANGE(1.0),Indicateurs du changement climatique,I,A,Annuel,RAIN_ANOM,Anomalies des précipitations,WF,Wallis Et Futuna,2008,,-8.7,,,,MM,millimètre,SE,Standard error,1.4,,N,National,,
DATAFLOW,SPC:DF_CLIMATE_CHANGE(1.0),Indicateurs du changement climatique,I,A,Annuel,RAIN_ANOM,Anomalies des précipitations,WF,Wallis Et Futuna,2009,,2.4,,,,MM,millimètre,SE,Standard error,1.2,,N,National,,
DATAFLOW,SPC:DF_CLIMATE_CHANGE(1.0),Indicateurs du changement climatique,I,A,Annuel,RAIN_ANOM,Anomalies des précipitations,WF,Wallis Et Futuna,2010,,-2.6,,,,MM,millimètre,SE,Standard error,1.2,,N,National,,
DATAFLOW,SPC:DF_CLIMATE_CHANGE(1.0),Indicateurs du changement climatique,I,A,Annuel,RAIN_ANOM,Anomalies des précipitations,WF,Wallis Et Futuna,2011,,-11.6,,,,MM,millimètre,SE,Standard error,1.5,,N,National,,
DATAFLOW,SPC:DF_CLIMATE_CHANGE(1.0),Indicateurs du changement climatique,I,A,Annuel,RAIN_ANOM,Anomalies des précipitations,WF,Wallis Et Futuna,2012,,-3.4,,,,MM,millimètre,SE,Standard error,1.1,,N,National,,
DATAFLOW,SPC:DF_CLIMATE_CHANGE(1.0),Indicateurs du changement climatique,I,A,Annuel,RAIN_ANOM,Anomalies des précipitations,WF,Wallis Et Futuna,2013,,13.9,,,,MM,millimètre,SE,Standard error,1.1,,N,National,,
DATAFLOW,SPC:DF_CLIMATE_CHANGE(1.0),Indicateurs du changement climatique,I,A,Annuel,RAIN_ANOM,Anomalies des précipitations,WF,Wallis Et Futuna,2014,,-5.1,,,,MM,millimètre,SE,Standard error,0.9,,N,National,,
DATAFLOW,SPC:DF_CLIMATE_CHANGE(1.0),Indicateurs du changement climatique,I,A,Annuel,RAIN_ANOM,Anomalies des précipitations,WF,Wallis Et Futuna,2015,,-14.9,,,,MM,millimètre,SE,Standard error,0.8,,N,National,,
DATAFLOW,SPC:DF_CLIMATE_CHANGE(1.0),Indicateurs du changement climatique,I,A,Annuel,RAIN_ANOM,Anomalies des précipitations,WF,Wallis Et Futuna,2016,,-5.2,,,,MM,millimètre,SE,Standard error,1.3,,N,National,,
DATAFLOW,SPC:DF_CLIMATE_CHANGE(1.0),Indicateurs du changement climatique,I,A,Annuel,RAIN_ANOM,Anomalies des précipitations,WF,Wallis Et Futuna,2017,,14.8,,,,MM,millimètre,SE,Standard error,1.3,,N,National,,
DATAFLOW,SPC:DF_CLIMATE_CHANGE(1.0),Indicateurs du changement climatique,I,A,Annuel,RAIN_ANOM,Anomalies des précipitations,WF,Wallis Et Futuna,2018,,8.0,,,,MM,millimètre,SE,Standard error,1.2,,N,National,,
DATAFLOW,SPC:DF_CLIMATE_CHANGE(1.0),Indicateurs du changement climatique,I,A,Annuel,RAIN_ANOM,Anomalies des précipitations,WF,Wallis Et Futuna,2019,,37.7,,,,MM,millimètre,SE,Standard error,1.2,,N,National,,
DATAFLOW,SPC:DF_CLIMATE_CHANGE(1.0),Indicateurs du changement climatique,I,A,Annuel,RAIN_ANOM,Anomalies des précipitations,WF,Wallis Et Futuna,2020,,16.1,,,,MM,millimètre,SE,Standard error,1.0,,N,National,,
DATAFLOW,SPC:DF_CLIMATE_CHANGE(1.0),Indicateurs du changement climatique,I,A,Annuel,RAIN_ANOM,Anomalies des précipitations,WF,Wallis Et Futuna,2021,,3.3,,,,MM,millimètre,SE,Standard error,1.8,,N,National,,
DATAFLOW,SPC:DF_CLIMATE_CHANGE(1.0),Indicateurs du changement climatique,I,A,Annuel,RAIN_ANOM,Anomalies des précipitations,WF,Wallis Et Futuna,2022,,-10.9,,,,MM,millimètre,SE,Standard error,1.2,,N,National,,
DATAFLOW,SPC:DF_CLIMATE_CHANGE(1.0),Indicateurs du changement climatique,I,A,Annuel,RAIN_ANOM,Anomalies des précipitations,WF,Wallis Et Futuna,2023,,-3.1,,,,MM,millimètre,SE,Standard error,0.8,,N,National,,
DATAFLOW,SPC:DF_CLIMATE_CHANGE(1.0),Indicateurs du changement climatique,I,A,Annuel,RAIN_ANOM,Anomalies des précipitations,WF,Wallis Et Futuna,2024,,-3.4,,,,MM,millimètre,SE,Standard error,0.8,,N,National,,
DATAFLOW,SPC:DF_CLIMATE_CHANGE(1.0),Indicateurs du changement climatique,I,A,Annuel,RAIN_ANOM,Anomalies des précipitations,WF,Wallis Et Futuna,2025,,13.8,,,,MM,millimètre,SE,Standard error,1.4,,N,National,,
DATAFLOW,SPC:DF_CLIMATE_CHANGE(1.0),Indicateurs du changement climatique,I,A,Annuel,RAIN_ANOM,Anomalies des précipitations,SB,Îles Salomon,1979,,5.5,,,,MM,millimètre,SE,Standard error,0.8,,N,National,,
DATAFLOW,SPC:DF_CLIMATE_CHANGE(1.0),Indicateurs du changement climatique,I,A,Annuel,RAIN_ANOM,Anomalies des précipitations,SB,Îles Salomon,1980,,6.8,,,,MM,millimètre,SE,Standard error,0.7,,N,National,,
DATAFLOW,SPC:DF_CLIMATE_CHANGE(1.0),Indicateurs du changement climatique,I,A,Annuel,RAIN_ANOM,Anomalies des précipitations,SB,Îles Salomon,1981,,-6.7,,,,MM,millimètre,SE,Standard error,1.0,,N,National,,
DATAFLOW,SPC:DF_CLIMATE_CHANGE(1.0),Indicateurs du changement climatique,I,A,Annuel,RAIN_ANOM,Anomalies des précipitations,SB,Îles Salomon,1982,,7.5,,,,MM,millimètre,SE,Standard error,1.0,,N,National,,
DATAFLOW,SPC:DF_CLIMATE_CHANGE(1.0),Indicateurs du changement climatique,I,A,Annuel,RAIN_ANOM,Anomalies des précipitations,SB,Îles Salomon,1983,,-2.8,,,,MM,millimètre,SE,Standard error,0.5,,N,National,,
DATAFLOW,SPC:DF_CLIMATE_CHANGE(1.0),Indicateurs du changement climatique,I,A,Annuel,RAIN_ANOM,Anomalies des précipitations,SB,Îles Salomon,1984,,1.5,,,,MM,millimètre,SE,Standard error,0.7,,N,National,,
DATAFLOW,SPC:DF_CLIMATE_CHANGE(1.0),Indicateurs du changement climatique,I,A,Annuel,RAIN_ANOM,Anomalies des précipitations,SB,Îles Salomon,1985,,7.4,,,,MM,millimètre,SE,Standard error,0.8,,N,National,,
DATAFLOW,SPC:DF_CLIMATE_CHANGE(1.0),Indicateurs du changement climatique,I,A,Annuel,RAIN_ANOM,Anomalies des précipitations,SB,Îles Salomon,1986,,-0.5,,,,MM,millimètre,SE,Standard error,0.7,,N,National,,
DATAFLOW,SPC:DF_CLIMATE_CHANGE(1.0),Indicateurs du changement climatique,I,A,Annuel,RAIN_ANOM,Anomalies des précipitations,SB,Îles Salomon,1987,,-22.0,,,,MM,millimètre,SE,Standard error,1.0,,N,National,,
DATAFLOW,SPC:DF_CLIMATE_CHANGE(1.0),Indicateurs du changement climatique,I,A,Annuel,RAIN_ANOM,Anomalies des précipitations,SB,Îles Salomon,1988,,1.7,,,,MM,millimètre,SE,Standard error,0.6,,N,National,,
DATAFLOW,SPC:DF_CLIMATE_CHANGE(1.0),Indicateurs du changement climatique,I,A,Annuel,RAIN_ANOM,Anomalies des précipitations,SB,Îles Salomon,1989,,-11.0,,,,MM,millimètre,SE,Standard error,0.7,,N,National,,
DATAFLOW,SPC:DF_CLIMATE_CHANGE(1.0),Indicateurs du changement climatique,I,A,Annuel,RAIN_ANOM,Anomalies des précipitations,SB,Îles Salomon,1990,,-7.9,,,,MM,millimètre,SE,Standard error,0.5,,N,National,,
DATAFLOW,SPC:DF_CLIMATE_CHANGE(1.0),Indicateurs du changement climatique,I,A,Annuel,RAIN_ANOM,Anomalies des précipitations,SB,Îles Salomon,1991,,-3.3,,,,MM,millimètre,SE,Standard error,0.9,,N,National,,
DATAFLOW,SPC:DF_CLIMATE_CHANGE(1.0),Indicateurs du changement climatique,I,A,Annuel,RAIN_ANOM,Anomalies des précipitations,SB,Îles Salomon,1992,,-18.9,,,,MM,millimètre,SE,Standard error,0.7,,N,National,,
DATAFLOW,SPC:DF_CLIMATE_CHANGE(1.0),Indicateurs du changement climatique,I,A,Annuel,RAIN_ANOM,Anomalies des précipitations,SB,Îles Salomon,1993,,-20.4,,,,MM,millimètre,SE,Standard error,0.7,,N,National,,
DATAFLOW,SPC:DF_CLIMATE_CHANGE(1.0),Indicateurs du changement climatique,I,A,Annuel,RAIN_ANOM,Anomalies des précipitations,SB,Îles Salomon,1994,,-8.4,,,,MM,millimètre,SE,Standard error,0.8,,N,National,,
DATAFLOW,SPC:DF_CLIMATE_CHANGE(1.0),Indicateurs du changement climatique,I,A,Annuel,RAIN_ANOM,Anomalies des précipitations,SB,Îles Salomon,1995,,-12.0,,,,MM,millimètre,SE,Standard error,0.4,,N,National,,
DATAFLOW,SPC:DF_CLIMATE_CHANGE(1.0),Indicateurs du changement climatique,I,A,Annuel,RAIN_ANOM,Anomalies des précipitations,SB,Îles Salomon,1996,,5.1,,,,MM,millimètre,SE,Standard error,0.6,,N,National,,
DATAFLOW,SPC:DF_CLIMATE_CHANGE(1.0),Indicateurs du changement climatique,I,A,Annuel,RAIN_ANOM,Anomalies des précipitations,SB,Îles Salomon,1997,,-28.0,,,,MM,millimètre,SE,Standard error,0.7,,N,National,,
DATAFLOW,SPC:DF_CLIMATE_CHANGE(1.0),Indicateurs du changement climatique,I,A,Annuel,RAIN_ANOM,Anomalies des précipitations,SB,Îles Salomon,1998,,-2.3,,,,MM,millimètre,SE,Standard error,0.8,,N,National,,
DATAFLOW,SPC:DF_CLIMATE_CHANGE(1.0),Indicateurs du changement climatique,I,A,Annuel,RAIN_ANOM,Anomalies des précipitations,SB,Îles Salomon,1999,,-5.1,,,,MM,millimètre,SE,Standard error,1.0,,N,National,,
DATAFLOW,SPC:DF_CLIMATE_CHANGE(1.0),Indicateurs du changement climatique,I,A,Annuel,RAIN_ANOM,Anomalies des précipitations,SB,Îles Salomon,2000,,4.4,,,,MM,millimètre,SE,Standard error,0.6,,N,National,,
DATAFLOW,SPC:DF_CLIMATE_CHANGE(1.0),Indicateurs du changement climatique,I,A,Annuel,RAIN_ANOM,Anomalies des précipitations,SB,Îles Salomon,2001,,-0.7,,,,MM,millimètre,SE,Standard error,1.0,,N,National,,
DATAFLOW,SPC:DF_CLIMATE_CHANGE(1.0),Indicateurs du changement climatique,I,A,Annuel,RAIN_ANOM,Anomalies des précipitations,SB,Îles Salomon,2002,,1.4,,,,MM,millimètre,SE,Standard error,0.9,,N,National,,
DATAFLOW,SPC:DF_CLIMATE_CHANGE(1.0),Indicateurs du changement climatique,I,A,Annuel,RAIN_ANOM,Anomalies des précipitations,SB,Îles Salomon,2003,,-10.5,,,,MM,millimètre,SE,Standard error,0.5,,N,National,,
DATAFLOW,SPC:DF_CLIMATE_CHANGE(1.0),Indicateurs du changement climatique,I,A,Annuel,RAIN_ANOM,Anomalies des précipitations,SB,Îles Salomon,2004,,3.5,,,,MM,millimètre,SE,Standard error,0.6,,N,National,,
DATAFLOW,SPC:DF_CLIMATE_CHANGE(1.0),Indicateurs du changement climatique,I,A,Annuel,RAIN_ANOM,Anomalies des précipitations,SB,Îles Salomon,2005,,-10.3,,,,MM,millimètre,SE,Standard error,0.5,,N,National,,
DATAFLOW,SPC:DF_CLIMATE_CHANGE(1.0),Indicateurs du changement climatique,I,A,Annuel,RAIN_ANOM,Anomalies des précipitations,SB,Îles Salomon,2006,,8.7,,,,MM,millimètre,SE,Standard error,0.7,,N,National,,
DATAFLOW,SPC:DF_CLIMATE_CHANGE(1.0),Indicateurs du changement climatique,I,A,Annuel,RAIN_ANOM,Anomalies des précipitations,SB,Îles Salomon,2007,,-6.2,,,,MM,millimètre,SE,Standard error,0.5,,N,National,,
DATAFLOW,SPC:DF_CLIMATE_CHANGE(1.0),Indicateurs du changement climatique,I,A,Annuel,RAIN_ANOM,Anomalies des précipitations,SB,Îles Salomon,2008,,-8.4,,,,MM,millimètre,SE,Standard error,0.9,,N,National,,
DATAFLOW,SPC:DF_CLIMATE_CHANGE(1.0),Indicateurs du changement climatique,I,A,Annuel,RAIN_ANOM,Anomalies des précipitations,SB,Îles Salomon,2009,,8.0,,,,MM,millimètre,SE,Standard error,0.7,,N,National,,
DATAFLOW,SPC:DF_CLIMATE_CHANGE(1.0),Indicateurs du changement climatique,I,A,Annuel,RAIN_ANOM,Anomalies des précipitations,SB,Îles Salomon,2010,,-3.9,,,,MM,millimètre,SE,Standard error,0.5,,N,National,,
DATAFLOW,SPC:DF_CLIMATE_CHANGE(1.0),Indicateurs du changement climatique,I,A,Annuel,RAIN_ANOM,Anomalies des précipitations,SB,Îles Salomon,2011,,-4.3,,,,MM,millimètre,SE,Standard error,0.4,,N,National,,
DATAFLOW,SPC:DF_CLIMATE_CHANGE(1.0),Indicateurs du changement climatique,I,A,Annuel,RAIN_ANOM,Anomalies des précipitations,SB,Îles Salomon,2012,,18.1,,,,MM,millimètre,SE,Standard error,0.8,,N,National,,
DATAFLOW,SPC:DF_CLIMATE_CHANGE(1.0),Indicateurs du changement climatique,I,A,Annuel,RAIN_ANOM,Anomalies des précipitations,SB,Îles Salomon,2013,,7.5,,,,MM,millimètre,SE,Standard error,0.8,,N,National,,
DATAFLOW,SPC:DF_CLIMATE_CHANGE(1.0),Indicateurs du changement climatique,I,A,Annuel,RAIN_ANOM,Anomalies des précipitations,SB,Îles Salomon,2014,,12.2,,,,MM,millimètre,SE,Standard error,1.0,,N,National,,
DATAFLOW,SPC:DF_CLIMATE_CHANGE(1.0),Indicateurs du changement climatique,I,A,Annuel,RAIN_ANOM,Anomalies des précipitations,SB,Îles Salomon,2015,,13.2,,,,MM,millimètre,SE,Standard error,0.9,,N,National,,
DATAFLOW,SPC:DF_CLIMATE_CHANGE(1.0),Indicateurs du changement climatique,I,A,Annuel,RAIN_ANOM,Anomalies des précipitations,SB,Îles Salomon,2016,,-1.5,,,,MM,millimètre,SE,Standard error,0.7,,N,National,,
DATAFLOW,SPC:DF_CLIMATE_CHANGE(1.0),Indicateurs du changement climatique,I,A,Annuel,RAIN_ANOM,Anomalies des précipitations,SB,Îles Salomon,2017,,12.0,,,,MM,millimètre,SE,Standard error,0.7,,N,National,,
DATAFLOW,SPC:DF_CLIMATE_CHANGE(1.0),Indicateurs du changement climatique,I,A,Annuel,RAIN_ANOM,Anomalies des précipitations,SB,Îles Salomon,2018,,14.8,,,,MM,millimètre,SE,Standard error,0.6,,N,National,,
DATAFLOW,SPC:DF_CLIMATE_CHANGE(1.0),Indicateurs du changement climatique,I,A,Annuel,RAIN_ANOM,Anomalies des précipitations,SB,Îles Salomon,2019,,21.5,,,,MM,millimètre,SE,Standard error,0.6,,N,National,,
DATAFLOW,SPC:DF_CLIMATE_CHANGE(1.0),Indicateurs du changement climatique,I,A,Annuel,RAIN_ANOM,Anomalies des précipitations,SB,Îles Salomon,2020,,13.8,,,,MM,millimètre,SE,Standard error,0.5,,N,National,,
DATAFLOW,SPC:DF_CLIMATE_CHANGE(1.0),Indicateurs du changement climatique,I,A,Annuel,RAIN_ANOM,Anomalies des précipitations,SB,Îles Salomon,2021,,10.3,,,,MM,millimètre,SE,Standard error,0.9,,N,National,,
DATAFLOW,SPC:DF_CLIMATE_CHANGE(1.0),Indicateurs du changement climatique,I,A,Annuel,RAIN_ANOM,Anomalies des précipitations,SB,Îles Salomon,2022,,-3.2,,,,MM,millimètre,SE,Standard error,0.7,,N,National,,
DATAFLOW,SPC:DF_CLIMATE_CHANGE(1.0),Indicateurs du changement climatique,I,A,Annuel,RAIN_ANOM,Anomalies des précipitations,SB,Îles Salomon,2023,,24.4,,,,MM,millimètre,SE,Standard error,0.6,,N,National,,
DATAFLOW,SPC:DF_CLIMATE_CHANGE(1.0),Indicateurs du changement climatique,I,A,Annuel,RAIN_ANOM,Anomalies des précipitations,SB,Îles Salomon,2024,,18.0,,,,MM,millimètre,SE,Standard error,0.9,,N,National,,
DATAFLOW,SPC:DF_CLIMATE_CHANGE(1.0),Indicateurs du changement climatique,I,A,Annuel,RAIN_ANOM,Anomalies des précipitations,SB,Îles Salomon,2025,,6.1,,,,MM,millimètre,SE,Standard error,0.6,,N,National,,
DATAFLOW,SPC:DF_CLIMATE_CHANGE(1.0),Indicateurs du changement climatique,I,A,Annuel,RAIN_ANOM,Anomalies des précipitations,MP,Îles Mariannes Du Nord,1979,,-7.6,,,,MM,millimètre,SE,Standard error,0.7,,N,National,,
DATAFLOW,SPC:DF_CLIMATE_CHANGE(1.0),Indicateurs du changement climatique,I,A,Annuel,RAIN_ANOM,Anomalies des précipitations,MP,Îles Mariannes Du Nord,1980,,-5.9,,,,MM,millimètre,SE,Standard error,0.7,,N,National,,
DATAFLOW,SPC:DF_CLIMATE_CHANGE(1.0),Indicateurs du changement climatique,I,A,Annuel,RAIN_ANOM,Anomalies des précipitations,MP,Îles Mariannes Du Nord,1981,,-5.9,,,,MM,millimètre,SE,Standard error,0.7,,N,National,,
DATAFLOW,SPC:DF_CLIMATE_CHANGE(1.0),Indicateurs du changement climatique,I,A,Annuel,RAIN_ANOM,Anomalies des précipitations,MP,Îles Mariannes Du Nord,1982,,-6.0,,,,MM,millimètre,SE,Standard error,0.7,,N,National,,
DATAFLOW,SPC:DF_CLIMATE_CHANGE(1.0),Indicateurs du changement climatique,I,A,Annuel,RAIN_ANOM,Anomalies des précipitations,MP,Îles Mariannes Du Nord,1983,,-20.3,,,,MM,millimètre,SE,Standard error,0.9,,N,National,,
DATAFLOW,SPC:DF_CLIMATE_CHANGE(1.0),Indicateurs du changement climatique,I,A,Annuel,RAIN_ANOM,Anomalies des précipitations,MP,Îles Mariannes Du Nord,1984,,1.1,,,,MM,millimètre,SE,Standard error,1.0,,N,National,,
DATAFLOW,SPC:DF_CLIMATE_CHANGE(1.0),Indicateurs du changement climatique,I,A,Annuel,RAIN_ANOM,Anomalies des précipitations,MP,Îles Mariannes Du Nord,1985,,-2.2,,,,MM,millimètre,SE,Standard error,0.9,,N,National,,
DATAFLOW,SPC:DF_CLIMATE_CHANGE(1.0),Indicateurs du changement climatique,I,A,Annuel,RAIN_ANOM,Anomalies des précipitations,MP,Îles Mariannes Du Nord,1986,,3.4,,,,MM,millimètre,SE,Standard error,0.8,,N,National,,
DATAFLOW,SPC:DF_CLIMATE_CHANGE(1.0),Indicateurs du changement climatique,I,A,Annuel,RAIN_ANOM,Anomalies des précipitations,MP,Îles Mariannes Du Nord,1987,,-10.8,,,,MM,millimètre,SE,Standard error,0.8,,N,National,,
DATAFLOW,SPC:DF_CLIMATE_CHANGE(1.0),Indicateurs du changement climatique,I,A,Annuel,RAIN_ANOM,Anomalies des précipitations,MP,Îles Mariannes Du Nord,1988,,-16.5,,,,MM,millimètre,SE,Standard error,0.7,,N,National,,
DATAFLOW,SPC:DF_CLIMATE_CHANGE(1.0),Indicateurs du changement climatique,I,A,Annuel,RAIN_ANOM,Anomalies des précipitations,MP,Îles Mariannes Du Nord,1989,,15.0,,,,MM,millimètre,SE,Standard error,1.1,,N,National,,
DATAFLOW,SPC:DF_CLIMATE_CHANGE(1.0),Indicateurs du changement climatique,I,A,Annuel,RAIN_ANOM,Anomalies des précipitations,MP,Îles Mariannes Du Nord,1990,,17.7,,,,MM,millimètre,SE,Standard error,1.5,,N,National,,
DATAFLOW,SPC:DF_CLIMATE_CHANGE(1.0),Indicateurs du changement climatique,I,A,Annuel,RAIN_ANOM,Anomalies des précipitations,MP,Îles Mariannes Du Nord,1991,,17.0,,,,MM,millimètre,SE,Standard error,1.4,,N,National,,
DATAFLOW,SPC:DF_CLIMATE_CHANGE(1.0),Indicateurs du changement climatique,I,A,Annuel,RAIN_ANOM,Anomalies des précipitations,MP,Îles Mariannes Du Nord,1992,,-2.6,,,,MM,millimètre,SE,Standard error,1.1,,N,National,,
DATAFLOW,SPC:DF_CLIMATE_CHANGE(1.0),Indicateurs du changement climatique,I,A,Annuel,RAIN_ANOM,Anomalies des précipitations,MP,Îles Mariannes Du Nord,1993,,-18.2,,,,MM,millimètre,SE,Standard error,0.7,,N,National,,
DATAFLOW,SPC:DF_CLIMATE_CHANGE(1.0),Indicateurs du changement climatique,I,A,Annuel,RAIN_ANOM,Anomalies des précipitations,MP,Îles Mariannes Du Nord,1994,,3.6,,,,MM,millimètre,SE,Standard error,1.5,,N,National,,
DATAFLOW,SPC:DF_CLIMATE_CHANGE(1.0),Indicateurs du changement climatique,I,A,Annuel,RAIN_ANOM,Anomalies des précipitations,MP,Îles Mariannes Du Nord,1995,,-6.8,,,,MM,millimètre,SE,Standard error,0.9,,N,National,,
DATAFLOW,SPC:DF_CLIMATE_CHANGE(1.0),Indicateurs du changement climatique,I,A,Annuel,RAIN_ANOM,Anomalies des précipitations,MP,Îles Mariannes Du Nord,1996,,5.5,,,,MM,millimètre,SE,Standard error,1.1,,N,National,,
DATAFLOW,SPC:DF_CLIMATE_CHANGE(1.0),Indicateurs du changement climatique,I,A,Annuel,RAIN_ANOM,Anomalies des précipitations,MP,Îles Mariannes Du Nord,1997,,3.6,,,,MM,millimètre,SE,Standard error,1.1,,N,National,,
DATAFLOW,SPC:DF_CLIMATE_CHANGE(1.0),Indicateurs du changement climatique,I,A,Annuel,RAIN_ANOM,Anomalies des précipitations,MP,Îles Mariannes Du Nord,1998,,-27.0,,,,MM,millimètre,SE,Standard error,0.5,,N,National,,
DATAFLOW,SPC:DF_CLIMATE_CHANGE(1.0),Indicateurs du changement climatique,I,A,Annuel,RAIN_ANOM,Anomalies des précipitations,MP,Îles Mariannes Du Nord,1999,,-11.3,,,,MM,millimètre,SE,Standard error,0.6,,N,National,,
DATAFLOW,SPC:DF_CLIMATE_CHANGE(1.0),Indicateurs du changement climatique,I,A,Annuel,RAIN_ANOM,Anomalies des précipitations,MP,Îles Mariannes Du Nord,2000,,-13.2,,,,MM,millimètre,SE,Standard error,0.6,,N,National,,
DATAFLOW,SPC:DF_CLIMATE_CHANGE(1.0),Indicateurs du changement climatique,I,A,Annuel,RAIN_ANOM,Anomalies des précipitations,MP,Îles Mariannes Du Nord,2001,,-2.1,,,,MM,millimètre,SE,Standard error,1.1,,N,National,,
DATAFLOW,SPC:DF_CLIMATE_CHANGE(1.0),Indicateurs du changement climatique,I,A,Annuel,RAIN_ANOM,Anomalies des précipitations,MP,Îles Mariannes Du Nord,2002,,11.9,,,,MM,millimètre,SE,Standard error,1.1,,N,National,,
DATAFLOW,SPC:DF_CLIMATE_CHANGE(1.0),Indicateurs du changement climatique,I,A,Annuel,RAIN_ANOM,Anomalies des précipitations,MP,Îles Mariannes Du Nord,2003,,3.6,,,,MM,millimètre,SE,Standard error,0.8,,N,National,,
DATAFLOW,SPC:DF_CLIMATE_CHANGE(1.0),Indicateurs du changement climatique,I,A,Annuel,RAIN_ANOM,Anomalies des précipitations,MP,Îles Mariannes Du Nord,2004,,25.3,,,,MM,millimètre,SE,Standard error,1.8,,N,National,,
DATAFLOW,SPC:DF_CLIMATE_CHANGE(1.0),Indicateurs du changement climatique,I,A,Annuel,RAIN_ANOM,Anomalies des précipitations,MP,Îles Mariannes Du Nord,2005,,6.1,,,,MM,millimètre,SE,Standard error,1.2,,N,National,,
DATAFLOW,SPC:DF_CLIMATE_CHANGE(1.0),Indicateurs du changement climatique,I,A,Annuel,RAIN_ANOM,Anomalies des précipitations,MP,Îles Mariannes Du Nord,2006,,8.3,,,,MM,millimètre,SE,Standard error,1.3,,N,National,,
DATAFLOW,SPC:DF_CLIMATE_CHANGE(1.0),Indicateurs du changement climatique,I,A,Annuel,RAIN_ANOM,Anomalies des précipitations,MP,Îles Mariannes Du Nord,2007,,2.5,,,,MM,millimètre,SE,Standard error,0.9,,N,National,,
DATAFLOW,SPC:DF_CLIMATE_CHANGE(1.0),Indicateurs du changement climatique,I,A,Annuel,RAIN_ANOM,Anomalies des précipitations,MP,Îles Mariannes Du Nord,2008,,-18.6,,,,MM,millimètre,SE,Standard error,0.6,,N,National,,
DATAFLOW,SPC:DF_CLIMATE_CHANGE(1.0),Indicateurs du changement climatique,I,A,Annuel,RAIN_ANOM,Anomalies des précipitations,MP,Îles Mariannes Du Nord,2009,,6.2,,,,MM,millimètre,SE,Standard error,1.1,,N,National,,
DATAFLOW,SPC:DF_CLIMATE_CHANGE(1.0),Indicateurs du changement climatique,I,A,Annuel,RAIN_ANOM,Anomalies des précipitations,MP,Îles Mariannes Du Nord,2010,,-14.8,,,,MM,millimètre,SE,Standard error,0.7,,N,National,,
DATAFLOW,SPC:DF_CLIMATE_CHANGE(1.0),Indicateurs du changement climatique,I,A,Annuel,RAIN_ANOM,Anomalies des précipitations,MP,Îles Mariannes Du Nord,2011,,6.1,,,,MM,millimètre,SE,Standard error,1.2,,N,National,,
DATAFLOW,SPC:DF_CLIMATE_CHANGE(1.0),Indicateurs du changement climatique,I,A,Annuel,RAIN_ANOM,Anomalies des précipitations,MP,Îles Mariannes Du Nord,2012,,-3.8,,,,MM,millimètre,SE,Standard error,1.0,,N,National,,
DATAFLOW,SPC:DF_CLIMATE_CHANGE(1.0),Indicateurs du changement climatique,I,A,Annuel,RAIN_ANOM,Anomalies des précipitations,MP,Îles Mariannes Du Nord,2013,,-7.9,,,,MM,millimètre,SE,Standard error,1.4,,N,National,,
DATAFLOW,SPC:DF_CLIMATE_CHANGE(1.0),Indicateurs du changement climatique,I,A,Annuel,RAIN_ANOM,Anomalies des précipitations,MP,Îles Mariannes Du Nord,2014,,14.9,,,,MM,millimètre,SE,Standard error,1.2,,N,National,,
DATAFLOW,SPC:DF_CLIMATE_CHANGE(1.0),Indicateurs du changement climatique,I,A,Annuel,RAIN_ANOM,Anomalies des précipitations,MP,Îles Mariannes Du Nord,2015,,17.1,,,,MM,millimètre,SE,Standard error,1.0,,N,National,,
DATAFLOW,SPC:DF_CLIMATE_CHANGE(1.0),Indicateurs du changement climatique,I,A,Annuel,RAIN_ANOM,Anomalies des précipitations,MP,Îles Mariannes Du Nord,2016,,-4.2,,,,MM,millimètre,SE,Standard error,1.2,,N,National,,
DATAFLOW,SPC:DF_CLIMATE_CHANGE(1.0),Indicateurs du changement climatique,I,A,Annuel,RAIN_ANOM,Anomalies des précipitations,MP,Îles Mariannes Du Nord,2017,,-7.5,,,,MM,millimètre,SE,Standard error,0.7,,N,National,,
DATAFLOW,SPC:DF_CLIMATE_CHANGE(1.0),Indicateurs du changement climatique,I,A,Annuel,RAIN_ANOM,Anomalies des précipitations,MP,Îles Mariannes Du Nord,2018,,15.3,,,,MM,millimètre,SE,Standard error,1.3,,N,National,,
DATAFLOW,SPC:DF_CLIMATE_CHANGE(1.0),Indicateurs du changement climatique,I,A,Annuel,RAIN_ANOM,Anomalies des précipitations,MP,Îles Mariannes Du Nord,2019,,3.4,,,,MM,millimètre,SE,Standard error,1.1,,N,National,,
DATAFLOW,SPC:DF_CLIMATE_CHANGE(1.0),Indicateurs du changement climatique,I,A,Annuel,RAIN_ANOM,Anomalies des précipitations,MP,Îles Mariannes Du Nord,2020,,-12.4,,,,MM,millimètre,SE,Standard error,0.7,,N,National,,
DATAFLOW,SPC:DF_CLIMATE_CHANGE(1.0),Indicateurs du changement climatique,I,A,Annuel,RAIN_ANOM,Anomalies des précipitations,MP,Îles Mariannes Du Nord,2021,,-8.9,,,,MM,millimètre,SE,Standard error,0.8,,N,National,,
DATAFLOW,SPC:DF_CLIMATE_CHANGE(1.0),Indicateurs du changement climatique,I,A,Annuel,RAIN_ANOM,Anomalies des précipitations,MP,Îles Mariannes Du Nord,2022,,-2.5,,,,MM,millimètre,SE,Standard error,0.9,,N,National,,
DATAFLOW,SPC:DF_CLIMATE_CHANGE(1.0),Indicateurs du changement climatique,I,A,Annuel,RAIN_ANOM,Anomalies des précipitations,MP,Îles Mariannes Du Nord,2023,,14.0,,,,MM,millimètre,SE,Standard error,0.9,,N,National,,
DATAFLOW,SPC:DF_CLIMATE_CHANGE(1.0),Indicateurs du changement climatique,I,A,Annuel,RAIN_ANOM,Anomalies des précipitations,MP,Îles Mariannes Du Nord,2024,,0.2,,,,MM,millimètre,SE,Standard error,1.3,,N,National,,
DATAFLOW,SPC:DF_CLIMATE_CHANGE(1.0),Indicateurs du changement climatique,I,A,Annuel,RAIN_ANOM,Anomalies des précipitations,MP,Îles Mariannes Du Nord,2025,,-12.8,,,,MM,millimètre,SE,Standard error,0.8,,N,National,,
DATAFLOW,SPC:DF_CLIMATE_CHANGE(1.0),Indicateurs du changement climatique,I,A,Annuel,RAIN_ANOM,Anomalies des précipitations,PN,Pitcairn,1979,,6.8,,,,MM,millimètre,SE,Standard error,0.5,,N,National,,
DATAFLOW,SPC:DF_CLIMATE_CHANGE(1.0),Indicateurs du changement climatique,I,A,Annuel,RAIN_ANOM,Anomalies des précipitations,PN,Pitcairn,1980,,-2.1,,,,MM,millimètre,SE,Standard error,0.5,,N,National,,
DATAFLOW,SPC:DF_CLIMATE_CHANGE(1.0),Indicateurs du changement climatique,I,A,Annuel,RAIN_ANOM,Anomalies des précipitations,PN,Pitcairn,1981,,-6.4,,,,MM,millimètre,SE,Standard error,0.2,,N,National,,
DATAFLOW,SPC:DF_CLIMATE_CHANGE(1.0),Indicateurs du changement climatique,I,A,Annuel,RAIN_ANOM,Anomalies des précipitations,PN,Pitcairn,1982,,0.3,,,,MM,millimètre,SE,Standard error,0.3,,N,National,,
DATAFLOW,SPC:DF_CLIMATE_CHANGE(1.0),Indicateurs du changement climatique,I,A,Annuel,RAIN_ANOM,Anomalies des précipitations,PN,Pitcairn,1983,,-6.2,,,,MM,millimètre,SE,Standard error,0.4,,N,National,,
DATAFLOW,SPC:DF_CLIMATE_CHANGE(1.0),Indicateurs du changement climatique,I,A,Annuel,RAIN_ANOM,Anomalies des précipitations,PN,Pitcairn,1984,,4.1,,,,MM,millimètre,SE,Standard error,0.5,,N,National,,
DATAFLOW,SPC:DF_CLIMATE_CHANGE(1.0),Indicateurs du changement climatique,I,A,Annuel,RAIN_ANOM,Anomalies des précipitations,PN,Pitcairn,1985,,3.0,,,,MM,millimètre,SE,Standard error,0.5,,N,National,,
DATAFLOW,SPC:DF_CLIMATE_CHANGE(1.0),Indicateurs du changement climatique,I,A,Annuel,RAIN_ANOM,Anomalies des précipitations,PN,Pitcairn,1986,,-1.6,,,,MM,millimètre,SE,Standard error,0.4,,N,National,,
DATAFLOW,SPC:DF_CLIMATE_CHANGE(1.0),Indicateurs du changement climatique,I,A,Annuel,RAIN_ANOM,Anomalies des précipitations,PN,Pitcairn,1987,,7.5,,,,MM,millimètre,SE,Standard error,0.3,,N,National,,
DATAFLOW,SPC:DF_CLIMATE_CHANGE(1.0),Indicateurs du changement climatique,I,A,Annuel,RAIN_ANOM,Anomalies des précipitations,PN,Pitcairn,1988,,-13.4,,,,MM,millimètre,SE,Standard error,0.9,,N,National,,
DATAFLOW,SPC:DF_CLIMATE_CHANGE(1.0),Indicateurs du changement climatique,I,A,Annuel,RAIN_ANOM,Anomalies des précipitations,PN,Pitcairn,1989,,-4.0,,,,MM,millimètre,SE,Standard error,0.6,,N,National,,
DATAFLOW,SPC:DF_CLIMATE_CHANGE(1.0),Indicateurs du changement climatique,I,A,Annuel,RAIN_ANOM,Anomalies des précipitations,PN,Pitcairn,1990,,2.7,,,,MM,millimètre,SE,Standard error,0.9,,N,National,,
DATAFLOW,SPC:DF_CLIMATE_CHANGE(1.0),Indicateurs du changement climatique,I,A,Annuel,RAIN_ANOM,Anomalies des précipitations,PN,Pitcairn,1991,,5.4,,,,MM,millimètre,SE,Standard error,0.5,,N,National,,
DATAFLOW,SPC:DF_CLIMATE_CHANGE(1.0),Indicateurs du changement climatique,I,A,Annuel,RAIN_ANOM,Anomalies des précipitations,PN,Pitcairn,1992,,12.7,,,,MM,millimètre,SE,Standard error,0.9,,N,National,,
DATAFLOW,SPC:DF_CLIMATE_CHANGE(1.0),Indicateurs du changement climatique,I,A,Annuel,RAIN_ANOM,Anomalies des précipitations,PN,Pitcairn,1993,,3.5,,,,MM,millimètre,SE,Standard error,0.6,,N,National,,
DATAFLOW,SPC:DF_CLIMATE_CHANGE(1.0),Indicateurs du changement climatique,I,A,Annuel,RAIN_ANOM,Anomalies des précipitations,PN,Pitcairn,1994,,15.0,,,,MM,millimètre,SE,Standard error,1.0,,N,National,,
DATAFLOW,SPC:DF_CLIMATE_CHANGE(1.0),Indicateurs du changement climatique,I,A,Annuel,RAIN_ANOM,Anomalies des précipitations,PN,Pitcairn,1995,,1.4,,,,MM,millimètre,SE,Standard error,1.0,,N,National,,
DATAFLOW,SPC:DF_CLIMATE_CHANGE(1.0),Indicateurs du changement climatique,I,A,Annuel,RAIN_ANOM,Anomalies des précipitations,PN,Pitcairn,1996,,-7.2,,,,MM,millimètre,SE,Standard error,0.5,,N,National,,
DATAFLOW,SPC:DF_CLIMATE_CHANGE(1.0),Indicateurs du changement climatique,I,A,Annuel,RAIN_ANOM,Anomalies des précipitations,PN,Pitcairn,1997,,-3.0,,,,MM,millimètre,SE,Standard error,0.7,,N,National,,
DATAFLOW,SPC:DF_CLIMATE_CHANGE(1.0),Indicateurs du changement climatique,I,A,Annuel,RAIN_ANOM,Anomalies des précipitations,PN,Pitcairn,1998,,-3.5,,,,MM,millimètre,SE,Standard error,0.7,,N,National,,
DATAFLOW,SPC:DF_CLIMATE_CHANGE(1.0),Indicateurs du changement climatique,I,A,Annuel,RAIN_ANOM,Anomalies des précipitations,PN,Pitcairn,1999,,-9.8,,,,MM,millimètre,SE,Standard error,0.5,,N,National,,
DATAFLOW,SPC:DF_CLIMATE_CHANGE(1.0),Indicateurs du changement climatique,I,A,Annuel,RAIN_ANOM,Anomalies des précipitations,PN,Pitcairn,2000,,-8.5,,,,MM,millimètre,SE,Standard error,0.7,,N,National,,
DATAFLOW,SPC:DF_CLIMATE_CHANGE(1.0),Indicateurs du changement climatique,I,A,Annuel,RAIN_ANOM,Anomalies des précipitations,PN,Pitcairn,2001,,3.7,,,,MM,millimètre,SE,Standard error,0.7,,N,National,,
DATAFLOW,SPC:DF_CLIMATE_CHANGE(1.0),Indicateurs du changement climatique,I,A,Annuel,RAIN_ANOM,Anomalies des précipitations,PN,Pitcairn,2002,,3.6,,,,MM,millimètre,SE,Standard error,0.8,,N,National,,
DATAFLOW,SPC:DF_CLIMATE_CHANGE(1.0),Indicateurs du changement climatique,I,A,Annuel,RAIN_ANOM,Anomalies des précipitations,PN,Pitcairn,2003,,7.6,,,,MM,millimètre,SE,Standard error,0.7,,N,National,,
DATAFLOW,SPC:DF_CLIMATE_CHANGE(1.0),Indicateurs du changement climatique,I,A,Annuel,RAIN_ANOM,Anomalies des précipitations,PN,Pitcairn,2004,,10.6,,,,MM,millimètre,SE,Standard error,1.3,,N,National,,
DATAFLOW,SPC:DF_CLIMATE_CHANGE(1.0),Indicateurs du changement climatique,I,A,Annuel,RAIN_ANOM,Anomalies des précipitations,PN,Pitcairn,2005,,11.8,,,,MM,millimètre,SE,Standard error,0.9,,N,National,,
DATAFLOW,SPC:DF_CLIMATE_CHANGE(1.0),Indicateurs du changement climatique,I,A,Annuel,RAIN_ANOM,Anomalies des précipitations,PN,Pitcairn,2006,,-11.9,,,,MM,millimètre,SE,Standard error,0.7,,N,National,,
DATAFLOW,SPC:DF_CLIMATE_CHANGE(1.0),Indicateurs du changement climatique,I,A,Annuel,RAIN_ANOM,Anomalies des précipitations,PN,Pitcairn,2007,,2.0,,,,MM,millimètre,SE,Standard error,0.6,,N,National,,
DATAFLOW,SPC:DF_CLIMATE_CHANGE(1.0),Indicateurs du changement climatique,I,A,Annuel,RAIN_ANOM,Anomalies des précipitations,PN,Pitcairn,2008,,-12.5,,,,MM,millimètre,SE,Standard error,0.4,,N,National,,
DATAFLOW,SPC:DF_CLIMATE_CHANGE(1.0),Indicateurs du changement climatique,I,A,Annuel,RAIN_ANOM,Anomalies des précipitations,PN,Pitcairn,2009,,-2.9,,,,MM,millimètre,SE,Standard error,0.8,,N,National,,
DATAFLOW,SPC:DF_CLIMATE_CHANGE(1.0),Indicateurs du changement climatique,I,A,Annuel,RAIN_ANOM,Anomalies des précipitations,PN,Pitcairn,2010,,-9.8,,,,MM,millimètre,SE,Standard error,0.7,,N,National,,
DATAFLOW,SPC:DF_CLIMATE_CHANGE(1.0),Indicateurs du changement climatique,I,A,Annuel,RAIN_ANOM,Anomalies des précipitations,PN,Pitcairn,2011,,-28.3,,,,MM,millimètre,SE,Standard error,0.4,,N,National,,
DATAFLOW,SPC:DF_CLIMATE_CHANGE(1.0),Indicateurs du changement climatique,I,A,Annuel,RAIN_ANOM,Anomalies des précipitations,PN,Pitcairn,2012,,24.2,,,,MM,millimètre,SE,Standard error,0.5,,N,National,,
DATAFLOW,SPC:DF_CLIMATE_CHANGE(1.0),Indicateurs du changement climatique,I,A,Annuel,RAIN_ANOM,Anomalies des précipitations,PN,Pitcairn,2013,,3.0,,,,MM,millimètre,SE,Standard error,0.7,,N,National,,
DATAFLOW,SPC:DF_CLIMATE_CHANGE(1.0),Indicateurs du changement climatique,I,A,Annuel,RAIN_ANOM,Anomalies des précipitations,PN,Pitcairn,2014,,-5.7,,,,MM,millimètre,SE,Standard error,0.5,,N,National,,
DATAFLOW,SPC:DF_CLIMATE_CHANGE(1.0),Indicateurs du changement climatique,I,A,Annuel,RAIN_ANOM,Anomalies des précipitations,PN,Pitcairn,2015,,-5.3,,,,MM,millimètre,SE,Standard error,0.5,,N,National,,
DATAFLOW,SPC:DF_CLIMATE_CHANGE(1.0),Indicateurs du changement climatique,I,A,Annuel,RAIN_ANOM,Anomalies des précipitations,PN,Pitcairn,2016,,6.4,,,,MM,millimètre,SE,Standard error,0.9,,N,National,,
DATAFLOW,SPC:DF_CLIMATE_CHANGE(1.0),Indicateurs du changement climatique,I,A,Annuel,RAIN_ANOM,Anomalies des précipitations,PN,Pitcairn,2017,,-3.5,,,,MM,millimètre,SE,Standard error,0.4,,N,National,,
DATAFLOW,SPC:DF_CLIMATE_CHANGE(1.0),Indicateurs du changement climatique,I,A,Annuel,RAIN_ANOM,Anomalies des précipitations,PN,Pitcairn,2018,,-10.5,,,,MM,millimètre,SE,Standard error,0.5,,N,National,,
DATAFLOW,SPC:DF_CLIMATE_CHANGE(1.0),Indicateurs du changement climatique,I,A,Annuel,RAIN_ANOM,Anomalies des précipitations,PN,Pitcairn,2019,,23.9,,,,MM,millimètre,SE,Standard error,0.7,,N,National,,
DATAFLOW,SPC:DF_CLIMATE_CHANGE(1.0),Indicateurs du changement climatique,I,A,Annuel,RAIN_ANOM,Anomalies des précipitations,PN,Pitcairn,2020,,-12.3,,,,MM,millimètre,SE,Standard error,0.6,,N,National,,
DATAFLOW,SPC:DF_CLIMATE_CHANGE(1.0),Indicateurs du changement climatique,I,A,Annuel,RAIN_ANOM,Anomalies des précipitations,PN,Pitcairn,2021,,-12.2,,,,MM,millimètre,SE,Standard error,0.5,,N,National,,
DATAFLOW,SPC:DF_CLIMATE_CHANGE(1.0),Indicateurs du changement climatique,I,A,Annuel,RAIN_ANOM,Anomalies des précipitations,PN,Pitcairn,2022,,-10.9,,,,MM,millimètre,SE,Standard error,0.5,,N,National,,
DATAFLOW,SPC:DF_CLIMATE_CHANGE(1.0),Indicateurs du changement climatique,I,A,Annuel,RAIN_ANOM,Anomalies des précipitations,PN,Pitcairn,2023,,0.6,,,,MM,millimètre,SE,Standard error,0.8,,N,National,,
DATAFLOW,SPC:DF_CLIMATE_CHANGE(1.0),Indicateurs du changement climatique,I,A,Annuel,RAIN_ANOM,Anomalies des précipitations,PN,Pitcairn,2024,,-5.1,,,,MM,millimètre,SE,Standard error,0.5,,N,National,,
DATAFLOW,SPC:DF_CLIMATE_CHANGE(1.0),Indicateurs du changement climatique,I,A,Annuel,RAIN_ANOM,Anomalies des précipitations,PN,Pitcairn,2025,,-7.6,,,,MM,millimètre,SE,Standard error,0.7,,N,National,,
DATAFLOW,SPC:DF_CLIMATE_CHANGE(1.0),Indicateurs du changement climatique,I,A,Annuel,RAIN_ANOM,Anomalies des précipitations,VU,Vanuatu,1979,,2.5,,,,MM,millimètre,SE,Standard error,0.9,,N,National,,
DATAFLOW,SPC:DF_CLIMATE_CHANGE(1.0),Indicateurs du changement climatique,I,A,Annuel,RAIN_ANOM,Anomalies des précipitations,VU,Vanuatu,1980,,-3.3,,,,MM,millimètre,SE,Standard error,0.7,,N,National,,
DATAFLOW,SPC:DF_CLIMATE_CHANGE(1.0),Indicateurs du changement climatique,I,A,Annuel,RAIN_ANOM,Anomalies des précipitations,VU,Vanuatu,1981,,-2.8,,,,MM,millimètre,SE,Standard error,0.8,,N,National,,
DATAFLOW,SPC:DF_CLIMATE_CHANGE(1.0),Indicateurs du changement climatique,I,A,Annuel,RAIN_ANOM,Anomalies des précipitations,VU,Vanuatu,1982,,-0.6,,,,MM,millimètre,SE,Standard error,0.7,,N,National,,
DATAFLOW,SPC:DF_CLIMATE_CHANGE(1.0),Indicateurs du changement climatique,I,A,Annuel,RAIN_ANOM,Anomalies des précipitations,VU,Vanuatu,1983,,-21.6,,,,MM,millimètre,SE,Standard error,0.4,,N,National,,
DATAFLOW,SPC:DF_CLIMATE_CHANGE(1.0),Indicateurs du changement climatique,I,A,Annuel,RAIN_ANOM,Anomalies des précipitations,VU,Vanuatu,1984,,8.3,,,,MM,millimètre,SE,Standard error,0.8,,N,National,,
DATAFLOW,SPC:DF_CLIMATE_CHANGE(1.0),Indicateurs du changement climatique,I,A,Annuel,RAIN_ANOM,Anomalies des précipitations,VU,Vanuatu,1985,,12.2,,,,MM,millimètre,SE,Standard error,0.6,,N,National,,
DATAFLOW,SPC:DF_CLIMATE_CHANGE(1.0),Indicateurs du changement climatique,I,A,Annuel,RAIN_ANOM,Anomalies des précipitations,VU,Vanuatu,1986,,-0.9,,,,MM,millimètre,SE,Standard error,1.0,,N,National,,
DATAFLOW,SPC:DF_CLIMATE_CHANGE(1.0),Indicateurs du changement climatique,I,A,Annuel,RAIN_ANOM,Anomalies des précipitations,VU,Vanuatu,1987,,-15.2,,,,MM,millimètre,SE,Standard error,1.0,,N,National,,
DATAFLOW,SPC:DF_CLIMATE_CHANGE(1.0),Indicateurs du changement climatique,I,A,Annuel,RAIN_ANOM,Anomalies des précipitations,VU,Vanuatu,1988,,29.9,,,,MM,millimètre,SE,Standard error,1.2,,N,National,,
DATAFLOW,SPC:DF_CLIMATE_CHANGE(1.0),Indicateurs du changement climatique,I,A,Annuel,RAIN_ANOM,Anomalies des précipitations,VU,Vanuatu,1989,,9.2,,,,MM,millimètre,SE,Standard error,1.0,,N,National,,
DATAFLOW,SPC:DF_CLIMATE_CHANGE(1.0),Indicateurs du changement climatique,I,A,Annuel,RAIN_ANOM,Anomalies des précipitations,VU,Vanuatu,1990,,-9.3,,,,MM,millimètre,SE,Standard error,0.8,,N,National,,
DATAFLOW,SPC:DF_CLIMATE_CHANGE(1.0),Indicateurs du changement climatique,I,A,Annuel,RAIN_ANOM,Anomalies des précipitations,VU,Vanuatu,1991,,-9.9,,,,MM,millimètre,SE,Standard error,0.8,,N,National,,
DATAFLOW,SPC:DF_CLIMATE_CHANGE(1.0),Indicateurs du changement climatique,I,A,Annuel,RAIN_ANOM,Anomalies des précipitations,VU,Vanuatu,1992,,-11.6,,,,MM,millimètre,SE,Standard error,0.9,,N,National,,
DATAFLOW,SPC:DF_CLIMATE_CHANGE(1.0),Indicateurs du changement climatique,I,A,Annuel,RAIN_ANOM,Anomalies des précipitations,VU,Vanuatu,1993,,-24.3,,,,MM,millimètre,SE,Standard error,0.5,,N,National,,
DATAFLOW,SPC:DF_CLIMATE_CHANGE(1.0),Indicateurs du changement climatique,I,A,Annuel,RAIN_ANOM,Anomalies des précipitations,VU,Vanuatu,1994,,-11.7,,,,MM,millimètre,SE,Standard error,0.9,,N,National,,
DATAFLOW,SPC:DF_CLIMATE_CHANGE(1.0),Indicateurs du changement climatique,I,A,Annuel,RAIN_ANOM,Anomalies des précipitations,VU,Vanuatu,1995,,-18.3,,,,MM,millimètre,SE,Standard error,0.5,,N,National,,
DATAFLOW,SPC:DF_CLIMATE_CHANGE(1.0),Indicateurs du changement climatique,I,A,Annuel,RAIN_ANOM,Anomalies des précipitations,VU,Vanuatu,1996,,4.5,,,,MM,millimètre,SE,Standard error,1.2,,N,National,,
DATAFLOW,SPC:DF_CLIMATE_CHANGE(1.0),Indicateurs du changement climatique,I,A,Annuel,RAIN_ANOM,Anomalies des précipitations,VU,Vanuatu,1997,,-16.9,,,,MM,millimètre,SE,Standard error,0.7,,N,National,,
DATAFLOW,SPC:DF_CLIMATE_CHANGE(1.0),Indicateurs du changement climatique,I,A,Annuel,RAIN_ANOM,Anomalies des précipitations,VU,Vanuatu,1998,,0.9,,,,MM,millimètre,SE,Standard error,1.0,,N,National,,
DATAFLOW,SPC:DF_CLIMATE_CHANGE(1.0),Indicateurs du changement climatique,I,A,Annuel,RAIN_ANOM,Anomalies des précipitations,VU,Vanuatu,1999,,22.6,,,,MM,millimètre,SE,Standard error,1.1,,N,National,,
DATAFLOW,SPC:DF_CLIMATE_CHANGE(1.0),Indicateurs du changement climatique,I,A,Annuel,RAIN_ANOM,Anomalies des précipitations,VU,Vanuatu,2000,,23.6,,,,MM,millimètre,SE,Standard error,0.9,,N,National,,
DATAFLOW,SPC:DF_CLIMATE_CHANGE(1.0),Indicateurs du changement climatique,I,A,Annuel,RAIN_ANOM,Anomalies des précipitations,VU,Vanuatu,2001,,1.8,,,,MM,millimètre,SE,Standard error,0.9,,N,National,,
DATAFLOW,SPC:DF_CLIMATE_CHANGE(1.0),Indicateurs du changement climatique,I,A,Annuel,RAIN_ANOM,Anomalies des précipitations,VU,Vanuatu,2002,,8.6,,,,MM,millimètre,SE,Standard error,0.8,,N,National,,
DATAFLOW,SPC:DF_CLIMATE_CHANGE(1.0),Indicateurs du changement climatique,I,A,Annuel,RAIN_ANOM,Anomalies des précipitations,VU,Vanuatu,2003,,-7.6,,,,MM,millimètre,SE,Standard error,0.7,,N,National,,
DATAFLOW,SPC:DF_CLIMATE_CHANGE(1.0),Indicateurs du changement climatique,I,A,Annuel,RAIN_ANOM,Anomalies des précipitations,VU,Vanuatu,2004,,-13.6,,,,MM,millimètre,SE,Standard error,0.6,,N,National,,
DATAFLOW,SPC:DF_CLIMATE_CHANGE(1.0),Indicateurs du changement climatique,I,A,Annuel,RAIN_ANOM,Anomalies des précipitations,VU,Vanuatu,2005,,-3.5,,,,MM,millimètre,SE,Standard error,1.0,,N,National,,
DATAFLOW,SPC:DF_CLIMATE_CHANGE(1.0),Indicateurs du changement climatique,I,A,Annuel,RAIN_ANOM,Anomalies des précipitations,VU,Vanuatu,2006,,-7.3,,,,MM,millimètre,SE,Standard error,0.5,,N,National,,
DATAFLOW,SPC:DF_CLIMATE_CHANGE(1.0),Indicateurs du changement climatique,I,A,Annuel,RAIN_ANOM,Anomalies des précipitations,VU,Vanuatu,2007,,7.2,,,,MM,millimètre,SE,Standard error,0.6,,N,National,,
DATAFLOW,SPC:DF_CLIMATE_CHANGE(1.0),Indicateurs du changement climatique,I,A,Annuel,RAIN_ANOM,Anomalies des précipitations,VU,Vanuatu,2008,,7.4,,,,MM,millimètre,SE,Standard error,0.9,,N,National,,
DATAFLOW,SPC:DF_CLIMATE_CHANGE(1.0),Indicateurs du changement climatique,I,A,Annuel,RAIN_ANOM,Anomalies des précipitations,VU,Vanuatu,2009,,5.9,,,,MM,millimètre,SE,Standard error,0.8,,N,National,,
DATAFLOW,SPC:DF_CLIMATE_CHANGE(1.0),Indicateurs du changement climatique,I,A,Annuel,RAIN_ANOM,Anomalies des précipitations,VU,Vanuatu,2010,,1.1,,,,MM,millimètre,SE,Standard error,1.0,,N,National,,
DATAFLOW,SPC:DF_CLIMATE_CHANGE(1.0),Indicateurs du changement climatique,I,A,Annuel,RAIN_ANOM,Anomalies des précipitations,VU,Vanuatu,2011,,17.7,,,,MM,millimètre,SE,Standard error,1.0,,N,National,,
DATAFLOW,SPC:DF_CLIMATE_CHANGE(1.0),Indicateurs du changement climatique,I,A,Annuel,RAIN_ANOM,Anomalies des précipitations,VU,Vanuatu,2012,,17.7,,,,MM,millimètre,SE,Standard error,1.0,,N,National,,
DATAFLOW,SPC:DF_CLIMATE_CHANGE(1.0),Indicateurs du changement climatique,I,A,Annuel,RAIN_ANOM,Anomalies des précipitations,VU,Vanuatu,2013,,9.0,,,,MM,millimètre,SE,Standard error,0.9,,N,National,,
DATAFLOW,SPC:DF_CLIMATE_CHANGE(1.0),Indicateurs du changement climatique,I,A,Annuel,RAIN_ANOM,Anomalies des précipitations,VU,Vanuatu,2014,,0.4,,,,MM,millimètre,SE,Standard error,1.0,,N,National,,
DATAFLOW,SPC:DF_CLIMATE_CHANGE(1.0),Indicateurs du changement climatique,I,A,Annuel,RAIN_ANOM,Anomalies des précipitations,VU,Vanuatu,2015,,-3.4,,,,MM,millimètre,SE,Standard error,0.9,,N,National,,
DATAFLOW,SPC:DF_CLIMATE_CHANGE(1.0),Indicateurs du changement climatique,I,A,Annuel,RAIN_ANOM,Anomalies des précipitations,VU,Vanuatu,2016,,-13.3,,,,MM,millimètre,SE,Standard error,0.8,,N,National,,
DATAFLOW,SPC:DF_CLIMATE_CHANGE(1.0),Indicateurs du changement climatique,I,A,Annuel,RAIN_ANOM,Anomalies des précipitations,VU,Vanuatu,2017,,1.7,,,,MM,millimètre,SE,Standard error,1.2,,N,National,,
DATAFLOW,SPC:DF_CLIMATE_CHANGE(1.0),Indicateurs du changement climatique,I,A,Annuel,RAIN_ANOM,Anomalies des précipitations,VU,Vanuatu,2018,,-0.3,,,,MM,millimètre,SE,Standard error,0.9,,N,National,,
DATAFLOW,SPC:DF_CLIMATE_CHANGE(1.0),Indicateurs du changement climatique,I,A,Annuel,RAIN_ANOM,Anomalies des précipitations,VU,Vanuatu,2019,,-2.4,,,,MM,millimètre,SE,Standard error,0.7,,N,National,,
DATAFLOW,SPC:DF_CLIMATE_CHANGE(1.0),Indicateurs du changement climatique,I,A,Annuel,RAIN_ANOM,Anomalies des précipitations,VU,Vanuatu,2020,,14.1,,,,MM,millimètre,SE,Standard error,1.0,,N,National,,
DATAFLOW,SPC:DF_CLIMATE_CHANGE(1.0),Indicateurs du changement climatique,I,A,Annuel,RAIN_ANOM,Anomalies des précipitations,VU,Vanuatu,2021,,11.9,,,,MM,millimètre,SE,Standard error,1.1,,N,National,,
DATAFLOW,SPC:DF_CLIMATE_CHANGE(1.0),Indicateurs du changement climatique,I,A,Annuel,RAIN_ANOM,Anomalies des précipitations,VU,Vanuatu,2022,,33.7,,,,MM,millimètre,SE,Standard error,1.1,,N,National,,
DATAFLOW,SPC:DF_CLIMATE_CHANGE(1.0),Indicateurs du changement climatique,I,A,Annuel,RAIN_ANOM,Anomalies des précipitations,VU,Vanuatu,2023,,8.7,,,,MM,millimètre,SE,Standard error,1.1,,N,National,,
DATAFLOW,SPC:DF_CLIMATE_CHANGE(1.0),Indicateurs du changement climatique,I,A,Annuel,RAIN_ANOM,Anomalies des précipitations,VU,Vanuatu,2024,,8.0,,,,MM,millimètre,SE,Standard error,1.4,,N,National,,
DATAFLOW,SPC:DF_CLIMATE_CHANGE(1.0),Indicateurs du changement climatique,I,A,Annuel,RAIN_ANOM,Anomalies des précipitations,VU,Vanuatu,2025,,-0.3,,,,MM,millimètre,SE,Standard error,0.9,,N,National,,
DATAFLOW,SPC:DF_CLIMATE_CHANGE(1.0),Indicateurs du changement climatique,I,A,Annuel,RAIN_ANOM,Anomalies des précipitations,GU,Guam,1979,,-9.5,,,,MM,millimètre,SE,Standard error,0.8,,N,National,,
DATAFLOW,SPC:DF_CLIMATE_CHANGE(1.0),Indicateurs du changement climatique,I,A,Annuel,RAIN_ANOM,Anomalies des précipitations,GU,Guam,1980,,-6.5,,,,MM,millimètre,SE,Standard error,0.9,,N,National,,
DATAFLOW,SPC:DF_CLIMATE_CHANGE(1.0),Indicateurs du changement climatique,I,A,Annuel,RAIN_ANOM,Anomalies des précipitations,GU,Guam,1981,,-9.3,,,,MM,millimètre,SE,Standard error,0.7,,N,National,,
DATAFLOW,SPC:DF_CLIMATE_CHANGE(1.0),Indicateurs du changement climatique,I,A,Annuel,RAIN_ANOM,Anomalies des précipitations,GU,Guam,1982,,-6.1,,,,MM,millimètre,SE,Standard error,0.7,,N,National,,
DATAFLOW,SPC:DF_CLIMATE_CHANGE(1.0),Indicateurs du changement climatique,I,A,Annuel,RAIN_ANOM,Anomalies des précipitations,GU,Guam,1983,,-20.8,,,,MM,millimètre,SE,Standard error,1.0,,N,National,,
DATAFLOW,SPC:DF_CLIMATE_CHANGE(1.0),Indicateurs du changement climatique,I,A,Annuel,RAIN_ANOM,Anomalies des précipitations,GU,Guam,1984,,2.4,,,,MM,millimètre,SE,Standard error,1.2,,N,National,,
DATAFLOW,SPC:DF_CLIMATE_CHANGE(1.0),Indicateurs du changement climatique,I,A,Annuel,RAIN_ANOM,Anomalies des précipitations,GU,Guam,1985,,-2.2,,,,MM,millimètre,SE,Standard error,1.0,,N,National,,
DATAFLOW,SPC:DF_CLIMATE_CHANGE(1.0),Indicateurs du changement climatique,I,A,Annuel,RAIN_ANOM,Anomalies des précipitations,GU,Guam,1986,,1.7,,,,MM,millimètre,SE,Standard error,0.9,,N,National,,
DATAFLOW,SPC:DF_CLIMATE_CHANGE(1.0),Indicateurs du changement climatique,I,A,Annuel,RAIN_ANOM,Anomalies des précipitations,GU,Guam,1987,,-11.0,,,,MM,millimètre,SE,Standard error,1.0,,N,National,,
DATAFLOW,SPC:DF_CLIMATE_CHANGE(1.0),Indicateurs du changement climatique,I,A,Annuel,RAIN_ANOM,Anomalies des précipitations,GU,Guam,1988,,-18.5,,,,MM,millimètre,SE,Standard error,0.7,,N,National,,
DATAFLOW,SPC:DF_CLIMATE_CHANGE(1.0),Indicateurs du changement climatique,I,A,Annuel,RAIN_ANOM,Anomalies des précipitations,GU,Guam,1989,,1.2,,,,MM,millimètre,SE,Standard error,0.9,,N,National,,
DATAFLOW,SPC:DF_CLIMATE_CHANGE(1.0),Indicateurs du changement climatique,I,A,Annuel,RAIN_ANOM,Anomalies des précipitations,GU,Guam,1990,,13.2,,,,MM,millimètre,SE,Standard error,1.6,,N,National,,
DATAFLOW,SPC:DF_CLIMATE_CHANGE(1.0),Indicateurs du changement climatique,I,A,Annuel,RAIN_ANOM,Anomalies des précipitations,GU,Guam,1991,,7.0,,,,MM,millimètre,SE,Standard error,1.4,,N,National,,
DATAFLOW,SPC:DF_CLIMATE_CHANGE(1.0),Indicateurs du changement climatique,I,A,Annuel,RAIN_ANOM,Anomalies des précipitations,GU,Guam,1992,,-5.0,,,,MM,millimètre,SE,Standard error,1.4,,N,National,,
DATAFLOW,SPC:DF_CLIMATE_CHANGE(1.0),Indicateurs du changement climatique,I,A,Annuel,RAIN_ANOM,Anomalies des précipitations,GU,Guam,1993,,-15.0,,,,MM,millimètre,SE,Standard error,1.0,,N,National,,
DATAFLOW,SPC:DF_CLIMATE_CHANGE(1.0),Indicateurs du changement climatique,I,A,Annuel,RAIN_ANOM,Anomalies des précipitations,GU,Guam,1994,,0.3,,,,MM,millimètre,SE,Standard error,1.3,,N,National,,
DATAFLOW,SPC:DF_CLIMATE_CHANGE(1.0),Indicateurs du changement climatique,I,A,Annuel,RAIN_ANOM,Anomalies des précipitations,GU,Guam,1995,,-8.1,,,,MM,millimètre,SE,Standard error,0.8,,N,National,,
DATAFLOW,SPC:DF_CLIMATE_CHANGE(1.0),Indicateurs du changement climatique,I,A,Annuel,RAIN_ANOM,Anomalies des précipitations,GU,Guam,1996,,3.7,,,,MM,millimètre,SE,Standard error,1.0,,N,National,,
DATAFLOW,SPC:DF_CLIMATE_CHANGE(1.0),Indicateurs du changement climatique,I,A,Annuel,RAIN_ANOM,Anomalies des précipitations,GU,Guam,1997,,16.1,,,,MM,millimètre,SE,Standard error,1.4,,N,National,,
DATAFLOW,SPC:DF_CLIMATE_CHANGE(1.0),Indicateurs du changement climatique,I,A,Annuel,RAIN_ANOM,Anomalies des précipitations,GU,Guam,1998,,-27.0,,,,MM,millimètre,SE,Standard error,0.6,,N,National,,
DATAFLOW,SPC:DF_CLIMATE_CHANGE(1.0),Indicateurs du changement climatique,I,A,Annuel,RAIN_ANOM,Anomalies des précipitations,GU,Guam,1999,,-8.6,,,,MM,millimètre,SE,Standard error,0.7,,N,National,,
DATAFLOW,SPC:DF_CLIMATE_CHANGE(1.0),Indicateurs du changement climatique,I,A,Annuel,RAIN_ANOM,Anomalies des précipitations,GU,Guam,2000,,-8.2,,,,MM,millimètre,SE,Standard error,0.8,,N,National,,
DATAFLOW,SPC:DF_CLIMATE_CHANGE(1.0),Indicateurs du changement climatique,I,A,Annuel,RAIN_ANOM,Anomalies des précipitations,GU,Guam,2001,,-3.9,,,,MM,millimètre,SE,Standard error,1.2,,N,National,,
DATAFLOW,SPC:DF_CLIMATE_CHANGE(1.0),Indicateurs du changement climatique,I,A,Annuel,RAIN_ANOM,Anomalies des précipitations,GU,Guam,2002,,8.9,,,,MM,millimètre,SE,Standard error,1.3,,N,National,,
DATAFLOW,SPC:DF_CLIMATE_CHANGE(1.0),Indicateurs du changement climatique,I,A,Annuel,RAIN_ANOM,Anomalies des précipitations,GU,Guam,2003,,4.6,,,,MM,millimètre,SE,Standard error,0.9,,N,National,,
DATAFLOW,SPC:DF_CLIMATE_CHANGE(1.0),Indicateurs du changement climatique,I,A,Annuel,RAIN_ANOM,Anomalies des précipitations,GU,Guam,2004,,18.3,,,,MM,millimètre,SE,Standard error,1.7,,N,National,,
DATAFLOW,SPC:DF_CLIMATE_CHANGE(1.0),Indicateurs du changement climatique,I,A,Annuel,RAIN_ANOM,Anomalies des précipitations,GU,Guam,2005,,4.1,,,,MM,millimètre,SE,Standard error,1.0,,N,National,,
DATAFLOW,SPC:DF_CLIMATE_CHANGE(1.0),Indicateurs du changement climatique,I,A,Annuel,RAIN_ANOM,Anomalies des précipitations,GU,Guam,2006,,8.8,,,,MM,millimètre,SE,Standard error,1.5,,N,National,,
DATAFLOW,SPC:DF_CLIMATE_CHANGE(1.0),Indicateurs du changement climatique,I,A,Annuel,RAIN_ANOM,Anomalies des précipitations,GU,Guam,2007,,2.5,,,,MM,millimètre,SE,Standard error,1.0,,N,National,,
DATAFLOW,SPC:DF_CLIMATE_CHANGE(1.0),Indicateurs du changement climatique,I,A,Annuel,RAIN_ANOM,Anomalies des précipitations,GU,Guam,2008,,-15.5,,,,MM,millimètre,SE,Standard error,0.7,,N,National,,
DATAFLOW,SPC:DF_CLIMATE_CHANGE(1.0),Indicateurs du changement climatique,I,A,Annuel,RAIN_ANOM,Anomalies des précipitations,GU,Guam,2009,,11.2,,,,MM,millimètre,SE,Standard error,1.1,,N,National,,
DATAFLOW,SPC:DF_CLIMATE_CHANGE(1.0),Indicateurs du changement climatique,I,A,Annuel,RAIN_ANOM,Anomalies des précipitations,GU,Guam,2010,,-13.6,,,,MM,millimètre,SE,Standard error,0.9,,N,National,,
DATAFLOW,SPC:DF_CLIMATE_CHANGE(1.0),Indicateurs du changement climatique,I,A,Annuel,RAIN_ANOM,Anomalies des précipitations,GU,Guam,2011,,6.6,,,,MM,millimètre,SE,Standard error,1.2,,N,National,,
DATAFLOW,SPC:DF_CLIMATE_CHANGE(1.0),Indicateurs du changement climatique,I,A,Annuel,RAIN_ANOM,Anomalies des précipitations,GU,Guam,2012,,4.8,,,,MM,millimètre,SE,Standard error,1.4,,N,National,,
DATAFLOW,SPC:DF_CLIMATE_CHANGE(1.0),Indicateurs du changement climatique,I,A,Annuel,RAIN_ANOM,Anomalies des précipitations,GU,Guam,2013,,-5.5,,,,MM,millimètre,SE,Standard error,1.4,,N,National,,
DATAFLOW,SPC:DF_CLIMATE_CHANGE(1.0),Indicateurs du changement climatique,I,A,Annuel,RAIN_ANOM,Anomalies des précipitations,GU,Guam,2014,,5.0,,,,MM,millimètre,SE,Standard error,1.4,,N,National,,
DATAFLOW,SPC:DF_CLIMATE_CHANGE(1.0),Indicateurs du changement climatique,I,A,Annuel,RAIN_ANOM,Anomalies des précipitations,GU,Guam,2015,,15.2,,,,MM,millimètre,SE,Standard error,1.2,,N,National,,
DATAFLOW,SPC:DF_CLIMATE_CHANGE(1.0),Indicateurs du changement climatique,I,A,Annuel,RAIN_ANOM,Anomalies des précipitations,GU,Guam,2016,,-8.2,,,,MM,millimètre,SE,Standard error,1.2,,N,National,,
DATAFLOW,SPC:DF_CLIMATE_CHANGE(1.0),Indicateurs du changement climatique,I,A,Annuel,RAIN_ANOM,Anomalies des précipitations,GU,Guam,2017,,-0.7,,,,MM,millimètre,SE,Standard error,0.8,,N,National,,
DATAFLOW,SPC:DF_CLIMATE_CHANGE(1.0),Indicateurs du changement climatique,I,A,Annuel,RAIN_ANOM,Anomalies des précipitations,GU,Guam,2018,,8.5,,,,MM,millimètre,SE,Standard error,1.3,,N,National,,
DATAFLOW,SPC:DF_CLIMATE_CHANGE(1.0),Indicateurs du changement climatique,I,A,Annuel,RAIN_ANOM,Anomalies des précipitations,GU,Guam,2019,,6.2,,,,MM,millimètre,SE,Standard error,1.1,,N,National,,
DATAFLOW,SPC:DF_CLIMATE_CHANGE(1.0),Indicateurs du changement climatique,I,A,Annuel,RAIN_ANOM,Anomalies des précipitations,GU,Guam,2020,,-12.4,,,,MM,millimètre,SE,Standard error,0.8,,N,National,,
DATAFLOW,SPC:DF_CLIMATE_CHANGE(1.0),Indicateurs du changement climatique,I,A,Annuel,RAIN_ANOM,Anomalies des précipitations,GU,Guam,2021,,-5.4,,,,MM,millimètre,SE,Standard error,0.9,,N,National,,
DATAFLOW,SPC:DF_CLIMATE_CHANGE(1.0),Indicateurs du changement climatique,I,A,Annuel,RAIN_ANOM,Anomalies des précipitations,GU,Guam,2022,,-1.3,,,,MM,millimètre,SE,Standard error,0.9,,N,National,,
DATAFLOW,SPC:DF_CLIMATE_CHANGE(1.0),Indicateurs du changement climatique,I,A,Annuel,RAIN_ANOM,Anomalies des précipitations,GU,Guam,2023,,15.2,,,,MM,millimètre,SE,Standard error,0.9,,N,National,,
DATAFLOW,SPC:DF_CLIMATE_CHANGE(1.0),Indicateurs du changement climatique,I,A,Annuel,RAIN_ANOM,Anomalies des précipitations,GU,Guam,2024,,-8.3,,,,MM,millimètre,SE,Standard error,1.0,,N,National,,
DATAFLOW,SPC:DF_CLIMATE_CHANGE(1.0),Indicateurs du changement climatique,I,A,Annuel,RAIN_ANOM,Anomalies des précipitations,GU,Guam,2025,,-3.1,,,,MM,millimètre,SE,Standard error,1.0,,N,National,,
DATAFLOW,SPC:DF_CLIMATE_CHANGE(1.0),Indicateurs du changement climatique,I,A,Annuel,RAIN_ANOM,Anomalies des précipitations,PF,Polynésie Française,1979,,4.7,,,,MM,millimètre,SE,Standard error,0.8,,N,National,,
DATAFLOW,SPC:DF_CLIMATE_CHANGE(1.0),Indicateurs du changement climatique,I,A,Annuel,RAIN_ANOM,Anomalies des précipitations,PF,Polynésie Française,1980,,-3.3,,,,MM,millimètre,SE,Standard error,0.4,,N,National,,
DATAFLOW,SPC:DF_CLIMATE_CHANGE(1.0),Indicateurs du changement climatique,I,A,Annuel,RAIN_ANOM,Anomalies des précipitations,PF,Polynésie Française,1981,,2.5,,,,MM,millimètre,SE,Standard error,0.6,,N,National,,
DATAFLOW,SPC:DF_CLIMATE_CHANGE(1.0),Indicateurs du changement climatique,I,A,Annuel,RAIN_ANOM,Anomalies des précipitations,PF,Polynésie Française,1982,,-7.0,,,,MM,millimètre,SE,Standard error,0.4,,N,National,,
DATAFLOW,SPC:DF_CLIMATE_CHANGE(1.0),Indicateurs du changement climatique,I,A,Annuel,RAIN_ANOM,Anomalies des précipitations,PF,Polynésie Française,1983,,1.7,,,,MM,millimètre,SE,Standard error,0.5,,N,National,,
DATAFLOW,SPC:DF_CLIMATE_CHANGE(1.0),Indicateurs du changement climatique,I,A,Annuel,RAIN_ANOM,Anomalies des précipitations,PF,Polynésie Française,1984,,6.9,,,,MM,millimètre,SE,Standard error,0.6,,N,National,,
DATAFLOW,SPC:DF_CLIMATE_CHANGE(1.0),Indicateurs du changement climatique,I,A,Annuel,RAIN_ANOM,Anomalies des précipitations,PF,Polynésie Française,1985,,4.4,,,,MM,millimètre,SE,Standard error,0.6,,N,National,,
DATAFLOW,SPC:DF_CLIMATE_CHANGE(1.0),Indicateurs du changement climatique,I,A,Annuel,RAIN_ANOM,Anomalies des précipitations,PF,Polynésie Française,1986,,-0.8,,,,MM,millimètre,SE,Standard error,0.6,,N,National,,
DATAFLOW,SPC:DF_CLIMATE_CHANGE(1.0),Indicateurs du changement climatique,I,A,Annuel,RAIN_ANOM,Anomalies des précipitations,PF,Polynésie Française,1987,,2.1,,,,MM,millimètre,SE,Standard error,0.5,,N,National,,
DATAFLOW,SPC:DF_CLIMATE_CHANGE(1.0),Indicateurs du changement climatique,I,A,Annuel,RAIN_ANOM,Anomalies des précipitations,PF,Polynésie Française,1988,,-5.7,,,,MM,millimètre,SE,Standard error,0.4,,N,National,,
DATAFLOW,SPC:DF_CLIMATE_CHANGE(1.0),Indicateurs du changement climatique,I,A,Annuel,RAIN_ANOM,Anomalies des précipitations,PF,Polynésie Française,1989,,-3.6,,,,MM,millimètre,SE,Standard error,0.6,,N,National,,
DATAFLOW,SPC:DF_CLIMATE_CHANGE(1.0),Indicateurs du changement climatique,I,A,Annuel,RAIN_ANOM,Anomalies des précipitations,PF,Polynésie Française,1990,,-6.0,,,,MM,millimètre,SE,Standard error,0.7,,N,National,,
DATAFLOW,SPC:DF_CLIMATE_CHANGE(1.0),Indicateurs du changement climatique,I,A,Annuel,RAIN_ANOM,Anomalies des précipitations,PF,Polynésie Française,1991,,-3.3,,,,MM,millimètre,SE,Standard error,0.7,,N,National,,
DATAFLOW,SPC:DF_CLIMATE_CHANGE(1.0),Indicateurs du changement climatique,I,A,Annuel,RAIN_ANOM,Anomalies des précipitations,PF,Polynésie Française,1992,,4.5,,,,MM,millimètre,SE,Standard error,0.6,,N,National,,
DATAFLOW,SPC:DF_CLIMATE_CHANGE(1.0),Indicateurs du changement climatique,I,A,Annuel,RAIN_ANOM,Anomalies des précipitations,PF,Polynésie Française,1993,,-0.6,,,,MM,millimètre,SE,Standard error,0.5,,N,National,,
DATAFLOW,SPC:DF_CLIMATE_CHANGE(1.0),Indicateurs du changement climatique,I,A,Annuel,RAIN_ANOM,Anomalies des précipitations,PF,Polynésie Française,1994,,1.6,,,,MM,millimètre,SE,Standard error,0.6,,N,National,,
DATAFLOW,SPC:DF_CLIMATE_CHANGE(1.0),Indicateurs du changement climatique,I,A,Annuel,RAIN_ANOM,Anomalies des précipitations,PF,Polynésie Française,1995,,7.8,,,,MM,millimètre,SE,Standard error,0.8,,N,National,,
DATAFLOW,SPC:DF_CLIMATE_CHANGE(1.0),Indicateurs du changement climatique,I,A,Annuel,RAIN_ANOM,Anomalies des précipitations,PF,Polynésie Française,1996,,-5.2,,,,MM,millimètre,SE,Standard error,0.4,,N,National,,
DATAFLOW,SPC:DF_CLIMATE_CHANGE(1.0),Indicateurs du changement climatique,I,A,Annuel,RAIN_ANOM,Anomalies des précipitations,PF,Polynésie Française,1997,,2.3,,,,MM,millimètre,SE,Standard error,0.6,,N,National,,
DATAFLOW,SPC:DF_CLIMATE_CHANGE(1.0),Indicateurs du changement climatique,I,A,Annuel,RAIN_ANOM,Anomalies des précipitations,PF,Polynésie Française,1998,,20.0,,,,MM,millimètre,SE,Standard error,1.1,,N,National,,
DATAFLOW,SPC:DF_CLIMATE_CHANGE(1.0),Indicateurs du changement climatique,I,A,Annuel,RAIN_ANOM,Anomalies des précipitations,PF,Polynésie Française,1999,,-9.3,,,,MM,millimètre,SE,Standard error,0.4,,N,National,,
DATAFLOW,SPC:DF_CLIMATE_CHANGE(1.0),Indicateurs du changement climatique,I,A,Annuel,RAIN_ANOM,Anomalies des précipitations,PF,Polynésie Française,2000,,-2.0,,,,MM,millimètre,SE,Standard error,0.7,,N,National,,
DATAFLOW,SPC:DF_CLIMATE_CHANGE(1.0),Indicateurs du changement climatique,I,A,Annuel,RAIN_ANOM,Anomalies des précipitations,PF,Polynésie Française,2001,,4.3,,,,MM,millimètre,SE,Standard error,0.7,,N,National,,
DATAFLOW,SPC:DF_CLIMATE_CHANGE(1.0),Indicateurs du changement climatique,I,A,Annuel,RAIN_ANOM,Anomalies des précipitations,PF,Polynésie Française,2002,,-7.0,,,,MM,millimètre,SE,Standard error,0.5,,N,National,,
DATAFLOW,SPC:DF_CLIMATE_CHANGE(1.0),Indicateurs du changement climatique,I,A,Annuel,RAIN_ANOM,Anomalies des précipitations,PF,Polynésie Française,2003,,6.8,,,,MM,millimètre,SE,Standard error,0.6,,N,National,,
DATAFLOW,SPC:DF_CLIMATE_CHANGE(1.0),Indicateurs du changement climatique,I,A,Annuel,RAIN_ANOM,Anomalies des précipitations,PF,Polynésie Française,2004,,5.4,,,,MM,millimètre,SE,Standard error,0.8,,N,National,,
DATAFLOW,SPC:DF_CLIMATE_CHANGE(1.0),Indicateurs du changement climatique,I,A,Annuel,RAIN_ANOM,Anomalies des précipitations,PF,Polynésie Française,2005,,-2.9,,,,MM,millimètre,SE,Standard error,0.8,,N,National,,
DATAFLOW,SPC:DF_CLIMATE_CHANGE(1.0),Indicateurs du changement climatique,I,A,Annuel,RAIN_ANOM,Anomalies des précipitations,PF,Polynésie Française,2006,,-2.3,,,,MM,millimètre,SE,Standard error,0.5,,N,National,,
DATAFLOW,SPC:DF_CLIMATE_CHANGE(1.0),Indicateurs du changement climatique,I,A,Annuel,RAIN_ANOM,Anomalies des précipitations,PF,Polynésie Française,2007,,3.1,,,,MM,millimètre,SE,Standard error,0.7,,N,National,,
DATAFLOW,SPC:DF_CLIMATE_CHANGE(1.0),Indicateurs du changement climatique,I,A,Annuel,RAIN_ANOM,Anomalies des précipitations,PF,Polynésie Française,2008,,-14.6,,,,MM,millimètre,SE,Standard error,0.4,,N,National,,
DATAFLOW,SPC:DF_CLIMATE_CHANGE(1.0),Indicateurs du changement climatique,I,A,Annuel,RAIN_ANOM,Anomalies des précipitations,PF,Polynésie Française,2009,,-5.2,,,,MM,millimètre,SE,Standard error,0.4,,N,National,,
DATAFLOW,SPC:DF_CLIMATE_CHANGE(1.0),Indicateurs du changement climatique,I,A,Annuel,RAIN_ANOM,Anomalies des précipitations,PF,Polynésie Française,2010,,1.9,,,,MM,millimètre,SE,Standard error,0.9,,N,National,,
DATAFLOW,SPC:DF_CLIMATE_CHANGE(1.0),Indicateurs du changement climatique,I,A,Annuel,RAIN_ANOM,Anomalies des précipitations,PF,Polynésie Française,2011,,-20.4,,,,MM,millimètre,SE,Standard error,0.3,,N,National,,
DATAFLOW,SPC:DF_CLIMATE_CHANGE(1.0),Indicateurs du changement climatique,I,A,Annuel,RAIN_ANOM,Anomalies des précipitations,PF,Polynésie Française,2012,,-1.5,,,,MM,millimètre,SE,Standard error,0.8,,N,National,,
DATAFLOW,SPC:DF_CLIMATE_CHANGE(1.0),Indicateurs du changement climatique,I,A,Annuel,RAIN_ANOM,Anomalies des précipitations,PF,Polynésie Française,2013,,1.5,,,,MM,millimètre,SE,Standard error,0.8,,N,National,,
DATAFLOW,SPC:DF_CLIMATE_CHANGE(1.0),Indicateurs du changement climatique,I,A,Annuel,RAIN_ANOM,Anomalies des précipitations,PF,Polynésie Française,2014,,8.5,,,,MM,millimètre,SE,Standard error,0.7,,N,National,,
DATAFLOW,SPC:DF_CLIMATE_CHANGE(1.0),Indicateurs du changement climatique,I,A,Annuel,RAIN_ANOM,Anomalies des précipitations,PF,Polynésie Française,2015,,-7.2,,,,MM,millimètre,SE,Standard error,0.6,,N,National,,
DATAFLOW,SPC:DF_CLIMATE_CHANGE(1.0),Indicateurs du changement climatique,I,A,Annuel,RAIN_ANOM,Anomalies des précipitations,PF,Polynésie Française,2016,,9.7,,,,MM,millimètre,SE,Standard error,0.9,,N,National,,
DATAFLOW,SPC:DF_CLIMATE_CHANGE(1.0),Indicateurs du changement climatique,I,A,Annuel,RAIN_ANOM,Anomalies des précipitations,PF,Polynésie Française,2017,,1.1,,,,MM,millimètre,SE,Standard error,0.6,,N,National,,
DATAFLOW,SPC:DF_CLIMATE_CHANGE(1.0),Indicateurs du changement climatique,I,A,Annuel,RAIN_ANOM,Anomalies des précipitations,PF,Polynésie Française,2018,,-5.2,,,,MM,millimètre,SE,Standard error,0.8,,N,National,,
DATAFLOW,SPC:DF_CLIMATE_CHANGE(1.0),Indicateurs du changement climatique,I,A,Annuel,RAIN_ANOM,Anomalies des précipitations,PF,Polynésie Française,2019,,14.6,,,,MM,millimètre,SE,Standard error,0.6,,N,National,,
DATAFLOW,SPC:DF_CLIMATE_CHANGE(1.0),Indicateurs du changement climatique,I,A,Annuel,RAIN_ANOM,Anomalies des précipitations,PF,Polynésie Française,2020,,-6.5,,,,MM,millimètre,SE,Standard error,0.4,,N,National,,
DATAFLOW,SPC:DF_CLIMATE_CHANGE(1.0),Indicateurs du changement climatique,I,A,Annuel,RAIN_ANOM,Anomalies des précipitations,PF,Polynésie Française,2021,,-14.9,,,,MM,millimètre,SE,Standard error,0.3,,N,National,,
DATAFLOW,SPC:DF_CLIMATE_CHANGE(1.0),Indicateurs du changement climatique,I,A,Annuel,RAIN_ANOM,Anomalies des précipitations,PF,Polynésie Française,2022,,-9.6,,,,MM,millimètre,SE,Standard error,0.8,,N,National,,
DATAFLOW,SPC:DF_CLIMATE_CHANGE(1.0),Indicateurs du changement climatique,I,A,Annuel,RAIN_ANOM,Anomalies des précipitations,PF,Polynésie Française,2023,,-1.3,,,,MM,millimètre,SE,Standard error,0.5,,N,National,,
DATAFLOW,SPC:DF_CLIMATE_CHANGE(1.0),Indicateurs du changement climatique,I,A,Annuel,RAIN_ANOM,Anomalies des précipitations,PF,Polynésie Française,2024,,-0.4,,,,MM,millimètre,SE,Standard error,0.7,,N,National,,
DATAFLOW,SPC:DF_CLIMATE_CHANGE(1.0),Indicateurs du changement climatique,I,A,Annuel,RAIN_ANOM,Anomalies des précipitations,PF,Polynésie Française,2025,,5.3,,,,MM,millimètre,SE,Standard error,0.7,,N,National,,
DATAFLOW,SPC:DF_CLIMATE_CHANGE(1.0),Indicateurs du changement climatique,I,A,Annuel,RAIN_ANOM,Anomalies des précipitations,TO,Tonga,1979,,-19.5,,,,MM,millimètre,SE,Standard error,0.4,,N,National,,
DATAFLOW,SPC:DF_CLIMATE_CHANGE(1.0),Indicateurs du changement climatique,I,A,Annuel,RAIN_ANOM,Anomalies des précipitations,TO,Tonga,1980,,-16.5,,,,MM,millimètre,SE,Standard error,0.6,,N,National,,
DATAFLOW,SPC:DF_CLIMATE_CHANGE(1.0),Indicateurs du changement climatique,I,A,Annuel,RAIN_ANOM,Anomalies des précipitations,TO,Tonga,1981,,-14.8,,,,MM,millimètre,SE,Standard error,0.5,,N,National,,
DATAFLOW,SPC:DF_CLIMATE_CHANGE(1.0),Indicateurs du changement climatique,I,A,Annuel,RAIN_ANOM,Anomalies des précipitations,TO,Tonga,1982,,-2.2,,,,MM,millimètre,SE,Standard error,0.9,,N,National,,
DATAFLOW,SPC:DF_CLIMATE_CHANGE(1.0),Indicateurs du changement climatique,I,A,Annuel,RAIN_ANOM,Anomalies des précipitations,TO,Tonga,1983,,-26.0,,,,MM,millimètre,SE,Standard error,0.6,,N,National,,
DATAFLOW,SPC:DF_CLIMATE_CHANGE(1.0),Indicateurs du changement climatique,I,A,Annuel,RAIN_ANOM,Anomalies des précipitations,TO,Tonga,1984,,-9.2,,,,MM,millimètre,SE,Standard error,0.6,,N,National,,
DATAFLOW,SPC:DF_CLIMATE_CHANGE(1.0),Indicateurs du changement climatique,I,A,Annuel,RAIN_ANOM,Anomalies des précipitations,TO,Tonga,1985,,-12.7,,,,MM,millimètre,SE,Standard error,0.8,,N,National,,
DATAFLOW,SPC:DF_CLIMATE_CHANGE(1.0),Indicateurs du changement climatique,I,A,Annuel,RAIN_ANOM,Anomalies des précipitations,TO,Tonga,1986,,-13.4,,,,MM,millimètre,SE,Standard error,0.8,,N,National,,
DATAFLOW,SPC:DF_CLIMATE_CHANGE(1.0),Indicateurs du changement climatique,I,A,Annuel,RAIN_ANOM,Anomalies des précipitations,TO,Tonga,1987,,-26.3,,,,MM,millimètre,SE,Standard error,0.8,,N,National,,
DATAFLOW,SPC:DF_CLIMATE_CHANGE(1.0),Indicateurs du changement climatique,I,A,Annuel,RAIN_ANOM,Anomalies des précipitations,TO,Tonga,1988,,3.0,,,,MM,millimètre,SE,Standard error,1.1,,N,National,,
DATAFLOW,SPC:DF_CLIMATE_CHANGE(1.0),Indicateurs du changement climatique,I,A,Annuel,RAIN_ANOM,Anomalies des précipitations,TO,Tonga,1989,,-10.7,,,,MM,millimètre,SE,Standard error,1.2,,N,National,,
DATAFLOW,SPC:DF_CLIMATE_CHANGE(1.0),Indicateurs du changement climatique,I,A,Annuel,RAIN_ANOM,Anomalies des précipitations,TO,Tonga,1990,,-3.6,,,,MM,millimètre,SE,Standard error,0.7,,N,National,,
DATAFLOW,SPC:DF_CLIMATE_CHANGE(1.0),Indicateurs du changement climatique,I,A,Annuel,RAIN_ANOM,Anomalies des précipitations,TO,Tonga,1991,,-8.0,,,,MM,millimètre,SE,Standard error,0.7,,N,National,,
DATAFLOW,SPC:DF_CLIMATE_CHANGE(1.0),Indicateurs du changement climatique,I,A,Annuel,RAIN_ANOM,Anomalies des précipitations,TO,Tonga,1992,,-10.5,,,,MM,millimètre,SE,Standard error,0.5,,N,National,,
DATAFLOW,SPC:DF_CLIMATE_CHANGE(1.0),Indicateurs du changement climatique,I,A,Annuel,RAIN_ANOM,Anomalies des précipitations,TO,Tonga,1993,,0.1,,,,MM,millimètre,SE,Standard error,0.9,,N,National,,
DATAFLOW,SPC:DF_CLIMATE_CHANGE(1.0),Indicateurs du changement climatique,I,A,Annuel,RAIN_ANOM,Anomalies des précipitations,TO,Tonga,1994,,-16.1,,,,MM,millimètre,SE,Standard error,0.9,,N,National,,
DATAFLOW,SPC:DF_CLIMATE_CHANGE(1.0),Indicateurs du changement climatique,I,A,Annuel,RAIN_ANOM,Anomalies des précipitations,TO,Tonga,1995,,-3.2,,,,MM,millimètre,SE,Standard error,0.7,,N,National,,
DATAFLOW,SPC:DF_CLIMATE_CHANGE(1.0),Indicateurs du changement climatique,I,A,Annuel,RAIN_ANOM,Anomalies des précipitations,TO,Tonga,1996,,-4.2,,,,MM,millimètre,SE,Standard error,1.2,,N,National,,
DATAFLOW,SPC:DF_CLIMATE_CHANGE(1.0),Indicateurs du changement climatique,I,A,Annuel,RAIN_ANOM,Anomalies des précipitations,TO,Tonga,1997,,-3.4,,,,MM,millimètre,SE,Standard error,1.1,,N,National,,
DATAFLOW,SPC:DF_CLIMATE_CHANGE(1.0),Indicateurs du changement climatique,I,A,Annuel,RAIN_ANOM,Anomalies des précipitations,TO,Tonga,1998,,-21.8,,,,MM,millimètre,SE,Standard error,1.1,,N,National,,
DATAFLOW,SPC:DF_CLIMATE_CHANGE(1.0),Indicateurs du changement climatique,I,A,Annuel,RAIN_ANOM,Anomalies des précipitations,TO,Tonga,1999,,12.7,,,,MM,millimètre,SE,Standard error,1.0,,N,National,,
DATAFLOW,SPC:DF_CLIMATE_CHANGE(1.0),Indicateurs du changement climatique,I,A,Annuel,RAIN_ANOM,Anomalies des précipitations,TO,Tonga,2000,,3.9,,,,MM,millimètre,SE,Standard error,0.7,,N,National,,
DATAFLOW,SPC:DF_CLIMATE_CHANGE(1.0),Indicateurs du changement climatique,I,A,Annuel,RAIN_ANOM,Anomalies des précipitations,TO,Tonga,2001,,-8.0,,,,MM,millimètre,SE,Standard error,0.7,,N,National,,
DATAFLOW,SPC:DF_CLIMATE_CHANGE(1.0),Indicateurs du changement climatique,I,A,Annuel,RAIN_ANOM,Anomalies des précipitations,TO,Tonga,2002,,-5.3,,,,MM,millimètre,SE,Standard error,1.0,,N,National,,
DATAFLOW,SPC:DF_CLIMATE_CHANGE(1.0),Indicateurs du changement climatique,I,A,Annuel,RAIN_ANOM,Anomalies des précipitations,TO,Tonga,2003,,-17.0,,,,MM,millimètre,SE,Standard error,0.9,,N,National,,
DATAFLOW,SPC:DF_CLIMATE_CHANGE(1.0),Indicateurs du changement climatique,I,A,Annuel,RAIN_ANOM,Anomalies des précipitations,TO,Tonga,2004,,-3.5,,,,MM,millimètre,SE,Standard error,0.8,,N,National,,
DATAFLOW,SPC:DF_CLIMATE_CHANGE(1.0),Indicateurs du changement climatique,I,A,Annuel,RAIN_ANOM,Anomalies des précipitations,TO,Tonga,2005,,4.9,,,,MM,millimètre,SE,Standard error,1.1,,N,National,,
DATAFLOW,SPC:DF_CLIMATE_CHANGE(1.0),Indicateurs du changement climatique,I,A,Annuel,RAIN_ANOM,Anomalies des précipitations,TO,Tonga,2006,,3.5,,,,MM,millimètre,SE,Standard error,1.4,,N,National,,
DATAFLOW,SPC:DF_CLIMATE_CHANGE(1.0),Indicateurs du changement climatique,I,A,Annuel,RAIN_ANOM,Anomalies des précipitations,TO,Tonga,2007,,7.6,,,,MM,millimètre,SE,Standard error,0.7,,N,National,,
DATAFLOW,SPC:DF_CLIMATE_CHANGE(1.0),Indicateurs du changement climatique,I,A,Annuel,RAIN_ANOM,Anomalies des précipitations,TO,Tonga,2008,,3.5,,,,MM,millimètre,SE,Standard error,1.4,,N,National,,
DATAFLOW,SPC:DF_CLIMATE_CHANGE(1.0),Indicateurs du changement climatique,I,A,Annuel,RAIN_ANOM,Anomalies des précipitations,TO,Tonga,2009,,1.3,,,,MM,millimètre,SE,Standard error,1.2,,N,National,,
DATAFLOW,SPC:DF_CLIMATE_CHANGE(1.0),Indicateurs du changement climatique,I,A,Annuel,RAIN_ANOM,Anomalies des précipitations,TO,Tonga,2010,,-2.8,,,,MM,millimètre,SE,Standard error,1.1,,N,National,,
DATAFLOW,SPC:DF_CLIMATE_CHANGE(1.0),Indicateurs du changement climatique,I,A,Annuel,RAIN_ANOM,Anomalies des précipitations,TO,Tonga,2011,,5.3,,,,MM,millimètre,SE,Standard error,1.1,,N,National,,
DATAFLOW,SPC:DF_CLIMATE_CHANGE(1.0),Indicateurs du changement climatique,I,A,Annuel,RAIN_ANOM,Anomalies des précipitations,TO,Tonga,2012,,8.1,,,,MM,millimètre,SE,Standard error,1.2,,N,National,,
DATAFLOW,SPC:DF_CLIMATE_CHANGE(1.0),Indicateurs du changement climatique,I,A,Annuel,RAIN_ANOM,Anomalies des précipitations,TO,Tonga,2013,,8.5,,,,MM,millimètre,SE,Standard error,1.0,,N,National,,
DATAFLOW,SPC:DF_CLIMATE_CHANGE(1.0),Indicateurs du changement climatique,I,A,Annuel,RAIN_ANOM,Anomalies des précipitations,TO,Tonga,2014,,1.1,,,,MM,millimètre,SE,Standard error,1.1,,N,National,,
DATAFLOW,SPC:DF_CLIMATE_CHANGE(1.0),Indicateurs du changement climatique,I,A,Annuel,RAIN_ANOM,Anomalies des précipitations,TO,Tonga,2015,,-21.5,,,,MM,millimètre,SE,Standard error,0.7,,N,National,,
DATAFLOW,SPC:DF_CLIMATE_CHANGE(1.0),Indicateurs du changement climatique,I,A,Annuel,RAIN_ANOM,Anomalies des précipitations,TO,Tonga,2016,,-4.3,,,,MM,millimètre,SE,Standard error,1.2,,N,National,,
DATAFLOW,SPC:DF_CLIMATE_CHANGE(1.0),Indicateurs du changement climatique,I,A,Annuel,RAIN_ANOM,Anomalies des précipitations,TO,Tonga,2017,,16.9,,,,MM,millimètre,SE,Standard error,1.5,,N,National,,
DATAFLOW,SPC:DF_CLIMATE_CHANGE(1.0),Indicateurs du changement climatique,I,A,Annuel,RAIN_ANOM,Anomalies des précipitations,TO,Tonga,2018,,7.8,,,,MM,millimètre,SE,Standard error,1.2,,N,National,,
DATAFLOW,SPC:DF_CLIMATE_CHANGE(1.0),Indicateurs du changement climatique,I,A,Annuel,RAIN_ANOM,Anomalies des précipitations,TO,Tonga,2019,,37.0,,,,MM,millimètre,SE,Standard error,1.2,,N,National,,
DATAFLOW,SPC:DF_CLIMATE_CHANGE(1.0),Indicateurs du changement climatique,I,A,Annuel,RAIN_ANOM,Anomalies des précipitations,TO,Tonga,2020,,7.3,,,,MM,millimètre,SE,Standard error,0.9,,N,National,,
DATAFLOW,SPC:DF_CLIMATE_CHANGE(1.0),Indicateurs du changement climatique,I,A,Annuel,RAIN_ANOM,Anomalies des précipitations,TO,Tonga,2021,,3.2,,,,MM,millimètre,SE,Standard error,1.4,,N,National,,
DATAFLOW,SPC:DF_CLIMATE_CHANGE(1.0),Indicateurs du changement climatique,I,A,Annuel,RAIN_ANOM,Anomalies des précipitations,TO,Tonga,2022,,1.4,,,,MM,millimètre,SE,Standard error,1.1,,N,National,,
DATAFLOW,SPC:DF_CLIMATE_CHANGE(1.0),Indicateurs du changement climatique,I,A,Annuel,RAIN_ANOM,Anomalies des précipitations,TO,Tonga,2023,,-10.9,,,,MM,millimètre,SE,Standard error,0.8,,N,National,,
DATAFLOW,SPC:DF_CLIMATE_CHANGE(1.0),Indicateurs du changement climatique,I,A,Annuel,RAIN_ANOM,Anomalies des précipitations,TO,Tonga,2024,,-2.0,,,,MM,millimètre,SE,Standard error,0.8,,N,National,,
DATAFLOW,SPC:DF_CLIMATE_CHANGE(1.0),Indicateurs du changement climatique,I,A,Annuel,RAIN_ANOM,Anomalies des précipitations,TO,Tonga,2025,,16.3,,,,MM,millimètre,SE,Standard error,1.1,,N,National,,
DATAFLOW,SPC:DF_CLIMATE_CHANGE(1.0),Indicateurs du changement climatique,I,A,Annuel,RAIN_ANOM,Anomalies des précipitations,NC,Nouvelle-Calédonie,1979,,-4.4,,,,MM,millimètre,SE,Standard error,0.6,,N,National,,
DATAFLOW,SPC:DF_CLIMATE_CHANGE(1.0),Indicateurs du changement climatique,I,A,Annuel,RAIN_ANOM,Anomalies des précipitations,NC,Nouvelle-Calédonie,1980,,-0.5,,,,MM,millimètre,SE,Standard error,0.9,,N,National,,
DATAFLOW,SPC:DF_CLIMATE_CHANGE(1.0),Indicateurs du changement climatique,I,A,Annuel,RAIN_ANOM,Anomalies des précipitations,NC,Nouvelle-Calédonie,1981,,9.1,,,,MM,millimètre,SE,Standard error,1.4,,N,National,,
DATAFLOW,SPC:DF_CLIMATE_CHANGE(1.0),Indicateurs du changement climatique,I,A,Annuel,RAIN_ANOM,Anomalies des précipitations,NC,Nouvelle-Calédonie,1982,,8.3,,,,MM,millimètre,SE,Standard error,1.0,,N,National,,
DATAFLOW,SPC:DF_CLIMATE_CHANGE(1.0),Indicateurs du changement climatique,I,A,Annuel,RAIN_ANOM,Anomalies des précipitations,NC,Nouvelle-Calédonie,1983,,-3.1,,,,MM,millimètre,SE,Standard error,0.5,,N,National,,
DATAFLOW,SPC:DF_CLIMATE_CHANGE(1.0),Indicateurs du changement climatique,I,A,Annuel,RAIN_ANOM,Anomalies des précipitations,NC,Nouvelle-Calédonie,1984,,16.2,,,,MM,millimètre,SE,Standard error,1.0,,N,National,,
DATAFLOW,SPC:DF_CLIMATE_CHANGE(1.0),Indicateurs du changement climatique,I,A,Annuel,RAIN_ANOM,Anomalies des précipitations,NC,Nouvelle-Calédonie,1985,,13.9,,,,MM,millimètre,SE,Standard error,0.7,,N,National,,
DATAFLOW,SPC:DF_CLIMATE_CHANGE(1.0),Indicateurs du changement climatique,I,A,Annuel,RAIN_ANOM,Anomalies des précipitations,NC,Nouvelle-Calédonie,1986,,8.9,,,,MM,millimètre,SE,Standard error,1.1,,N,National,,
DATAFLOW,SPC:DF_CLIMATE_CHANGE(1.0),Indicateurs du changement climatique,I,A,Annuel,RAIN_ANOM,Anomalies des précipitations,NC,Nouvelle-Calédonie,1987,,-14.8,,,,MM,millimètre,SE,Standard error,0.3,,N,National,,
DATAFLOW,SPC:DF_CLIMATE_CHANGE(1.0),Indicateurs du changement climatique,I,A,Annuel,RAIN_ANOM,Anomalies des précipitations,NC,Nouvelle-Calédonie,1988,,35.8,,,,MM,millimètre,SE,Standard error,1.3,,N,National,,
DATAFLOW,SPC:DF_CLIMATE_CHANGE(1.0),Indicateurs du changement climatique,I,A,Annuel,RAIN_ANOM,Anomalies des précipitations,NC,Nouvelle-Calédonie,1989,,37.3,,,,MM,millimètre,SE,Standard error,1.7,,N,National,,
DATAFLOW,SPC:DF_CLIMATE_CHANGE(1.0),Indicateurs du changement climatique,I,A,Annuel,RAIN_ANOM,Anomalies des précipitations,NC,Nouvelle-Calédonie,1990,,25.8,,,,MM,millimètre,SE,Standard error,1.6,,N,National,,
DATAFLOW,SPC:DF_CLIMATE_CHANGE(1.0),Indicateurs du changement climatique,I,A,Annuel,RAIN_ANOM,Anomalies des précipitations,NC,Nouvelle-Calédonie,1991,,-7.4,,,,MM,millimètre,SE,Standard error,0.9,,N,National,,
DATAFLOW,SPC:DF_CLIMATE_CHANGE(1.0),Indicateurs du changement climatique,I,A,Annuel,RAIN_ANOM,Anomalies des précipitations,NC,Nouvelle-Calédonie,1992,,6.3,,,,MM,millimètre,SE,Standard error,1.3,,N,National,,
DATAFLOW,SPC:DF_CLIMATE_CHANGE(1.0),Indicateurs du changement climatique,I,A,Annuel,RAIN_ANOM,Anomalies des précipitations,NC,Nouvelle-Calédonie,1993,,-10.2,,,,MM,millimètre,SE,Standard error,0.8,,N,National,,
DATAFLOW,SPC:DF_CLIMATE_CHANGE(1.0),Indicateurs du changement climatique,I,A,Annuel,RAIN_ANOM,Anomalies des précipitations,NC,Nouvelle-Calédonie,1994,,-12.7,,,,MM,millimètre,SE,Standard error,0.8,,N,National,,
DATAFLOW,SPC:DF_CLIMATE_CHANGE(1.0),Indicateurs du changement climatique,I,A,Annuel,RAIN_ANOM,Anomalies des précipitations,NC,Nouvelle-Calédonie,1995,,-0.5,,,,MM,millimètre,SE,Standard error,1.1,,N,National,,
DATAFLOW,SPC:DF_CLIMATE_CHANGE(1.0),Indicateurs du changement climatique,I,A,Annuel,RAIN_ANOM,Anomalies des précipitations,NC,Nouvelle-Calédonie,1996,,23.4,,,,MM,millimètre,SE,Standard error,1.3,,N,National,,
DATAFLOW,SPC:DF_CLIMATE_CHANGE(1.0),Indicateurs du changement climatique,I,A,Annuel,RAIN_ANOM,Anomalies des précipitations,NC,Nouvelle-Calédonie,1997,,-0.9,,,,MM,millimètre,SE,Standard error,0.8,,N,National,,
DATAFLOW,SPC:DF_CLIMATE_CHANGE(1.0),Indicateurs du changement climatique,I,A,Annuel,RAIN_ANOM,Anomalies des précipitations,NC,Nouvelle-Calédonie,1998,,11.3,,,,MM,millimètre,SE,Standard error,0.6,,N,National,,
DATAFLOW,SPC:DF_CLIMATE_CHANGE(1.0),Indicateurs du changement climatique,I,A,Annuel,RAIN_ANOM,Anomalies des précipitations,NC,Nouvelle-Calédonie,1999,,34.2,,,,MM,millimètre,SE,Standard error,1.3,,N,National,,
DATAFLOW,SPC:DF_CLIMATE_CHANGE(1.0),Indicateurs du changement climatique,I,A,Annuel,RAIN_ANOM,Anomalies des précipitations,NC,Nouvelle-Calédonie,2000,,9.9,,,,MM,millimètre,SE,Standard error,1.0,,N,National,,
DATAFLOW,SPC:DF_CLIMATE_CHANGE(1.0),Indicateurs du changement climatique,I,A,Annuel,RAIN_ANOM,Anomalies des précipitations,NC,Nouvelle-Calédonie,2001,,2.0,,,,MM,millimètre,SE,Standard error,0.9,,N,National,,
DATAFLOW,SPC:DF_CLIMATE_CHANGE(1.0),Indicateurs du changement climatique,I,A,Annuel,RAIN_ANOM,Anomalies des précipitations,NC,Nouvelle-Calédonie,2002,,8.4,,,,MM,millimètre,SE,Standard error,1.1,,N,National,,
DATAFLOW,SPC:DF_CLIMATE_CHANGE(1.0),Indicateurs du changement climatique,I,A,Annuel,RAIN_ANOM,Anomalies des précipitations,NC,Nouvelle-Calédonie,2003,,0.7,,,,MM,millimètre,SE,Standard error,0.6,,N,National,,
DATAFLOW,SPC:DF_CLIMATE_CHANGE(1.0),Indicateurs du changement climatique,I,A,Annuel,RAIN_ANOM,Anomalies des précipitations,NC,Nouvelle-Calédonie,2004,,-4.0,,,,MM,millimètre,SE,Standard error,0.9,,N,National,,
DATAFLOW,SPC:DF_CLIMATE_CHANGE(1.0),Indicateurs du changement climatique,I,A,Annuel,RAIN_ANOM,Anomalies des précipitations,NC,Nouvelle-Calédonie,2005,,1.1,,,,MM,millimètre,SE,Standard error,0.9,,N,National,,
DATAFLOW,SPC:DF_CLIMATE_CHANGE(1.0),Indicateurs du changement climatique,I,A,Annuel,RAIN_ANOM,Anomalies des précipitations,NC,Nouvelle-Calédonie,2006,,1.8,,,,MM,millimètre,SE,Standard error,0.9,,N,National,,
DATAFLOW,SPC:DF_CLIMATE_CHANGE(1.0),Indicateurs du changement climatique,I,A,Annuel,RAIN_ANOM,Anomalies des précipitations,NC,Nouvelle-Calédonie,2007,,5.3,,,,MM,millimètre,SE,Standard error,0.7,,N,National,,
DATAFLOW,SPC:DF_CLIMATE_CHANGE(1.0),Indicateurs du changement climatique,I,A,Annuel,RAIN_ANOM,Anomalies des précipitations,NC,Nouvelle-Calédonie,2008,,32.4,,,,MM,millimètre,SE,Standard error,1.6,,N,National,,
DATAFLOW,SPC:DF_CLIMATE_CHANGE(1.0),Indicateurs du changement climatique,I,A,Annuel,RAIN_ANOM,Anomalies des précipitations,NC,Nouvelle-Calédonie,2009,,9.7,,,,MM,millimètre,SE,Standard error,1.3,,N,National,,
DATAFLOW,SPC:DF_CLIMATE_CHANGE(1.0),Indicateurs du changement climatique,I,A,Annuel,RAIN_ANOM,Anomalies des précipitations,NC,Nouvelle-Calédonie,2010,,-10.8,,,,MM,millimètre,SE,Standard error,0.5,,N,National,,
DATAFLOW,SPC:DF_CLIMATE_CHANGE(1.0),Indicateurs du changement climatique,I,A,Annuel,RAIN_ANOM,Anomalies des précipitations,NC,Nouvelle-Calédonie,2011,,3.1,,,,MM,millimètre,SE,Standard error,0.9,,N,National,,
DATAFLOW,SPC:DF_CLIMATE_CHANGE(1.0),Indicateurs du changement climatique,I,A,Annuel,RAIN_ANOM,Anomalies des précipitations,NC,Nouvelle-Calédonie,2012,,-4.1,,,,MM,millimètre,SE,Standard error,0.5,,N,National,,
DATAFLOW,SPC:DF_CLIMATE_CHANGE(1.0),Indicateurs du changement climatique,I,A,Annuel,RAIN_ANOM,Anomalies des précipitations,NC,Nouvelle-Calédonie,2013,,-6.1,,,,MM,millimètre,SE,Standard error,0.5,,N,National,,
DATAFLOW,SPC:DF_CLIMATE_CHANGE(1.0),Indicateurs du changement climatique,I,A,Annuel,RAIN_ANOM,Anomalies des précipitations,NC,Nouvelle-Calédonie,2014,,-12.8,,,,MM,millimètre,SE,Standard error,0.5,,N,National,,
DATAFLOW,SPC:DF_CLIMATE_CHANGE(1.0),Indicateurs du changement climatique,I,A,Annuel,RAIN_ANOM,Anomalies des précipitations,NC,Nouvelle-Calédonie,2015,,-12.3,,,,MM,millimètre,SE,Standard error,0.6,,N,National,,
DATAFLOW,SPC:DF_CLIMATE_CHANGE(1.0),Indicateurs du changement climatique,I,A,Annuel,RAIN_ANOM,Anomalies des précipitations,NC,Nouvelle-Calédonie,2016,,-16.0,,,,MM,millimètre,SE,Standard error,0.6,,N,National,,
DATAFLOW,SPC:DF_CLIMATE_CHANGE(1.0),Indicateurs du changement climatique,I,A,Annuel,RAIN_ANOM,Anomalies des précipitations,NC,Nouvelle-Calédonie,2017,,-18.5,,,,MM,millimètre,SE,Standard error,0.5,,N,National,,
DATAFLOW,SPC:DF_CLIMATE_CHANGE(1.0),Indicateurs du changement climatique,I,A,Annuel,RAIN_ANOM,Anomalies des précipitations,NC,Nouvelle-Calédonie,2018,,-9.6,,,,MM,millimètre,SE,Standard error,0.7,,N,National,,
DATAFLOW,SPC:DF_CLIMATE_CHANGE(1.0),Indicateurs du changement climatique,I,A,Annuel,RAIN_ANOM,Anomalies des précipitations,NC,Nouvelle-Calédonie,2019,,-15.3,,,,MM,millimètre,SE,Standard error,0.6,,N,National,,
DATAFLOW,SPC:DF_CLIMATE_CHANGE(1.0),Indicateurs du changement climatique,I,A,Annuel,RAIN_ANOM,Anomalies des précipitations,NC,Nouvelle-Calédonie,2020,,-8.3,,,,MM,millimètre,SE,Standard error,0.7,,N,National,,
DATAFLOW,SPC:DF_CLIMATE_CHANGE(1.0),Indicateurs du changement climatique,I,A,Annuel,RAIN_ANOM,Anomalies des précipitations,NC,Nouvelle-Calédonie,2021,,3.5,,,,MM,millimètre,SE,Standard error,1.0,,N,National,,
DATAFLOW,SPC:DF_CLIMATE_CHANGE(1.0),Indicateurs du changement climatique,I,A,Annuel,RAIN_ANOM,Anomalies des précipitations,NC,Nouvelle-Calédonie,2022,,14.5,,,,MM,millimètre,SE,Standard error,0.8,,N,National,,
DATAFLOW,SPC:DF_CLIMATE_CHANGE(1.0),Indicateurs du changement climatique,I,A,Annuel,RAIN_ANOM,Anomalies des précipitations,NC,Nouvelle-Calédonie,2023,,-8.5,,,,MM,millimètre,SE,Standard error,0.7,,N,National,,
DATAFLOW,SPC:DF_CLIMATE_CHANGE(1.0),Indicateurs du changement climatique,I,A,Annuel,RAIN_ANOM,Anomalies des précipitations,NC,Nouvelle-Calédonie,2024,,-9.3,,,,MM,millimètre,SE,Standard error,0.6,,N,National,,
DATAFLOW,SPC:DF_CLIMATE_CHANGE(1.0),Indicateurs du changement climatique,I,A,Annuel,RAIN_ANOM,Anomalies des précipitations,NC,Nouvelle-Calédonie,2025,,-6.6,,,,MM,millimètre,SE,Standard error,0.7,,N,National,,
DATAFLOW,SPC:DF_CLIMATE_CHANGE(1.0),Indicateurs du changement climatique,I,A,Annuel,RAIN_ANOM,Anomalies des précipitations,FM,États Fédérés De Micronésie,1979,,7.0,,,,MM,millimètre,SE,Standard error,0.9,,N,National,,
DATAFLOW,SPC:DF_CLIMATE_CHANGE(1.0),Indicateurs du changement climatique,I,A,Annuel,RAIN_ANOM,Anomalies des précipitations,FM,États Fédérés De Micronésie,1980,,0.4,,,,MM,millimètre,SE,Standard error,0.9,,N,National,,
DATAFLOW,SPC:DF_CLIMATE_CHANGE(1.0),Indicateurs du changement climatique,I,A,Annuel,RAIN_ANOM,Anomalies des précipitations,FM,États Fédérés De Micronésie,1981,,-6.3,,,,MM,millimètre,SE,Standard error,0.7,,N,National,,
DATAFLOW,SPC:DF_CLIMATE_CHANGE(1.0),Indicateurs du changement climatique,I,A,Annuel,RAIN_ANOM,Anomalies des précipitations,FM,États Fédérés De Micronésie,1982,,-2.5,,,,MM,millimètre,SE,Standard error,1.2,,N,National,,
DATAFLOW,SPC:DF_CLIMATE_CHANGE(1.0),Indicateurs du changement climatique,I,A,Annuel,RAIN_ANOM,Anomalies des précipitations,FM,États Fédérés De Micronésie,1983,,-44.4,,,,MM,millimètre,SE,Standard error,1.4,,N,National,,
DATAFLOW,SPC:DF_CLIMATE_CHANGE(1.0),Indicateurs du changement climatique,I,A,Annuel,RAIN_ANOM,Anomalies des précipitations,FM,États Fédérés De Micronésie,1984,,-26.4,,,,MM,millimètre,SE,Standard error,1.1,,N,National,,
DATAFLOW,SPC:DF_CLIMATE_CHANGE(1.0),Indicateurs du changement climatique,I,A,Annuel,RAIN_ANOM,Anomalies des précipitations,FM,États Fédérés De Micronésie,1985,,-6.3,,,,MM,millimètre,SE,Standard error,0.7,,N,National,,
DATAFLOW,SPC:DF_CLIMATE_CHANGE(1.0),Indicateurs du changement climatique,I,A,Annuel,RAIN_ANOM,Anomalies des précipitations,FM,États Fédérés De Micronésie,1986,,19.5,,,,MM,millimètre,SE,Standard error,1.0,,N,National,,
DATAFLOW,SPC:DF_CLIMATE_CHANGE(1.0),Indicateurs du changement climatique,I,A,Annuel,RAIN_ANOM,Anomalies des précipitations,FM,États Fédérés De Micronésie,1987,,-1.1,,,,MM,millimètre,SE,Standard error,1.1,,N,National,,
DATAFLOW,SPC:DF_CLIMATE_CHANGE(1.0),Indicateurs du changement climatique,I,A,Annuel,RAIN_ANOM,Anomalies des précipitations,FM,États Fédérés De Micronésie,1988,,-11.0,,,,MM,millimètre,SE,Standard error,0.9,,N,National,,
DATAFLOW,SPC:DF_CLIMATE_CHANGE(1.0),Indicateurs du changement climatique,I,A,Annuel,RAIN_ANOM,Anomalies des précipitations,FM,États Fédérés De Micronésie,1989,,13.3,,,,MM,millimètre,SE,Standard error,1.2,,N,National,,
DATAFLOW,SPC:DF_CLIMATE_CHANGE(1.0),Indicateurs du changement climatique,I,A,Annuel,RAIN_ANOM,Anomalies des précipitations,FM,États Fédérés De Micronésie,1990,,5.4,,,,MM,millimètre,SE,Standard error,1.1,,N,National,,
DATAFLOW,SPC:DF_CLIMATE_CHANGE(1.0),Indicateurs du changement climatique,I,A,Annuel,RAIN_ANOM,Anomalies des précipitations,FM,États Fédérés De Micronésie,1991,,-10.9,,,,MM,millimètre,SE,Standard error,0.8,,N,National,,
DATAFLOW,SPC:DF_CLIMATE_CHANGE(1.0),Indicateurs du changement climatique,I,A,Annuel,RAIN_ANOM,Anomalies des précipitations,FM,États Fédérés De Micronésie,1992,,-33.4,,,,MM,millimètre,SE,Standard error,0.9,,N,National,,
DATAFLOW,SPC:DF_CLIMATE_CHANGE(1.0),Indicateurs du changement climatique,I,A,Annuel,RAIN_ANOM,Anomalies des précipitations,FM,États Fédérés De Micronésie,1993,,18.7,,,,MM,millimètre,SE,Standard error,0.8,,N,National,,
DATAFLOW,SPC:DF_CLIMATE_CHANGE(1.0),Indicateurs du changement climatique,I,A,Annuel,RAIN_ANOM,Anomalies des précipitations,FM,États Fédérés De Micronésie,1994,,-9.8,,,,MM,millimètre,SE,Standard error,0.9,,N,National,,
DATAFLOW,SPC:DF_CLIMATE_CHANGE(1.0),Indicateurs du changement climatique,I,A,Annuel,RAIN_ANOM,Anomalies des précipitations,FM,États Fédérés De Micronésie,1995,,-12.3,,,,MM,millimètre,SE,Standard error,0.7,,N,National,,
DATAFLOW,SPC:DF_CLIMATE_CHANGE(1.0),Indicateurs du changement climatique,I,A,Annuel,RAIN_ANOM,Anomalies des précipitations,FM,États Fédérés De Micronésie,1996,,-1.8,,,,MM,millimètre,SE,Standard error,0.9,,N,National,,
DATAFLOW,SPC:DF_CLIMATE_CHANGE(1.0),Indicateurs du changement climatique,I,A,Annuel,RAIN_ANOM,Anomalies des précipitations,FM,États Fédérés De Micronésie,1997,,-13.2,,,,MM,millimètre,SE,Standard error,1.0,,N,National,,
DATAFLOW,SPC:DF_CLIMATE_CHANGE(1.0),Indicateurs du changement climatique,I,A,Annuel,RAIN_ANOM,Anomalies des précipitations,FM,États Fédérés De Micronésie,1998,,-39.4,,,,MM,millimètre,SE,Standard error,1.0,,N,National,,
DATAFLOW,SPC:DF_CLIMATE_CHANGE(1.0),Indicateurs du changement climatique,I,A,Annuel,RAIN_ANOM,Anomalies des précipitations,FM,États Fédérés De Micronésie,1999,,15.2,,,,MM,millimètre,SE,Standard error,1.2,,N,National,,
DATAFLOW,SPC:DF_CLIMATE_CHANGE(1.0),Indicateurs du changement climatique,I,A,Annuel,RAIN_ANOM,Anomalies des précipitations,FM,États Fédérés De Micronésie,2000,,8.8,,,,MM,millimètre,SE,Standard error,0.7,,N,National,,
DATAFLOW,SPC:DF_CLIMATE_CHANGE(1.0),Indicateurs du changement climatique,I,A,Annuel,RAIN_ANOM,Anomalies des précipitations,FM,États Fédérés De Micronésie,2001,,0.9,,,,MM,millimètre,SE,Standard error,0.7,,N,National,,
DATAFLOW,SPC:DF_CLIMATE_CHANGE(1.0),Indicateurs du changement climatique,I,A,Annuel,RAIN_ANOM,Anomalies des précipitations,FM,États Fédérés De Micronésie,2002,,6.2,,,,MM,millimètre,SE,Standard error,1.0,,N,National,,
DATAFLOW,SPC:DF_CLIMATE_CHANGE(1.0),Indicateurs du changement climatique,I,A,Annuel,RAIN_ANOM,Anomalies des précipitations,FM,États Fédérés De Micronésie,2003,,-3.1,,,,MM,millimètre,SE,Standard error,0.9,,N,National,,
DATAFLOW,SPC:DF_CLIMATE_CHANGE(1.0),Indicateurs du changement climatique,I,A,Annuel,RAIN_ANOM,Anomalies des précipitations,FM,États Fédérés De Micronésie,2004,,8.6,,,,MM,millimètre,SE,Standard error,1.2,,N,National,,
DATAFLOW,SPC:DF_CLIMATE_CHANGE(1.0),Indicateurs du changement climatique,I,A,Annuel,RAIN_ANOM,Anomalies des précipitations,FM,États Fédérés De Micronésie,2005,,9.1,,,,MM,millimètre,SE,Standard error,1.2,,N,National,,
DATAFLOW,SPC:DF_CLIMATE_CHANGE(1.0),Indicateurs du changement climatique,I,A,Annuel,RAIN_ANOM,Anomalies des précipitations,FM,États Fédérés De Micronésie,2006,,4.8,,,,MM,millimètre,SE,Standard error,0.7,,N,National,,
DATAFLOW,SPC:DF_CLIMATE_CHANGE(1.0),Indicateurs du changement climatique,I,A,Annuel,RAIN_ANOM,Anomalies des précipitations,FM,États Fédérés De Micronésie,2007,,0.9,,,,MM,millimètre,SE,Standard error,0.5,,N,National,,
DATAFLOW,SPC:DF_CLIMATE_CHANGE(1.0),Indicateurs du changement climatique,I,A,Annuel,RAIN_ANOM,Anomalies des précipitations,FM,États Fédérés De Micronésie,2008,,-1.8,,,,MM,millimètre,SE,Standard error,0.8,,N,National,,
DATAFLOW,SPC:DF_CLIMATE_CHANGE(1.0),Indicateurs du changement climatique,I,A,Annuel,RAIN_ANOM,Anomalies des précipitations,FM,États Fédérés De Micronésie,2009,,8.9,,,,MM,millimètre,SE,Standard error,1.1,,N,National,,
DATAFLOW,SPC:DF_CLIMATE_CHANGE(1.0),Indicateurs du changement climatique,I,A,Annuel,RAIN_ANOM,Anomalies des précipitations,FM,États Fédérés De Micronésie,2010,,-7.8,,,,MM,millimètre,SE,Standard error,1.0,,N,National,,
DATAFLOW,SPC:DF_CLIMATE_CHANGE(1.0),Indicateurs du changement climatique,I,A,Annuel,RAIN_ANOM,Anomalies des précipitations,FM,États Fédérés De Micronésie,2011,,16.9,,,,MM,millimètre,SE,Standard error,0.8,,N,National,,
DATAFLOW,SPC:DF_CLIMATE_CHANGE(1.0),Indicateurs du changement climatique,I,A,Annuel,RAIN_ANOM,Anomalies des précipitations,FM,États Fédérés De Micronésie,2012,,1.0,,,,MM,millimètre,SE,Standard error,0.6,,N,National,,
DATAFLOW,SPC:DF_CLIMATE_CHANGE(1.0),Indicateurs du changement climatique,I,A,Annuel,RAIN_ANOM,Anomalies des précipitations,FM,États Fédérés De Micronésie,2013,,-2.4,,,,MM,millimètre,SE,Standard error,0.6,,N,National,,
DATAFLOW,SPC:DF_CLIMATE_CHANGE(1.0),Indicateurs du changement climatique,I,A,Annuel,RAIN_ANOM,Anomalies des précipitations,FM,États Fédérés De Micronésie,2014,,14.9,,,,MM,millimètre,SE,Standard error,1.0,,N,National,,
DATAFLOW,SPC:DF_CLIMATE_CHANGE(1.0),Indicateurs du changement climatique,I,A,Annuel,RAIN_ANOM,Anomalies des précipitations,FM,États Fédérés De Micronésie,2015,,-11.8,,,,MM,millimètre,SE,Standard error,0.9,,N,National,,
DATAFLOW,SPC:DF_CLIMATE_CHANGE(1.0),Indicateurs du changement climatique,I,A,Annuel,RAIN_ANOM,Anomalies des précipitations,FM,États Fédérés De Micronésie,2016,,-12.3,,,,MM,millimètre,SE,Standard error,0.8,,N,National,,
DATAFLOW,SPC:DF_CLIMATE_CHANGE(1.0),Indicateurs du changement climatique,I,A,Annuel,RAIN_ANOM,Anomalies des précipitations,FM,États Fédérés De Micronésie,2017,,5.0,,,,MM,millimètre,SE,Standard error,0.6,,N,National,,
DATAFLOW,SPC:DF_CLIMATE_CHANGE(1.0),Indicateurs du changement climatique,I,A,Annuel,RAIN_ANOM,Anomalies des précipitations,FM,États Fédérés De Micronésie,2018,,-0.4,,,,MM,millimètre,SE,Standard error,0.6,,N,National,,
DATAFLOW,SPC:DF_CLIMATE_CHANGE(1.0),Indicateurs du changement climatique,I,A,Annuel,RAIN_ANOM,Anomalies des précipitations,FM,États Fédérés De Micronésie,2019,,34.7,,,,MM,millimètre,SE,Standard error,1.0,,N,National,,
DATAFLOW,SPC:DF_CLIMATE_CHANGE(1.0),Indicateurs du changement climatique,I,A,Annuel,RAIN_ANOM,Anomalies des précipitations,FM,États Fédérés De Micronésie,2020,,5.6,,,,MM,millimètre,SE,Standard error,1.1,,N,National,,
DATAFLOW,SPC:DF_CLIMATE_CHANGE(1.0),Indicateurs du changement climatique,I,A,Annuel,RAIN_ANOM,Anomalies des précipitations,FM,États Fédérés De Micronésie,2021,,20.1,,,,MM,millimètre,SE,Standard error,1.0,,N,National,,
DATAFLOW,SPC:DF_CLIMATE_CHANGE(1.0),Indicateurs du changement climatique,I,A,Annuel,RAIN_ANOM,Anomalies des précipitations,FM,États Fédérés De Micronésie,2022,,4.6,,,,MM,millimètre,SE,Standard error,0.8,,N,National,,
DATAFLOW,SPC:DF_CLIMATE_CHANGE(1.0),Indicateurs du changement climatique,I,A,Annuel,RAIN_ANOM,Anomalies des précipitations,FM,États Fédérés De Micronésie,2023,,23.4,,,,MM,millimètre,SE,Standard error,0.8,,N,National,,
DATAFLOW,SPC:DF_CLIMATE_CHANGE(1.0),Indicateurs du changement climatique,I,A,Annuel,RAIN_ANOM,Anomalies des précipitations,FM,États Fédérés De Micronésie,2024,,8.7,,,,MM,millimètre,SE,Standard error,0.6,,N,National,,
DATAFLOW,SPC:DF_CLIMATE_CHANGE(1.0),Indicateurs du changement climatique,I,A,Annuel,RAIN_ANOM,Anomalies des précipitations,FM,États Fédérés De Micronésie,2025,,5.7,,,,MM,millimètre,SE,Standard error,0.6,,N,National,,
DATAFLOW,SPC:DF_CLIMATE_CHANGE(1.0),Indicateurs du changement climatique,I,A,Annuel,RAIN_ANOM,Anomalies des précipitations,NU,Niue,1979,,-18.1,,,,MM,millimètre,SE,Standard error,0.3,,N,National,,
DATAFLOW,SPC:DF_CLIMATE_CHANGE(1.0),Indicateurs du changement climatique,I,A,Annuel,RAIN_ANOM,Anomalies des précipitations,NU,Niue,1980,,-12.6,,,,MM,millimètre,SE,Standard error,0.5,,N,National,,
DATAFLOW,SPC:DF_CLIMATE_CHANGE(1.0),Indicateurs du changement climatique,I,A,Annuel,RAIN_ANOM,Anomalies des précipitations,NU,Niue,1981,,-6.0,,,,MM,millimètre,SE,Standard error,0.6,,N,National,,
DATAFLOW,SPC:DF_CLIMATE_CHANGE(1.0),Indicateurs du changement climatique,I,A,Annuel,RAIN_ANOM,Anomalies des précipitations,NU,Niue,1982,,-6.8,,,,MM,millimètre,SE,Standard error,0.9,,N,National,,
DATAFLOW,SPC:DF_CLIMATE_CHANGE(1.0),Indicateurs du changement climatique,I,A,Annuel,RAIN_ANOM,Anomalies des précipitations,NU,Niue,1983,,-24.1,,,,MM,millimètre,SE,Standard error,0.6,,N,National,,
DATAFLOW,SPC:DF_CLIMATE_CHANGE(1.0),Indicateurs du changement climatique,I,A,Annuel,RAIN_ANOM,Anomalies des précipitations,NU,Niue,1984,,-5.9,,,,MM,millimètre,SE,Standard error,0.6,,N,National,,
DATAFLOW,SPC:DF_CLIMATE_CHANGE(1.0),Indicateurs du changement climatique,I,A,Annuel,RAIN_ANOM,Anomalies des précipitations,NU,Niue,1985,,-4.5,,,,MM,millimètre,SE,Standard error,0.6,,N,National,,
DATAFLOW,SPC:DF_CLIMATE_CHANGE(1.0),Indicateurs du changement climatique,I,A,Annuel,RAIN_ANOM,Anomalies des précipitations,NU,Niue,1986,,-13.7,,,,MM,millimètre,SE,Standard error,0.7,,N,National,,
DATAFLOW,SPC:DF_CLIMATE_CHANGE(1.0),Indicateurs du changement climatique,I,A,Annuel,RAIN_ANOM,Anomalies des précipitations,NU,Niue,1987,,-18.2,,,,MM,millimètre,SE,Standard error,0.7,,N,National,,
DATAFLOW,SPC:DF_CLIMATE_CHANGE(1.0),Indicateurs du changement climatique,I,A,Annuel,RAIN_ANOM,Anomalies des précipitations,NU,Niue,1988,,20.8,,,,MM,millimètre,SE,Standard error,1.1,,N,National,,
DATAFLOW,SPC:DF_CLIMATE_CHANGE(1.0),Indicateurs du changement climatique,I,A,Annuel,RAIN_ANOM,Anomalies des précipitations,NU,Niue,1989,,2.0,,,,MM,millimètre,SE,Standard error,1.5,,N,National,,
DATAFLOW,SPC:DF_CLIMATE_CHANGE(1.0),Indicateurs du changement climatique,I,A,Annuel,RAIN_ANOM,Anomalies des précipitations,NU,Niue,1990,,-8.8,,,,MM,millimètre,SE,Standard error,0.9,,N,National,,
DATAFLOW,SPC:DF_CLIMATE_CHANGE(1.0),Indicateurs du changement climatique,I,A,Annuel,RAIN_ANOM,Anomalies des précipitations,NU,Niue,1991,,-6.7,,,,MM,millimètre,SE,Standard error,1.0,,N,National,,
DATAFLOW,SPC:DF_CLIMATE_CHANGE(1.0),Indicateurs du changement climatique,I,A,Annuel,RAIN_ANOM,Anomalies des précipitations,NU,Niue,1992,,-12.7,,,,MM,millimètre,SE,Standard error,0.5,,N,National,,
DATAFLOW,SPC:DF_CLIMATE_CHANGE(1.0),Indicateurs du changement climatique,I,A,Annuel,RAIN_ANOM,Anomalies des précipitations,NU,Niue,1993,,-8.5,,,,MM,millimètre,SE,Standard error,0.6,,N,National,,
DATAFLOW,SPC:DF_CLIMATE_CHANGE(1.0),Indicateurs du changement climatique,I,A,Annuel,RAIN_ANOM,Anomalies des précipitations,NU,Niue,1994,,-7.6,,,,MM,millimètre,SE,Standard error,1.0,,N,National,,
DATAFLOW,SPC:DF_CLIMATE_CHANGE(1.0),Indicateurs du changement climatique,I,A,Annuel,RAIN_ANOM,Anomalies des précipitations,NU,Niue,1995,,-3.0,,,,MM,millimètre,SE,Standard error,0.7,,N,National,,
DATAFLOW,SPC:DF_CLIMATE_CHANGE(1.0),Indicateurs du changement climatique,I,A,Annuel,RAIN_ANOM,Anomalies des précipitations,NU,Niue,1996,,5.3,,,,MM,millimètre,SE,Standard error,1.3,,N,National,,
DATAFLOW,SPC:DF_CLIMATE_CHANGE(1.0),Indicateurs du changement climatique,I,A,Annuel,RAIN_ANOM,Anomalies des précipitations,NU,Niue,1997,,-23.0,,,,MM,millimètre,SE,Standard error,0.6,,N,National,,
DATAFLOW,SPC:DF_CLIMATE_CHANGE(1.0),Indicateurs du changement climatique,I,A,Annuel,RAIN_ANOM,Anomalies des précipitations,NU,Niue,1998,,-23.5,,,,MM,millimètre,SE,Standard error,0.6,,N,National,,
DATAFLOW,SPC:DF_CLIMATE_CHANGE(1.0),Indicateurs du changement climatique,I,A,Annuel,RAIN_ANOM,Anomalies des précipitations,NU,Niue,1999,,5.5,,,,MM,millimètre,SE,Standard error,0.9,,N,National,,
DATAFLOW,SPC:DF_CLIMATE_CHANGE(1.0),Indicateurs du changement climatique,I,A,Annuel,RAIN_ANOM,Anomalies des précipitations,NU,Niue,2000,,0.8,,,,MM,millimètre,SE,Standard error,0.8,,N,National,,
DATAFLOW,SPC:DF_CLIMATE_CHANGE(1.0),Indicateurs du changement climatique,I,A,Annuel,RAIN_ANOM,Anomalies des précipitations,NU,Niue,2001,,-7.9,,,,MM,millimètre,SE,Standard error,0.6,,N,National,,
DATAFLOW,SPC:DF_CLIMATE_CHANGE(1.0),Indicateurs du changement climatique,I,A,Annuel,RAIN_ANOM,Anomalies des précipitations,NU,Niue,2002,,-18.7,,,,MM,millimètre,SE,Standard error,0.6,,N,National,,
DATAFLOW,SPC:DF_CLIMATE_CHANGE(1.0),Indicateurs du changement climatique,I,A,Annuel,RAIN_ANOM,Anomalies des précipitations,NU,Niue,2003,,-6.6,,,,MM,millimètre,SE,Standard error,0.6,,N,National,,
DATAFLOW,SPC:DF_CLIMATE_CHANGE(1.0),Indicateurs du changement climatique,I,A,Annuel,RAIN_ANOM,Anomalies des précipitations,NU,Niue,2004,,-5.4,,,,MM,millimètre,SE,Standard error,0.5,,N,National,,
DATAFLOW,SPC:DF_CLIMATE_CHANGE(1.0),Indicateurs du changement climatique,I,A,Annuel,RAIN_ANOM,Anomalies des précipitations,NU,Niue,2005,,14.8,,,,MM,millimètre,SE,Standard error,1.0,,N,National,,
DATAFLOW,SPC:DF_CLIMATE_CHANGE(1.0),Indicateurs du changement climatique,I,A,Annuel,RAIN_ANOM,Anomalies des précipitations,NU,Niue,2006,,16.5,,,,MM,millimètre,SE,Standard error,1.6,,N,National,,
DATAFLOW,SPC:DF_CLIMATE_CHANGE(1.0),Indicateurs du changement climatique,I,A,Annuel,RAIN_ANOM,Anomalies des précipitations,NU,Niue,2007,,18.5,,,,MM,millimètre,SE,Standard error,1.3,,N,National,,
DATAFLOW,SPC:DF_CLIMATE_CHANGE(1.0),Indicateurs du changement climatique,I,A,Annuel,RAIN_ANOM,Anomalies des précipitations,NU,Niue,2008,,19.7,,,,MM,millimètre,SE,Standard error,1.2,,N,National,,
DATAFLOW,SPC:DF_CLIMATE_CHANGE(1.0),Indicateurs du changement climatique,I,A,Annuel,RAIN_ANOM,Anomalies des précipitations,NU,Niue,2009,,-1.6,,,,MM,millimètre,SE,Standard error,0.8,,N,National,,
DATAFLOW,SPC:DF_CLIMATE_CHANGE(1.0),Indicateurs du changement climatique,I,A,Annuel,RAIN_ANOM,Anomalies des précipitations,NU,Niue,2010,,4.1,,,,MM,millimètre,SE,Standard error,0.9,,N,National,,
DATAFLOW,SPC:DF_CLIMATE_CHANGE(1.0),Indicateurs du changement climatique,I,A,Annuel,RAIN_ANOM,Anomalies des précipitations,NU,Niue,2011,,-0.7,,,,MM,millimètre,SE,Standard error,0.8,,N,National,,
DATAFLOW,SPC:DF_CLIMATE_CHANGE(1.0),Indicateurs du changement climatique,I,A,Annuel,RAIN_ANOM,Anomalies des précipitations,NU,Niue,2012,,6.7,,,,MM,millimètre,SE,Standard error,1.8,,N,National,,
DATAFLOW,SPC:DF_CLIMATE_CHANGE(1.0),Indicateurs du changement climatique,I,A,Annuel,RAIN_ANOM,Anomalies des précipitations,NU,Niue,2013,,-1.0,,,,MM,millimètre,SE,Standard error,0.8,,N,National,,
DATAFLOW,SPC:DF_CLIMATE_CHANGE(1.0),Indicateurs du changement climatique,I,A,Annuel,RAIN_ANOM,Anomalies des précipitations,NU,Niue,2014,,-11.0,,,,MM,millimètre,SE,Standard error,0.7,,N,National,,
DATAFLOW,SPC:DF_CLIMATE_CHANGE(1.0),Indicateurs du changement climatique,I,A,Annuel,RAIN_ANOM,Anomalies des précipitations,NU,Niue,2015,,-10.4,,,,MM,millimètre,SE,Standard error,0.7,,N,National,,
DATAFLOW,SPC:DF_CLIMATE_CHANGE(1.0),Indicateurs du changement climatique,I,A,Annuel,RAIN_ANOM,Anomalies des précipitations,NU,Niue,2016,,2.0,,,,MM,millimètre,SE,Standard error,0.9,,N,National,,
DATAFLOW,SPC:DF_CLIMATE_CHANGE(1.0),Indicateurs du changement climatique,I,A,Annuel,RAIN_ANOM,Anomalies des précipitations,NU,Niue,2017,,13.6,,,,MM,millimètre,SE,Standard error,1.4,,N,National,,
DATAFLOW,SPC:DF_CLIMATE_CHANGE(1.0),Indicateurs du changement climatique,I,A,Annuel,RAIN_ANOM,Anomalies des précipitations,NU,Niue,2018,,7.2,,,,MM,millimètre,SE,Standard error,1.0,,N,National,,
DATAFLOW,SPC:DF_CLIMATE_CHANGE(1.0),Indicateurs du changement climatique,I,A,Annuel,RAIN_ANOM,Anomalies des précipitations,NU,Niue,2019,,20.7,,,,MM,millimètre,SE,Standard error,0.6,,N,National,,
DATAFLOW,SPC:DF_CLIMATE_CHANGE(1.0),Indicateurs du changement climatique,I,A,Annuel,RAIN_ANOM,Anomalies des précipitations,NU,Niue,2020,,12.7,,,,MM,millimètre,SE,Standard error,1.0,,N,National,,
DATAFLOW,SPC:DF_CLIMATE_CHANGE(1.0),Indicateurs du changement climatique,I,A,Annuel,RAIN_ANOM,Anomalies des précipitations,NU,Niue,2021,,-5.1,,,,MM,millimètre,SE,Standard error,0.9,,N,National,,
DATAFLOW,SPC:DF_CLIMATE_CHANGE(1.0),Indicateurs du changement climatique,I,A,Annuel,RAIN_ANOM,Anomalies des précipitations,NU,Niue,2022,,-1.8,,,,MM,millimètre,SE,Standard error,0.8,,N,National,,
DATAFLOW,SPC:DF_CLIMATE_CHANGE(1.0),Indicateurs du changement climatique,I,A,Annuel,RAIN_ANOM,Anomalies des précipitations,NU,Niue,2023,,5.0,,,,MM,millimètre,SE,Standard error,1.0,,N,National,,
DATAFLOW,SPC:DF_CLIMATE_CHANGE(1.0),Indicateurs du changement climatique,I,A,Annuel,RAIN_ANOM,Anomalies des précipitations,NU,Niue,2024,,1.8,,,,MM,millimètre,SE,Standard error,0.9,,N,National,,
DATAFLOW,SPC:DF_CLIMATE_CHANGE(1.0),Indicateurs du changement climatique,I,A,Annuel,RAIN_ANOM,Anomalies des précipitations,NU,Niue,2025,,11.6,,,,MM,millimètre,SE,Standard error,1.3,,N,National,,
DATAFLOW,SPC:DF_CLIMATE_CHANGE(1.0),Indicateurs du changement climatique,I,A,Annuel,RAIN_ANOM,Anomalies des précipitations,PG,Papouasie-Nouvelle-Guinée,1979,,-11.1,,,,MM,millimètre,SE,Standard error,0.6,,N,National,,
DATAFLOW,SPC:DF_CLIMATE_CHANGE(1.0),Indicateurs du changement climatique,I,A,Annuel,RAIN_ANOM,Anomalies des précipitations,PG,Papouasie-Nouvelle-Guinée,1980,,-2.8,,,,MM,millimètre,SE,Standard error,0.7,,N,National,,
DATAFLOW,SPC:DF_CLIMATE_CHANGE(1.0),Indicateurs du changement climatique,I,A,Annuel,RAIN_ANOM,Anomalies des précipitations,PG,Papouasie-Nouvelle-Guinée,1981,,5.9,,,,MM,millimètre,SE,Standard error,0.5,,N,National,,
DATAFLOW,SPC:DF_CLIMATE_CHANGE(1.0),Indicateurs du changement climatique,I,A,Annuel,RAIN_ANOM,Anomalies des précipitations,PG,Papouasie-Nouvelle-Guinée,1982,,-17.7,,,,MM,millimètre,SE,Standard error,0.9,,N,National,,
DATAFLOW,SPC:DF_CLIMATE_CHANGE(1.0),Indicateurs du changement climatique,I,A,Annuel,RAIN_ANOM,Anomalies des précipitations,PG,Papouasie-Nouvelle-Guinée,1983,,13.1,,,,MM,millimètre,SE,Standard error,0.5,,N,National,,
DATAFLOW,SPC:DF_CLIMATE_CHANGE(1.0),Indicateurs du changement climatique,I,A,Annuel,RAIN_ANOM,Anomalies des précipitations,PG,Papouasie-Nouvelle-Guinée,1984,,4.5,,,,MM,millimètre,SE,Standard error,0.5,,N,National,,
DATAFLOW,SPC:DF_CLIMATE_CHANGE(1.0),Indicateurs du changement climatique,I,A,Annuel,RAIN_ANOM,Anomalies des précipitations,PG,Papouasie-Nouvelle-Guinée,1985,,10.0,,,,MM,millimètre,SE,Standard error,0.4,,N,National,,
DATAFLOW,SPC:DF_CLIMATE_CHANGE(1.0),Indicateurs du changement climatique,I,A,Annuel,RAIN_ANOM,Anomalies des précipitations,PG,Papouasie-Nouvelle-Guinée,1986,,0.5,,,,MM,millimètre,SE,Standard error,0.7,,N,National,,
DATAFLOW,SPC:DF_CLIMATE_CHANGE(1.0),Indicateurs du changement climatique,I,A,Annuel,RAIN_ANOM,Anomalies des précipitations,PG,Papouasie-Nouvelle-Guinée,1987,,-10.0,,,,MM,millimètre,SE,Standard error,1.0,,N,National,,
DATAFLOW,SPC:DF_CLIMATE_CHANGE(1.0),Indicateurs du changement climatique,I,A,Annuel,RAIN_ANOM,Anomalies des précipitations,PG,Papouasie-Nouvelle-Guinée,1988,,11.8,,,,MM,millimètre,SE,Standard error,0.4,,N,National,,
DATAFLOW,SPC:DF_CLIMATE_CHANGE(1.0),Indicateurs du changement climatique,I,A,Annuel,RAIN_ANOM,Anomalies des précipitations,PG,Papouasie-Nouvelle-Guinée,1989,,3.4,,,,MM,millimètre,SE,Standard error,0.4,,N,National,,
DATAFLOW,SPC:DF_CLIMATE_CHANGE(1.0),Indicateurs du changement climatique,I,A,Annuel,RAIN_ANOM,Anomalies des précipitations,PG,Papouasie-Nouvelle-Guinée,1990,,3.2,,,,MM,millimètre,SE,Standard error,0.5,,N,National,,
DATAFLOW,SPC:DF_CLIMATE_CHANGE(1.0),Indicateurs du changement climatique,I,A,Annuel,RAIN_ANOM,Anomalies des précipitations,PG,Papouasie-Nouvelle-Guinée,1991,,-8.1,,,,MM,millimètre,SE,Standard error,0.8,,N,National,,
DATAFLOW,SPC:DF_CLIMATE_CHANGE(1.0),Indicateurs du changement climatique,I,A,Annuel,RAIN_ANOM,Anomalies des précipitations,PG,Papouasie-Nouvelle-Guinée,1992,,-14.3,,,,MM,millimètre,SE,Standard error,0.8,,N,National,,
DATAFLOW,SPC:DF_CLIMATE_CHANGE(1.0),Indicateurs du changement climatique,I,A,Annuel,RAIN_ANOM,Anomalies des précipitations,PG,Papouasie-Nouvelle-Guinée,1993,,-18.7,,,,MM,millimètre,SE,Standard error,0.8,,N,National,,
DATAFLOW,SPC:DF_CLIMATE_CHANGE(1.0),Indicateurs du changement climatique,I,A,Annuel,RAIN_ANOM,Anomalies des précipitations,PG,Papouasie-Nouvelle-Guinée,1994,,-10.2,,,,MM,millimètre,SE,Standard error,0.6,,N,National,,
DATAFLOW,SPC:DF_CLIMATE_CHANGE(1.0),Indicateurs du changement climatique,I,A,Annuel,RAIN_ANOM,Anomalies des précipitations,PG,Papouasie-Nouvelle-Guinée,1995,,5.0,,,,MM,millimètre,SE,Standard error,0.7,,N,National,,
DATAFLOW,SPC:DF_CLIMATE_CHANGE(1.0),Indicateurs du changement climatique,I,A,Annuel,RAIN_ANOM,Anomalies des précipitations,PG,Papouasie-Nouvelle-Guinée,1996,,-2.8,,,,MM,millimètre,SE,Standard error,0.6,,N,National,,
DATAFLOW,SPC:DF_CLIMATE_CHANGE(1.0),Indicateurs du changement climatique,I,A,Annuel,RAIN_ANOM,Anomalies des précipitations,PG,Papouasie-Nouvelle-Guinée,1997,,-26.7,,,,MM,millimètre,SE,Standard error,0.9,,N,National,,
DATAFLOW,SPC:DF_CLIMATE_CHANGE(1.0),Indicateurs du changement climatique,I,A,Annuel,RAIN_ANOM,Anomalies des précipitations,PG,Papouasie-Nouvelle-Guinée,1998,,12.3,,,,MM,millimètre,SE,Standard error,0.6,,N,National,,
DATAFLOW,SPC:DF_CLIMATE_CHANGE(1.0),Indicateurs du changement climatique,I,A,Annuel,RAIN_ANOM,Anomalies des précipitations,PG,Papouasie-Nouvelle-Guinée,1999,,7.4,,,,MM,millimètre,SE,Standard error,0.6,,N,National,,
DATAFLOW,SPC:DF_CLIMATE_CHANGE(1.0),Indicateurs du changement climatique,I,A,Annuel,RAIN_ANOM,Anomalies des précipitations,PG,Papouasie-Nouvelle-Guinée,2000,,5.5,,,,MM,millimètre,SE,Standard error,0.6,,N,National,,
DATAFLOW,SPC:DF_CLIMATE_CHANGE(1.0),Indicateurs du changement climatique,I,A,Annuel,RAIN_ANOM,Anomalies des précipitations,PG,Papouasie-Nouvelle-Guinée,2001,,6.0,,,,MM,millimètre,SE,Standard error,0.9,,N,National,,
DATAFLOW,SPC:DF_CLIMATE_CHANGE(1.0),Indicateurs du changement climatique,I,A,Annuel,RAIN_ANOM,Anomalies des précipitations,PG,Papouasie-Nouvelle-Guinée,2002,,-5.4,,,,MM,millimètre,SE,Standard error,0.8,,N,National,,
DATAFLOW,SPC:DF_CLIMATE_CHANGE(1.0),Indicateurs du changement climatique,I,A,Annuel,RAIN_ANOM,Anomalies des précipitations,PG,Papouasie-Nouvelle-Guinée,2003,,1.2,,,,MM,millimètre,SE,Standard error,0.7,,N,National,,
DATAFLOW,SPC:DF_CLIMATE_CHANGE(1.0),Indicateurs du changement climatique,I,A,Annuel,RAIN_ANOM,Anomalies des précipitations,PG,Papouasie-Nouvelle-Guinée,2004,,-9.2,,,,MM,millimètre,SE,Standard error,0.8,,N,National,,
DATAFLOW,SPC:DF_CLIMATE_CHANGE(1.0),Indicateurs du changement climatique,I,A,Annuel,RAIN_ANOM,Anomalies des précipitations,PG,Papouasie-Nouvelle-Guinée,2005,,5.2,,,,MM,millimètre,SE,Standard error,0.8,,N,National,,
DATAFLOW,SPC:DF_CLIMATE_CHANGE(1.0),Indicateurs du changement climatique,I,A,Annuel,RAIN_ANOM,Anomalies des précipitations,PG,Papouasie-Nouvelle-Guinée,2006,,1.3,,,,MM,millimètre,SE,Standard error,0.9,,N,National,,
DATAFLOW,SPC:DF_CLIMATE_CHANGE(1.0),Indicateurs du changement climatique,I,A,Annuel,RAIN_ANOM,Anomalies des précipitations,PG,Papouasie-Nouvelle-Guinée,2007,,4.9,,,,MM,millimètre,SE,Standard error,0.6,,N,National,,
DATAFLOW,SPC:DF_CLIMATE_CHANGE(1.0),Indicateurs du changement climatique,I,A,Annuel,RAIN_ANOM,Anomalies des précipitations,PG,Papouasie-Nouvelle-Guinée,2008,,9.6,,,,MM,millimètre,SE,Standard error,0.6,,N,National,,
DATAFLOW,SPC:DF_CLIMATE_CHANGE(1.0),Indicateurs du changement climatique,I,A,Annuel,RAIN_ANOM,Anomalies des précipitations,PG,Papouasie-Nouvelle-Guinée,2009,,5.3,,,,MM,millimètre,SE,Standard error,0.8,,N,National,,
DATAFLOW,SPC:DF_CLIMATE_CHANGE(1.0),Indicateurs du changement climatique,I,A,Annuel,RAIN_ANOM,Anomalies des précipitations,PG,Papouasie-Nouvelle-Guinée,2010,,10.1,,,,MM,millimètre,SE,Standard error,0.4,,N,National,,
DATAFLOW,SPC:DF_CLIMATE_CHANGE(1.0),Indicateurs du changement climatique,I,A,Annuel,RAIN_ANOM,Anomalies des précipitations,PG,Papouasie-Nouvelle-Guinée,2011,,5.2,,,,MM,millimètre,SE,Standard error,0.6,,N,National,,
DATAFLOW,SPC:DF_CLIMATE_CHANGE(1.0),Indicateurs du changement climatique,I,A,Annuel,RAIN_ANOM,Anomalies des précipitations,PG,Papouasie-Nouvelle-Guinée,2012,,7.6,,,,MM,millimètre,SE,Standard error,0.6,,N,National,,
DATAFLOW,SPC:DF_CLIMATE_CHANGE(1.0),Indicateurs du changement climatique,I,A,Annuel,RAIN_ANOM,Anomalies des précipitations,PG,Papouasie-Nouvelle-Guinée,2013,,6.8,,,,MM,millimètre,SE,Standard error,0.7,,N,National,,
DATAFLOW,SPC:DF_CLIMATE_CHANGE(1.0),Indicateurs du changement climatique,I,A,Annuel,RAIN_ANOM,Anomalies des précipitations,PG,Papouasie-Nouvelle-Guinée,2014,,-2.1,,,,MM,millimètre,SE,Standard error,0.6,,N,National,,
DATAFLOW,SPC:DF_CLIMATE_CHANGE(1.0),Indicateurs du changement climatique,I,A,Annuel,RAIN_ANOM,Anomalies des précipitations,PG,Papouasie-Nouvelle-Guinée,2015,,-20.2,,,,MM,millimètre,SE,Standard error,0.8,,N,National,,
DATAFLOW,SPC:DF_CLIMATE_CHANGE(1.0),Indicateurs du changement climatique,I,A,Annuel,RAIN_ANOM,Anomalies des précipitations,PG,Papouasie-Nouvelle-Guinée,2016,,1.2,,,,MM,millimètre,SE,Standard error,0.6,,N,National,,
DATAFLOW,SPC:DF_CLIMATE_CHANGE(1.0),Indicateurs du changement climatique,I,A,Annuel,RAIN_ANOM,Anomalies des précipitations,PG,Papouasie-Nouvelle-Guinée,2017,,7.0,,,,MM,millimètre,SE,Standard error,0.5,,N,National,,
DATAFLOW,SPC:DF_CLIMATE_CHANGE(1.0),Indicateurs du changement climatique,I,A,Annuel,RAIN_ANOM,Anomalies des précipitations,PG,Papouasie-Nouvelle-Guinée,2018,,-3.4,,,,MM,millimètre,SE,Standard error,0.5,,N,National,,
DATAFLOW,SPC:DF_CLIMATE_CHANGE(1.0),Indicateurs du changement climatique,I,A,Annuel,RAIN_ANOM,Anomalies des précipitations,PG,Papouasie-Nouvelle-Guinée,2019,,22.0,,,,MM,millimètre,SE,Standard error,0.6,,N,National,,
DATAFLOW,SPC:DF_CLIMATE_CHANGE(1.0),Indicateurs du changement climatique,I,A,Annuel,RAIN_ANOM,Anomalies des précipitations,PG,Papouasie-Nouvelle-Guinée,2020,,-2.4,,,,MM,millimètre,SE,Standard error,0.6,,N,National,,
DATAFLOW,SPC:DF_CLIMATE_CHANGE(1.0),Indicateurs du changement climatique,I,A,Annuel,RAIN_ANOM,Anomalies des précipitations,PG,Papouasie-Nouvelle-Guinée,2021,,3.2,,,,MM,millimètre,SE,Standard error,0.5,,N,National,,
DATAFLOW,SPC:DF_CLIMATE_CHANGE(1.0),Indicateurs du changement climatique,I,A,Annuel,RAIN_ANOM,Anomalies des précipitations,PG,Papouasie-Nouvelle-Guinée,2022,,-6.4,,,,MM,millimètre,SE,Standard error,0.4,,N,National,,
DATAFLOW,SPC:DF_CLIMATE_CHANGE(1.0),Indicateurs du changement climatique,I,A,Annuel,RAIN_ANOM,Anomalies des précipitations,PG,Papouasie-Nouvelle-Guinée,2023,,0.2,,,,MM,millimètre,SE,Standard error,0.6,,N,National,,
DATAFLOW,SPC:DF_CLIMATE_CHANGE(1.0),Indicateurs du changement climatique,I,A,Annuel,RAIN_ANOM,Anomalies des précipitations,PG,Papouasie-Nouvelle-Guinée,2024,,2.8,,,,MM,millimètre,SE,Standard error,0.6,,N,National,,
DATAFLOW,SPC:DF_CLIMATE_CHANGE(1.0),Indicateurs du changement climatique,I,A,Annuel,RAIN_ANOM,Anomalies des précipitations,PG,Papouasie-Nouvelle-Guinée,2025,,11.5,,,,MM,millimètre,SE,Standard error,0.6,,N,National,,
DATAFLOW,SPC:DF_CLIMATE_CHANGE(1.0),Indicateurs du changement climatique,I,A,Annuel,RAIN_ANOM,Anomalies des précipitations,PW,Palaos,1979,,-17.6,,,,MM,millimètre,SE,Standard error,1.1,,N,National,,
DATAFLOW,SPC:DF_CLIMATE_CHANGE(1.0),Indicateurs du changement climatique,I,A,Annuel,RAIN_ANOM,Anomalies des précipitations,PW,Palaos,1980,,-12.2,,,,MM,millimètre,SE,Standard error,0.8,,N,National,,
DATAFLOW,SPC:DF_CLIMATE_CHANGE(1.0),Indicateurs du changement climatique,I,A,Annuel,RAIN_ANOM,Anomalies des précipitations,PW,Palaos,1981,,-10.4,,,,MM,millimètre,SE,Standard error,1.0,,N,National,,
DATAFLOW,SPC:DF_CLIMATE_CHANGE(1.0),Indicateurs du changement climatique,I,A,Annuel,RAIN_ANOM,Anomalies des précipitations,PW,Palaos,1982,,-23.1,,,,MM,millimètre,SE,Standard error,0.8,,N,National,,
DATAFLOW,SPC:DF_CLIMATE_CHANGE(1.0),Indicateurs du changement climatique,I,A,Annuel,RAIN_ANOM,Anomalies des précipitations,PW,Palaos,1983,,-29.4,,,,MM,millimètre,SE,Standard error,1.3,,N,National,,
DATAFLOW,SPC:DF_CLIMATE_CHANGE(1.0),Indicateurs du changement climatique,I,A,Annuel,RAIN_ANOM,Anomalies des précipitations,PW,Palaos,1984,,14.3,,,,MM,millimètre,SE,Standard error,1.4,,N,National,,
DATAFLOW,SPC:DF_CLIMATE_CHANGE(1.0),Indicateurs du changement climatique,I,A,Annuel,RAIN_ANOM,Anomalies des précipitations,PW,Palaos,1985,,13.9,,,,MM,millimètre,SE,Standard error,1.0,,N,National,,
DATAFLOW,SPC:DF_CLIMATE_CHANGE(1.0),Indicateurs du changement climatique,I,A,Annuel,RAIN_ANOM,Anomalies des précipitations,PW,Palaos,1986,,-3.9,,,,MM,millimètre,SE,Standard error,0.9,,N,National,,
DATAFLOW,SPC:DF_CLIMATE_CHANGE(1.0),Indicateurs du changement climatique,I,A,Annuel,RAIN_ANOM,Anomalies des précipitations,PW,Palaos,1987,,-18.5,,,,MM,millimètre,SE,Standard error,1.3,,N,National,,
DATAFLOW,SPC:DF_CLIMATE_CHANGE(1.0),Indicateurs du changement climatique,I,A,Annuel,RAIN_ANOM,Anomalies des précipitations,PW,Palaos,1988,,-3.0,,,,MM,millimètre,SE,Standard error,1.2,,N,National,,
DATAFLOW,SPC:DF_CLIMATE_CHANGE(1.0),Indicateurs du changement climatique,I,A,Annuel,RAIN_ANOM,Anomalies des précipitations,PW,Palaos,1989,,-10.6,,,,MM,millimètre,SE,Standard error,0.6,,N,National,,
DATAFLOW,SPC:DF_CLIMATE_CHANGE(1.0),Indicateurs du changement climatique,I,A,Annuel,RAIN_ANOM,Anomalies des précipitations,PW,Palaos,1990,,-14.5,,,,MM,millimètre,SE,Standard error,1.2,,N,National,,
DATAFLOW,SPC:DF_CLIMATE_CHANGE(1.0),Indicateurs du changement climatique,I,A,Annuel,RAIN_ANOM,Anomalies des précipitations,PW,Palaos,1991,,-12.6,,,,MM,millimètre,SE,Standard error,1.2,,N,National,,
DATAFLOW,SPC:DF_CLIMATE_CHANGE(1.0),Indicateurs du changement climatique,I,A,Annuel,RAIN_ANOM,Anomalies des précipitations,PW,Palaos,1992,,-19.2,,,,MM,millimètre,SE,Standard error,1.3,,N,National,,
DATAFLOW,SPC:DF_CLIMATE_CHANGE(1.0),Indicateurs du changement climatique,I,A,Annuel,RAIN_ANOM,Anomalies des précipitations,PW,Palaos,1993,,5.2,,,,MM,millimètre,SE,Standard error,0.8,,N,National,,
DATAFLOW,SPC:DF_CLIMATE_CHANGE(1.0),Indicateurs du changement climatique,I,A,Annuel,RAIN_ANOM,Anomalies des précipitations,PW,Palaos,1994,,3.3,,,,MM,millimètre,SE,Standard error,1.2,,N,National,,
DATAFLOW,SPC:DF_CLIMATE_CHANGE(1.0),Indicateurs du changement climatique,I,A,Annuel,RAIN_ANOM,Anomalies des précipitations,PW,Palaos,1995,,3.3,,,,MM,millimètre,SE,Standard error,1.0,,N,National,,
DATAFLOW,SPC:DF_CLIMATE_CHANGE(1.0),Indicateurs du changement climatique,I,A,Annuel,RAIN_ANOM,Anomalies des précipitations,PW,Palaos,1996,,2.7,,,,MM,millimètre,SE,Standard error,0.7,,N,National,,
DATAFLOW,SPC:DF_CLIMATE_CHANGE(1.0),Indicateurs du changement climatique,I,A,Annuel,RAIN_ANOM,Anomalies des précipitations,PW,Palaos,1997,,-25.4,,,,MM,millimètre,SE,Standard error,1.0,,N,National,,
DATAFLOW,SPC:DF_CLIMATE_CHANGE(1.0),Indicateurs du changement climatique,I,A,Annuel,RAIN_ANOM,Anomalies des précipitations,PW,Palaos,1998,,-22.5,,,,MM,millimètre,SE,Standard error,1.1,,N,National,,
DATAFLOW,SPC:DF_CLIMATE_CHANGE(1.0),Indicateurs du changement climatique,I,A,Annuel,RAIN_ANOM,Anomalies des précipitations,PW,Palaos,1999,,17.2,,,,MM,millimètre,SE,Standard error,0.8,,N,National,,
DATAFLOW,SPC:DF_CLIMATE_CHANGE(1.0),Indicateurs du changement climatique,I,A,Annuel,RAIN_ANOM,Anomalies des précipitations,PW,Palaos,2000,,19.8,,,,MM,millimètre,SE,Standard error,1.1,,N,National,,
DATAFLOW,SPC:DF_CLIMATE_CHANGE(1.0),Indicateurs du changement climatique,I,A,Annuel,RAIN_ANOM,Anomalies des précipitations,PW,Palaos,2001,,13.6,,,,MM,millimètre,SE,Standard error,1.1,,N,National,,
DATAFLOW,SPC:DF_CLIMATE_CHANGE(1.0),Indicateurs du changement climatique,I,A,Annuel,RAIN_ANOM,Anomalies des précipitations,PW,Palaos,2002,,-11.7,,,,MM,millimètre,SE,Standard error,1.2,,N,National,,
DATAFLOW,SPC:DF_CLIMATE_CHANGE(1.0),Indicateurs du changement climatique,I,A,Annuel,RAIN_ANOM,Anomalies des précipitations,PW,Palaos,2003,,-1.2,,,,MM,millimètre,SE,Standard error,1.0,,N,National,,
DATAFLOW,SPC:DF_CLIMATE_CHANGE(1.0),Indicateurs du changement climatique,I,A,Annuel,RAIN_ANOM,Anomalies des précipitations,PW,Palaos,2004,,-6.6,,,,MM,millimètre,SE,Standard error,0.9,,N,National,,
DATAFLOW,SPC:DF_CLIMATE_CHANGE(1.0),Indicateurs du changement climatique,I,A,Annuel,RAIN_ANOM,Anomalies des précipitations,PW,Palaos,2005,,7.6,,,,MM,millimètre,SE,Standard error,1.4,,N,National,,
DATAFLOW,SPC:DF_CLIMATE_CHANGE(1.0),Indicateurs du changement climatique,I,A,Annuel,RAIN_ANOM,Anomalies des précipitations,PW,Palaos,2006,,1.5,,,,MM,millimètre,SE,Standard error,1.1,,N,National,,
DATAFLOW,SPC:DF_CLIMATE_CHANGE(1.0),Indicateurs du changement climatique,I,A,Annuel,RAIN_ANOM,Anomalies des précipitations,PW,Palaos,2007,,-8.8,,,,MM,millimètre,SE,Standard error,0.7,,N,National,,
DATAFLOW,SPC:DF_CLIMATE_CHANGE(1.0),Indicateurs du changement climatique,I,A,Annuel,RAIN_ANOM,Anomalies des précipitations,PW,Palaos,2008,,-1.1,,,,MM,millimètre,SE,Standard error,0.8,,N,National,,
DATAFLOW,SPC:DF_CLIMATE_CHANGE(1.0),Indicateurs du changement climatique,I,A,Annuel,RAIN_ANOM,Anomalies des précipitations,PW,Palaos,2009,,20.5,,,,MM,millimètre,SE,Standard error,1.5,,N,National,,
DATAFLOW,SPC:DF_CLIMATE_CHANGE(1.0),Indicateurs du changement climatique,I,A,Annuel,RAIN_ANOM,Anomalies des précipitations,PW,Palaos,2010,,-20.3,,,,MM,millimètre,SE,Standard error,0.9,,N,National,,
DATAFLOW,SPC:DF_CLIMATE_CHANGE(1.0),Indicateurs du changement climatique,I,A,Annuel,RAIN_ANOM,Anomalies des précipitations,PW,Palaos,2011,,31.6,,,,MM,millimètre,SE,Standard error,1.1,,N,National,,
DATAFLOW,SPC:DF_CLIMATE_CHANGE(1.0),Indicateurs du changement climatique,I,A,Annuel,RAIN_ANOM,Anomalies des précipitations,PW,Palaos,2012,,13.5,,,,MM,millimètre,SE,Standard error,1.3,,N,National,,
DATAFLOW,SPC:DF_CLIMATE_CHANGE(1.0),Indicateurs du changement climatique,I,A,Annuel,RAIN_ANOM,Anomalies des précipitations,PW,Palaos,2013,,0.6,,,,MM,millimètre,SE,Standard error,1.1,,N,National,,
DATAFLOW,SPC:DF_CLIMATE_CHANGE(1.0),Indicateurs du changement climatique,I,A,Annuel,RAIN_ANOM,Anomalies des précipitations,PW,Palaos,2014,,21.1,,,,MM,millimètre,SE,Standard error,1.3,,N,National,,
DATAFLOW,SPC:DF_CLIMATE_CHANGE(1.0),Indicateurs du changement climatique,I,A,Annuel,RAIN_ANOM,Anomalies des précipitations,PW,Palaos,2015,,-25.0,,,,MM,millimètre,SE,Standard error,0.9,,N,National,,
DATAFLOW,SPC:DF_CLIMATE_CHANGE(1.0),Indicateurs du changement climatique,I,A,Annuel,RAIN_ANOM,Anomalies des précipitations,PW,Palaos,2016,,-6.3,,,,MM,millimètre,SE,Standard error,1.2,,N,National,,
DATAFLOW,SPC:DF_CLIMATE_CHANGE(1.0),Indicateurs du changement climatique,I,A,Annuel,RAIN_ANOM,Anomalies des précipitations,PW,Palaos,2017,,15.6,,,,MM,millimètre,SE,Standard error,1.0,,N,National,,
DATAFLOW,SPC:DF_CLIMATE_CHANGE(1.0),Indicateurs du changement climatique,I,A,Annuel,RAIN_ANOM,Anomalies des précipitations,PW,Palaos,2018,,-8.4,,,,MM,millimètre,SE,Standard error,1.0,,N,National,,
DATAFLOW,SPC:DF_CLIMATE_CHANGE(1.0),Indicateurs du changement climatique,I,A,Annuel,RAIN_ANOM,Anomalies des précipitations,PW,Palaos,2019,,-9.1,,,,MM,millimètre,SE,Standard error,0.7,,N,National,,
DATAFLOW,SPC:DF_CLIMATE_CHANGE(1.0),Indicateurs du changement climatique,I,A,Annuel,RAIN_ANOM,Anomalies des précipitations,PW,Palaos,2020,,1.0,,,,MM,millimètre,SE,Standard error,1.0,,N,National,,
DATAFLOW,SPC:DF_CLIMATE_CHANGE(1.0),Indicateurs du changement climatique,I,A,Annuel,RAIN_ANOM,Anomalies des précipitations,PW,Palaos,2021,,15.3,,,,MM,millimètre,SE,Standard error,1.0,,N,National,,
DATAFLOW,SPC:DF_CLIMATE_CHANGE(1.0),Indicateurs du changement climatique,I,A,Annuel,RAIN_ANOM,Anomalies des précipitations,PW,Palaos,2022,,9.3,,,,MM,millimètre,SE,Standard error,0.9,,N,National,,
DATAFLOW,SPC:DF_CLIMATE_CHANGE(1.0),Indicateurs du changement climatique,I,A,Annuel,RAIN_ANOM,Anomalies des précipitations,PW,Palaos,2023,,7.9,,,,MM,millimètre,SE,Standard error,1.4,,N,National,,
DATAFLOW,SPC:DF_CLIMATE_CHANGE(1.0),Indicateurs du changement climatique,I,A,Annuel,RAIN_ANOM,Anomalies des précipitations,PW,Palaos,2024,,-0.7,,,,MM,millimètre,SE,Standard error,0.9,,N,National,,
DATAFLOW,SPC:DF_CLIMATE_CHANGE(1.0),Indicateurs du changement climatique,I,A,Annuel,RAIN_ANOM,Anomalies des précipitations,PW,Palaos,2025,,9.7,,,,MM,millimètre,SE,Standard error,0.8,,N,National,,
DATAFLOW,SPC:DF_CLIMATE_CHANGE(1.0),Indicateurs du changement climatique,I,A,Annuel,RAIN_ANOM,Anomalies des précipitations,WS,Samoa,1979,,-19.5,,,,MM,millimètre,SE,Standard error,0.6,,N,National,,
DATAFLOW,SPC:DF_CLIMATE_CHANGE(1.0),Indicateurs du changement climatique,I,A,Annuel,RAIN_ANOM,Anomalies des précipitations,WS,Samoa,1980,,-8.4,,,,MM,millimètre,SE,Standard error,0.5,,N,National,,
DATAFLOW,SPC:DF_CLIMATE_CHANGE(1.0),Indicateurs du changement climatique,I,A,Annuel,RAIN_ANOM,Anomalies des précipitations,WS,Samoa,1981,,0.2,,,,MM,millimètre,SE,Standard error,0.8,,N,National,,
DATAFLOW,SPC:DF_CLIMATE_CHANGE(1.0),Indicateurs du changement climatique,I,A,Annuel,RAIN_ANOM,Anomalies des précipitations,WS,Samoa,1982,,-9.8,,,,MM,millimètre,SE,Standard error,1.1,,N,National,,
DATAFLOW,SPC:DF_CLIMATE_CHANGE(1.0),Indicateurs du changement climatique,I,A,Annuel,RAIN_ANOM,Anomalies des précipitations,WS,Samoa,1983,,-19.6,,,,MM,millimètre,SE,Standard error,0.8,,N,National,,
DATAFLOW,SPC:DF_CLIMATE_CHANGE(1.0),Indicateurs du changement climatique,I,A,Annuel,RAIN_ANOM,Anomalies des précipitations,WS,Samoa,1984,,0.9,,,,MM,millimètre,SE,Standard error,1.0,,N,National,,
DATAFLOW,SPC:DF_CLIMATE_CHANGE(1.0),Indicateurs du changement climatique,I,A,Annuel,RAIN_ANOM,Anomalies des précipitations,WS,Samoa,1985,,-7.5,,,,MM,millimètre,SE,Standard error,0.7,,N,National,,
DATAFLOW,SPC:DF_CLIMATE_CHANGE(1.0),Indicateurs du changement climatique,I,A,Annuel,RAIN_ANOM,Anomalies des précipitations,WS,Samoa,1986,,-5.5,,,,MM,millimètre,SE,Standard error,0.8,,N,National,,
DATAFLOW,SPC:DF_CLIMATE_CHANGE(1.0),Indicateurs du changement climatique,I,A,Annuel,RAIN_ANOM,Anomalies des précipitations,WS,Samoa,1987,,-8.2,,,,MM,millimètre,SE,Standard error,1.0,,N,National,,
DATAFLOW,SPC:DF_CLIMATE_CHANGE(1.0),Indicateurs du changement climatique,I,A,Annuel,RAIN_ANOM,Anomalies des précipitations,WS,Samoa,1988,,10.4,,,,MM,millimètre,SE,Standard error,0.9,,N,National,,
DATAFLOW,SPC:DF_CLIMATE_CHANGE(1.0),Indicateurs du changement climatique,I,A,Annuel,RAIN_ANOM,Anomalies des précipitations,WS,Samoa,1989,,-17.3,,,,MM,millimètre,SE,Standard error,1.1,,N,National,,
DATAFLOW,SPC:DF_CLIMATE_CHANGE(1.0),Indicateurs du changement climatique,I,A,Annuel,RAIN_ANOM,Anomalies des précipitations,WS,Samoa,1990,,2.8,,,,MM,millimètre,SE,Standard error,1.6,,N,National,,
DATAFLOW,SPC:DF_CLIMATE_CHANGE(1.0),Indicateurs du changement climatique,I,A,Annuel,RAIN_ANOM,Anomalies des précipitations,WS,Samoa,1991,,-8.0,,,,MM,millimètre,SE,Standard error,0.9,,N,National,,
DATAFLOW,SPC:DF_CLIMATE_CHANGE(1.0),Indicateurs du changement climatique,I,A,Annuel,RAIN_ANOM,Anomalies des précipitations,WS,Samoa,1992,,-4.8,,,,MM,millimètre,SE,Standard error,0.8,,N,National,,
DATAFLOW,SPC:DF_CLIMATE_CHANGE(1.0),Indicateurs du changement climatique,I,A,Annuel,RAIN_ANOM,Anomalies des précipitations,WS,Samoa,1993,,3.3,,,,MM,millimètre,SE,Standard error,0.9,,N,National,,
DATAFLOW,SPC:DF_CLIMATE_CHANGE(1.0),Indicateurs du changement climatique,I,A,Annuel,RAIN_ANOM,Anomalies des précipitations,WS,Samoa,1994,,3.9,,,,MM,millimètre,SE,Standard error,1.0,,N,National,,
DATAFLOW,SPC:DF_CLIMATE_CHANGE(1.0),Indicateurs du changement climatique,I,A,Annuel,RAIN_ANOM,Anomalies des précipitations,WS,Samoa,1995,,3.0,,,,MM,millimètre,SE,Standard error,0.7,,N,National,,
DATAFLOW,SPC:DF_CLIMATE_CHANGE(1.0),Indicateurs du changement climatique,I,A,Annuel,RAIN_ANOM,Anomalies des précipitations,WS,Samoa,1996,,-6.7,,,,MM,millimètre,SE,Standard error,1.0,,N,National,,
DATAFLOW,SPC:DF_CLIMATE_CHANGE(1.0),Indicateurs du changement climatique,I,A,Annuel,RAIN_ANOM,Anomalies des précipitations,WS,Samoa,1997,,1.1,,,,MM,millimètre,SE,Standard error,1.2,,N,National,,
DATAFLOW,SPC:DF_CLIMATE_CHANGE(1.0),Indicateurs du changement climatique,I,A,Annuel,RAIN_ANOM,Anomalies des précipitations,WS,Samoa,1998,,-21.2,,,,MM,millimètre,SE,Standard error,1.1,,N,National,,
DATAFLOW,SPC:DF_CLIMATE_CHANGE(1.0),Indicateurs du changement climatique,I,A,Annuel,RAIN_ANOM,Anomalies des précipitations,WS,Samoa,1999,,0.0,,,,MM,millimètre,SE,Standard error,1.1,,N,National,,
DATAFLOW,SPC:DF_CLIMATE_CHANGE(1.0),Indicateurs du changement climatique,I,A,Annuel,RAIN_ANOM,Anomalies des précipitations,WS,Samoa,2000,,-2.8,,,,MM,millimètre,SE,Standard error,0.7,,N,National,,
DATAFLOW,SPC:DF_CLIMATE_CHANGE(1.0),Indicateurs du changement climatique,I,A,Annuel,RAIN_ANOM,Anomalies des précipitations,WS,Samoa,2001,,1.2,,,,MM,millimètre,SE,Standard error,0.8,,N,National,,
DATAFLOW,SPC:DF_CLIMATE_CHANGE(1.0),Indicateurs du changement climatique,I,A,Annuel,RAIN_ANOM,Anomalies des précipitations,WS,Samoa,2002,,-2.4,,,,MM,millimètre,SE,Standard error,0.6,,N,National,,
DATAFLOW,SPC:DF_CLIMATE_CHANGE(1.0),Indicateurs du changement climatique,I,A,Annuel,RAIN_ANOM,Anomalies des précipitations,WS,Samoa,2003,,-5.6,,,,MM,millimètre,SE,Standard error,0.7,,N,National,,
DATAFLOW,SPC:DF_CLIMATE_CHANGE(1.0),Indicateurs du changement climatique,I,A,Annuel,RAIN_ANOM,Anomalies des précipitations,WS,Samoa,2004,,-7.0,,,,MM,millimètre,SE,Standard error,0.6,,N,National,,
DATAFLOW,SPC:DF_CLIMATE_CHANGE(1.0),Indicateurs du changement climatique,I,A,Annuel,RAIN_ANOM,Anomalies des précipitations,WS,Samoa,2005,,-5.1,,,,MM,millimètre,SE,Standard error,0.7,,N,National,,
DATAFLOW,SPC:DF_CLIMATE_CHANGE(1.0),Indicateurs du changement climatique,I,A,Annuel,RAIN_ANOM,Anomalies des précipitations,WS,Samoa,2006,,14.9,,,,MM,millimètre,SE,Standard error,1.8,,N,National,,
DATAFLOW,SPC:DF_CLIMATE_CHANGE(1.0),Indicateurs du changement climatique,I,A,Annuel,RAIN_ANOM,Anomalies des précipitations,WS,Samoa,2007,,6.3,,,,MM,millimètre,SE,Standard error,0.9,,N,National,,
DATAFLOW,SPC:DF_CLIMATE_CHANGE(1.0),Indicateurs du changement climatique,I,A,Annuel,RAIN_ANOM,Anomalies des précipitations,WS,Samoa,2008,,-11.1,,,,MM,millimètre,SE,Standard error,0.9,,N,National,,
DATAFLOW,SPC:DF_CLIMATE_CHANGE(1.0),Indicateurs du changement climatique,I,A,Annuel,RAIN_ANOM,Anomalies des précipitations,WS,Samoa,2009,,-9.4,,,,MM,millimètre,SE,Standard error,0.8,,N,National,,
DATAFLOW,SPC:DF_CLIMATE_CHANGE(1.0),Indicateurs du changement climatique,I,A,Annuel,RAIN_ANOM,Anomalies des précipitations,WS,Samoa,2010,,-1.9,,,,MM,millimètre,SE,Standard error,0.9,,N,National,,
DATAFLOW,SPC:DF_CLIMATE_CHANGE(1.0),Indicateurs du changement climatique,I,A,Annuel,RAIN_ANOM,Anomalies des précipitations,WS,Samoa,2011,,-11.1,,,,MM,millimètre,SE,Standard error,1.7,,N,National,,
DATAFLOW,SPC:DF_CLIMATE_CHANGE(1.0),Indicateurs du changement climatique,I,A,Annuel,RAIN_ANOM,Anomalies des précipitations,WS,Samoa,2012,,-6.9,,,,MM,millimètre,SE,Standard error,1.0,,N,National,,
DATAFLOW,SPC:DF_CLIMATE_CHANGE(1.0),Indicateurs du changement climatique,I,A,Annuel,RAIN_ANOM,Anomalies des précipitations,WS,Samoa,2013,,7.6,,,,MM,millimètre,SE,Standard error,1.1,,N,National,,
DATAFLOW,SPC:DF_CLIMATE_CHANGE(1.0),Indicateurs du changement climatique,I,A,Annuel,RAIN_ANOM,Anomalies des précipitations,WS,Samoa,2014,,0.0,,,,MM,millimètre,SE,Standard error,1.0,,N,National,,
DATAFLOW,SPC:DF_CLIMATE_CHANGE(1.0),Indicateurs du changement climatique,I,A,Annuel,RAIN_ANOM,Anomalies des précipitations,WS,Samoa,2015,,0.7,,,,MM,millimètre,SE,Standard error,0.9,,N,National,,
DATAFLOW,SPC:DF_CLIMATE_CHANGE(1.0),Indicateurs du changement climatique,I,A,Annuel,RAIN_ANOM,Anomalies des précipitations,WS,Samoa,2016,,0.3,,,,MM,millimètre,SE,Standard error,1.3,,N,National,,
DATAFLOW,SPC:DF_CLIMATE_CHANGE(1.0),Indicateurs du changement climatique,I,A,Annuel,RAIN_ANOM,Anomalies des précipitations,WS,Samoa,2017,,12.6,,,,MM,millimètre,SE,Standard error,1.2,,N,National,,
DATAFLOW,SPC:DF_CLIMATE_CHANGE(1.0),Indicateurs du changement climatique,I,A,Annuel,RAIN_ANOM,Anomalies des précipitations,WS,Samoa,2018,,1.3,,,,MM,millimètre,SE,Standard error,1.0,,N,National,,
DATAFLOW,SPC:DF_CLIMATE_CHANGE(1.0),Indicateurs du changement climatique,I,A,Annuel,RAIN_ANOM,Anomalies des précipitations,WS,Samoa,2019,,20.4,,,,MM,millimètre,SE,Standard error,1.0,,N,National,,
DATAFLOW,SPC:DF_CLIMATE_CHANGE(1.0),Indicateurs du changement climatique,I,A,Annuel,RAIN_ANOM,Anomalies des précipitations,WS,Samoa,2020,,27.3,,,,MM,millimètre,SE,Standard error,1.5,,N,National,,
DATAFLOW,SPC:DF_CLIMATE_CHANGE(1.0),Indicateurs du changement climatique,I,A,Annuel,RAIN_ANOM,Anomalies des précipitations,WS,Samoa,2021,,-18.1,,,,MM,millimètre,SE,Standard error,1.0,,N,National,,
DATAFLOW,SPC:DF_CLIMATE_CHANGE(1.0),Indicateurs du changement climatique,I,A,Annuel,RAIN_ANOM,Anomalies des précipitations,WS,Samoa,2022,,-20.7,,,,MM,millimètre,SE,Standard error,0.8,,N,National,,
DATAFLOW,SPC:DF_CLIMATE_CHANGE(1.0),Indicateurs du changement climatique,I,A,Annuel,RAIN_ANOM,Anomalies des précipitations,WS,Samoa,2023,,-3.2,,,,MM,millimètre,SE,Standard error,0.9,,N,National,,
DATAFLOW,SPC:DF_CLIMATE_CHANGE(1.0),Indicateurs du changement climatique,I,A,Annuel,RAIN_ANOM,Anomalies des précipitations,WS,Samoa,2024,,-1.8,,,,MM,millimètre,SE,Standard error,0.9,,N,National,,
DATAFLOW,SPC:DF_CLIMATE_CHANGE(1.0),Indicateurs du changement climatique,I,A,Annuel,RAIN_ANOM,Anomalies des précipitations,WS,Samoa,2025,,13.9,,,,MM,millimètre,SE,Standard error,1.3,,N,National,,
DATAFLOW,SPC:DF_CLIMATE_CHANGE(1.0),Indicateurs du changement climatique,I,A,Annuel,RAIN_ANOM,Anomalies des précipitations,AS,Samoa Américaines,1979,,-16.4,,,,MM,millimètre,SE,Standard error,0.6,,N,National,,
DATAFLOW,SPC:DF_CLIMATE_CHANGE(1.0),Indicateurs du changement climatique,I,A,Annuel,RAIN_ANOM,Anomalies des précipitations,AS,Samoa Américaines,1980,,-10.2,,,,MM,millimètre,SE,Standard error,0.5,,N,National,,
DATAFLOW,SPC:DF_CLIMATE_CHANGE(1.0),Indicateurs du changement climatique,I,A,Annuel,RAIN_ANOM,Anomalies des précipitations,AS,Samoa Américaines,1981,,0.7,,,,MM,millimètre,SE,Standard error,0.8,,N,National,,
DATAFLOW,SPC:DF_CLIMATE_CHANGE(1.0),Indicateurs du changement climatique,I,A,Annuel,RAIN_ANOM,Anomalies des précipitations,AS,Samoa Américaines,1982,,-13.2,,,,MM,millimètre,SE,Standard error,1.0,,N,National,,
DATAFLOW,SPC:DF_CLIMATE_CHANGE(1.0),Indicateurs du changement climatique,I,A,Annuel,RAIN_ANOM,Anomalies des précipitations,AS,Samoa Américaines,1983,,-16.6,,,,MM,millimètre,SE,Standard error,0.8,,N,National,,
DATAFLOW,SPC:DF_CLIMATE_CHANGE(1.0),Indicateurs du changement climatique,I,A,Annuel,RAIN_ANOM,Anomalies des précipitations,AS,Samoa Américaines,1984,,2.5,,,,MM,millimètre,SE,Standard error,1.0,,N,National,,
DATAFLOW,SPC:DF_CLIMATE_CHANGE(1.0),Indicateurs du changement climatique,I,A,Annuel,RAIN_ANOM,Anomalies des précipitations,AS,Samoa Américaines,1985,,-7.7,,,,MM,millimètre,SE,Standard error,0.7,,N,National,,
DATAFLOW,SPC:DF_CLIMATE_CHANGE(1.0),Indicateurs du changement climatique,I,A,Annuel,RAIN_ANOM,Anomalies des précipitations,AS,Samoa Américaines,1986,,-5.5,,,,MM,millimètre,SE,Standard error,0.8,,N,National,,
DATAFLOW,SPC:DF_CLIMATE_CHANGE(1.0),Indicateurs du changement climatique,I,A,Annuel,RAIN_ANOM,Anomalies des précipitations,AS,Samoa Américaines,1987,,-4.0,,,,MM,millimètre,SE,Standard error,1.0,,N,National,,
DATAFLOW,SPC:DF_CLIMATE_CHANGE(1.0),Indicateurs du changement climatique,I,A,Annuel,RAIN_ANOM,Anomalies des précipitations,AS,Samoa Américaines,1988,,9.4,,,,MM,millimètre,SE,Standard error,0.9,,N,National,,
DATAFLOW,SPC:DF_CLIMATE_CHANGE(1.0),Indicateurs du changement climatique,I,A,Annuel,RAIN_ANOM,Anomalies des précipitations,AS,Samoa Américaines,1989,,-13.5,,,,MM,millimètre,SE,Standard error,1.0,,N,National,,
DATAFLOW,SPC:DF_CLIMATE_CHANGE(1.0),Indicateurs du changement climatique,I,A,Annuel,RAIN_ANOM,Anomalies des précipitations,AS,Samoa Américaines,1990,,-0.3,,,,MM,millimètre,SE,Standard error,1.6,,N,National,,
DATAFLOW,SPC:DF_CLIMATE_CHANGE(1.0),Indicateurs du changement climatique,I,A,Annuel,RAIN_ANOM,Anomalies des précipitations,AS,Samoa Américaines,1991,,-11.1,,,,MM,millimètre,SE,Standard error,0.8,,N,National,,
DATAFLOW,SPC:DF_CLIMATE_CHANGE(1.0),Indicateurs du changement climatique,I,A,Annuel,RAIN_ANOM,Anomalies des précipitations,AS,Samoa Américaines,1992,,-9.2,,,,MM,millimètre,SE,Standard error,0.7,,N,National,,
DATAFLOW,SPC:DF_CLIMATE_CHANGE(1.0),Indicateurs du changement climatique,I,A,Annuel,RAIN_ANOM,Anomalies des précipitations,AS,Samoa Américaines,1993,,2.1,,,,MM,millimètre,SE,Standard error,0.7,,N,National,,
DATAFLOW,SPC:DF_CLIMATE_CHANGE(1.0),Indicateurs du changement climatique,I,A,Annuel,RAIN_ANOM,Anomalies des précipitations,AS,Samoa Américaines,1994,,6.7,,,,MM,millimètre,SE,Standard error,0.9,,N,National,,
DATAFLOW,SPC:DF_CLIMATE_CHANGE(1.0),Indicateurs du changement climatique,I,A,Annuel,RAIN_ANOM,Anomalies des précipitations,AS,Samoa Américaines,1995,,8.6,,,,MM,millimètre,SE,Standard error,0.7,,N,National,,
DATAFLOW,SPC:DF_CLIMATE_CHANGE(1.0),Indicateurs du changement climatique,I,A,Annuel,RAIN_ANOM,Anomalies des précipitations,AS,Samoa Américaines,1996,,-5.2,,,,MM,millimètre,SE,Standard error,1.1,,N,National,,
DATAFLOW,SPC:DF_CLIMATE_CHANGE(1.0),Indicateurs du changement climatique,I,A,Annuel,RAIN_ANOM,Anomalies des précipitations,AS,Samoa Américaines,1997,,0.8,,,,MM,millimètre,SE,Standard error,1.3,,N,National,,
DATAFLOW,SPC:DF_CLIMATE_CHANGE(1.0),Indicateurs du changement climatique,I,A,Annuel,RAIN_ANOM,Anomalies des précipitations,AS,Samoa Américaines,1998,,-18.9,,,,MM,millimètre,SE,Standard error,1.0,,N,National,,
DATAFLOW,SPC:DF_CLIMATE_CHANGE(1.0),Indicateurs du changement climatique,I,A,Annuel,RAIN_ANOM,Anomalies des précipitations,AS,Samoa Américaines,1999,,-4.6,,,,MM,millimètre,SE,Standard error,1.0,,N,National,,
DATAFLOW,SPC:DF_CLIMATE_CHANGE(1.0),Indicateurs du changement climatique,I,A,Annuel,RAIN_ANOM,Anomalies des précipitations,AS,Samoa Américaines,2000,,-8.3,,,,MM,millimètre,SE,Standard error,0.7,,N,National,,
DATAFLOW,SPC:DF_CLIMATE_CHANGE(1.0),Indicateurs du changement climatique,I,A,Annuel,RAIN_ANOM,Anomalies des précipitations,AS,Samoa Américaines,2001,,0.6,,,,MM,millimètre,SE,Standard error,0.8,,N,National,,
DATAFLOW,SPC:DF_CLIMATE_CHANGE(1.0),Indicateurs du changement climatique,I,A,Annuel,RAIN_ANOM,Anomalies des précipitations,AS,Samoa Américaines,2002,,-6.9,,,,MM,millimètre,SE,Standard error,0.6,,N,National,,
DATAFLOW,SPC:DF_CLIMATE_CHANGE(1.0),Indicateurs du changement climatique,I,A,Annuel,RAIN_ANOM,Anomalies des précipitations,AS,Samoa Américaines,2003,,2.5,,,,MM,millimètre,SE,Standard error,0.7,,N,National,,
DATAFLOW,SPC:DF_CLIMATE_CHANGE(1.0),Indicateurs du changement climatique,I,A,Annuel,RAIN_ANOM,Anomalies des précipitations,AS,Samoa Américaines,2004,,-7.0,,,,MM,millimètre,SE,Standard error,0.8,,N,National,,
DATAFLOW,SPC:DF_CLIMATE_CHANGE(1.0),Indicateurs du changement climatique,I,A,Annuel,RAIN_ANOM,Anomalies des précipitations,AS,Samoa Américaines,2005,,-0.3,,,,MM,millimètre,SE,Standard error,0.9,,N,National,,
DATAFLOW,SPC:DF_CLIMATE_CHANGE(1.0),Indicateurs du changement climatique,I,A,Annuel,RAIN_ANOM,Anomalies des précipitations,AS,Samoa Américaines,2006,,11.3,,,,MM,millimètre,SE,Standard error,1.6,,N,National,,
DATAFLOW,SPC:DF_CLIMATE_CHANGE(1.0),Indicateurs du changement climatique,I,A,Annuel,RAIN_ANOM,Anomalies des précipitations,AS,Samoa Américaines,2007,,10.7,,,,MM,millimètre,SE,Standard error,1.1,,N,National,,
DATAFLOW,SPC:DF_CLIMATE_CHANGE(1.0),Indicateurs du changement climatique,I,A,Annuel,RAIN_ANOM,Anomalies des précipitations,AS,Samoa Américaines,2008,,-10.9,,,,MM,millimètre,SE,Standard error,0.9,,N,National,,
DATAFLOW,SPC:DF_CLIMATE_CHANGE(1.0),Indicateurs du changement climatique,I,A,Annuel,RAIN_ANOM,Anomalies des précipitations,AS,Samoa Américaines,2009,,-11.1,,,,MM,millimètre,SE,Standard error,0.7,,N,National,,
DATAFLOW,SPC:DF_CLIMATE_CHANGE(1.0),Indicateurs du changement climatique,I,A,Annuel,RAIN_ANOM,Anomalies des précipitations,AS,Samoa Américaines,2010,,1.6,,,,MM,millimètre,SE,Standard error,1.1,,N,National,,
DATAFLOW,SPC:DF_CLIMATE_CHANGE(1.0),Indicateurs du changement climatique,I,A,Annuel,RAIN_ANOM,Anomalies des précipitations,AS,Samoa Américaines,2011,,-11.2,,,,MM,millimètre,SE,Standard error,1.6,,N,National,,
DATAFLOW,SPC:DF_CLIMATE_CHANGE(1.0),Indicateurs du changement climatique,I,A,Annuel,RAIN_ANOM,Anomalies des précipitations,AS,Samoa Américaines,2012,,-7.9,,,,MM,millimètre,SE,Standard error,0.9,,N,National,,
DATAFLOW,SPC:DF_CLIMATE_CHANGE(1.0),Indicateurs du changement climatique,I,A,Annuel,RAIN_ANOM,Anomalies des précipitations,AS,Samoa Américaines,2013,,4.9,,,,MM,millimètre,SE,Standard error,1.2,,N,National,,
DATAFLOW,SPC:DF_CLIMATE_CHANGE(1.0),Indicateurs du changement climatique,I,A,Annuel,RAIN_ANOM,Anomalies des précipitations,AS,Samoa Américaines,2014,,1.0,,,,MM,millimètre,SE,Standard error,1.1,,N,National,,
DATAFLOW,SPC:DF_CLIMATE_CHANGE(1.0),Indicateurs du changement climatique,I,A,Annuel,RAIN_ANOM,Anomalies des précipitations,AS,Samoa Américaines,2015,,5.7,,,,MM,millimètre,SE,Standard error,1.0,,N,National,,
DATAFLOW,SPC:DF_CLIMATE_CHANGE(1.0),Indicateurs du changement climatique,I,A,Annuel,RAIN_ANOM,Anomalies des précipitations,AS,Samoa Américaines,2016,,5.2,,,,MM,millimètre,SE,Standard error,1.2,,N,National,,
DATAFLOW,SPC:DF_CLIMATE_CHANGE(1.0),Indicateurs du changement climatique,I,A,Annuel,RAIN_ANOM,Anomalies des précipitations,AS,Samoa Américaines,2017,,8.2,,,,MM,millimètre,SE,Standard error,1.0,,N,National,,
DATAFLOW,SPC:DF_CLIMATE_CHANGE(1.0),Indicateurs du changement climatique,I,A,Annuel,RAIN_ANOM,Anomalies des précipitations,AS,Samoa Américaines,2018,,0.8,,,,MM,millimètre,SE,Standard error,1.2,,N,National,,
DATAFLOW,SPC:DF_CLIMATE_CHANGE(1.0),Indicateurs du changement climatique,I,A,Annuel,RAIN_ANOM,Anomalies des précipitations,AS,Samoa Américaines,2019,,21.2,,,,MM,millimètre,SE,Standard error,0.9,,N,National,,
DATAFLOW,SPC:DF_CLIMATE_CHANGE(1.0),Indicateurs du changement climatique,I,A,Annuel,RAIN_ANOM,Anomalies des précipitations,AS,Samoa Américaines,2020,,20.8,,,,MM,millimètre,SE,Standard error,1.6,,N,National,,
DATAFLOW,SPC:DF_CLIMATE_CHANGE(1.0),Indicateurs du changement climatique,I,A,Annuel,RAIN_ANOM,Anomalies des précipitations,AS,Samoa Américaines,2021,,-24.7,,,,MM,millimètre,SE,Standard error,0.7,,N,National,,
DATAFLOW,SPC:DF_CLIMATE_CHANGE(1.0),Indicateurs du changement climatique,I,A,Annuel,RAIN_ANOM,Anomalies des précipitations,AS,Samoa Américaines,2022,,-22.5,,,,MM,millimètre,SE,Standard error,1.0,,N,National,,
DATAFLOW,SPC:DF_CLIMATE_CHANGE(1.0),Indicateurs du changement climatique,I,A,Annuel,RAIN_ANOM,Anomalies des précipitations,AS,Samoa Américaines,2023,,-3.2,,,,MM,millimètre,SE,Standard error,1.1,,N,National,,
DATAFLOW,SPC:DF_CLIMATE_CHANGE(1.0),Indicateurs du changement climatique,I,A,Annuel,RAIN_ANOM,Anomalies des précipitations,AS,Samoa Américaines,2024,,2.9,,,,MM,millimètre,SE,Standard error,1.0,,N,National,,
DATAFLOW,SPC:DF_CLIMATE_CHANGE(1.0),Indicateurs du changement climatique,I,A,Annuel,RAIN_ANOM,Anomalies des précipitations,AS,Samoa Américaines,2025,,11.7,,,,MM,millimètre,SE,Standard error,1.3,,N,National,,
DATAFLOW,SPC:DF_CLIMATE_CHANGE(1.0),Indicateurs du changement climatique,I,A,Annuel,RAIN_ANOM,Anomalies des précipitations,TV,Tuvalu,1979,,-6.4,,,,MM,millimètre,SE,Standard error,0.9,,N,National,,
DATAFLOW,SPC:DF_CLIMATE_CHANGE(1.0),Indicateurs du changement climatique,I,A,Annuel,RAIN_ANOM,Anomalies des précipitations,TV,Tuvalu,1980,,-1.6,,,,MM,millimètre,SE,Standard error,0.8,,N,National,,
DATAFLOW,SPC:DF_CLIMATE_CHANGE(1.0),Indicateurs du changement climatique,I,A,Annuel,RAIN_ANOM,Anomalies des précipitations,TV,Tuvalu,1981,,-7.6,,,,MM,millimètre,SE,Standard error,1.2,,N,National,,
DATAFLOW,SPC:DF_CLIMATE_CHANGE(1.0),Indicateurs du changement climatique,I,A,Annuel,RAIN_ANOM,Anomalies des précipitations,TV,Tuvalu,1982,,4.3,,,,MM,millimètre,SE,Standard error,0.9,,N,National,,
DATAFLOW,SPC:DF_CLIMATE_CHANGE(1.0),Indicateurs du changement climatique,I,A,Annuel,RAIN_ANOM,Anomalies des précipitations,TV,Tuvalu,1983,,14.1,,,,MM,millimètre,SE,Standard error,1.3,,N,National,,
DATAFLOW,SPC:DF_CLIMATE_CHANGE(1.0),Indicateurs du changement climatique,I,A,Annuel,RAIN_ANOM,Anomalies des précipitations,TV,Tuvalu,1984,,-4.9,,,,MM,millimètre,SE,Standard error,0.8,,N,National,,
DATAFLOW,SPC:DF_CLIMATE_CHANGE(1.0),Indicateurs du changement climatique,I,A,Annuel,RAIN_ANOM,Anomalies des précipitations,TV,Tuvalu,1985,,-5.8,,,,MM,millimètre,SE,Standard error,1.3,,N,National,,
DATAFLOW,SPC:DF_CLIMATE_CHANGE(1.0),Indicateurs du changement climatique,I,A,Annuel,RAIN_ANOM,Anomalies des précipitations,TV,Tuvalu,1986,,-0.5,,,,MM,millimètre,SE,Standard error,1.1,,N,National,,
DATAFLOW,SPC:DF_CLIMATE_CHANGE(1.0),Indicateurs du changement climatique,I,A,Annuel,RAIN_ANOM,Anomalies des précipitations,TV,Tuvalu,1987,,37.3,,,,MM,millimètre,SE,Standard error,0.8,,N,National,,
DATAFLOW,SPC:DF_CLIMATE_CHANGE(1.0),Indicateurs du changement climatique,I,A,Annuel,RAIN_ANOM,Anomalies des précipitations,TV,Tuvalu,1988,,2.7,,,,MM,millimètre,SE,Standard error,1.0,,N,National,,
DATAFLOW,SPC:DF_CLIMATE_CHANGE(1.0),Indicateurs du changement climatique,I,A,Annuel,RAIN_ANOM,Anomalies des précipitations,TV,Tuvalu,1989,,-15.3,,,,MM,millimètre,SE,Standard error,0.8,,N,National,,
DATAFLOW,SPC:DF_CLIMATE_CHANGE(1.0),Indicateurs du changement climatique,I,A,Annuel,RAIN_ANOM,Anomalies des précipitations,TV,Tuvalu,1990,,-2.3,,,,MM,millimètre,SE,Standard error,1.4,,N,National,,
DATAFLOW,SPC:DF_CLIMATE_CHANGE(1.0),Indicateurs du changement climatique,I,A,Annuel,RAIN_ANOM,Anomalies des précipitations,TV,Tuvalu,1991,,-1.6,,,,MM,millimètre,SE,Standard error,0.9,,N,National,,
DATAFLOW,SPC:DF_CLIMATE_CHANGE(1.0),Indicateurs du changement climatique,I,A,Annuel,RAIN_ANOM,Anomalies des précipitations,TV,Tuvalu,1992,,10.7,,,,MM,millimètre,SE,Standard error,1.0,,N,National,,
DATAFLOW,SPC:DF_CLIMATE_CHANGE(1.0),Indicateurs du changement climatique,I,A,Annuel,RAIN_ANOM,Anomalies des précipitations,TV,Tuvalu,1993,,24.6,,,,MM,millimètre,SE,Standard error,0.7,,N,National,,
DATAFLOW,SPC:DF_CLIMATE_CHANGE(1.0),Indicateurs du changement climatique,I,A,Annuel,RAIN_ANOM,Anomalies des précipitations,TV,Tuvalu,1994,,10.2,,,,MM,millimètre,SE,Standard error,0.7,,N,National,,
DATAFLOW,SPC:DF_CLIMATE_CHANGE(1.0),Indicateurs du changement climatique,I,A,Annuel,RAIN_ANOM,Anomalies des précipitations,TV,Tuvalu,1995,,8.5,,,,MM,millimètre,SE,Standard error,0.8,,N,National,,
DATAFLOW,SPC:DF_CLIMATE_CHANGE(1.0),Indicateurs du changement climatique,I,A,Annuel,RAIN_ANOM,Anomalies des précipitations,TV,Tuvalu,1996,,-13.2,,,,MM,millimètre,SE,Standard error,0.7,,N,National,,
DATAFLOW,SPC:DF_CLIMATE_CHANGE(1.0),Indicateurs du changement climatique,I,A,Annuel,RAIN_ANOM,Anomalies des précipitations,TV,Tuvalu,1997,,21.7,,,,MM,millimètre,SE,Standard error,1.4,,N,National,,
DATAFLOW,SPC:DF_CLIMATE_CHANGE(1.0),Indicateurs du changement climatique,I,A,Annuel,RAIN_ANOM,Anomalies des précipitations,TV,Tuvalu,1998,,25.5,,,,MM,millimètre,SE,Standard error,1.2,,N,National,,
DATAFLOW,SPC:DF_CLIMATE_CHANGE(1.0),Indicateurs du changement climatique,I,A,Annuel,RAIN_ANOM,Anomalies des précipitations,TV,Tuvalu,1999,,-35.6,,,,MM,millimètre,SE,Standard error,0.5,,N,National,,
DATAFLOW,SPC:DF_CLIMATE_CHANGE(1.0),Indicateurs du changement climatique,I,A,Annuel,RAIN_ANOM,Anomalies des précipitations,TV,Tuvalu,2000,,-34.5,,,,MM,millimètre,SE,Standard error,0.3,,N,National,,
DATAFLOW,SPC:DF_CLIMATE_CHANGE(1.0),Indicateurs du changement climatique,I,A,Annuel,RAIN_ANOM,Anomalies des précipitations,TV,Tuvalu,2001,,-12.8,,,,MM,millimètre,SE,Standard error,0.7,,N,National,,
DATAFLOW,SPC:DF_CLIMATE_CHANGE(1.0),Indicateurs du changement climatique,I,A,Annuel,RAIN_ANOM,Anomalies des précipitations,TV,Tuvalu,2002,,6.8,,,,MM,millimètre,SE,Standard error,1.0,,N,National,,
DATAFLOW,SPC:DF_CLIMATE_CHANGE(1.0),Indicateurs du changement climatique,I,A,Annuel,RAIN_ANOM,Anomalies des précipitations,TV,Tuvalu,2003,,7.3,,,,MM,millimètre,SE,Standard error,0.9,,N,National,,
DATAFLOW,SPC:DF_CLIMATE_CHANGE(1.0),Indicateurs du changement climatique,I,A,Annuel,RAIN_ANOM,Anomalies des précipitations,TV,Tuvalu,2004,,2.3,,,,MM,millimètre,SE,Standard error,1.0,,N,National,,
DATAFLOW,SPC:DF_CLIMATE_CHANGE(1.0),Indicateurs du changement climatique,I,A,Annuel,RAIN_ANOM,Anomalies des précipitations,TV,Tuvalu,2005,,-1.7,,,,MM,millimètre,SE,Standard error,1.1,,N,National,,
DATAFLOW,SPC:DF_CLIMATE_CHANGE(1.0),Indicateurs du changement climatique,I,A,Annuel,RAIN_ANOM,Anomalies des précipitations,TV,Tuvalu,2006,,-2.7,,,,MM,millimètre,SE,Standard error,0.9,,N,National,,
DATAFLOW,SPC:DF_CLIMATE_CHANGE(1.0),Indicateurs du changement climatique,I,A,Annuel,RAIN_ANOM,Anomalies des précipitations,TV,Tuvalu,2007,,3.7,,,,MM,millimètre,SE,Standard error,1.0,,N,National,,
DATAFLOW,SPC:DF_CLIMATE_CHANGE(1.0),Indicateurs du changement climatique,I,A,Annuel,RAIN_ANOM,Anomalies des précipitations,TV,Tuvalu,2008,,-29.7,,,,MM,millimètre,SE,Standard error,0.9,,N,National,,
DATAFLOW,SPC:DF_CLIMATE_CHANGE(1.0),Indicateurs du changement climatique,I,A,Annuel,RAIN_ANOM,Anomalies des précipitations,TV,Tuvalu,2009,,-4.3,,,,MM,millimètre,SE,Standard error,0.7,,N,National,,
DATAFLOW,SPC:DF_CLIMATE_CHANGE(1.0),Indicateurs du changement climatique,I,A,Annuel,RAIN_ANOM,Anomalies des précipitations,TV,Tuvalu,2010,,-8.0,,,,MM,millimètre,SE,Standard error,1.5,,N,National,,
DATAFLOW,SPC:DF_CLIMATE_CHANGE(1.0),Indicateurs du changement climatique,I,A,Annuel,RAIN_ANOM,Anomalies des précipitations,TV,Tuvalu,2011,,-41.5,,,,MM,millimètre,SE,Standard error,0.9,,N,National,,
DATAFLOW,SPC:DF_CLIMATE_CHANGE(1.0),Indicateurs du changement climatique,I,A,Annuel,RAIN_ANOM,Anomalies des précipitations,TV,Tuvalu,2012,,-8.0,,,,MM,millimètre,SE,Standard error,0.7,,N,National,,
DATAFLOW,SPC:DF_CLIMATE_CHANGE(1.0),Indicateurs du changement climatique,I,A,Annuel,RAIN_ANOM,Anomalies des précipitations,TV,Tuvalu,2013,,8.5,,,,MM,millimètre,SE,Standard error,1.3,,N,National,,
DATAFLOW,SPC:DF_CLIMATE_CHANGE(1.0),Indicateurs du changement climatique,I,A,Annuel,RAIN_ANOM,Anomalies des précipitations,TV,Tuvalu,2014,,-3.7,,,,MM,millimètre,SE,Standard error,0.9,,N,National,,
DATAFLOW,SPC:DF_CLIMATE_CHANGE(1.0),Indicateurs du changement climatique,I,A,Annuel,RAIN_ANOM,Anomalies des précipitations,TV,Tuvalu,2015,,29.4,,,,MM,millimètre,SE,Standard error,1.0,,N,National,,
DATAFLOW,SPC:DF_CLIMATE_CHANGE(1.0),Indicateurs du changement climatique,I,A,Annuel,RAIN_ANOM,Anomalies des précipitations,TV,Tuvalu,2016,,5.9,,,,MM,millimètre,SE,Standard error,1.1,,N,National,,
DATAFLOW,SPC:DF_CLIMATE_CHANGE(1.0),Indicateurs du changement climatique,I,A,Annuel,RAIN_ANOM,Anomalies des précipitations,TV,Tuvalu,2017,,-1.6,,,,MM,millimètre,SE,Standard error,0.8,,N,National,,
DATAFLOW,SPC:DF_CLIMATE_CHANGE(1.0),Indicateurs du changement climatique,I,A,Annuel,RAIN_ANOM,Anomalies des précipitations,TV,Tuvalu,2018,,-9.0,,,,MM,millimètre,SE,Standard error,1.4,,N,National,,
DATAFLOW,SPC:DF_CLIMATE_CHANGE(1.0),Indicateurs du changement climatique,I,A,Annuel,RAIN_ANOM,Anomalies des précipitations,TV,Tuvalu,2019,,37.7,,,,MM,millimètre,SE,Standard error,1.3,,N,National,,
DATAFLOW,SPC:DF_CLIMATE_CHANGE(1.0),Indicateurs du changement climatique,I,A,Annuel,RAIN_ANOM,Anomalies des précipitations,TV,Tuvalu,2020,,5.2,,,,MM,millimètre,SE,Standard error,1.3,,N,National,,
DATAFLOW,SPC:DF_CLIMATE_CHANGE(1.0),Indicateurs du changement climatique,I,A,Annuel,RAIN_ANOM,Anomalies des précipitations,TV,Tuvalu,2021,,-15.2,,,,MM,millimètre,SE,Standard error,1.0,,N,National,,
DATAFLOW,SPC:DF_CLIMATE_CHANGE(1.0),Indicateurs du changement climatique,I,A,Annuel,RAIN_ANOM,Anomalies des précipitations,TV,Tuvalu,2022,,-35.8,,,,MM,millimètre,SE,Standard error,1.0,,N,National,,
DATAFLOW,SPC:DF_CLIMATE_CHANGE(1.0),Indicateurs du changement climatique,I,A,Annuel,RAIN_ANOM,Anomalies des précipitations,TV,Tuvalu,2023,,-12.0,,,,MM,millimètre,SE,Standard error,0.8,,N,National,,
DATAFLOW,SPC:DF_CLIMATE_CHANGE(1.0),Indicateurs du changement climatique,I,A,Annuel,RAIN_ANOM,Anomalies des précipitations,TV,Tuvalu,2024,,4.5,,,,MM,millimètre,SE,Standard error,0.8,,N,National,,
DATAFLOW,SPC:DF_CLIMATE_CHANGE(1.0),Indicateurs du changement climatique,I,A,Annuel,RAIN_ANOM,Anomalies des précipitations,TV,Tuvalu,2025,,-15.6,,,,MM,millimètre,SE,Standard error,0.5,,N,National,,
DATAFLOW,SPC:DF_CLIMATE_CHANGE(1.0),Indicateurs du changement climatique,I,A,Annuel,RAIN_ANOM,Anomalies des précipitations,CK,Îles Cook,1979,,-7.4,,,,MM,millimètre,SE,Standard error,0.5,,N,National,,
DATAFLOW,SPC:DF_CLIMATE_CHANGE(1.0),Indicateurs du changement climatique,I,A,Annuel,RAIN_ANOM,Anomalies des précipitations,CK,Îles Cook,1980,,-4.7,,,,MM,millimètre,SE,Standard error,0.6,,N,National,,
DATAFLOW,SPC:DF_CLIMATE_CHANGE(1.0),Indicateurs du changement climatique,I,A,Annuel,RAIN_ANOM,Anomalies des précipitations,CK,Îles Cook,1981,,5.5,,,,MM,millimètre,SE,Standard error,0.8,,N,National,,
DATAFLOW,SPC:DF_CLIMATE_CHANGE(1.0),Indicateurs du changement climatique,I,A,Annuel,RAIN_ANOM,Anomalies des précipitations,CK,Îles Cook,1982,,-18.8,,,,MM,millimètre,SE,Standard error,0.5,,N,National,,
DATAFLOW,SPC:DF_CLIMATE_CHANGE(1.0),Indicateurs du changement climatique,I,A,Annuel,RAIN_ANOM,Anomalies des précipitations,CK,Îles Cook,1983,,-11.2,,,,MM,millimètre,SE,Standard error,0.5,,N,National,,
DATAFLOW,SPC:DF_CLIMATE_CHANGE(1.0),Indicateurs du changement climatique,I,A,Annuel,RAIN_ANOM,Anomalies des précipitations,CK,Îles Cook,1984,,6.8,,,,MM,millimètre,SE,Standard error,0.7,,N,National,,
DATAFLOW,SPC:DF_CLIMATE_CHANGE(1.0),Indicateurs du changement climatique,I,A,Annuel,RAIN_ANOM,Anomalies des précipitations,CK,Îles Cook,1985,,0.1,,,,MM,millimètre,SE,Standard error,0.8,,N,National,,
DATAFLOW,SPC:DF_CLIMATE_CHANGE(1.0),Indicateurs du changement climatique,I,A,Annuel,RAIN_ANOM,Anomalies des précipitations,CK,Îles Cook,1986,,-6.3,,,,MM,millimètre,SE,Standard error,0.6,,N,National,,
DATAFLOW,SPC:DF_CLIMATE_CHANGE(1.0),Indicateurs du changement climatique,I,A,Annuel,RAIN_ANOM,Anomalies des précipitations,CK,Îles Cook,1987,,0.5,,,,MM,millimètre,SE,Standard error,0.6,,N,National,,
DATAFLOW,SPC:DF_CLIMATE_CHANGE(1.0),Indicateurs du changement climatique,I,A,Annuel,RAIN_ANOM,Anomalies des précipitations,CK,Îles Cook,1988,,22.2,,,,MM,millimètre,SE,Standard error,1.0,,N,National,,
DATAFLOW,SPC:DF_CLIMATE_CHANGE(1.0),Indicateurs du changement climatique,I,A,Annuel,RAIN_ANOM,Anomalies des précipitations,CK,Îles Cook,1989,,-11.6,,,,MM,millimètre,SE,Standard error,0.5,,N,National,,
DATAFLOW,SPC:DF_CLIMATE_CHANGE(1.0),Indicateurs du changement climatique,I,A,Annuel,RAIN_ANOM,Anomalies des précipitations,CK,Îles Cook,1990,,-4.7,,,,MM,millimètre,SE,Standard error,1.1,,N,National,,
DATAFLOW,SPC:DF_CLIMATE_CHANGE(1.0),Indicateurs du changement climatique,I,A,Annuel,RAIN_ANOM,Anomalies des précipitations,CK,Îles Cook,1991,,-9.9,,,,MM,millimètre,SE,Standard error,0.6,,N,National,,
DATAFLOW,SPC:DF_CLIMATE_CHANGE(1.0),Indicateurs du changement climatique,I,A,Annuel,RAIN_ANOM,Anomalies des précipitations,CK,Îles Cook,1992,,-6.0,,,,MM,millimètre,SE,Standard error,0.7,,N,National,,
DATAFLOW,SPC:DF_CLIMATE_CHANGE(1.0),Indicateurs du changement climatique,I,A,Annuel,RAIN_ANOM,Anomalies des précipitations,CK,Îles Cook,1993,,0.5,,,,MM,millimètre,SE,Standard error,0.6,,N,National,,
DATAFLOW,SPC:DF_CLIMATE_CHANGE(1.0),Indicateurs du changement climatique,I,A,Annuel,RAIN_ANOM,Anomalies des précipitations,CK,Îles Cook,1994,,-1.4,,,,MM,millimètre,SE,Standard error,0.6,,N,National,,
DATAFLOW,SPC:DF_CLIMATE_CHANGE(1.0),Indicateurs du changement climatique,I,A,Annuel,RAIN_ANOM,Anomalies des précipitations,CK,Îles Cook,1995,,6.7,,,,MM,millimètre,SE,Standard error,0.7,,N,National,,
DATAFLOW,SPC:DF_CLIMATE_CHANGE(1.0),Indicateurs du changement climatique,I,A,Annuel,RAIN_ANOM,Anomalies des précipitations,CK,Îles Cook,1996,,2.3,,,,MM,millimètre,SE,Standard error,1.1,,N,National,,
DATAFLOW,SPC:DF_CLIMATE_CHANGE(1.0),Indicateurs du changement climatique,I,A,Annuel,RAIN_ANOM,Anomalies des précipitations,CK,Îles Cook,1997,,-4.1,,,,MM,millimètre,SE,Standard error,0.7,,N,National,,
DATAFLOW,SPC:DF_CLIMATE_CHANGE(1.0),Indicateurs du changement climatique,I,A,Annuel,RAIN_ANOM,Anomalies des précipitations,CK,Îles Cook,1998,,-5.8,,,,MM,millimètre,SE,Standard error,0.6,,N,National,,
DATAFLOW,SPC:DF_CLIMATE_CHANGE(1.0),Indicateurs du changement climatique,I,A,Annuel,RAIN_ANOM,Anomalies des précipitations,CK,Îles Cook,1999,,1.3,,,,MM,millimètre,SE,Standard error,0.7,,N,National,,
DATAFLOW,SPC:DF_CLIMATE_CHANGE(1.0),Indicateurs du changement climatique,I,A,Annuel,RAIN_ANOM,Anomalies des précipitations,CK,Îles Cook,2000,,-13.9,,,,MM,millimètre,SE,Standard error,0.5,,N,National,,
DATAFLOW,SPC:DF_CLIMATE_CHANGE(1.0),Indicateurs du changement climatique,I,A,Annuel,RAIN_ANOM,Anomalies des précipitations,CK,Îles Cook,2001,,3.6,,,,MM,millimètre,SE,Standard error,0.6,,N,National,,
DATAFLOW,SPC:DF_CLIMATE_CHANGE(1.0),Indicateurs du changement climatique,I,A,Annuel,RAIN_ANOM,Anomalies des précipitations,CK,Îles Cook,2002,,-8.3,,,,MM,millimètre,SE,Standard error,0.6,,N,National,,
DATAFLOW,SPC:DF_CLIMATE_CHANGE(1.0),Indicateurs du changement climatique,I,A,Annuel,RAIN_ANOM,Anomalies des précipitations,CK,Îles Cook,2003,,12.4,,,,MM,millimètre,SE,Standard error,1.0,,N,National,,
DATAFLOW,SPC:DF_CLIMATE_CHANGE(1.0),Indicateurs du changement climatique,I,A,Annuel,RAIN_ANOM,Anomalies des précipitations,CK,Îles Cook,2004,,2.0,,,,MM,millimètre,SE,Standard error,0.7,,N,National,,
DATAFLOW,SPC:DF_CLIMATE_CHANGE(1.0),Indicateurs du changement climatique,I,A,Annuel,RAIN_ANOM,Anomalies des précipitations,CK,Îles Cook,2005,,12.4,,,,MM,millimètre,SE,Standard error,1.4,,N,National,,
DATAFLOW,SPC:DF_CLIMATE_CHANGE(1.0),Indicateurs du changement climatique,I,A,Annuel,RAIN_ANOM,Anomalies des précipitations,CK,Îles Cook,2006,,3.5,,,,MM,millimètre,SE,Standard error,0.7,,N,National,,
DATAFLOW,SPC:DF_CLIMATE_CHANGE(1.0),Indicateurs du changement climatique,I,A,Annuel,RAIN_ANOM,Anomalies des précipitations,CK,Îles Cook,2007,,4.0,,,,MM,millimètre,SE,Standard error,0.9,,N,National,,
DATAFLOW,SPC:DF_CLIMATE_CHANGE(1.0),Indicateurs du changement climatique,I,A,Annuel,RAIN_ANOM,Anomalies des précipitations,CK,Îles Cook,2008,,-7.3,,,,MM,millimètre,SE,Standard error,0.8,,N,National,,
DATAFLOW,SPC:DF_CLIMATE_CHANGE(1.0),Indicateurs du changement climatique,I,A,Annuel,RAIN_ANOM,Anomalies des précipitations,CK,Îles Cook,2009,,-3.8,,,,MM,millimètre,SE,Standard error,0.5,,N,National,,
DATAFLOW,SPC:DF_CLIMATE_CHANGE(1.0),Indicateurs du changement climatique,I,A,Annuel,RAIN_ANOM,Anomalies des précipitations,CK,Îles Cook,2010,,0.7,,,,MM,millimètre,SE,Standard error,1.0,,N,National,,
DATAFLOW,SPC:DF_CLIMATE_CHANGE(1.0),Indicateurs du changement climatique,I,A,Annuel,RAIN_ANOM,Anomalies des précipitations,CK,Îles Cook,2011,,-14.2,,,,MM,millimètre,SE,Standard error,0.7,,N,National,,
DATAFLOW,SPC:DF_CLIMATE_CHANGE(1.0),Indicateurs du changement climatique,I,A,Annuel,RAIN_ANOM,Anomalies des précipitations,CK,Îles Cook,2012,,-1.1,,,,MM,millimètre,SE,Standard error,0.7,,N,National,,
DATAFLOW,SPC:DF_CLIMATE_CHANGE(1.0),Indicateurs du changement climatique,I,A,Annuel,RAIN_ANOM,Anomalies des précipitations,CK,Îles Cook,2013,,-3.4,,,,MM,millimètre,SE,Standard error,0.8,,N,National,,
DATAFLOW,SPC:DF_CLIMATE_CHANGE(1.0),Indicateurs du changement climatique,I,A,Annuel,RAIN_ANOM,Anomalies des précipitations,CK,Îles Cook,2014,,3.1,,,,MM,millimètre,SE,Standard error,1.0,,N,National,,
DATAFLOW,SPC:DF_CLIMATE_CHANGE(1.0),Indicateurs du changement climatique,I,A,Annuel,RAIN_ANOM,Anomalies des précipitations,CK,Îles Cook,2015,,-5.9,,,,MM,millimètre,SE,Standard error,0.8,,N,National,,
DATAFLOW,SPC:DF_CLIMATE_CHANGE(1.0),Indicateurs du changement climatique,I,A,Annuel,RAIN_ANOM,Anomalies des précipitations,CK,Îles Cook,2016,,11.1,,,,MM,millimètre,SE,Standard error,0.7,,N,National,,
DATAFLOW,SPC:DF_CLIMATE_CHANGE(1.0),Indicateurs du changement climatique,I,A,Annuel,RAIN_ANOM,Anomalies des précipitations,CK,Îles Cook,2017,,-0.6,,,,MM,millimètre,SE,Standard error,0.7,,N,National,,
DATAFLOW,SPC:DF_CLIMATE_CHANGE(1.0),Indicateurs du changement climatique,I,A,Annuel,RAIN_ANOM,Anomalies des précipitations,CK,Îles Cook,2018,,1.1,,,,MM,millimètre,SE,Standard error,0.9,,N,National,,
DATAFLOW,SPC:DF_CLIMATE_CHANGE(1.0),Indicateurs du changement climatique,I,A,Annuel,RAIN_ANOM,Anomalies des précipitations,CK,Îles Cook,2019,,21.2,,,,MM,millimètre,SE,Standard error,0.8,,N,National,,
DATAFLOW,SPC:DF_CLIMATE_CHANGE(1.0),Indicateurs du changement climatique,I,A,Annuel,RAIN_ANOM,Anomalies des précipitations,CK,Îles Cook,2020,,-0.1,,,,MM,millimètre,SE,Standard error,0.7,,N,National,,
DATAFLOW,SPC:DF_CLIMATE_CHANGE(1.0),Indicateurs du changement climatique,I,A,Annuel,RAIN_ANOM,Anomalies des précipitations,CK,Îles Cook,2021,,-13.8,,,,MM,millimètre,SE,Standard error,0.5,,N,National,,
DATAFLOW,SPC:DF_CLIMATE_CHANGE(1.0),Indicateurs du changement climatique,I,A,Annuel,RAIN_ANOM,Anomalies des précipitations,CK,Îles Cook,2022,,-8.1,,,,MM,millimètre,SE,Standard error,0.9,,N,National,,
DATAFLOW,SPC:DF_CLIMATE_CHANGE(1.0),Indicateurs du changement climatique,I,A,Annuel,RAIN_ANOM,Anomalies des précipitations,CK,Îles Cook,2023,,-5.2,,,,MM,millimètre,SE,Standard error,0.6,,N,National,,
DATAFLOW,SPC:DF_CLIMATE_CHANGE(1.0),Indicateurs du changement climatique,I,A,Annuel,RAIN_ANOM,Anomalies des précipitations,CK,Îles Cook,2024,,3.7,,,,MM,millimètre,SE,Standard error,0.8,,N,National,,
DATAFLOW,SPC:DF_CLIMATE_CHANGE(1.0),Indicateurs du changement climatique,I,A,Annuel,RAIN_ANOM,Anomalies des précipitations,CK,Îles Cook,2025,,-7.2,,,,MM,millimètre,SE,Standard error,0.6,,N,National,,
DATAFLOW,SPC:DF_CLIMATE_CHANGE(1.0),Indicateurs du changement climatique,I,A,Annuel,RAIN_ANOM,Anomalies des précipitations,FJ,Fidji,1979,,4.7,,,,MM,millimètre,SE,Standard error,1.1,,N,National,,
DATAFLOW,SPC:DF_CLIMATE_CHANGE(1.0),Indicateurs du changement climatique,I,A,Annuel,RAIN_ANOM,Anomalies des précipitations,FJ,Fidji,1980,,11.9,,,,MM,millimètre,SE,Standard error,1.2,,N,National,,
DATAFLOW,SPC:DF_CLIMATE_CHANGE(1.0),Indicateurs du changement climatique,I,A,Annuel,RAIN_ANOM,Anomalies des précipitations,FJ,Fidji,1981,,4.7,,,,MM,millimètre,SE,Standard error,1.1,,N,National,,
DATAFLOW,SPC:DF_CLIMATE_CHANGE(1.0),Indicateurs du changement climatique,I,A,Annuel,RAIN_ANOM,Anomalies des précipitations,FJ,Fidji,1982,,7.7,,,,MM,millimètre,SE,Standard error,1.3,,N,National,,
DATAFLOW,SPC:DF_CLIMATE_CHANGE(1.0),Indicateurs du changement climatique,I,A,Annuel,RAIN_ANOM,Anomalies des précipitations,FJ,Fidji,1983,,-11.1,,,,MM,millimètre,SE,Standard error,0.9,,N,National,,
DATAFLOW,SPC:DF_CLIMATE_CHANGE(1.0),Indicateurs du changement climatique,I,A,Annuel,RAIN_ANOM,Anomalies des précipitations,FJ,Fidji,1984,,3.6,,,,MM,millimètre,SE,Standard error,1.0,,N,National,,
DATAFLOW,SPC:DF_CLIMATE_CHANGE(1.0),Indicateurs du changement climatique,I,A,Annuel,RAIN_ANOM,Anomalies des précipitations,FJ,Fidji,1985,,12.7,,,,MM,millimètre,SE,Standard error,1.0,,N,National,,
DATAFLOW,SPC:DF_CLIMATE_CHANGE(1.0),Indicateurs du changement climatique,I,A,Annuel,RAIN_ANOM,Anomalies des précipitations,FJ,Fidji,1986,,8.6,,,,MM,millimètre,SE,Standard error,1.7,,N,National,,
DATAFLOW,SPC:DF_CLIMATE_CHANGE(1.0),Indicateurs du changement climatique,I,A,Annuel,RAIN_ANOM,Anomalies des précipitations,FJ,Fidji,1987,,-21.8,,,,MM,millimètre,SE,Standard error,1.0,,N,National,,
DATAFLOW,SPC:DF_CLIMATE_CHANGE(1.0),Indicateurs du changement climatique,I,A,Annuel,RAIN_ANOM,Anomalies des précipitations,FJ,Fidji,1988,,6.5,,,,MM,millimètre,SE,Standard error,1.0,,N,National,,
DATAFLOW,SPC:DF_CLIMATE_CHANGE(1.0),Indicateurs du changement climatique,I,A,Annuel,RAIN_ANOM,Anomalies des précipitations,FJ,Fidji,1989,,6.2,,,,MM,millimètre,SE,Standard error,1.3,,N,National,,
DATAFLOW,SPC:DF_CLIMATE_CHANGE(1.0),Indicateurs du changement climatique,I,A,Annuel,RAIN_ANOM,Anomalies des précipitations,FJ,Fidji,1990,,0.2,,,,MM,millimètre,SE,Standard error,0.8,,N,National,,
DATAFLOW,SPC:DF_CLIMATE_CHANGE(1.0),Indicateurs du changement climatique,I,A,Annuel,RAIN_ANOM,Anomalies des précipitations,FJ,Fidji,1991,,-9.4,,,,MM,millimètre,SE,Standard error,0.8,,N,National,,
DATAFLOW,SPC:DF_CLIMATE_CHANGE(1.0),Indicateurs du changement climatique,I,A,Annuel,RAIN_ANOM,Anomalies des précipitations,FJ,Fidji,1992,,-15.3,,,,MM,millimètre,SE,Standard error,0.6,,N,National,,
DATAFLOW,SPC:DF_CLIMATE_CHANGE(1.0),Indicateurs du changement climatique,I,A,Annuel,RAIN_ANOM,Anomalies des précipitations,FJ,Fidji,1993,,-4.6,,,,MM,millimètre,SE,Standard error,1.0,,N,National,,
DATAFLOW,SPC:DF_CLIMATE_CHANGE(1.0),Indicateurs du changement climatique,I,A,Annuel,RAIN_ANOM,Anomalies des précipitations,FJ,Fidji,1994,,-9.7,,,,MM,millimètre,SE,Standard error,1.1,,N,National,,
DATAFLOW,SPC:DF_CLIMATE_CHANGE(1.0),Indicateurs du changement climatique,I,A,Annuel,RAIN_ANOM,Anomalies des précipitations,FJ,Fidji,1995,,-10.9,,,,MM,millimètre,SE,Standard error,1.0,,N,National,,
DATAFLOW,SPC:DF_CLIMATE_CHANGE(1.0),Indicateurs du changement climatique,I,A,Annuel,RAIN_ANOM,Anomalies des précipitations,FJ,Fidji,1996,,10.3,,,,MM,millimètre,SE,Standard error,1.0,,N,National,,
DATAFLOW,SPC:DF_CLIMATE_CHANGE(1.0),Indicateurs du changement climatique,I,A,Annuel,RAIN_ANOM,Anomalies des précipitations,FJ,Fidji,1997,,8.9,,,,MM,millimètre,SE,Standard error,1.5,,N,National,,
DATAFLOW,SPC:DF_CLIMATE_CHANGE(1.0),Indicateurs du changement climatique,I,A,Annuel,RAIN_ANOM,Anomalies des précipitations,FJ,Fidji,1998,,-24.2,,,,MM,millimètre,SE,Standard error,0.8,,N,National,,
DATAFLOW,SPC:DF_CLIMATE_CHANGE(1.0),Indicateurs du changement climatique,I,A,Annuel,RAIN_ANOM,Anomalies des précipitations,FJ,Fidji,1999,,19.6,,,,MM,millimètre,SE,Standard error,1.2,,N,National,,
DATAFLOW,SPC:DF_CLIMATE_CHANGE(1.0),Indicateurs du changement climatique,I,A,Annuel,RAIN_ANOM,Anomalies des précipitations,FJ,Fidji,2000,,21.7,,,,MM,millimètre,SE,Standard error,1.0,,N,National,,
DATAFLOW,SPC:DF_CLIMATE_CHANGE(1.0),Indicateurs du changement climatique,I,A,Annuel,RAIN_ANOM,Anomalies des précipitations,FJ,Fidji,2001,,-1.8,,,,MM,millimètre,SE,Standard error,0.8,,N,National,,
DATAFLOW,SPC:DF_CLIMATE_CHANGE(1.0),Indicateurs du changement climatique,I,A,Annuel,RAIN_ANOM,Anomalies des précipitations,FJ,Fidji,2002,,-0.1,,,,MM,millimètre,SE,Standard error,0.9,,N,National,,
DATAFLOW,SPC:DF_CLIMATE_CHANGE(1.0),Indicateurs du changement climatique,I,A,Annuel,RAIN_ANOM,Anomalies des précipitations,FJ,Fidji,2003,,-17.8,,,,MM,millimètre,SE,Standard error,0.7,,N,National,,
DATAFLOW,SPC:DF_CLIMATE_CHANGE(1.0),Indicateurs du changement climatique,I,A,Annuel,RAIN_ANOM,Anomalies des précipitations,FJ,Fidji,2004,,-10.0,,,,MM,millimètre,SE,Standard error,0.9,,N,National,,
DATAFLOW,SPC:DF_CLIMATE_CHANGE(1.0),Indicateurs du changement climatique,I,A,Annuel,RAIN_ANOM,Anomalies des précipitations,FJ,Fidji,2005,,-5.1,,,,MM,millimètre,SE,Standard error,0.7,,N,National,,
DATAFLOW,SPC:DF_CLIMATE_CHANGE(1.0),Indicateurs du changement climatique,I,A,Annuel,RAIN_ANOM,Anomalies des précipitations,FJ,Fidji,2006,,-10.9,,,,MM,millimètre,SE,Standard error,0.6,,N,National,,
DATAFLOW,SPC:DF_CLIMATE_CHANGE(1.0),Indicateurs du changement climatique,I,A,Annuel,RAIN_ANOM,Anomalies des précipitations,FJ,Fidji,2007,,10.9,,,,MM,millimètre,SE,Standard error,1.1,,N,National,,
DATAFLOW,SPC:DF_CLIMATE_CHANGE(1.0),Indicateurs du changement climatique,I,A,Annuel,RAIN_ANOM,Anomalies des précipitations,FJ,Fidji,2008,,5.4,,,,MM,millimètre,SE,Standard error,1.2,,N,National,,
DATAFLOW,SPC:DF_CLIMATE_CHANGE(1.0),Indicateurs du changement climatique,I,A,Annuel,RAIN_ANOM,Anomalies des précipitations,FJ,Fidji,2009,,14.4,,,,MM,millimètre,SE,Standard error,1.7,,N,National,,
DATAFLOW,SPC:DF_CLIMATE_CHANGE(1.0),Indicateurs du changement climatique,I,A,Annuel,RAIN_ANOM,Anomalies des précipitations,FJ,Fidji,2010,,0.2,,,,MM,millimètre,SE,Standard error,1.1,,N,National,,
DATAFLOW,SPC:DF_CLIMATE_CHANGE(1.0),Indicateurs du changement climatique,I,A,Annuel,RAIN_ANOM,Anomalies des précipitations,FJ,Fidji,2011,,10.5,,,,MM,millimètre,SE,Standard error,0.7,,N,National,,
DATAFLOW,SPC:DF_CLIMATE_CHANGE(1.0),Indicateurs du changement climatique,I,A,Annuel,RAIN_ANOM,Anomalies des précipitations,FJ,Fidji,2012,,23.9,,,,MM,millimètre,SE,Standard error,1.2,,N,National,,
DATAFLOW,SPC:DF_CLIMATE_CHANGE(1.0),Indicateurs du changement climatique,I,A,Annuel,RAIN_ANOM,Anomalies des précipitations,FJ,Fidji,2013,,8.1,,,,MM,millimètre,SE,Standard error,0.9,,N,National,,
DATAFLOW,SPC:DF_CLIMATE_CHANGE(1.0),Indicateurs du changement climatique,I,A,Annuel,RAIN_ANOM,Anomalies des précipitations,FJ,Fidji,2014,,-14.4,,,,MM,millimètre,SE,Standard error,0.9,,N,National,,
DATAFLOW,SPC:DF_CLIMATE_CHANGE(1.0),Indicateurs du changement climatique,I,A,Annuel,RAIN_ANOM,Anomalies des précipitations,FJ,Fidji,2015,,-21.0,,,,MM,millimètre,SE,Standard error,0.8,,N,National,,
DATAFLOW,SPC:DF_CLIMATE_CHANGE(1.0),Indicateurs du changement climatique,I,A,Annuel,RAIN_ANOM,Anomalies des précipitations,FJ,Fidji,2016,,-0.7,,,,MM,millimètre,SE,Standard error,1.3,,N,National,,
DATAFLOW,SPC:DF_CLIMATE_CHANGE(1.0),Indicateurs du changement climatique,I,A,Annuel,RAIN_ANOM,Anomalies des précipitations,FJ,Fidji,2017,,-2.1,,,,MM,millimètre,SE,Standard error,1.2,,N,National,,
DATAFLOW,SPC:DF_CLIMATE_CHANGE(1.0),Indicateurs du changement climatique,I,A,Annuel,RAIN_ANOM,Anomalies des précipitations,FJ,Fidji,2018,,1.8,,,,MM,millimètre,SE,Standard error,1.1,,N,National,,
DATAFLOW,SPC:DF_CLIMATE_CHANGE(1.0),Indicateurs du changement climatique,I,A,Annuel,RAIN_ANOM,Anomalies des précipitations,FJ,Fidji,2019,,19.9,,,,MM,millimètre,SE,Standard error,1.0,,N,National,,
DATAFLOW,SPC:DF_CLIMATE_CHANGE(1.0),Indicateurs du changement climatique,I,A,Annuel,RAIN_ANOM,Anomalies des précipitations,FJ,Fidji,2020,,2.1,,,,MM,millimètre,SE,Standard error,1.2,,N,National,,
DATAFLOW,SPC:DF_CLIMATE_CHANGE(1.0),Indicateurs du changement climatique,I,A,Annuel,RAIN_ANOM,Anomalies des précipitations,FJ,Fidji,2021,,8.1,,,,MM,millimètre,SE,Standard error,1.2,,N,National,,
DATAFLOW,SPC:DF_CLIMATE_CHANGE(1.0),Indicateurs du changement climatique,I,A,Annuel,RAIN_ANOM,Anomalies des précipitations,FJ,Fidji,2022,,12.7,,,,MM,millimètre,SE,Standard error,1.4,,N,National,,
DATAFLOW,SPC:DF_CLIMATE_CHANGE(1.0),Indicateurs du changement climatique,I,A,Annuel,RAIN_ANOM,Anomalies des précipitations,FJ,Fidji,2023,,-3.3,,,,MM,millimètre,SE,Standard error,0.9,,N,National,,
DATAFLOW,SPC:DF_CLIMATE_CHANGE(1.0),Indicateurs du changement climatique,I,A,Annuel,RAIN_ANOM,Anomalies des précipitations,FJ,Fidji,2024,,16.6,,,,MM,millimètre,SE,Standard error,1.5,,N,National,,
DATAFLOW,SPC:DF_CLIMATE_CHANGE(1.0),Indicateurs du changement climatique,I,A,Annuel,RAIN_ANOM,Anomalies des précipitations,FJ,Fidji,2025,,1.3,,,,MM,millimètre,SE,Standard error,1.0,,N,National,,
DATAFLOW,SPC:DF_CLIMATE_CHANGE(1.0),Indicateurs du changement climatique,I,A,Annuel,RAIN_ANOM,Anomalies des précipitations,NR,Nauru,1979,,21.6,,,,MM,millimètre,SE,Standard error,0.9,,N,National,,
DATAFLOW,SPC:DF_CLIMATE_CHANGE(1.0),Indicateurs du changement climatique,I,A,Annuel,RAIN_ANOM,Anomalies des précipitations,NR,Nauru,1980,,25.5,,,,MM,millimètre,SE,Standard error,0.7,,N,National,,
DATAFLOW,SPC:DF_CLIMATE_CHANGE(1.0),Indicateurs du changement climatique,I,A,Annuel,RAIN_ANOM,Anomalies des précipitations,NR,Nauru,1981,,4.5,,,,MM,millimètre,SE,Standard error,1.1,,N,National,,
DATAFLOW,SPC:DF_CLIMATE_CHANGE(1.0),Indicateurs du changement climatique,I,A,Annuel,RAIN_ANOM,Anomalies des précipitations,NR,Nauru,1982,,16.2,,,,MM,millimètre,SE,Standard error,0.6,,N,National,,
DATAFLOW,SPC:DF_CLIMATE_CHANGE(1.0),Indicateurs du changement climatique,I,A,Annuel,RAIN_ANOM,Anomalies des précipitations,NR,Nauru,1983,,-13.5,,,,MM,millimètre,SE,Standard error,0.5,,N,National,,
DATAFLOW,SPC:DF_CLIMATE_CHANGE(1.0),Indicateurs du changement climatique,I,A,Annuel,RAIN_ANOM,Anomalies des précipitations,NR,Nauru,1984,,-31.8,,,,MM,millimètre,SE,Standard error,0.8,,N,National,,
DATAFLOW,SPC:DF_CLIMATE_CHANGE(1.0),Indicateurs du changement climatique,I,A,Annuel,RAIN_ANOM,Anomalies des précipitations,NR,Nauru,1985,,-11.1,,,,MM,millimètre,SE,Standard error,0.9,,N,National,,
DATAFLOW,SPC:DF_CLIMATE_CHANGE(1.0),Indicateurs du changement climatique,I,A,Annuel,RAIN_ANOM,Anomalies des précipitations,NR,Nauru,1986,,18.2,,,,MM,millimètre,SE,Standard error,1.2,,N,National,,
DATAFLOW,SPC:DF_CLIMATE_CHANGE(1.0),Indicateurs du changement climatique,I,A,Annuel,RAIN_ANOM,Anomalies des précipitations,NR,Nauru,1987,,37.9,,,,MM,millimètre,SE,Standard error,0.9,,N,National,,
DATAFLOW,SPC:DF_CLIMATE_CHANGE(1.0),Indicateurs du changement climatique,I,A,Annuel,RAIN_ANOM,Anomalies des précipitations,NR,Nauru,1988,,-25.4,,,,MM,millimètre,SE,Standard error,1.3,,N,National,,
DATAFLOW,SPC:DF_CLIMATE_CHANGE(1.0),Indicateurs du changement climatique,I,A,Annuel,RAIN_ANOM,Anomalies des précipitations,NR,Nauru,1989,,-34.2,,,,MM,millimètre,SE,Standard error,0.8,,N,National,,
DATAFLOW,SPC:DF_CLIMATE_CHANGE(1.0),Indicateurs du changement climatique,I,A,Annuel,RAIN_ANOM,Anomalies des précipitations,NR,Nauru,1990,,27.4,,,,MM,millimètre,SE,Standard error,0.9,,N,National,,
DATAFLOW,SPC:DF_CLIMATE_CHANGE(1.0),Indicateurs du changement climatique,I,A,Annuel,RAIN_ANOM,Anomalies des précipitations,NR,Nauru,1991,,26.5,,,,MM,millimètre,SE,Standard error,1.0,,N,National,,
DATAFLOW,SPC:DF_CLIMATE_CHANGE(1.0),Indicateurs du changement climatique,I,A,Annuel,RAIN_ANOM,Anomalies des précipitations,NR,Nauru,1992,,40.5,,,,MM,millimètre,SE,Standard error,1.0,,N,National,,
DATAFLOW,SPC:DF_CLIMATE_CHANGE(1.0),Indicateurs du changement climatique,I,A,Annuel,RAIN_ANOM,Anomalies des précipitations,NR,Nauru,1993,,53.6,,,,MM,millimètre,SE,Standard error,1.0,,N,National,,
DATAFLOW,SPC:DF_CLIMATE_CHANGE(1.0),Indicateurs du changement climatique,I,A,Annuel,RAIN_ANOM,Anomalies des précipitations,NR,Nauru,1994,,7.8,,,,MM,millimètre,SE,Standard error,1.0,,N,National,,
DATAFLOW,SPC:DF_CLIMATE_CHANGE(1.0),Indicateurs du changement climatique,I,A,Annuel,RAIN_ANOM,Anomalies des précipitations,NR,Nauru,1995,,-14.3,,,,MM,millimètre,SE,Standard error,1.1,,N,National,,
DATAFLOW,SPC:DF_CLIMATE_CHANGE(1.0),Indicateurs du changement climatique,I,A,Annuel,RAIN_ANOM,Anomalies des précipitations,NR,Nauru,1996,,-43.3,,,,MM,millimètre,SE,Standard error,0.5,,N,National,,
DATAFLOW,SPC:DF_CLIMATE_CHANGE(1.0),Indicateurs du changement climatique,I,A,Annuel,RAIN_ANOM,Anomalies des précipitations,NR,Nauru,1997,,28.9,,,,MM,millimètre,SE,Standard error,0.8,,N,National,,
DATAFLOW,SPC:DF_CLIMATE_CHANGE(1.0),Indicateurs du changement climatique,I,A,Annuel,RAIN_ANOM,Anomalies des précipitations,NR,Nauru,1998,,-30.2,,,,MM,millimètre,SE,Standard error,0.5,,N,National,,
DATAFLOW,SPC:DF_CLIMATE_CHANGE(1.0),Indicateurs du changement climatique,I,A,Annuel,RAIN_ANOM,Anomalies des précipitations,NR,Nauru,1999,,-54.4,,,,MM,millimètre,SE,Standard error,0.2,,N,National,,
DATAFLOW,SPC:DF_CLIMATE_CHANGE(1.0),Indicateurs du changement climatique,I,A,Annuel,RAIN_ANOM,Anomalies des précipitations,NR,Nauru,2000,,-44.2,,,,MM,millimètre,SE,Standard error,0.3,,N,National,,
DATAFLOW,SPC:DF_CLIMATE_CHANGE(1.0),Indicateurs du changement climatique,I,A,Annuel,RAIN_ANOM,Anomalies des précipitations,NR,Nauru,2001,,-1.4,,,,MM,millimètre,SE,Standard error,1.3,,N,National,,
DATAFLOW,SPC:DF_CLIMATE_CHANGE(1.0),Indicateurs du changement climatique,I,A,Annuel,RAIN_ANOM,Anomalies des précipitations,NR,Nauru,2002,,46.1,,,,MM,millimètre,SE,Standard error,0.8,,N,National,,
DATAFLOW,SPC:DF_CLIMATE_CHANGE(1.0),Indicateurs du changement climatique,I,A,Annuel,RAIN_ANOM,Anomalies des précipitations,NR,Nauru,2003,,9.4,,,,MM,millimètre,SE,Standard error,0.9,,N,National,,
DATAFLOW,SPC:DF_CLIMATE_CHANGE(1.0),Indicateurs du changement climatique,I,A,Annuel,RAIN_ANOM,Anomalies des précipitations,NR,Nauru,2004,,26.4,,,,MM,millimètre,SE,Standard error,1.0,,N,National,,
DATAFLOW,SPC:DF_CLIMATE_CHANGE(1.0),Indicateurs du changement climatique,I,A,Annuel,RAIN_ANOM,Anomalies des précipitations,NR,Nauru,2005,,10.0,,,,MM,millimètre,SE,Standard error,1.0,,N,National,,
DATAFLOW,SPC:DF_CLIMATE_CHANGE(1.0),Indicateurs du changement climatique,I,A,Annuel,RAIN_ANOM,Anomalies des précipitations,NR,Nauru,2006,,-4.1,,,,MM,millimètre,SE,Standard error,1.1,,N,National,,
DATAFLOW,SPC:DF_CLIMATE_CHANGE(1.0),Indicateurs du changement climatique,I,A,Annuel,RAIN_ANOM,Anomalies des précipitations,NR,Nauru,2007,,-11.8,,,,MM,millimètre,SE,Standard error,1.1,,N,National,,
DATAFLOW,SPC:DF_CLIMATE_CHANGE(1.0),Indicateurs du changement climatique,I,A,Annuel,RAIN_ANOM,Anomalies des précipitations,NR,Nauru,2008,,-49.1,,,,MM,millimètre,SE,Standard error,0.3,,N,National,,
DATAFLOW,SPC:DF_CLIMATE_CHANGE(1.0),Indicateurs du changement climatique,I,A,Annuel,RAIN_ANOM,Anomalies des précipitations,NR,Nauru,2009,,3.6,,,,MM,millimètre,SE,Standard error,1.3,,N,National,,
DATAFLOW,SPC:DF_CLIMATE_CHANGE(1.0),Indicateurs du changement climatique,I,A,Annuel,RAIN_ANOM,Anomalies des précipitations,NR,Nauru,2010,,-6.8,,,,MM,millimètre,SE,Standard error,1.6,,N,National,,
DATAFLOW,SPC:DF_CLIMATE_CHANGE(1.0),Indicateurs du changement climatique,I,A,Annuel,RAIN_ANOM,Anomalies des précipitations,NR,Nauru,2011,,-42.4,,,,MM,millimètre,SE,Standard error,0.4,,N,National,,
DATAFLOW,SPC:DF_CLIMATE_CHANGE(1.0),Indicateurs du changement climatique,I,A,Annuel,RAIN_ANOM,Anomalies des précipitations,NR,Nauru,2012,,-9.6,,,,MM,millimètre,SE,Standard error,0.8,,N,National,,
DATAFLOW,SPC:DF_CLIMATE_CHANGE(1.0),Indicateurs du changement climatique,I,A,Annuel,RAIN_ANOM,Anomalies des précipitations,NR,Nauru,2013,,-17.5,,,,MM,millimètre,SE,Standard error,1.0,,N,National,,
DATAFLOW,SPC:DF_CLIMATE_CHANGE(1.0),Indicateurs du changement climatique,I,A,Annuel,RAIN_ANOM,Anomalies des précipitations,NR,Nauru,2014,,22.7,,,,MM,millimètre,SE,Standard error,1.1,,N,National,,
DATAFLOW,SPC:DF_CLIMATE_CHANGE(1.0),Indicateurs du changement climatique,I,A,Annuel,RAIN_ANOM,Anomalies des précipitations,NR,Nauru,2015,,49.5,,,,MM,millimètre,SE,Standard error,0.6,,N,National,,
DATAFLOW,SPC:DF_CLIMATE_CHANGE(1.0),Indicateurs du changement climatique,I,A,Annuel,RAIN_ANOM,Anomalies des précipitations,NR,Nauru,2016,,-5.0,,,,MM,millimètre,SE,Standard error,1.6,,N,National,,
DATAFLOW,SPC:DF_CLIMATE_CHANGE(1.0),Indicateurs du changement climatique,I,A,Annuel,RAIN_ANOM,Anomalies des précipitations,NR,Nauru,2017,,-22.2,,,,MM,millimètre,SE,Standard error,0.8,,N,National,,
DATAFLOW,SPC:DF_CLIMATE_CHANGE(1.0),Indicateurs du changement climatique,I,A,Annuel,RAIN_ANOM,Anomalies des précipitations,NR,Nauru,2018,,-9.7,,,,MM,millimètre,SE,Standard error,1.0,,N,National,,
DATAFLOW,SPC:DF_CLIMATE_CHANGE(1.0),Indicateurs du changement climatique,I,A,Annuel,RAIN_ANOM,Anomalies des précipitations,NR,Nauru,2019,,66.6,,,,MM,millimètre,SE,Standard error,1.1,,N,National,,
DATAFLOW,SPC:DF_CLIMATE_CHANGE(1.0),Indicateurs du changement climatique,I,A,Annuel,RAIN_ANOM,Anomalies des précipitations,NR,Nauru,2020,,-25.3,,,,MM,millimètre,SE,Standard error,1.2,,N,National,,
DATAFLOW,SPC:DF_CLIMATE_CHANGE(1.0),Indicateurs du changement climatique,I,A,Annuel,RAIN_ANOM,Anomalies des précipitations,NR,Nauru,2021,,-41.1,,,,MM,millimètre,SE,Standard error,0.5,,N,National,,
DATAFLOW,SPC:DF_CLIMATE_CHANGE(1.0),Indicateurs du changement climatique,I,A,Annuel,RAIN_ANOM,Anomalies des précipitations,NR,Nauru,2022,,-48.0,,,,MM,millimètre,SE,Standard error,0.4,,N,National,,
DATAFLOW,SPC:DF_CLIMATE_CHANGE(1.0),Indicateurs du changement climatique,I,A,Annuel,RAIN_ANOM,Anomalies des précipitations,NR,Nauru,2023,,11.1,,,,MM,millimètre,SE,Standard error,1.1,,N,National,,
DATAFLOW,SPC:DF_CLIMATE_CHANGE(1.0),Indicateurs du changement climatique,I,A,Annuel,RAIN_ANOM,Anomalies des précipitations,NR,Nauru,2024,,-13.5,,,,MM,millimètre,SE,Standard error,0.9,,N,National,,
DATAFLOW,SPC:DF_CLIMATE_CHANGE(1.0),Indicateurs du changement climatique,I,A,Annuel,RAIN_ANOM,Anomalies des précipitations,NR,Nauru,2025,,-41.8,,,,MM,millimètre,SE,Standard error,0.4,,N,National,,
DATAFLOW,SPC:DF_CLIMATE_CHANGE(1.0),Indicateurs du changement climatique,I,A,Annuel,RAIN_ANOM,Anomalies des précipitations,KI,Kiribati,1979,,2.6,,,,MM,millimètre,SE,Standard error,0.5,,N,National,,
DATAFLOW,SPC:DF_CLIMATE_CHANGE(1.0),Indicateurs du changement climatique,I,A,Annuel,RAIN_ANOM,Anomalies des précipitations,KI,Kiribati,1980,,1.5,,,,MM,millimètre,SE,Standard error,0.4,,N,National,,
DATAFLOW,SPC:DF_CLIMATE_CHANGE(1.0),Indicateurs du changement climatique,I,A,Annuel,RAIN_ANOM,Anomalies des précipitations,KI,Kiribati,1981,,-2.8,,,,MM,millimètre,SE,Standard error,0.5,,N,National,,
DATAFLOW,SPC:DF_CLIMATE_CHANGE(1.0),Indicateurs du changement climatique,I,A,Annuel,RAIN_ANOM,Anomalies des précipitations,KI,Kiribati,1982,,19.2,,,,MM,millimètre,SE,Standard error,0.8,,N,National,,
DATAFLOW,SPC:DF_CLIMATE_CHANGE(1.0),Indicateurs du changement climatique,I,A,Annuel,RAIN_ANOM,Anomalies des précipitations,KI,Kiribati,1983,,11.1,,,,MM,millimètre,SE,Standard error,0.8,,N,National,,
DATAFLOW,SPC:DF_CLIMATE_CHANGE(1.0),Indicateurs du changement climatique,I,A,Annuel,RAIN_ANOM,Anomalies des précipitations,KI,Kiribati,1984,,-19.9,,,,MM,millimètre,SE,Standard error,0.2,,N,National,,
DATAFLOW,SPC:DF_CLIMATE_CHANGE(1.0),Indicateurs du changement climatique,I,A,Annuel,RAIN_ANOM,Anomalies des précipitations,KI,Kiribati,1985,,-12.6,,,,MM,millimètre,SE,Standard error,0.3,,N,National,,
DATAFLOW,SPC:DF_CLIMATE_CHANGE(1.0),Indicateurs du changement climatique,I,A,Annuel,RAIN_ANOM,Anomalies des précipitations,KI,Kiribati,1986,,-0.4,,,,MM,millimètre,SE,Standard error,0.5,,N,National,,
DATAFLOW,SPC:DF_CLIMATE_CHANGE(1.0),Indicateurs du changement climatique,I,A,Annuel,RAIN_ANOM,Anomalies des précipitations,KI,Kiribati,1987,,41.9,,,,MM,millimètre,SE,Standard error,0.6,,N,National,,
DATAFLOW,SPC:DF_CLIMATE_CHANGE(1.0),Indicateurs du changement climatique,I,A,Annuel,RAIN_ANOM,Anomalies des précipitations,KI,Kiribati,1988,,-14.0,,,,MM,millimètre,SE,Standard error,0.7,,N,National,,
DATAFLOW,SPC:DF_CLIMATE_CHANGE(1.0),Indicateurs du changement climatique,I,A,Annuel,RAIN_ANOM,Anomalies des précipitations,KI,Kiribati,1989,,-19.7,,,,MM,millimètre,SE,Standard error,0.3,,N,National,,
DATAFLOW,SPC:DF_CLIMATE_CHANGE(1.0),Indicateurs du changement climatique,I,A,Annuel,RAIN_ANOM,Anomalies des précipitations,KI,Kiribati,1990,,10.4,,,,MM,millimètre,SE,Standard error,0.5,,N,National,,
DATAFLOW,SPC:DF_CLIMATE_CHANGE(1.0),Indicateurs du changement climatique,I,A,Annuel,RAIN_ANOM,Anomalies des précipitations,KI,Kiribati,1991,,15.3,,,,MM,millimètre,SE,Standard error,0.4,,N,National,,
DATAFLOW,SPC:DF_CLIMATE_CHANGE(1.0),Indicateurs du changement climatique,I,A,Annuel,RAIN_ANOM,Anomalies des précipitations,KI,Kiribati,1992,,37.3,,,,MM,millimètre,SE,Standard error,1.3,,N,National,,
DATAFLOW,SPC:DF_CLIMATE_CHANGE(1.0),Indicateurs du changement climatique,I,A,Annuel,RAIN_ANOM,Anomalies des précipitations,KI,Kiribati,1993,,19.9,,,,MM,millimètre,SE,Standard error,0.7,,N,National,,
DATAFLOW,SPC:DF_CLIMATE_CHANGE(1.0),Indicateurs du changement climatique,I,A,Annuel,RAIN_ANOM,Anomalies des précipitations,KI,Kiribati,1994,,1.5,,,,MM,millimètre,SE,Standard error,0.6,,N,National,,
DATAFLOW,SPC:DF_CLIMATE_CHANGE(1.0),Indicateurs du changement climatique,I,A,Annuel,RAIN_ANOM,Anomalies des précipitations,KI,Kiribati,1995,,-18.4,,,,MM,millimètre,SE,Standard error,0.6,,N,National,,
DATAFLOW,SPC:DF_CLIMATE_CHANGE(1.0),Indicateurs du changement climatique,I,A,Annuel,RAIN_ANOM,Anomalies des précipitations,KI,Kiribati,1996,,-25.2,,,,MM,millimètre,SE,Standard error,0.3,,N,National,,
DATAFLOW,SPC:DF_CLIMATE_CHANGE(1.0),Indicateurs du changement climatique,I,A,Annuel,RAIN_ANOM,Anomalies des précipitations,KI,Kiribati,1997,,40.4,,,,MM,millimètre,SE,Standard error,1.0,,N,National,,
DATAFLOW,SPC:DF_CLIMATE_CHANGE(1.0),Indicateurs du changement climatique,I,A,Annuel,RAIN_ANOM,Anomalies des précipitations,KI,Kiribati,1998,,-16.9,,,,MM,millimètre,SE,Standard error,0.7,,N,National,,
DATAFLOW,SPC:DF_CLIMATE_CHANGE(1.0),Indicateurs du changement climatique,I,A,Annuel,RAIN_ANOM,Anomalies des précipitations,KI,Kiribati,1999,,-29.7,,,,MM,millimètre,SE,Standard error,0.2,,N,National,,
DATAFLOW,SPC:DF_CLIMATE_CHANGE(1.0),Indicateurs du changement climatique,I,A,Annuel,RAIN_ANOM,Anomalies des précipitations,KI,Kiribati,2000,,-26.1,,,,MM,millimètre,SE,Standard error,0.1,,N,National,,
DATAFLOW,SPC:DF_CLIMATE_CHANGE(1.0),Indicateurs du changement climatique,I,A,Annuel,RAIN_ANOM,Anomalies des précipitations,KI,Kiribati,2001,,-12.9,,,,MM,millimètre,SE,Standard error,0.3,,N,National,,
DATAFLOW,SPC:DF_CLIMATE_CHANGE(1.0),Indicateurs du changement climatique,I,A,Annuel,RAIN_ANOM,Anomalies des précipitations,KI,Kiribati,2002,,25.4,,,,MM,millimètre,SE,Standard error,0.7,,N,National,,
DATAFLOW,SPC:DF_CLIMATE_CHANGE(1.0),Indicateurs du changement climatique,I,A,Annuel,RAIN_ANOM,Anomalies des précipitations,KI,Kiribati,2003,,5.0,,,,MM,millimètre,SE,Standard error,0.9,,N,National,,
DATAFLOW,SPC:DF_CLIMATE_CHANGE(1.0),Indicateurs du changement climatique,I,A,Annuel,RAIN_ANOM,Anomalies des précipitations,KI,Kiribati,2004,,-1.5,,,,MM,millimètre,SE,Standard error,0.4,,N,National,,
DATAFLOW,SPC:DF_CLIMATE_CHANGE(1.0),Indicateurs du changement climatique,I,A,Annuel,RAIN_ANOM,Anomalies des précipitations,KI,Kiribati,2005,,-2.6,,,,MM,millimètre,SE,Standard error,0.5,,N,National,,
DATAFLOW,SPC:DF_CLIMATE_CHANGE(1.0),Indicateurs du changement climatique,I,A,Annuel,RAIN_ANOM,Anomalies des précipitations,KI,Kiribati,2006,,-0.3,,,,MM,millimètre,SE,Standard error,0.6,,N,National,,
DATAFLOW,SPC:DF_CLIMATE_CHANGE(1.0),Indicateurs du changement climatique,I,A,Annuel,RAIN_ANOM,Anomalies des précipitations,KI,Kiribati,2007,,-6.8,,,,MM,millimètre,SE,Standard error,0.7,,N,National,,
DATAFLOW,SPC:DF_CLIMATE_CHANGE(1.0),Indicateurs du changement climatique,I,A,Annuel,RAIN_ANOM,Anomalies des précipitations,KI,Kiribati,2008,,-22.2,,,,MM,millimètre,SE,Standard error,0.3,,N,National,,
DATAFLOW,SPC:DF_CLIMATE_CHANGE(1.0),Indicateurs du changement climatique,I,A,Annuel,RAIN_ANOM,Anomalies des précipitations,KI,Kiribati,2009,,2.9,,,,MM,millimètre,SE,Standard error,0.7,,N,National,,
DATAFLOW,SPC:DF_CLIMATE_CHANGE(1.0),Indicateurs du changement climatique,I,A,Annuel,RAIN_ANOM,Anomalies des précipitations,KI,Kiribati,2010,,18.5,,,,MM,millimètre,SE,Standard error,1.7,,N,National,,
DATAFLOW,SPC:DF_CLIMATE_CHANGE(1.0),Indicateurs du changement climatique,I,A,Annuel,RAIN_ANOM,Anomalies des précipitations,KI,Kiribati,2011,,-20.2,,,,MM,millimètre,SE,Standard error,0.4,,N,National,,
DATAFLOW,SPC:DF_CLIMATE_CHANGE(1.0),Indicateurs du changement climatique,I,A,Annuel,RAIN_ANOM,Anomalies des précipitations,KI,Kiribati,2012,,-8.7,,,,MM,millimètre,SE,Standard error,0.3,,N,National,,
DATAFLOW,SPC:DF_CLIMATE_CHANGE(1.0),Indicateurs du changement climatique,I,A,Annuel,RAIN_ANOM,Anomalies des précipitations,KI,Kiribati,2013,,-15.0,,,,MM,millimètre,SE,Standard error,0.4,,N,National,,
DATAFLOW,SPC:DF_CLIMATE_CHANGE(1.0),Indicateurs du changement climatique,I,A,Annuel,RAIN_ANOM,Anomalies des précipitations,KI,Kiribati,2014,,4.9,,,,MM,millimètre,SE,Standard error,0.7,,N,National,,
DATAFLOW,SPC:DF_CLIMATE_CHANGE(1.0),Indicateurs du changement climatique,I,A,Annuel,RAIN_ANOM,Anomalies des précipitations,KI,Kiribati,2015,,50.3,,,,MM,millimètre,SE,Standard error,1.0,,N,National,,
DATAFLOW,SPC:DF_CLIMATE_CHANGE(1.0),Indicateurs du changement climatique,I,A,Annuel,RAIN_ANOM,Anomalies des précipitations,KI,Kiribati,2016,,13.0,,,,MM,millimètre,SE,Standard error,1.6,,N,National,,
DATAFLOW,SPC:DF_CLIMATE_CHANGE(1.0),Indicateurs du changement climatique,I,A,Annuel,RAIN_ANOM,Anomalies des précipitations,KI,Kiribati,2017,,-24.0,,,,MM,millimètre,SE,Standard error,0.3,,N,National,,
DATAFLOW,SPC:DF_CLIMATE_CHANGE(1.0),Indicateurs du changement climatique,I,A,Annuel,RAIN_ANOM,Anomalies des précipitations,KI,Kiribati,2018,,-20.1,,,,MM,millimètre,SE,Standard error,0.4,,N,National,,
DATAFLOW,SPC:DF_CLIMATE_CHANGE(1.0),Indicateurs du changement climatique,I,A,Annuel,RAIN_ANOM,Anomalies des précipitations,KI,Kiribati,2019,,27.3,,,,MM,millimètre,SE,Standard error,0.8,,N,National,,
DATAFLOW,SPC:DF_CLIMATE_CHANGE(1.0),Indicateurs du changement climatique,I,A,Annuel,RAIN_ANOM,Anomalies des précipitations,KI,Kiribati,2020,,-10.9,,,,MM,millimètre,SE,Standard error,0.7,,N,National,,
DATAFLOW,SPC:DF_CLIMATE_CHANGE(1.0),Indicateurs du changement climatique,I,A,Annuel,RAIN_ANOM,Anomalies des précipitations,KI,Kiribati,2021,,-20.9,,,,MM,millimètre,SE,Standard error,0.4,,N,National,,
DATAFLOW,SPC:DF_CLIMATE_CHANGE(1.0),Indicateurs du changement climatique,I,A,Annuel,RAIN_ANOM,Anomalies des précipitations,KI,Kiribati,2022,,-28.0,,,,MM,millimètre,SE,Standard error,0.2,,N,National,,
DATAFLOW,SPC:DF_CLIMATE_CHANGE(1.0),Indicateurs du changement climatique,I,A,Annuel,RAIN_ANOM,Anomalies des précipitations,KI,Kiribati,2023,,16.7,,,,MM,millimètre,SE,Standard error,0.7,,N,National,,
DATAFLOW,SPC:DF_CLIMATE_CHANGE(1.0),Indicateurs du changement climatique,I,A,Annuel,RAIN_ANOM,Anomalies des précipitations,KI,Kiribati,2024,,-4.6,,,,MM,millimètre,SE,Standard error,0.8,,N,National,,
DATAFLOW,SPC:DF_CLIMATE_CHANGE(1.0),Indicateurs du changement climatique,I,A,Annuel,RAIN_ANOM,Anomalies des précipitations,KI,Kiribati,2025,,-22.3,,,,MM,millimètre,SE,Standard error,0.3,,N,National,,
