STRUCTURE,STRUCTURE_ID,STRUCTURE_NAME,ACTION,FREQ,Fréquence,CLIMATE_CHANGE_INDICATORS,Indicateurs du changement climatique,GEO_PICT,Pays et territoires insulaires du Pacifique,TIME_PERIOD,Période,OBS_VALUE,Valeur observée,OBS_STATUS,Observation Status,UNIT_MEASURE,Unité de mesure,ERROR_TYPE,Error type,ERROR_VAL,Error value,REPORTING_TYPE,Reporting Type,OBS_COMMENT,Commentaire
DATAFLOW,SPC:DF_CLIMATE_CHANGE(1.0),Indicateurs du changement climatique,I,A,Annuel,SEA_LVL,Anomalies du niveau de la mer,KI,Kiribati,1993,,0.0,,,,METER,mètre,,,,,N,National,,
DATAFLOW,SPC:DF_CLIMATE_CHANGE(1.0),Indicateurs du changement climatique,I,A,Annuel,SEA_LVL,Anomalies du niveau de la mer,KI,Kiribati,1994,,0.0,,,,METER,mètre,,,,,N,National,,
DATAFLOW,SPC:DF_CLIMATE_CHANGE(1.0),Indicateurs du changement climatique,I,A,Annuel,SEA_LVL,Anomalies du niveau de la mer,KI,Kiribati,1995,,0.0,,,,METER,mètre,,,,,N,National,,
DATAFLOW,SPC:DF_CLIMATE_CHANGE(1.0),Indicateurs du changement climatique,I,A,Annuel,SEA_LVL,Anomalies du niveau de la mer,KI,Kiribati,1996,,0.0,,,,METER,mètre,,,,,N,National,,
DATAFLOW,SPC:DF_CLIMATE_CHANGE(1.0),Indicateurs du changement climatique,I,A,Annuel,SEA_LVL,Anomalies du niveau de la mer,KI,Kiribati,1997,,0.0,,,,METER,mètre,,,,,N,National,,
DATAFLOW,SPC:DF_CLIMATE_CHANGE(1.0),Indicateurs du changement climatique,I,A,Annuel,SEA_LVL,Anomalies du niveau de la mer,KI,Kiribati,1998,,-0.1,,,,METER,mètre,,,,,N,National,,
DATAFLOW,SPC:DF_CLIMATE_CHANGE(1.0),Indicateurs du changement climatique,I,A,Annuel,SEA_LVL,Anomalies du niveau de la mer,KI,Kiribati,1999,,0.0,,,,METER,mètre,,,,,N,National,,
DATAFLOW,SPC:DF_CLIMATE_CHANGE(1.0),Indicateurs du changement climatique,I,A,Annuel,SEA_LVL,Anomalies du niveau de la mer,KI,Kiribati,2000,,0.0,,,,METER,mètre,,,,,N,National,,
DATAFLOW,SPC:DF_CLIMATE_CHANGE(1.0),Indicateurs du changement climatique,I,A,Annuel,SEA_LVL,Anomalies du niveau de la mer,KI,Kiribati,2001,,0.0,,,,METER,mètre,,,,,N,National,,
DATAFLOW,SPC:DF_CLIMATE_CHANGE(1.0),Indicateurs du changement climatique,I,A,Annuel,SEA_LVL,Anomalies du niveau de la mer,KI,Kiribati,2002,,0.1,,,,METER,mètre,,,,,N,National,,
DATAFLOW,SPC:DF_CLIMATE_CHANGE(1.0),Indicateurs du changement climatique,I,A,Annuel,SEA_LVL,Anomalies du niveau de la mer,KI,Kiribati,2003,,0.1,,,,METER,mètre,,,,,N,National,,
DATAFLOW,SPC:DF_CLIMATE_CHANGE(1.0),Indicateurs du changement climatique,I,A,Annuel,SEA_LVL,Anomalies du niveau de la mer,KI,Kiribati,2004,,0.1,,,,METER,mètre,,,,,N,National,,
DATAFLOW,SPC:DF_CLIMATE_CHANGE(1.0),Indicateurs du changement climatique,I,A,Annuel,SEA_LVL,Anomalies du niveau de la mer,KI,Kiribati,2005,,0.1,,,,METER,mètre,,,,,N,National,,
DATAFLOW,SPC:DF_CLIMATE_CHANGE(1.0),Indicateurs du changement climatique,I,A,Annuel,SEA_LVL,Anomalies du niveau de la mer,KI,Kiribati,2006,,0.0,,,,METER,mètre,,,,,N,National,,
DATAFLOW,SPC:DF_CLIMATE_CHANGE(1.0),Indicateurs du changement climatique,I,A,Annuel,SEA_LVL,Anomalies du niveau de la mer,KI,Kiribati,2007,,0.0,,,,METER,mètre,,,,,N,National,,
DATAFLOW,SPC:DF_CLIMATE_CHANGE(1.0),Indicateurs du changement climatique,I,A,Annuel,SEA_LVL,Anomalies du niveau de la mer,KI,Kiribati,2008,,0.0,,,,METER,mètre,,,,,N,National,,
DATAFLOW,SPC:DF_CLIMATE_CHANGE(1.0),Indicateurs du changement climatique,I,A,Annuel,SEA_LVL,Anomalies du niveau de la mer,KI,Kiribati,2009,,0.0,,,,METER,mètre,,,,,N,National,,
DATAFLOW,SPC:DF_CLIMATE_CHANGE(1.0),Indicateurs du changement climatique,I,A,Annuel,SEA_LVL,Anomalies du niveau de la mer,KI,Kiribati,2010,,0.0,,,,METER,mètre,,,,,N,National,,
DATAFLOW,SPC:DF_CLIMATE_CHANGE(1.0),Indicateurs du changement climatique,I,A,Annuel,SEA_LVL,Anomalies du niveau de la mer,KI,Kiribati,2011,,0.0,,,,METER,mètre,,,,,N,National,,
DATAFLOW,SPC:DF_CLIMATE_CHANGE(1.0),Indicateurs du changement climatique,I,A,Annuel,SEA_LVL,Anomalies du niveau de la mer,KI,Kiribati,2012,,0.0,,,,METER,mètre,,,,,N,National,,
DATAFLOW,SPC:DF_CLIMATE_CHANGE(1.0),Indicateurs du changement climatique,I,A,Annuel,SEA_LVL,Anomalies du niveau de la mer,KI,Kiribati,2013,,0.0,,,,METER,mètre,,,,,N,National,,
DATAFLOW,SPC:DF_CLIMATE_CHANGE(1.0),Indicateurs du changement climatique,I,A,Annuel,SEA_LVL,Anomalies du niveau de la mer,KI,Kiribati,2014,,0.1,,,,METER,mètre,,,,,N,National,,
DATAFLOW,SPC:DF_CLIMATE_CHANGE(1.0),Indicateurs du changement climatique,I,A,Annuel,SEA_LVL,Anomalies du niveau de la mer,KI,Kiribati,2015,,0.1,,,,METER,mètre,,,,,N,National,,
DATAFLOW,SPC:DF_CLIMATE_CHANGE(1.0),Indicateurs du changement climatique,I,A,Annuel,SEA_LVL,Anomalies du niveau de la mer,KI,Kiribati,2016,,0.1,,,,METER,mètre,,,,,N,National,,
DATAFLOW,SPC:DF_CLIMATE_CHANGE(1.0),Indicateurs du changement climatique,I,A,Annuel,SEA_LVL,Anomalies du niveau de la mer,KI,Kiribati,2017,,0.1,,,,METER,mètre,,,,,N,National,,
DATAFLOW,SPC:DF_CLIMATE_CHANGE(1.0),Indicateurs du changement climatique,I,A,Annuel,SEA_LVL,Anomalies du niveau de la mer,KI,Kiribati,2018,,0.1,,,,METER,mètre,,,,,N,National,,
DATAFLOW,SPC:DF_CLIMATE_CHANGE(1.0),Indicateurs du changement climatique,I,A,Annuel,SEA_LVL,Anomalies du niveau de la mer,KI,Kiribati,2019,,0.1,,,,METER,mètre,,,,,N,National,,
DATAFLOW,SPC:DF_CLIMATE_CHANGE(1.0),Indicateurs du changement climatique,I,A,Annuel,SEA_LVL,Anomalies du niveau de la mer,KI,Kiribati,2020,,0.1,,,,METER,mètre,,,,,N,National,,
DATAFLOW,SPC:DF_CLIMATE_CHANGE(1.0),Indicateurs du changement climatique,I,A,Annuel,SEA_LVL,Anomalies du niveau de la mer,KI,Kiribati,2021,,0.1,,,,METER,mètre,,,,,N,National,,
DATAFLOW,SPC:DF_CLIMATE_CHANGE(1.0),Indicateurs du changement climatique,I,A,Annuel,SEA_LVL,Anomalies du niveau de la mer,KI,Kiribati,2022,,0.1,,,,METER,mètre,,,,,N,National,,
DATAFLOW,SPC:DF_CLIMATE_CHANGE(1.0),Indicateurs du changement climatique,I,A,Annuel,SEA_LVL,Anomalies du niveau de la mer,KI,Kiribati,2023,,0.1,,,,METER,mètre,,,,,N,National,,
DATAFLOW,SPC:DF_CLIMATE_CHANGE(1.0),Indicateurs du changement climatique,I,A,Annuel,SEA_LVL,Anomalies du niveau de la mer,PG,Papouasie-Nouvelle-Guinée,1993,,-0.1,,,,METER,mètre,,,,,N,National,,
DATAFLOW,SPC:DF_CLIMATE_CHANGE(1.0),Indicateurs du changement climatique,I,A,Annuel,SEA_LVL,Anomalies du niveau de la mer,PG,Papouasie-Nouvelle-Guinée,1994,,0.0,,,,METER,mètre,,,,,N,National,,
DATAFLOW,SPC:DF_CLIMATE_CHANGE(1.0),Indicateurs du changement climatique,I,A,Annuel,SEA_LVL,Anomalies du niveau de la mer,PG,Papouasie-Nouvelle-Guinée,1995,,0.0,,,,METER,mètre,,,,,N,National,,
DATAFLOW,SPC:DF_CLIMATE_CHANGE(1.0),Indicateurs du changement climatique,I,A,Annuel,SEA_LVL,Anomalies du niveau de la mer,PG,Papouasie-Nouvelle-Guinée,1996,,0.0,,,,METER,mètre,,,,,N,National,,
DATAFLOW,SPC:DF_CLIMATE_CHANGE(1.0),Indicateurs du changement climatique,I,A,Annuel,SEA_LVL,Anomalies du niveau de la mer,PG,Papouasie-Nouvelle-Guinée,1997,,0.0,,,,METER,mètre,,,,,N,National,,
DATAFLOW,SPC:DF_CLIMATE_CHANGE(1.0),Indicateurs du changement climatique,I,A,Annuel,SEA_LVL,Anomalies du niveau de la mer,PG,Papouasie-Nouvelle-Guinée,1998,,-0.1,,,,METER,mètre,,,,,N,National,,
DATAFLOW,SPC:DF_CLIMATE_CHANGE(1.0),Indicateurs du changement climatique,I,A,Annuel,SEA_LVL,Anomalies du niveau de la mer,PG,Papouasie-Nouvelle-Guinée,1999,,0.0,,,,METER,mètre,,,,,N,National,,
DATAFLOW,SPC:DF_CLIMATE_CHANGE(1.0),Indicateurs du changement climatique,I,A,Annuel,SEA_LVL,Anomalies du niveau de la mer,PG,Papouasie-Nouvelle-Guinée,2000,,0.1,,,,METER,mètre,,,,,N,National,,
DATAFLOW,SPC:DF_CLIMATE_CHANGE(1.0),Indicateurs du changement climatique,I,A,Annuel,SEA_LVL,Anomalies du niveau de la mer,PG,Papouasie-Nouvelle-Guinée,2001,,0.0,,,,METER,mètre,,,,,N,National,,
DATAFLOW,SPC:DF_CLIMATE_CHANGE(1.0),Indicateurs du changement climatique,I,A,Annuel,SEA_LVL,Anomalies du niveau de la mer,PG,Papouasie-Nouvelle-Guinée,2002,,0.0,,,,METER,mètre,,,,,N,National,,
DATAFLOW,SPC:DF_CLIMATE_CHANGE(1.0),Indicateurs du changement climatique,I,A,Annuel,SEA_LVL,Anomalies du niveau de la mer,PG,Papouasie-Nouvelle-Guinée,2003,,0.0,,,,METER,mètre,,,,,N,National,,
DATAFLOW,SPC:DF_CLIMATE_CHANGE(1.0),Indicateurs du changement climatique,I,A,Annuel,SEA_LVL,Anomalies du niveau de la mer,PG,Papouasie-Nouvelle-Guinée,2004,,0.0,,,,METER,mètre,,,,,N,National,,
DATAFLOW,SPC:DF_CLIMATE_CHANGE(1.0),Indicateurs du changement climatique,I,A,Annuel,SEA_LVL,Anomalies du niveau de la mer,PG,Papouasie-Nouvelle-Guinée,2005,,0.0,,,,METER,mètre,,,,,N,National,,
DATAFLOW,SPC:DF_CLIMATE_CHANGE(1.0),Indicateurs du changement climatique,I,A,Annuel,SEA_LVL,Anomalies du niveau de la mer,PG,Papouasie-Nouvelle-Guinée,2006,,0.0,,,,METER,mètre,,,,,N,National,,
DATAFLOW,SPC:DF_CLIMATE_CHANGE(1.0),Indicateurs du changement climatique,I,A,Annuel,SEA_LVL,Anomalies du niveau de la mer,PG,Papouasie-Nouvelle-Guinée,2007,,0.0,,,,METER,mètre,,,,,N,National,,
DATAFLOW,SPC:DF_CLIMATE_CHANGE(1.0),Indicateurs du changement climatique,I,A,Annuel,SEA_LVL,Anomalies du niveau de la mer,PG,Papouasie-Nouvelle-Guinée,2008,,0.1,,,,METER,mètre,,,,,N,National,,
DATAFLOW,SPC:DF_CLIMATE_CHANGE(1.0),Indicateurs du changement climatique,I,A,Annuel,SEA_LVL,Anomalies du niveau de la mer,PG,Papouasie-Nouvelle-Guinée,2009,,0.1,,,,METER,mètre,,,,,N,National,,
DATAFLOW,SPC:DF_CLIMATE_CHANGE(1.0),Indicateurs du changement climatique,I,A,Annuel,SEA_LVL,Anomalies du niveau de la mer,PG,Papouasie-Nouvelle-Guinée,2010,,0.0,,,,METER,mètre,,,,,N,National,,
DATAFLOW,SPC:DF_CLIMATE_CHANGE(1.0),Indicateurs du changement climatique,I,A,Annuel,SEA_LVL,Anomalies du niveau de la mer,PG,Papouasie-Nouvelle-Guinée,2011,,0.1,,,,METER,mètre,,,,,N,National,,
DATAFLOW,SPC:DF_CLIMATE_CHANGE(1.0),Indicateurs du changement climatique,I,A,Annuel,SEA_LVL,Anomalies du niveau de la mer,PG,Papouasie-Nouvelle-Guinée,2012,,0.1,,,,METER,mètre,,,,,N,National,,
DATAFLOW,SPC:DF_CLIMATE_CHANGE(1.0),Indicateurs du changement climatique,I,A,Annuel,SEA_LVL,Anomalies du niveau de la mer,PG,Papouasie-Nouvelle-Guinée,2013,,0.1,,,,METER,mètre,,,,,N,National,,
DATAFLOW,SPC:DF_CLIMATE_CHANGE(1.0),Indicateurs du changement climatique,I,A,Annuel,SEA_LVL,Anomalies du niveau de la mer,PG,Papouasie-Nouvelle-Guinée,2014,,0.1,,,,METER,mètre,,,,,N,National,,
DATAFLOW,SPC:DF_CLIMATE_CHANGE(1.0),Indicateurs du changement climatique,I,A,Annuel,SEA_LVL,Anomalies du niveau de la mer,PG,Papouasie-Nouvelle-Guinée,2015,,0.0,,,,METER,mètre,,,,,N,National,,
DATAFLOW,SPC:DF_CLIMATE_CHANGE(1.0),Indicateurs du changement climatique,I,A,Annuel,SEA_LVL,Anomalies du niveau de la mer,PG,Papouasie-Nouvelle-Guinée,2016,,0.0,,,,METER,mètre,,,,,N,National,,
DATAFLOW,SPC:DF_CLIMATE_CHANGE(1.0),Indicateurs du changement climatique,I,A,Annuel,SEA_LVL,Anomalies du niveau de la mer,PG,Papouasie-Nouvelle-Guinée,2017,,0.1,,,,METER,mètre,,,,,N,National,,
DATAFLOW,SPC:DF_CLIMATE_CHANGE(1.0),Indicateurs du changement climatique,I,A,Annuel,SEA_LVL,Anomalies du niveau de la mer,PG,Papouasie-Nouvelle-Guinée,2018,,0.1,,,,METER,mètre,,,,,N,National,,
DATAFLOW,SPC:DF_CLIMATE_CHANGE(1.0),Indicateurs du changement climatique,I,A,Annuel,SEA_LVL,Anomalies du niveau de la mer,PG,Papouasie-Nouvelle-Guinée,2019,,0.1,,,,METER,mètre,,,,,N,National,,
DATAFLOW,SPC:DF_CLIMATE_CHANGE(1.0),Indicateurs du changement climatique,I,A,Annuel,SEA_LVL,Anomalies du niveau de la mer,PG,Papouasie-Nouvelle-Guinée,2020,,0.1,,,,METER,mètre,,,,,N,National,,
DATAFLOW,SPC:DF_CLIMATE_CHANGE(1.0),Indicateurs du changement climatique,I,A,Annuel,SEA_LVL,Anomalies du niveau de la mer,PG,Papouasie-Nouvelle-Guinée,2021,,0.1,,,,METER,mètre,,,,,N,National,,
DATAFLOW,SPC:DF_CLIMATE_CHANGE(1.0),Indicateurs du changement climatique,I,A,Annuel,SEA_LVL,Anomalies du niveau de la mer,PG,Papouasie-Nouvelle-Guinée,2022,,0.2,,,,METER,mètre,,,,,N,National,,
DATAFLOW,SPC:DF_CLIMATE_CHANGE(1.0),Indicateurs du changement climatique,I,A,Annuel,SEA_LVL,Anomalies du niveau de la mer,PG,Papouasie-Nouvelle-Guinée,2023,,0.1,,,,METER,mètre,,,,,N,National,,
DATAFLOW,SPC:DF_CLIMATE_CHANGE(1.0),Indicateurs du changement climatique,I,A,Annuel,SEA_LVL,Anomalies du niveau de la mer,AS,Samoa Américaines,1993,,0.0,,,,METER,mètre,,,,,N,National,,
DATAFLOW,SPC:DF_CLIMATE_CHANGE(1.0),Indicateurs du changement climatique,I,A,Annuel,SEA_LVL,Anomalies du niveau de la mer,AS,Samoa Américaines,1994,,0.0,,,,METER,mètre,,,,,N,National,,
DATAFLOW,SPC:DF_CLIMATE_CHANGE(1.0),Indicateurs du changement climatique,I,A,Annuel,SEA_LVL,Anomalies du niveau de la mer,AS,Samoa Américaines,1995,,0.0,,,,METER,mètre,,,,,N,National,,
DATAFLOW,SPC:DF_CLIMATE_CHANGE(1.0),Indicateurs du changement climatique,I,A,Annuel,SEA_LVL,Anomalies du niveau de la mer,AS,Samoa Américaines,1996,,0.1,,,,METER,mètre,,,,,N,National,,
DATAFLOW,SPC:DF_CLIMATE_CHANGE(1.0),Indicateurs du changement climatique,I,A,Annuel,SEA_LVL,Anomalies du niveau de la mer,AS,Samoa Américaines,1997,,0.0,,,,METER,mètre,,,,,N,National,,
DATAFLOW,SPC:DF_CLIMATE_CHANGE(1.0),Indicateurs du changement climatique,I,A,Annuel,SEA_LVL,Anomalies du niveau de la mer,AS,Samoa Américaines,1998,,-0.2,,,,METER,mètre,,,,,N,National,,
DATAFLOW,SPC:DF_CLIMATE_CHANGE(1.0),Indicateurs du changement climatique,I,A,Annuel,SEA_LVL,Anomalies du niveau de la mer,AS,Samoa Américaines,1999,,0.0,,,,METER,mètre,,,,,N,National,,
DATAFLOW,SPC:DF_CLIMATE_CHANGE(1.0),Indicateurs du changement climatique,I,A,Annuel,SEA_LVL,Anomalies du niveau de la mer,AS,Samoa Américaines,2000,,0.0,,,,METER,mètre,,,,,N,National,,
DATAFLOW,SPC:DF_CLIMATE_CHANGE(1.0),Indicateurs du changement climatique,I,A,Annuel,SEA_LVL,Anomalies du niveau de la mer,AS,Samoa Américaines,2001,,0.0,,,,METER,mètre,,,,,N,National,,
DATAFLOW,SPC:DF_CLIMATE_CHANGE(1.0),Indicateurs du changement climatique,I,A,Annuel,SEA_LVL,Anomalies du niveau de la mer,AS,Samoa Américaines,2002,,0.0,,,,METER,mètre,,,,,N,National,,
DATAFLOW,SPC:DF_CLIMATE_CHANGE(1.0),Indicateurs du changement climatique,I,A,Annuel,SEA_LVL,Anomalies du niveau de la mer,AS,Samoa Américaines,2003,,0.0,,,,METER,mètre,,,,,N,National,,
DATAFLOW,SPC:DF_CLIMATE_CHANGE(1.0),Indicateurs du changement climatique,I,A,Annuel,SEA_LVL,Anomalies du niveau de la mer,AS,Samoa Américaines,2004,,0.1,,,,METER,mètre,,,,,N,National,,
DATAFLOW,SPC:DF_CLIMATE_CHANGE(1.0),Indicateurs du changement climatique,I,A,Annuel,SEA_LVL,Anomalies du niveau de la mer,AS,Samoa Américaines,2005,,0.0,,,,METER,mètre,,,,,N,National,,
DATAFLOW,SPC:DF_CLIMATE_CHANGE(1.0),Indicateurs du changement climatique,I,A,Annuel,SEA_LVL,Anomalies du niveau de la mer,AS,Samoa Américaines,2006,,0.1,,,,METER,mètre,,,,,N,National,,
DATAFLOW,SPC:DF_CLIMATE_CHANGE(1.0),Indicateurs du changement climatique,I,A,Annuel,SEA_LVL,Anomalies du niveau de la mer,AS,Samoa Américaines,2007,,0.1,,,,METER,mètre,,,,,N,National,,
DATAFLOW,SPC:DF_CLIMATE_CHANGE(1.0),Indicateurs du changement climatique,I,A,Annuel,SEA_LVL,Anomalies du niveau de la mer,AS,Samoa Américaines,2008,,0.1,,,,METER,mètre,,,,,N,National,,
DATAFLOW,SPC:DF_CLIMATE_CHANGE(1.0),Indicateurs du changement climatique,I,A,Annuel,SEA_LVL,Anomalies du niveau de la mer,AS,Samoa Américaines,2009,,0.0,,,,METER,mètre,,,,,N,National,,
DATAFLOW,SPC:DF_CLIMATE_CHANGE(1.0),Indicateurs du changement climatique,I,A,Annuel,SEA_LVL,Anomalies du niveau de la mer,AS,Samoa Américaines,2010,,0.0,,,,METER,mètre,,,,,N,National,,
DATAFLOW,SPC:DF_CLIMATE_CHANGE(1.0),Indicateurs du changement climatique,I,A,Annuel,SEA_LVL,Anomalies du niveau de la mer,AS,Samoa Américaines,2011,,0.1,,,,METER,mètre,,,,,N,National,,
DATAFLOW,SPC:DF_CLIMATE_CHANGE(1.0),Indicateurs du changement climatique,I,A,Annuel,SEA_LVL,Anomalies du niveau de la mer,AS,Samoa Américaines,2012,,0.0,,,,METER,mètre,,,,,N,National,,
DATAFLOW,SPC:DF_CLIMATE_CHANGE(1.0),Indicateurs du changement climatique,I,A,Annuel,SEA_LVL,Anomalies du niveau de la mer,AS,Samoa Américaines,2013,,0.0,,,,METER,mètre,,,,,N,National,,
DATAFLOW,SPC:DF_CLIMATE_CHANGE(1.0),Indicateurs du changement climatique,I,A,Annuel,SEA_LVL,Anomalies du niveau de la mer,AS,Samoa Américaines,2014,,0.0,,,,METER,mètre,,,,,N,National,,
DATAFLOW,SPC:DF_CLIMATE_CHANGE(1.0),Indicateurs du changement climatique,I,A,Annuel,SEA_LVL,Anomalies du niveau de la mer,AS,Samoa Américaines,2015,,0.1,,,,METER,mètre,,,,,N,National,,
DATAFLOW,SPC:DF_CLIMATE_CHANGE(1.0),Indicateurs du changement climatique,I,A,Annuel,SEA_LVL,Anomalies du niveau de la mer,AS,Samoa Américaines,2016,,0.0,,,,METER,mètre,,,,,N,National,,
DATAFLOW,SPC:DF_CLIMATE_CHANGE(1.0),Indicateurs du changement climatique,I,A,Annuel,SEA_LVL,Anomalies du niveau de la mer,AS,Samoa Américaines,2017,,0.1,,,,METER,mètre,,,,,N,National,,
DATAFLOW,SPC:DF_CLIMATE_CHANGE(1.0),Indicateurs du changement climatique,I,A,Annuel,SEA_LVL,Anomalies du niveau de la mer,AS,Samoa Américaines,2018,,0.1,,,,METER,mètre,,,,,N,National,,
DATAFLOW,SPC:DF_CLIMATE_CHANGE(1.0),Indicateurs du changement climatique,I,A,Annuel,SEA_LVL,Anomalies du niveau de la mer,AS,Samoa Américaines,2019,,0.1,,,,METER,mètre,,,,,N,National,,
DATAFLOW,SPC:DF_CLIMATE_CHANGE(1.0),Indicateurs du changement climatique,I,A,Annuel,SEA_LVL,Anomalies du niveau de la mer,AS,Samoa Américaines,2020,,0.1,,,,METER,mètre,,,,,N,National,,
DATAFLOW,SPC:DF_CLIMATE_CHANGE(1.0),Indicateurs du changement climatique,I,A,Annuel,SEA_LVL,Anomalies du niveau de la mer,AS,Samoa Américaines,2021,,0.1,,,,METER,mètre,,,,,N,National,,
DATAFLOW,SPC:DF_CLIMATE_CHANGE(1.0),Indicateurs du changement climatique,I,A,Annuel,SEA_LVL,Anomalies du niveau de la mer,AS,Samoa Américaines,2022,,0.1,,,,METER,mètre,,,,,N,National,,
DATAFLOW,SPC:DF_CLIMATE_CHANGE(1.0),Indicateurs du changement climatique,I,A,Annuel,SEA_LVL,Anomalies du niveau de la mer,AS,Samoa Américaines,2023,,0.1,,,,METER,mètre,,,,,N,National,,
DATAFLOW,SPC:DF_CLIMATE_CHANGE(1.0),Indicateurs du changement climatique,I,A,Annuel,SEA_LVL,Anomalies du niveau de la mer,WS,Samoa,1993,,0.0,,,,METER,mètre,,,,,N,National,,
DATAFLOW,SPC:DF_CLIMATE_CHANGE(1.0),Indicateurs du changement climatique,I,A,Annuel,SEA_LVL,Anomalies du niveau de la mer,WS,Samoa,1994,,0.0,,,,METER,mètre,,,,,N,National,,
DATAFLOW,SPC:DF_CLIMATE_CHANGE(1.0),Indicateurs du changement climatique,I,A,Annuel,SEA_LVL,Anomalies du niveau de la mer,WS,Samoa,1995,,0.0,,,,METER,mètre,,,,,N,National,,
DATAFLOW,SPC:DF_CLIMATE_CHANGE(1.0),Indicateurs du changement climatique,I,A,Annuel,SEA_LVL,Anomalies du niveau de la mer,WS,Samoa,1996,,0.1,,,,METER,mètre,,,,,N,National,,
DATAFLOW,SPC:DF_CLIMATE_CHANGE(1.0),Indicateurs du changement climatique,I,A,Annuel,SEA_LVL,Anomalies du niveau de la mer,WS,Samoa,1997,,0.0,,,,METER,mètre,,,,,N,National,,
DATAFLOW,SPC:DF_CLIMATE_CHANGE(1.0),Indicateurs du changement climatique,I,A,Annuel,SEA_LVL,Anomalies du niveau de la mer,WS,Samoa,1998,,-0.2,,,,METER,mètre,,,,,N,National,,
DATAFLOW,SPC:DF_CLIMATE_CHANGE(1.0),Indicateurs du changement climatique,I,A,Annuel,SEA_LVL,Anomalies du niveau de la mer,WS,Samoa,1999,,0.0,,,,METER,mètre,,,,,N,National,,
DATAFLOW,SPC:DF_CLIMATE_CHANGE(1.0),Indicateurs du changement climatique,I,A,Annuel,SEA_LVL,Anomalies du niveau de la mer,WS,Samoa,2000,,0.0,,,,METER,mètre,,,,,N,National,,
DATAFLOW,SPC:DF_CLIMATE_CHANGE(1.0),Indicateurs du changement climatique,I,A,Annuel,SEA_LVL,Anomalies du niveau de la mer,WS,Samoa,2001,,0.0,,,,METER,mètre,,,,,N,National,,
DATAFLOW,SPC:DF_CLIMATE_CHANGE(1.0),Indicateurs du changement climatique,I,A,Annuel,SEA_LVL,Anomalies du niveau de la mer,WS,Samoa,2002,,0.0,,,,METER,mètre,,,,,N,National,,
DATAFLOW,SPC:DF_CLIMATE_CHANGE(1.0),Indicateurs du changement climatique,I,A,Annuel,SEA_LVL,Anomalies du niveau de la mer,WS,Samoa,2003,,0.0,,,,METER,mètre,,,,,N,National,,
DATAFLOW,SPC:DF_CLIMATE_CHANGE(1.0),Indicateurs du changement climatique,I,A,Annuel,SEA_LVL,Anomalies du niveau de la mer,WS,Samoa,2004,,0.1,,,,METER,mètre,,,,,N,National,,
DATAFLOW,SPC:DF_CLIMATE_CHANGE(1.0),Indicateurs du changement climatique,I,A,Annuel,SEA_LVL,Anomalies du niveau de la mer,WS,Samoa,2005,,0.0,,,,METER,mètre,,,,,N,National,,
DATAFLOW,SPC:DF_CLIMATE_CHANGE(1.0),Indicateurs du changement climatique,I,A,Annuel,SEA_LVL,Anomalies du niveau de la mer,WS,Samoa,2006,,0.1,,,,METER,mètre,,,,,N,National,,
DATAFLOW,SPC:DF_CLIMATE_CHANGE(1.0),Indicateurs du changement climatique,I,A,Annuel,SEA_LVL,Anomalies du niveau de la mer,WS,Samoa,2007,,0.1,,,,METER,mètre,,,,,N,National,,
DATAFLOW,SPC:DF_CLIMATE_CHANGE(1.0),Indicateurs du changement climatique,I,A,Annuel,SEA_LVL,Anomalies du niveau de la mer,WS,Samoa,2008,,0.1,,,,METER,mètre,,,,,N,National,,
DATAFLOW,SPC:DF_CLIMATE_CHANGE(1.0),Indicateurs du changement climatique,I,A,Annuel,SEA_LVL,Anomalies du niveau de la mer,WS,Samoa,2009,,0.0,,,,METER,mètre,,,,,N,National,,
DATAFLOW,SPC:DF_CLIMATE_CHANGE(1.0),Indicateurs du changement climatique,I,A,Annuel,SEA_LVL,Anomalies du niveau de la mer,WS,Samoa,2010,,0.0,,,,METER,mètre,,,,,N,National,,
DATAFLOW,SPC:DF_CLIMATE_CHANGE(1.0),Indicateurs du changement climatique,I,A,Annuel,SEA_LVL,Anomalies du niveau de la mer,WS,Samoa,2011,,0.1,,,,METER,mètre,,,,,N,National,,
DATAFLOW,SPC:DF_CLIMATE_CHANGE(1.0),Indicateurs du changement climatique,I,A,Annuel,SEA_LVL,Anomalies du niveau de la mer,WS,Samoa,2012,,0.1,,,,METER,mètre,,,,,N,National,,
DATAFLOW,SPC:DF_CLIMATE_CHANGE(1.0),Indicateurs du changement climatique,I,A,Annuel,SEA_LVL,Anomalies du niveau de la mer,WS,Samoa,2013,,0.0,,,,METER,mètre,,,,,N,National,,
DATAFLOW,SPC:DF_CLIMATE_CHANGE(1.0),Indicateurs du changement climatique,I,A,Annuel,SEA_LVL,Anomalies du niveau de la mer,WS,Samoa,2014,,0.0,,,,METER,mètre,,,,,N,National,,
DATAFLOW,SPC:DF_CLIMATE_CHANGE(1.0),Indicateurs du changement climatique,I,A,Annuel,SEA_LVL,Anomalies du niveau de la mer,WS,Samoa,2015,,0.1,,,,METER,mètre,,,,,N,National,,
DATAFLOW,SPC:DF_CLIMATE_CHANGE(1.0),Indicateurs du changement climatique,I,A,Annuel,SEA_LVL,Anomalies du niveau de la mer,WS,Samoa,2016,,0.0,,,,METER,mètre,,,,,N,National,,
DATAFLOW,SPC:DF_CLIMATE_CHANGE(1.0),Indicateurs du changement climatique,I,A,Annuel,SEA_LVL,Anomalies du niveau de la mer,WS,Samoa,2017,,0.1,,,,METER,mètre,,,,,N,National,,
DATAFLOW,SPC:DF_CLIMATE_CHANGE(1.0),Indicateurs du changement climatique,I,A,Annuel,SEA_LVL,Anomalies du niveau de la mer,WS,Samoa,2018,,0.1,,,,METER,mètre,,,,,N,National,,
DATAFLOW,SPC:DF_CLIMATE_CHANGE(1.0),Indicateurs du changement climatique,I,A,Annuel,SEA_LVL,Anomalies du niveau de la mer,WS,Samoa,2019,,0.1,,,,METER,mètre,,,,,N,National,,
DATAFLOW,SPC:DF_CLIMATE_CHANGE(1.0),Indicateurs du changement climatique,I,A,Annuel,SEA_LVL,Anomalies du niveau de la mer,WS,Samoa,2020,,0.1,,,,METER,mètre,,,,,N,National,,
DATAFLOW,SPC:DF_CLIMATE_CHANGE(1.0),Indicateurs du changement climatique,I,A,Annuel,SEA_LVL,Anomalies du niveau de la mer,WS,Samoa,2021,,0.2,,,,METER,mètre,,,,,N,National,,
DATAFLOW,SPC:DF_CLIMATE_CHANGE(1.0),Indicateurs du changement climatique,I,A,Annuel,SEA_LVL,Anomalies du niveau de la mer,WS,Samoa,2022,,0.1,,,,METER,mètre,,,,,N,National,,
DATAFLOW,SPC:DF_CLIMATE_CHANGE(1.0),Indicateurs du changement climatique,I,A,Annuel,SEA_LVL,Anomalies du niveau de la mer,WS,Samoa,2023,,0.1,,,,METER,mètre,,,,,N,National,,
DATAFLOW,SPC:DF_CLIMATE_CHANGE(1.0),Indicateurs du changement climatique,I,A,Annuel,SEA_LVL,Anomalies du niveau de la mer,NU,Niue,1993,,0.0,,,,METER,mètre,,,,,N,National,,
DATAFLOW,SPC:DF_CLIMATE_CHANGE(1.0),Indicateurs du changement climatique,I,A,Annuel,SEA_LVL,Anomalies du niveau de la mer,NU,Niue,1994,,0.0,,,,METER,mètre,,,,,N,National,,
DATAFLOW,SPC:DF_CLIMATE_CHANGE(1.0),Indicateurs du changement climatique,I,A,Annuel,SEA_LVL,Anomalies du niveau de la mer,NU,Niue,1995,,0.0,,,,METER,mètre,,,,,N,National,,
DATAFLOW,SPC:DF_CLIMATE_CHANGE(1.0),Indicateurs du changement climatique,I,A,Annuel,SEA_LVL,Anomalies du niveau de la mer,NU,Niue,1996,,0.0,,,,METER,mètre,,,,,N,National,,
DATAFLOW,SPC:DF_CLIMATE_CHANGE(1.0),Indicateurs du changement climatique,I,A,Annuel,SEA_LVL,Anomalies du niveau de la mer,NU,Niue,1997,,0.0,,,,METER,mètre,,,,,N,National,,
DATAFLOW,SPC:DF_CLIMATE_CHANGE(1.0),Indicateurs du changement climatique,I,A,Annuel,SEA_LVL,Anomalies du niveau de la mer,NU,Niue,1998,,0.0,,,,METER,mètre,,,,,N,National,,
DATAFLOW,SPC:DF_CLIMATE_CHANGE(1.0),Indicateurs du changement climatique,I,A,Annuel,SEA_LVL,Anomalies du niveau de la mer,NU,Niue,1999,,0.0,,,,METER,mètre,,,,,N,National,,
DATAFLOW,SPC:DF_CLIMATE_CHANGE(1.0),Indicateurs du changement climatique,I,A,Annuel,SEA_LVL,Anomalies du niveau de la mer,NU,Niue,2000,,0.0,,,,METER,mètre,,,,,N,National,,
DATAFLOW,SPC:DF_CLIMATE_CHANGE(1.0),Indicateurs du changement climatique,I,A,Annuel,SEA_LVL,Anomalies du niveau de la mer,NU,Niue,2001,,0.0,,,,METER,mètre,,,,,N,National,,
DATAFLOW,SPC:DF_CLIMATE_CHANGE(1.0),Indicateurs du changement climatique,I,A,Annuel,SEA_LVL,Anomalies du niveau de la mer,NU,Niue,2002,,0.0,,,,METER,mètre,,,,,N,National,,
DATAFLOW,SPC:DF_CLIMATE_CHANGE(1.0),Indicateurs du changement climatique,I,A,Annuel,SEA_LVL,Anomalies du niveau de la mer,NU,Niue,2003,,0.0,,,,METER,mètre,,,,,N,National,,
DATAFLOW,SPC:DF_CLIMATE_CHANGE(1.0),Indicateurs du changement climatique,I,A,Annuel,SEA_LVL,Anomalies du niveau de la mer,NU,Niue,2004,,0.0,,,,METER,mètre,,,,,N,National,,
DATAFLOW,SPC:DF_CLIMATE_CHANGE(1.0),Indicateurs du changement climatique,I,A,Annuel,SEA_LVL,Anomalies du niveau de la mer,NU,Niue,2005,,0.0,,,,METER,mètre,,,,,N,National,,
DATAFLOW,SPC:DF_CLIMATE_CHANGE(1.0),Indicateurs du changement climatique,I,A,Annuel,SEA_LVL,Anomalies du niveau de la mer,NU,Niue,2006,,0.1,,,,METER,mètre,,,,,N,National,,
DATAFLOW,SPC:DF_CLIMATE_CHANGE(1.0),Indicateurs du changement climatique,I,A,Annuel,SEA_LVL,Anomalies du niveau de la mer,NU,Niue,2007,,0.1,,,,METER,mètre,,,,,N,National,,
DATAFLOW,SPC:DF_CLIMATE_CHANGE(1.0),Indicateurs du changement climatique,I,A,Annuel,SEA_LVL,Anomalies du niveau de la mer,NU,Niue,2008,,0.1,,,,METER,mètre,,,,,N,National,,
DATAFLOW,SPC:DF_CLIMATE_CHANGE(1.0),Indicateurs du changement climatique,I,A,Annuel,SEA_LVL,Anomalies du niveau de la mer,NU,Niue,2009,,0.1,,,,METER,mètre,,,,,N,National,,
DATAFLOW,SPC:DF_CLIMATE_CHANGE(1.0),Indicateurs du changement climatique,I,A,Annuel,SEA_LVL,Anomalies du niveau de la mer,NU,Niue,2010,,0.0,,,,METER,mètre,,,,,N,National,,
DATAFLOW,SPC:DF_CLIMATE_CHANGE(1.0),Indicateurs du changement climatique,I,A,Annuel,SEA_LVL,Anomalies du niveau de la mer,NU,Niue,2011,,0.1,,,,METER,mètre,,,,,N,National,,
DATAFLOW,SPC:DF_CLIMATE_CHANGE(1.0),Indicateurs du changement climatique,I,A,Annuel,SEA_LVL,Anomalies du niveau de la mer,NU,Niue,2012,,0.1,,,,METER,mètre,,,,,N,National,,
DATAFLOW,SPC:DF_CLIMATE_CHANGE(1.0),Indicateurs du changement climatique,I,A,Annuel,SEA_LVL,Anomalies du niveau de la mer,NU,Niue,2013,,0.1,,,,METER,mètre,,,,,N,National,,
DATAFLOW,SPC:DF_CLIMATE_CHANGE(1.0),Indicateurs du changement climatique,I,A,Annuel,SEA_LVL,Anomalies du niveau de la mer,NU,Niue,2014,,0.1,,,,METER,mètre,,,,,N,National,,
DATAFLOW,SPC:DF_CLIMATE_CHANGE(1.0),Indicateurs du changement climatique,I,A,Annuel,SEA_LVL,Anomalies du niveau de la mer,NU,Niue,2015,,0.0,,,,METER,mètre,,,,,N,National,,
DATAFLOW,SPC:DF_CLIMATE_CHANGE(1.0),Indicateurs du changement climatique,I,A,Annuel,SEA_LVL,Anomalies du niveau de la mer,NU,Niue,2016,,0.1,,,,METER,mètre,,,,,N,National,,
DATAFLOW,SPC:DF_CLIMATE_CHANGE(1.0),Indicateurs du changement climatique,I,A,Annuel,SEA_LVL,Anomalies du niveau de la mer,NU,Niue,2017,,0.1,,,,METER,mètre,,,,,N,National,,
DATAFLOW,SPC:DF_CLIMATE_CHANGE(1.0),Indicateurs du changement climatique,I,A,Annuel,SEA_LVL,Anomalies du niveau de la mer,NU,Niue,2018,,0.1,,,,METER,mètre,,,,,N,National,,
DATAFLOW,SPC:DF_CLIMATE_CHANGE(1.0),Indicateurs du changement climatique,I,A,Annuel,SEA_LVL,Anomalies du niveau de la mer,NU,Niue,2019,,0.1,,,,METER,mètre,,,,,N,National,,
DATAFLOW,SPC:DF_CLIMATE_CHANGE(1.0),Indicateurs du changement climatique,I,A,Annuel,SEA_LVL,Anomalies du niveau de la mer,NU,Niue,2020,,0.1,,,,METER,mètre,,,,,N,National,,
DATAFLOW,SPC:DF_CLIMATE_CHANGE(1.0),Indicateurs du changement climatique,I,A,Annuel,SEA_LVL,Anomalies du niveau de la mer,NU,Niue,2021,,0.1,,,,METER,mètre,,,,,N,National,,
DATAFLOW,SPC:DF_CLIMATE_CHANGE(1.0),Indicateurs du changement climatique,I,A,Annuel,SEA_LVL,Anomalies du niveau de la mer,NU,Niue,2022,,0.2,,,,METER,mètre,,,,,N,National,,
DATAFLOW,SPC:DF_CLIMATE_CHANGE(1.0),Indicateurs du changement climatique,I,A,Annuel,SEA_LVL,Anomalies du niveau de la mer,NU,Niue,2023,,0.1,,,,METER,mètre,,,,,N,National,,
DATAFLOW,SPC:DF_CLIMATE_CHANGE(1.0),Indicateurs du changement climatique,I,A,Annuel,SEA_LVL,Anomalies du niveau de la mer,TV,Tuvalu,1993,,0.0,,,,METER,mètre,,,,,N,National,,
DATAFLOW,SPC:DF_CLIMATE_CHANGE(1.0),Indicateurs du changement climatique,I,A,Annuel,SEA_LVL,Anomalies du niveau de la mer,TV,Tuvalu,1994,,0.0,,,,METER,mètre,,,,,N,National,,
DATAFLOW,SPC:DF_CLIMATE_CHANGE(1.0),Indicateurs du changement climatique,I,A,Annuel,SEA_LVL,Anomalies du niveau de la mer,TV,Tuvalu,1995,,0.0,,,,METER,mètre,,,,,N,National,,
DATAFLOW,SPC:DF_CLIMATE_CHANGE(1.0),Indicateurs du changement climatique,I,A,Annuel,SEA_LVL,Anomalies du niveau de la mer,TV,Tuvalu,1996,,0.0,,,,METER,mètre,,,,,N,National,,
DATAFLOW,SPC:DF_CLIMATE_CHANGE(1.0),Indicateurs du changement climatique,I,A,Annuel,SEA_LVL,Anomalies du niveau de la mer,TV,Tuvalu,1997,,0.0,,,,METER,mètre,,,,,N,National,,
DATAFLOW,SPC:DF_CLIMATE_CHANGE(1.0),Indicateurs du changement climatique,I,A,Annuel,SEA_LVL,Anomalies du niveau de la mer,TV,Tuvalu,1998,,-0.2,,,,METER,mètre,,,,,N,National,,
DATAFLOW,SPC:DF_CLIMATE_CHANGE(1.0),Indicateurs du changement climatique,I,A,Annuel,SEA_LVL,Anomalies du niveau de la mer,TV,Tuvalu,1999,,0.0,,,,METER,mètre,,,,,N,National,,
DATAFLOW,SPC:DF_CLIMATE_CHANGE(1.0),Indicateurs du changement climatique,I,A,Annuel,SEA_LVL,Anomalies du niveau de la mer,TV,Tuvalu,2000,,0.0,,,,METER,mètre,,,,,N,National,,
DATAFLOW,SPC:DF_CLIMATE_CHANGE(1.0),Indicateurs du changement climatique,I,A,Annuel,SEA_LVL,Anomalies du niveau de la mer,TV,Tuvalu,2001,,0.0,,,,METER,mètre,,,,,N,National,,
DATAFLOW,SPC:DF_CLIMATE_CHANGE(1.0),Indicateurs du changement climatique,I,A,Annuel,SEA_LVL,Anomalies du niveau de la mer,TV,Tuvalu,2002,,0.1,,,,METER,mètre,,,,,N,National,,
DATAFLOW,SPC:DF_CLIMATE_CHANGE(1.0),Indicateurs du changement climatique,I,A,Annuel,SEA_LVL,Anomalies du niveau de la mer,TV,Tuvalu,2003,,0.0,,,,METER,mètre,,,,,N,National,,
DATAFLOW,SPC:DF_CLIMATE_CHANGE(1.0),Indicateurs du changement climatique,I,A,Annuel,SEA_LVL,Anomalies du niveau de la mer,TV,Tuvalu,2004,,0.1,,,,METER,mètre,,,,,N,National,,
DATAFLOW,SPC:DF_CLIMATE_CHANGE(1.0),Indicateurs du changement climatique,I,A,Annuel,SEA_LVL,Anomalies du niveau de la mer,TV,Tuvalu,2005,,0.1,,,,METER,mètre,,,,,N,National,,
DATAFLOW,SPC:DF_CLIMATE_CHANGE(1.0),Indicateurs du changement climatique,I,A,Annuel,SEA_LVL,Anomalies du niveau de la mer,TV,Tuvalu,2006,,0.1,,,,METER,mètre,,,,,N,National,,
DATAFLOW,SPC:DF_CLIMATE_CHANGE(1.0),Indicateurs du changement climatique,I,A,Annuel,SEA_LVL,Anomalies du niveau de la mer,TV,Tuvalu,2007,,0.1,,,,METER,mètre,,,,,N,National,,
DATAFLOW,SPC:DF_CLIMATE_CHANGE(1.0),Indicateurs du changement climatique,I,A,Annuel,SEA_LVL,Anomalies du niveau de la mer,TV,Tuvalu,2008,,0.1,,,,METER,mètre,,,,,N,National,,
DATAFLOW,SPC:DF_CLIMATE_CHANGE(1.0),Indicateurs du changement climatique,I,A,Annuel,SEA_LVL,Anomalies du niveau de la mer,TV,Tuvalu,2009,,0.0,,,,METER,mètre,,,,,N,National,,
DATAFLOW,SPC:DF_CLIMATE_CHANGE(1.0),Indicateurs du changement climatique,I,A,Annuel,SEA_LVL,Anomalies du niveau de la mer,TV,Tuvalu,2010,,0.0,,,,METER,mètre,,,,,N,National,,
DATAFLOW,SPC:DF_CLIMATE_CHANGE(1.0),Indicateurs du changement climatique,I,A,Annuel,SEA_LVL,Anomalies du niveau de la mer,TV,Tuvalu,2011,,0.1,,,,METER,mètre,,,,,N,National,,
DATAFLOW,SPC:DF_CLIMATE_CHANGE(1.0),Indicateurs du changement climatique,I,A,Annuel,SEA_LVL,Anomalies du niveau de la mer,TV,Tuvalu,2012,,0.0,,,,METER,mètre,,,,,N,National,,
DATAFLOW,SPC:DF_CLIMATE_CHANGE(1.0),Indicateurs du changement climatique,I,A,Annuel,SEA_LVL,Anomalies du niveau de la mer,TV,Tuvalu,2013,,0.1,,,,METER,mètre,,,,,N,National,,
DATAFLOW,SPC:DF_CLIMATE_CHANGE(1.0),Indicateurs du changement climatique,I,A,Annuel,SEA_LVL,Anomalies du niveau de la mer,TV,Tuvalu,2014,,0.1,,,,METER,mètre,,,,,N,National,,
DATAFLOW,SPC:DF_CLIMATE_CHANGE(1.0),Indicateurs du changement climatique,I,A,Annuel,SEA_LVL,Anomalies du niveau de la mer,TV,Tuvalu,2015,,0.1,,,,METER,mètre,,,,,N,National,,
DATAFLOW,SPC:DF_CLIMATE_CHANGE(1.0),Indicateurs du changement climatique,I,A,Annuel,SEA_LVL,Anomalies du niveau de la mer,TV,Tuvalu,2016,,0.0,,,,METER,mètre,,,,,N,National,,
DATAFLOW,SPC:DF_CLIMATE_CHANGE(1.0),Indicateurs du changement climatique,I,A,Annuel,SEA_LVL,Anomalies du niveau de la mer,TV,Tuvalu,2017,,0.1,,,,METER,mètre,,,,,N,National,,
DATAFLOW,SPC:DF_CLIMATE_CHANGE(1.0),Indicateurs du changement climatique,I,A,Annuel,SEA_LVL,Anomalies du niveau de la mer,TV,Tuvalu,2018,,0.1,,,,METER,mètre,,,,,N,National,,
DATAFLOW,SPC:DF_CLIMATE_CHANGE(1.0),Indicateurs du changement climatique,I,A,Annuel,SEA_LVL,Anomalies du niveau de la mer,TV,Tuvalu,2019,,0.1,,,,METER,mètre,,,,,N,National,,
DATAFLOW,SPC:DF_CLIMATE_CHANGE(1.0),Indicateurs du changement climatique,I,A,Annuel,SEA_LVL,Anomalies du niveau de la mer,TV,Tuvalu,2020,,0.1,,,,METER,mètre,,,,,N,National,,
DATAFLOW,SPC:DF_CLIMATE_CHANGE(1.0),Indicateurs du changement climatique,I,A,Annuel,SEA_LVL,Anomalies du niveau de la mer,TV,Tuvalu,2021,,0.1,,,,METER,mètre,,,,,N,National,,
DATAFLOW,SPC:DF_CLIMATE_CHANGE(1.0),Indicateurs du changement climatique,I,A,Annuel,SEA_LVL,Anomalies du niveau de la mer,TV,Tuvalu,2022,,0.1,,,,METER,mètre,,,,,N,National,,
DATAFLOW,SPC:DF_CLIMATE_CHANGE(1.0),Indicateurs du changement climatique,I,A,Annuel,SEA_LVL,Anomalies du niveau de la mer,TV,Tuvalu,2023,,0.1,,,,METER,mètre,,,,,N,National,,
DATAFLOW,SPC:DF_CLIMATE_CHANGE(1.0),Indicateurs du changement climatique,I,A,Annuel,SEA_LVL,Anomalies du niveau de la mer,FJ,Fidji,1993,,0.0,,,,METER,mètre,,,,,N,National,,
DATAFLOW,SPC:DF_CLIMATE_CHANGE(1.0),Indicateurs du changement climatique,I,A,Annuel,SEA_LVL,Anomalies du niveau de la mer,FJ,Fidji,1994,,0.0,,,,METER,mètre,,,,,N,National,,
DATAFLOW,SPC:DF_CLIMATE_CHANGE(1.0),Indicateurs du changement climatique,I,A,Annuel,SEA_LVL,Anomalies du niveau de la mer,FJ,Fidji,1995,,0.0,,,,METER,mètre,,,,,N,National,,
DATAFLOW,SPC:DF_CLIMATE_CHANGE(1.0),Indicateurs du changement climatique,I,A,Annuel,SEA_LVL,Anomalies du niveau de la mer,FJ,Fidji,1996,,0.0,,,,METER,mètre,,,,,N,National,,
DATAFLOW,SPC:DF_CLIMATE_CHANGE(1.0),Indicateurs du changement climatique,I,A,Annuel,SEA_LVL,Anomalies du niveau de la mer,FJ,Fidji,1997,,0.0,,,,METER,mètre,,,,,N,National,,
DATAFLOW,SPC:DF_CLIMATE_CHANGE(1.0),Indicateurs du changement climatique,I,A,Annuel,SEA_LVL,Anomalies du niveau de la mer,FJ,Fidji,1998,,0.0,,,,METER,mètre,,,,,N,National,,
DATAFLOW,SPC:DF_CLIMATE_CHANGE(1.0),Indicateurs du changement climatique,I,A,Annuel,SEA_LVL,Anomalies du niveau de la mer,FJ,Fidji,1999,,0.0,,,,METER,mètre,,,,,N,National,,
DATAFLOW,SPC:DF_CLIMATE_CHANGE(1.0),Indicateurs du changement climatique,I,A,Annuel,SEA_LVL,Anomalies du niveau de la mer,FJ,Fidji,2000,,0.1,,,,METER,mètre,,,,,N,National,,
DATAFLOW,SPC:DF_CLIMATE_CHANGE(1.0),Indicateurs du changement climatique,I,A,Annuel,SEA_LVL,Anomalies du niveau de la mer,FJ,Fidji,2001,,0.0,,,,METER,mètre,,,,,N,National,,
DATAFLOW,SPC:DF_CLIMATE_CHANGE(1.0),Indicateurs du changement climatique,I,A,Annuel,SEA_LVL,Anomalies du niveau de la mer,FJ,Fidji,2002,,0.0,,,,METER,mètre,,,,,N,National,,
DATAFLOW,SPC:DF_CLIMATE_CHANGE(1.0),Indicateurs du changement climatique,I,A,Annuel,SEA_LVL,Anomalies du niveau de la mer,FJ,Fidji,2003,,0.0,,,,METER,mètre,,,,,N,National,,
DATAFLOW,SPC:DF_CLIMATE_CHANGE(1.0),Indicateurs du changement climatique,I,A,Annuel,SEA_LVL,Anomalies du niveau de la mer,FJ,Fidji,2004,,0.0,,,,METER,mètre,,,,,N,National,,
DATAFLOW,SPC:DF_CLIMATE_CHANGE(1.0),Indicateurs du changement climatique,I,A,Annuel,SEA_LVL,Anomalies du niveau de la mer,FJ,Fidji,2005,,0.0,,,,METER,mètre,,,,,N,National,,
DATAFLOW,SPC:DF_CLIMATE_CHANGE(1.0),Indicateurs du changement climatique,I,A,Annuel,SEA_LVL,Anomalies du niveau de la mer,FJ,Fidji,2006,,0.0,,,,METER,mètre,,,,,N,National,,
DATAFLOW,SPC:DF_CLIMATE_CHANGE(1.0),Indicateurs du changement climatique,I,A,Annuel,SEA_LVL,Anomalies du niveau de la mer,FJ,Fidji,2007,,0.0,,,,METER,mètre,,,,,N,National,,
DATAFLOW,SPC:DF_CLIMATE_CHANGE(1.0),Indicateurs du changement climatique,I,A,Annuel,SEA_LVL,Anomalies du niveau de la mer,FJ,Fidji,2008,,0.1,,,,METER,mètre,,,,,N,National,,
DATAFLOW,SPC:DF_CLIMATE_CHANGE(1.0),Indicateurs du changement climatique,I,A,Annuel,SEA_LVL,Anomalies du niveau de la mer,FJ,Fidji,2009,,0.1,,,,METER,mètre,,,,,N,National,,
DATAFLOW,SPC:DF_CLIMATE_CHANGE(1.0),Indicateurs du changement climatique,I,A,Annuel,SEA_LVL,Anomalies du niveau de la mer,FJ,Fidji,2010,,0.0,,,,METER,mètre,,,,,N,National,,
DATAFLOW,SPC:DF_CLIMATE_CHANGE(1.0),Indicateurs du changement climatique,I,A,Annuel,SEA_LVL,Anomalies du niveau de la mer,FJ,Fidji,2011,,0.1,,,,METER,mètre,,,,,N,National,,
DATAFLOW,SPC:DF_CLIMATE_CHANGE(1.0),Indicateurs du changement climatique,I,A,Annuel,SEA_LVL,Anomalies du niveau de la mer,FJ,Fidji,2012,,0.1,,,,METER,mètre,,,,,N,National,,
DATAFLOW,SPC:DF_CLIMATE_CHANGE(1.0),Indicateurs du changement climatique,I,A,Annuel,SEA_LVL,Anomalies du niveau de la mer,FJ,Fidji,2013,,0.1,,,,METER,mètre,,,,,N,National,,
DATAFLOW,SPC:DF_CLIMATE_CHANGE(1.0),Indicateurs du changement climatique,I,A,Annuel,SEA_LVL,Anomalies du niveau de la mer,FJ,Fidji,2014,,0.0,,,,METER,mètre,,,,,N,National,,
DATAFLOW,SPC:DF_CLIMATE_CHANGE(1.0),Indicateurs du changement climatique,I,A,Annuel,SEA_LVL,Anomalies du niveau de la mer,FJ,Fidji,2015,,0.0,,,,METER,mètre,,,,,N,National,,
DATAFLOW,SPC:DF_CLIMATE_CHANGE(1.0),Indicateurs du changement climatique,I,A,Annuel,SEA_LVL,Anomalies du niveau de la mer,FJ,Fidji,2016,,0.0,,,,METER,mètre,,,,,N,National,,
DATAFLOW,SPC:DF_CLIMATE_CHANGE(1.0),Indicateurs du changement climatique,I,A,Annuel,SEA_LVL,Anomalies du niveau de la mer,FJ,Fidji,2017,,0.1,,,,METER,mètre,,,,,N,National,,
DATAFLOW,SPC:DF_CLIMATE_CHANGE(1.0),Indicateurs du changement climatique,I,A,Annuel,SEA_LVL,Anomalies du niveau de la mer,FJ,Fidji,2018,,0.1,,,,METER,mètre,,,,,N,National,,
DATAFLOW,SPC:DF_CLIMATE_CHANGE(1.0),Indicateurs du changement climatique,I,A,Annuel,SEA_LVL,Anomalies du niveau de la mer,FJ,Fidji,2019,,0.1,,,,METER,mètre,,,,,N,National,,
DATAFLOW,SPC:DF_CLIMATE_CHANGE(1.0),Indicateurs du changement climatique,I,A,Annuel,SEA_LVL,Anomalies du niveau de la mer,FJ,Fidji,2020,,0.1,,,,METER,mètre,,,,,N,National,,
DATAFLOW,SPC:DF_CLIMATE_CHANGE(1.0),Indicateurs du changement climatique,I,A,Annuel,SEA_LVL,Anomalies du niveau de la mer,FJ,Fidji,2021,,0.1,,,,METER,mètre,,,,,N,National,,
DATAFLOW,SPC:DF_CLIMATE_CHANGE(1.0),Indicateurs du changement climatique,I,A,Annuel,SEA_LVL,Anomalies du niveau de la mer,FJ,Fidji,2022,,0.2,,,,METER,mètre,,,,,N,National,,
DATAFLOW,SPC:DF_CLIMATE_CHANGE(1.0),Indicateurs du changement climatique,I,A,Annuel,SEA_LVL,Anomalies du niveau de la mer,FJ,Fidji,2023,,0.1,,,,METER,mètre,,,,,N,National,,
DATAFLOW,SPC:DF_CLIMATE_CHANGE(1.0),Indicateurs du changement climatique,I,A,Annuel,SEA_LVL,Anomalies du niveau de la mer,SB,Îles Salomon,1993,,-0.1,,,,METER,mètre,,,,,N,National,,
DATAFLOW,SPC:DF_CLIMATE_CHANGE(1.0),Indicateurs du changement climatique,I,A,Annuel,SEA_LVL,Anomalies du niveau de la mer,SB,Îles Salomon,1994,,0.0,,,,METER,mètre,,,,,N,National,,
DATAFLOW,SPC:DF_CLIMATE_CHANGE(1.0),Indicateurs du changement climatique,I,A,Annuel,SEA_LVL,Anomalies du niveau de la mer,SB,Îles Salomon,1995,,0.0,,,,METER,mètre,,,,,N,National,,
DATAFLOW,SPC:DF_CLIMATE_CHANGE(1.0),Indicateurs du changement climatique,I,A,Annuel,SEA_LVL,Anomalies du niveau de la mer,SB,Îles Salomon,1996,,0.1,,,,METER,mètre,,,,,N,National,,
DATAFLOW,SPC:DF_CLIMATE_CHANGE(1.0),Indicateurs du changement climatique,I,A,Annuel,SEA_LVL,Anomalies du niveau de la mer,SB,Îles Salomon,1997,,0.0,,,,METER,mètre,,,,,N,National,,
DATAFLOW,SPC:DF_CLIMATE_CHANGE(1.0),Indicateurs du changement climatique,I,A,Annuel,SEA_LVL,Anomalies du niveau de la mer,SB,Îles Salomon,1998,,-0.1,,,,METER,mètre,,,,,N,National,,
DATAFLOW,SPC:DF_CLIMATE_CHANGE(1.0),Indicateurs du changement climatique,I,A,Annuel,SEA_LVL,Anomalies du niveau de la mer,SB,Îles Salomon,1999,,0.0,,,,METER,mètre,,,,,N,National,,
DATAFLOW,SPC:DF_CLIMATE_CHANGE(1.0),Indicateurs du changement climatique,I,A,Annuel,SEA_LVL,Anomalies du niveau de la mer,SB,Îles Salomon,2000,,0.1,,,,METER,mètre,,,,,N,National,,
DATAFLOW,SPC:DF_CLIMATE_CHANGE(1.0),Indicateurs du changement climatique,I,A,Annuel,SEA_LVL,Anomalies du niveau de la mer,SB,Îles Salomon,2001,,0.1,,,,METER,mètre,,,,,N,National,,
DATAFLOW,SPC:DF_CLIMATE_CHANGE(1.0),Indicateurs du changement climatique,I,A,Annuel,SEA_LVL,Anomalies du niveau de la mer,SB,Îles Salomon,2002,,0.0,,,,METER,mètre,,,,,N,National,,
DATAFLOW,SPC:DF_CLIMATE_CHANGE(1.0),Indicateurs du changement climatique,I,A,Annuel,SEA_LVL,Anomalies du niveau de la mer,SB,Îles Salomon,2003,,0.0,,,,METER,mètre,,,,,N,National,,
DATAFLOW,SPC:DF_CLIMATE_CHANGE(1.0),Indicateurs du changement climatique,I,A,Annuel,SEA_LVL,Anomalies du niveau de la mer,SB,Îles Salomon,2004,,0.0,,,,METER,mètre,,,,,N,National,,
DATAFLOW,SPC:DF_CLIMATE_CHANGE(1.0),Indicateurs du changement climatique,I,A,Annuel,SEA_LVL,Anomalies du niveau de la mer,SB,Îles Salomon,2005,,0.0,,,,METER,mètre,,,,,N,National,,
DATAFLOW,SPC:DF_CLIMATE_CHANGE(1.0),Indicateurs du changement climatique,I,A,Annuel,SEA_LVL,Anomalies du niveau de la mer,SB,Îles Salomon,2006,,0.0,,,,METER,mètre,,,,,N,National,,
DATAFLOW,SPC:DF_CLIMATE_CHANGE(1.0),Indicateurs du changement climatique,I,A,Annuel,SEA_LVL,Anomalies du niveau de la mer,SB,Îles Salomon,2007,,0.1,,,,METER,mètre,,,,,N,National,,
DATAFLOW,SPC:DF_CLIMATE_CHANGE(1.0),Indicateurs du changement climatique,I,A,Annuel,SEA_LVL,Anomalies du niveau de la mer,SB,Îles Salomon,2008,,0.1,,,,METER,mètre,,,,,N,National,,
DATAFLOW,SPC:DF_CLIMATE_CHANGE(1.0),Indicateurs du changement climatique,I,A,Annuel,SEA_LVL,Anomalies du niveau de la mer,SB,Îles Salomon,2009,,0.1,,,,METER,mètre,,,,,N,National,,
DATAFLOW,SPC:DF_CLIMATE_CHANGE(1.0),Indicateurs du changement climatique,I,A,Annuel,SEA_LVL,Anomalies du niveau de la mer,SB,Îles Salomon,2010,,0.0,,,,METER,mètre,,,,,N,National,,
DATAFLOW,SPC:DF_CLIMATE_CHANGE(1.0),Indicateurs du changement climatique,I,A,Annuel,SEA_LVL,Anomalies du niveau de la mer,SB,Îles Salomon,2011,,0.1,,,,METER,mètre,,,,,N,National,,
DATAFLOW,SPC:DF_CLIMATE_CHANGE(1.0),Indicateurs du changement climatique,I,A,Annuel,SEA_LVL,Anomalies du niveau de la mer,SB,Îles Salomon,2012,,0.1,,,,METER,mètre,,,,,N,National,,
DATAFLOW,SPC:DF_CLIMATE_CHANGE(1.0),Indicateurs du changement climatique,I,A,Annuel,SEA_LVL,Anomalies du niveau de la mer,SB,Îles Salomon,2013,,0.1,,,,METER,mètre,,,,,N,National,,
DATAFLOW,SPC:DF_CLIMATE_CHANGE(1.0),Indicateurs du changement climatique,I,A,Annuel,SEA_LVL,Anomalies du niveau de la mer,SB,Îles Salomon,2014,,0.1,,,,METER,mètre,,,,,N,National,,
DATAFLOW,SPC:DF_CLIMATE_CHANGE(1.0),Indicateurs du changement climatique,I,A,Annuel,SEA_LVL,Anomalies du niveau de la mer,SB,Îles Salomon,2015,,0.0,,,,METER,mètre,,,,,N,National,,
DATAFLOW,SPC:DF_CLIMATE_CHANGE(1.0),Indicateurs du changement climatique,I,A,Annuel,SEA_LVL,Anomalies du niveau de la mer,SB,Îles Salomon,2016,,0.0,,,,METER,mètre,,,,,N,National,,
DATAFLOW,SPC:DF_CLIMATE_CHANGE(1.0),Indicateurs du changement climatique,I,A,Annuel,SEA_LVL,Anomalies du niveau de la mer,SB,Îles Salomon,2017,,0.1,,,,METER,mètre,,,,,N,National,,
DATAFLOW,SPC:DF_CLIMATE_CHANGE(1.0),Indicateurs du changement climatique,I,A,Annuel,SEA_LVL,Anomalies du niveau de la mer,SB,Îles Salomon,2018,,0.1,,,,METER,mètre,,,,,N,National,,
DATAFLOW,SPC:DF_CLIMATE_CHANGE(1.0),Indicateurs du changement climatique,I,A,Annuel,SEA_LVL,Anomalies du niveau de la mer,SB,Îles Salomon,2019,,0.1,,,,METER,mètre,,,,,N,National,,
DATAFLOW,SPC:DF_CLIMATE_CHANGE(1.0),Indicateurs du changement climatique,I,A,Annuel,SEA_LVL,Anomalies du niveau de la mer,SB,Îles Salomon,2020,,0.1,,,,METER,mètre,,,,,N,National,,
DATAFLOW,SPC:DF_CLIMATE_CHANGE(1.0),Indicateurs du changement climatique,I,A,Annuel,SEA_LVL,Anomalies du niveau de la mer,SB,Îles Salomon,2021,,0.2,,,,METER,mètre,,,,,N,National,,
DATAFLOW,SPC:DF_CLIMATE_CHANGE(1.0),Indicateurs du changement climatique,I,A,Annuel,SEA_LVL,Anomalies du niveau de la mer,SB,Îles Salomon,2022,,0.2,,,,METER,mètre,,,,,N,National,,
DATAFLOW,SPC:DF_CLIMATE_CHANGE(1.0),Indicateurs du changement climatique,I,A,Annuel,SEA_LVL,Anomalies du niveau de la mer,SB,Îles Salomon,2023,,0.1,,,,METER,mètre,,,,,N,National,,
DATAFLOW,SPC:DF_CLIMATE_CHANGE(1.0),Indicateurs du changement climatique,I,A,Annuel,SEA_LVL,Anomalies du niveau de la mer,NR,Nauru,1993,,0.0,,,,METER,mètre,,,,,N,National,,
DATAFLOW,SPC:DF_CLIMATE_CHANGE(1.0),Indicateurs du changement climatique,I,A,Annuel,SEA_LVL,Anomalies du niveau de la mer,NR,Nauru,1994,,0.0,,,,METER,mètre,,,,,N,National,,
DATAFLOW,SPC:DF_CLIMATE_CHANGE(1.0),Indicateurs du changement climatique,I,A,Annuel,SEA_LVL,Anomalies du niveau de la mer,NR,Nauru,1995,,0.0,,,,METER,mètre,,,,,N,National,,
DATAFLOW,SPC:DF_CLIMATE_CHANGE(1.0),Indicateurs du changement climatique,I,A,Annuel,SEA_LVL,Anomalies du niveau de la mer,NR,Nauru,1996,,0.0,,,,METER,mètre,,,,,N,National,,
DATAFLOW,SPC:DF_CLIMATE_CHANGE(1.0),Indicateurs du changement climatique,I,A,Annuel,SEA_LVL,Anomalies du niveau de la mer,NR,Nauru,1997,,0.0,,,,METER,mètre,,,,,N,National,,
DATAFLOW,SPC:DF_CLIMATE_CHANGE(1.0),Indicateurs du changement climatique,I,A,Annuel,SEA_LVL,Anomalies du niveau de la mer,NR,Nauru,1998,,-0.1,,,,METER,mètre,,,,,N,National,,
DATAFLOW,SPC:DF_CLIMATE_CHANGE(1.0),Indicateurs du changement climatique,I,A,Annuel,SEA_LVL,Anomalies du niveau de la mer,NR,Nauru,1999,,0.0,,,,METER,mètre,,,,,N,National,,
DATAFLOW,SPC:DF_CLIMATE_CHANGE(1.0),Indicateurs du changement climatique,I,A,Annuel,SEA_LVL,Anomalies du niveau de la mer,NR,Nauru,2000,,0.0,,,,METER,mètre,,,,,N,National,,
DATAFLOW,SPC:DF_CLIMATE_CHANGE(1.0),Indicateurs du changement climatique,I,A,Annuel,SEA_LVL,Anomalies du niveau de la mer,NR,Nauru,2001,,0.0,,,,METER,mètre,,,,,N,National,,
DATAFLOW,SPC:DF_CLIMATE_CHANGE(1.0),Indicateurs du changement climatique,I,A,Annuel,SEA_LVL,Anomalies du niveau de la mer,NR,Nauru,2002,,0.0,,,,METER,mètre,,,,,N,National,,
DATAFLOW,SPC:DF_CLIMATE_CHANGE(1.0),Indicateurs du changement climatique,I,A,Annuel,SEA_LVL,Anomalies du niveau de la mer,NR,Nauru,2003,,0.0,,,,METER,mètre,,,,,N,National,,
DATAFLOW,SPC:DF_CLIMATE_CHANGE(1.0),Indicateurs du changement climatique,I,A,Annuel,SEA_LVL,Anomalies du niveau de la mer,NR,Nauru,2004,,0.1,,,,METER,mètre,,,,,N,National,,
DATAFLOW,SPC:DF_CLIMATE_CHANGE(1.0),Indicateurs du changement climatique,I,A,Annuel,SEA_LVL,Anomalies du niveau de la mer,NR,Nauru,2005,,0.1,,,,METER,mètre,,,,,N,National,,
DATAFLOW,SPC:DF_CLIMATE_CHANGE(1.0),Indicateurs du changement climatique,I,A,Annuel,SEA_LVL,Anomalies du niveau de la mer,NR,Nauru,2006,,0.1,,,,METER,mètre,,,,,N,National,,
DATAFLOW,SPC:DF_CLIMATE_CHANGE(1.0),Indicateurs du changement climatique,I,A,Annuel,SEA_LVL,Anomalies du niveau de la mer,NR,Nauru,2007,,0.0,,,,METER,mètre,,,,,N,National,,
DATAFLOW,SPC:DF_CLIMATE_CHANGE(1.0),Indicateurs du changement climatique,I,A,Annuel,SEA_LVL,Anomalies du niveau de la mer,NR,Nauru,2008,,0.0,,,,METER,mètre,,,,,N,National,,
DATAFLOW,SPC:DF_CLIMATE_CHANGE(1.0),Indicateurs du changement climatique,I,A,Annuel,SEA_LVL,Anomalies du niveau de la mer,NR,Nauru,2009,,0.1,,,,METER,mètre,,,,,N,National,,
DATAFLOW,SPC:DF_CLIMATE_CHANGE(1.0),Indicateurs du changement climatique,I,A,Annuel,SEA_LVL,Anomalies du niveau de la mer,NR,Nauru,2010,,0.0,,,,METER,mètre,,,,,N,National,,
DATAFLOW,SPC:DF_CLIMATE_CHANGE(1.0),Indicateurs du changement climatique,I,A,Annuel,SEA_LVL,Anomalies du niveau de la mer,NR,Nauru,2011,,0.1,,,,METER,mètre,,,,,N,National,,
DATAFLOW,SPC:DF_CLIMATE_CHANGE(1.0),Indicateurs du changement climatique,I,A,Annuel,SEA_LVL,Anomalies du niveau de la mer,NR,Nauru,2012,,0.1,,,,METER,mètre,,,,,N,National,,
DATAFLOW,SPC:DF_CLIMATE_CHANGE(1.0),Indicateurs du changement climatique,I,A,Annuel,SEA_LVL,Anomalies du niveau de la mer,NR,Nauru,2013,,0.1,,,,METER,mètre,,,,,N,National,,
DATAFLOW,SPC:DF_CLIMATE_CHANGE(1.0),Indicateurs du changement climatique,I,A,Annuel,SEA_LVL,Anomalies du niveau de la mer,NR,Nauru,2014,,0.1,,,,METER,mètre,,,,,N,National,,
DATAFLOW,SPC:DF_CLIMATE_CHANGE(1.0),Indicateurs du changement climatique,I,A,Annuel,SEA_LVL,Anomalies du niveau de la mer,NR,Nauru,2015,,0.1,,,,METER,mètre,,,,,N,National,,
DATAFLOW,SPC:DF_CLIMATE_CHANGE(1.0),Indicateurs du changement climatique,I,A,Annuel,SEA_LVL,Anomalies du niveau de la mer,NR,Nauru,2016,,0.0,,,,METER,mètre,,,,,N,National,,
DATAFLOW,SPC:DF_CLIMATE_CHANGE(1.0),Indicateurs du changement climatique,I,A,Annuel,SEA_LVL,Anomalies du niveau de la mer,NR,Nauru,2017,,0.1,,,,METER,mètre,,,,,N,National,,
DATAFLOW,SPC:DF_CLIMATE_CHANGE(1.0),Indicateurs du changement climatique,I,A,Annuel,SEA_LVL,Anomalies du niveau de la mer,NR,Nauru,2018,,0.1,,,,METER,mètre,,,,,N,National,,
DATAFLOW,SPC:DF_CLIMATE_CHANGE(1.0),Indicateurs du changement climatique,I,A,Annuel,SEA_LVL,Anomalies du niveau de la mer,NR,Nauru,2019,,0.1,,,,METER,mètre,,,,,N,National,,
DATAFLOW,SPC:DF_CLIMATE_CHANGE(1.0),Indicateurs du changement climatique,I,A,Annuel,SEA_LVL,Anomalies du niveau de la mer,NR,Nauru,2020,,0.1,,,,METER,mètre,,,,,N,National,,
DATAFLOW,SPC:DF_CLIMATE_CHANGE(1.0),Indicateurs du changement climatique,I,A,Annuel,SEA_LVL,Anomalies du niveau de la mer,NR,Nauru,2021,,0.1,,,,METER,mètre,,,,,N,National,,
DATAFLOW,SPC:DF_CLIMATE_CHANGE(1.0),Indicateurs du changement climatique,I,A,Annuel,SEA_LVL,Anomalies du niveau de la mer,NR,Nauru,2022,,0.1,,,,METER,mètre,,,,,N,National,,
DATAFLOW,SPC:DF_CLIMATE_CHANGE(1.0),Indicateurs du changement climatique,I,A,Annuel,SEA_LVL,Anomalies du niveau de la mer,NR,Nauru,2023,,0.1,,,,METER,mètre,,,,,N,National,,
DATAFLOW,SPC:DF_CLIMATE_CHANGE(1.0),Indicateurs du changement climatique,I,A,Annuel,SEA_LVL,Anomalies du niveau de la mer,CK,Îles Cook,1993,,0.0,,,,METER,mètre,,,,,N,National,,
DATAFLOW,SPC:DF_CLIMATE_CHANGE(1.0),Indicateurs du changement climatique,I,A,Annuel,SEA_LVL,Anomalies du niveau de la mer,CK,Îles Cook,1994,,0.0,,,,METER,mètre,,,,,N,National,,
DATAFLOW,SPC:DF_CLIMATE_CHANGE(1.0),Indicateurs du changement climatique,I,A,Annuel,SEA_LVL,Anomalies du niveau de la mer,CK,Îles Cook,1995,,0.0,,,,METER,mètre,,,,,N,National,,
DATAFLOW,SPC:DF_CLIMATE_CHANGE(1.0),Indicateurs du changement climatique,I,A,Annuel,SEA_LVL,Anomalies du niveau de la mer,CK,Îles Cook,1996,,0.0,,,,METER,mètre,,,,,N,National,,
DATAFLOW,SPC:DF_CLIMATE_CHANGE(1.0),Indicateurs du changement climatique,I,A,Annuel,SEA_LVL,Anomalies du niveau de la mer,CK,Îles Cook,1997,,0.0,,,,METER,mètre,,,,,N,National,,
DATAFLOW,SPC:DF_CLIMATE_CHANGE(1.0),Indicateurs du changement climatique,I,A,Annuel,SEA_LVL,Anomalies du niveau de la mer,CK,Îles Cook,1998,,-0.1,,,,METER,mètre,,,,,N,National,,
DATAFLOW,SPC:DF_CLIMATE_CHANGE(1.0),Indicateurs du changement climatique,I,A,Annuel,SEA_LVL,Anomalies du niveau de la mer,CK,Îles Cook,1999,,0.0,,,,METER,mètre,,,,,N,National,,
DATAFLOW,SPC:DF_CLIMATE_CHANGE(1.0),Indicateurs du changement climatique,I,A,Annuel,SEA_LVL,Anomalies du niveau de la mer,CK,Îles Cook,2000,,0.0,,,,METER,mètre,,,,,N,National,,
DATAFLOW,SPC:DF_CLIMATE_CHANGE(1.0),Indicateurs du changement climatique,I,A,Annuel,SEA_LVL,Anomalies du niveau de la mer,CK,Îles Cook,2001,,0.0,,,,METER,mètre,,,,,N,National,,
DATAFLOW,SPC:DF_CLIMATE_CHANGE(1.0),Indicateurs du changement climatique,I,A,Annuel,SEA_LVL,Anomalies du niveau de la mer,CK,Îles Cook,2002,,0.0,,,,METER,mètre,,,,,N,National,,
DATAFLOW,SPC:DF_CLIMATE_CHANGE(1.0),Indicateurs du changement climatique,I,A,Annuel,SEA_LVL,Anomalies du niveau de la mer,CK,Îles Cook,2003,,0.0,,,,METER,mètre,,,,,N,National,,
DATAFLOW,SPC:DF_CLIMATE_CHANGE(1.0),Indicateurs du changement climatique,I,A,Annuel,SEA_LVL,Anomalies du niveau de la mer,CK,Îles Cook,2004,,0.0,,,,METER,mètre,,,,,N,National,,
DATAFLOW,SPC:DF_CLIMATE_CHANGE(1.0),Indicateurs du changement climatique,I,A,Annuel,SEA_LVL,Anomalies du niveau de la mer,CK,Îles Cook,2005,,0.0,,,,METER,mètre,,,,,N,National,,
DATAFLOW,SPC:DF_CLIMATE_CHANGE(1.0),Indicateurs du changement climatique,I,A,Annuel,SEA_LVL,Anomalies du niveau de la mer,CK,Îles Cook,2006,,0.1,,,,METER,mètre,,,,,N,National,,
DATAFLOW,SPC:DF_CLIMATE_CHANGE(1.0),Indicateurs du changement climatique,I,A,Annuel,SEA_LVL,Anomalies du niveau de la mer,CK,Îles Cook,2007,,0.1,,,,METER,mètre,,,,,N,National,,
DATAFLOW,SPC:DF_CLIMATE_CHANGE(1.0),Indicateurs du changement climatique,I,A,Annuel,SEA_LVL,Anomalies du niveau de la mer,CK,Îles Cook,2008,,0.0,,,,METER,mètre,,,,,N,National,,
DATAFLOW,SPC:DF_CLIMATE_CHANGE(1.0),Indicateurs du changement climatique,I,A,Annuel,SEA_LVL,Anomalies du niveau de la mer,CK,Îles Cook,2009,,0.0,,,,METER,mètre,,,,,N,National,,
DATAFLOW,SPC:DF_CLIMATE_CHANGE(1.0),Indicateurs du changement climatique,I,A,Annuel,SEA_LVL,Anomalies du niveau de la mer,CK,Îles Cook,2010,,0.0,,,,METER,mètre,,,,,N,National,,
DATAFLOW,SPC:DF_CLIMATE_CHANGE(1.0),Indicateurs du changement climatique,I,A,Annuel,SEA_LVL,Anomalies du niveau de la mer,CK,Îles Cook,2011,,0.1,,,,METER,mètre,,,,,N,National,,
DATAFLOW,SPC:DF_CLIMATE_CHANGE(1.0),Indicateurs du changement climatique,I,A,Annuel,SEA_LVL,Anomalies du niveau de la mer,CK,Îles Cook,2012,,0.0,,,,METER,mètre,,,,,N,National,,
DATAFLOW,SPC:DF_CLIMATE_CHANGE(1.0),Indicateurs du changement climatique,I,A,Annuel,SEA_LVL,Anomalies du niveau de la mer,CK,Îles Cook,2013,,0.0,,,,METER,mètre,,,,,N,National,,
DATAFLOW,SPC:DF_CLIMATE_CHANGE(1.0),Indicateurs du changement climatique,I,A,Annuel,SEA_LVL,Anomalies du niveau de la mer,CK,Îles Cook,2014,,0.1,,,,METER,mètre,,,,,N,National,,
DATAFLOW,SPC:DF_CLIMATE_CHANGE(1.0),Indicateurs du changement climatique,I,A,Annuel,SEA_LVL,Anomalies du niveau de la mer,CK,Îles Cook,2015,,0.1,,,,METER,mètre,,,,,N,National,,
DATAFLOW,SPC:DF_CLIMATE_CHANGE(1.0),Indicateurs du changement climatique,I,A,Annuel,SEA_LVL,Anomalies du niveau de la mer,CK,Îles Cook,2016,,0.1,,,,METER,mètre,,,,,N,National,,
DATAFLOW,SPC:DF_CLIMATE_CHANGE(1.0),Indicateurs du changement climatique,I,A,Annuel,SEA_LVL,Anomalies du niveau de la mer,CK,Îles Cook,2017,,0.1,,,,METER,mètre,,,,,N,National,,
DATAFLOW,SPC:DF_CLIMATE_CHANGE(1.0),Indicateurs du changement climatique,I,A,Annuel,SEA_LVL,Anomalies du niveau de la mer,CK,Îles Cook,2018,,0.1,,,,METER,mètre,,,,,N,National,,
DATAFLOW,SPC:DF_CLIMATE_CHANGE(1.0),Indicateurs du changement climatique,I,A,Annuel,SEA_LVL,Anomalies du niveau de la mer,CK,Îles Cook,2019,,0.1,,,,METER,mètre,,,,,N,National,,
DATAFLOW,SPC:DF_CLIMATE_CHANGE(1.0),Indicateurs du changement climatique,I,A,Annuel,SEA_LVL,Anomalies du niveau de la mer,CK,Îles Cook,2020,,0.1,,,,METER,mètre,,,,,N,National,,
DATAFLOW,SPC:DF_CLIMATE_CHANGE(1.0),Indicateurs du changement climatique,I,A,Annuel,SEA_LVL,Anomalies du niveau de la mer,CK,Îles Cook,2021,,0.1,,,,METER,mètre,,,,,N,National,,
DATAFLOW,SPC:DF_CLIMATE_CHANGE(1.0),Indicateurs du changement climatique,I,A,Annuel,SEA_LVL,Anomalies du niveau de la mer,CK,Îles Cook,2022,,0.1,,,,METER,mètre,,,,,N,National,,
DATAFLOW,SPC:DF_CLIMATE_CHANGE(1.0),Indicateurs du changement climatique,I,A,Annuel,SEA_LVL,Anomalies du niveau de la mer,CK,Îles Cook,2023,,0.1,,,,METER,mètre,,,,,N,National,,
DATAFLOW,SPC:DF_CLIMATE_CHANGE(1.0),Indicateurs du changement climatique,I,A,Annuel,SEA_LVL,Anomalies du niveau de la mer,TK,Tokelau,1993,,0.0,,,,METER,mètre,,,,,N,National,,
DATAFLOW,SPC:DF_CLIMATE_CHANGE(1.0),Indicateurs du changement climatique,I,A,Annuel,SEA_LVL,Anomalies du niveau de la mer,TK,Tokelau,1994,,0.0,,,,METER,mètre,,,,,N,National,,
DATAFLOW,SPC:DF_CLIMATE_CHANGE(1.0),Indicateurs du changement climatique,I,A,Annuel,SEA_LVL,Anomalies du niveau de la mer,TK,Tokelau,1995,,0.1,,,,METER,mètre,,,,,N,National,,
DATAFLOW,SPC:DF_CLIMATE_CHANGE(1.0),Indicateurs du changement climatique,I,A,Annuel,SEA_LVL,Anomalies du niveau de la mer,TK,Tokelau,1996,,0.0,,,,METER,mètre,,,,,N,National,,
DATAFLOW,SPC:DF_CLIMATE_CHANGE(1.0),Indicateurs du changement climatique,I,A,Annuel,SEA_LVL,Anomalies du niveau de la mer,TK,Tokelau,1997,,0.0,,,,METER,mètre,,,,,N,National,,
DATAFLOW,SPC:DF_CLIMATE_CHANGE(1.0),Indicateurs du changement climatique,I,A,Annuel,SEA_LVL,Anomalies du niveau de la mer,TK,Tokelau,1998,,-0.1,,,,METER,mètre,,,,,N,National,,
DATAFLOW,SPC:DF_CLIMATE_CHANGE(1.0),Indicateurs du changement climatique,I,A,Annuel,SEA_LVL,Anomalies du niveau de la mer,TK,Tokelau,1999,,0.0,,,,METER,mètre,,,,,N,National,,
DATAFLOW,SPC:DF_CLIMATE_CHANGE(1.0),Indicateurs du changement climatique,I,A,Annuel,SEA_LVL,Anomalies du niveau de la mer,TK,Tokelau,2000,,0.0,,,,METER,mètre,,,,,N,National,,
DATAFLOW,SPC:DF_CLIMATE_CHANGE(1.0),Indicateurs du changement climatique,I,A,Annuel,SEA_LVL,Anomalies du niveau de la mer,TK,Tokelau,2001,,0.0,,,,METER,mètre,,,,,N,National,,
DATAFLOW,SPC:DF_CLIMATE_CHANGE(1.0),Indicateurs du changement climatique,I,A,Annuel,SEA_LVL,Anomalies du niveau de la mer,TK,Tokelau,2002,,0.1,,,,METER,mètre,,,,,N,National,,
DATAFLOW,SPC:DF_CLIMATE_CHANGE(1.0),Indicateurs du changement climatique,I,A,Annuel,SEA_LVL,Anomalies du niveau de la mer,TK,Tokelau,2003,,0.1,,,,METER,mètre,,,,,N,National,,
DATAFLOW,SPC:DF_CLIMATE_CHANGE(1.0),Indicateurs du changement climatique,I,A,Annuel,SEA_LVL,Anomalies du niveau de la mer,TK,Tokelau,2004,,0.1,,,,METER,mètre,,,,,N,National,,
DATAFLOW,SPC:DF_CLIMATE_CHANGE(1.0),Indicateurs du changement climatique,I,A,Annuel,SEA_LVL,Anomalies du niveau de la mer,TK,Tokelau,2005,,0.1,,,,METER,mètre,,,,,N,National,,
DATAFLOW,SPC:DF_CLIMATE_CHANGE(1.0),Indicateurs du changement climatique,I,A,Annuel,SEA_LVL,Anomalies du niveau de la mer,TK,Tokelau,2006,,0.0,,,,METER,mètre,,,,,N,National,,
DATAFLOW,SPC:DF_CLIMATE_CHANGE(1.0),Indicateurs du changement climatique,I,A,Annuel,SEA_LVL,Anomalies du niveau de la mer,TK,Tokelau,2007,,0.1,,,,METER,mètre,,,,,N,National,,
DATAFLOW,SPC:DF_CLIMATE_CHANGE(1.0),Indicateurs du changement climatique,I,A,Annuel,SEA_LVL,Anomalies du niveau de la mer,TK,Tokelau,2008,,0.0,,,,METER,mètre,,,,,N,National,,
DATAFLOW,SPC:DF_CLIMATE_CHANGE(1.0),Indicateurs du changement climatique,I,A,Annuel,SEA_LVL,Anomalies du niveau de la mer,TK,Tokelau,2009,,0.0,,,,METER,mètre,,,,,N,National,,
DATAFLOW,SPC:DF_CLIMATE_CHANGE(1.0),Indicateurs du changement climatique,I,A,Annuel,SEA_LVL,Anomalies du niveau de la mer,TK,Tokelau,2010,,0.0,,,,METER,mètre,,,,,N,National,,
DATAFLOW,SPC:DF_CLIMATE_CHANGE(1.0),Indicateurs du changement climatique,I,A,Annuel,SEA_LVL,Anomalies du niveau de la mer,TK,Tokelau,2011,,0.0,,,,METER,mètre,,,,,N,National,,
DATAFLOW,SPC:DF_CLIMATE_CHANGE(1.0),Indicateurs du changement climatique,I,A,Annuel,SEA_LVL,Anomalies du niveau de la mer,TK,Tokelau,2012,,0.0,,,,METER,mètre,,,,,N,National,,
DATAFLOW,SPC:DF_CLIMATE_CHANGE(1.0),Indicateurs du changement climatique,I,A,Annuel,SEA_LVL,Anomalies du niveau de la mer,TK,Tokelau,2013,,0.1,,,,METER,mètre,,,,,N,National,,
DATAFLOW,SPC:DF_CLIMATE_CHANGE(1.0),Indicateurs du changement climatique,I,A,Annuel,SEA_LVL,Anomalies du niveau de la mer,TK,Tokelau,2014,,0.1,,,,METER,mètre,,,,,N,National,,
DATAFLOW,SPC:DF_CLIMATE_CHANGE(1.0),Indicateurs du changement climatique,I,A,Annuel,SEA_LVL,Anomalies du niveau de la mer,TK,Tokelau,2015,,0.1,,,,METER,mètre,,,,,N,National,,
DATAFLOW,SPC:DF_CLIMATE_CHANGE(1.0),Indicateurs du changement climatique,I,A,Annuel,SEA_LVL,Anomalies du niveau de la mer,TK,Tokelau,2016,,0.0,,,,METER,mètre,,,,,N,National,,
DATAFLOW,SPC:DF_CLIMATE_CHANGE(1.0),Indicateurs du changement climatique,I,A,Annuel,SEA_LVL,Anomalies du niveau de la mer,TK,Tokelau,2017,,0.1,,,,METER,mètre,,,,,N,National,,
DATAFLOW,SPC:DF_CLIMATE_CHANGE(1.0),Indicateurs du changement climatique,I,A,Annuel,SEA_LVL,Anomalies du niveau de la mer,TK,Tokelau,2018,,0.1,,,,METER,mètre,,,,,N,National,,
DATAFLOW,SPC:DF_CLIMATE_CHANGE(1.0),Indicateurs du changement climatique,I,A,Annuel,SEA_LVL,Anomalies du niveau de la mer,TK,Tokelau,2019,,0.1,,,,METER,mètre,,,,,N,National,,
DATAFLOW,SPC:DF_CLIMATE_CHANGE(1.0),Indicateurs du changement climatique,I,A,Annuel,SEA_LVL,Anomalies du niveau de la mer,TK,Tokelau,2020,,0.1,,,,METER,mètre,,,,,N,National,,
DATAFLOW,SPC:DF_CLIMATE_CHANGE(1.0),Indicateurs du changement climatique,I,A,Annuel,SEA_LVL,Anomalies du niveau de la mer,TK,Tokelau,2021,,0.1,,,,METER,mètre,,,,,N,National,,
DATAFLOW,SPC:DF_CLIMATE_CHANGE(1.0),Indicateurs du changement climatique,I,A,Annuel,SEA_LVL,Anomalies du niveau de la mer,TK,Tokelau,2022,,0.1,,,,METER,mètre,,,,,N,National,,
DATAFLOW,SPC:DF_CLIMATE_CHANGE(1.0),Indicateurs du changement climatique,I,A,Annuel,SEA_LVL,Anomalies du niveau de la mer,TK,Tokelau,2023,,0.1,,,,METER,mètre,,,,,N,National,,
DATAFLOW,SPC:DF_CLIMATE_CHANGE(1.0),Indicateurs du changement climatique,I,A,Annuel,SEA_LVL,Anomalies du niveau de la mer,MP,Îles Mariannes Du Nord,1993,,0.0,,,,METER,mètre,,,,,N,National,,
DATAFLOW,SPC:DF_CLIMATE_CHANGE(1.0),Indicateurs du changement climatique,I,A,Annuel,SEA_LVL,Anomalies du niveau de la mer,MP,Îles Mariannes Du Nord,1994,,0.0,,,,METER,mètre,,,,,N,National,,
DATAFLOW,SPC:DF_CLIMATE_CHANGE(1.0),Indicateurs du changement climatique,I,A,Annuel,SEA_LVL,Anomalies du niveau de la mer,MP,Îles Mariannes Du Nord,1995,,0.0,,,,METER,mètre,,,,,N,National,,
DATAFLOW,SPC:DF_CLIMATE_CHANGE(1.0),Indicateurs du changement climatique,I,A,Annuel,SEA_LVL,Anomalies du niveau de la mer,MP,Îles Mariannes Du Nord,1996,,0.0,,,,METER,mètre,,,,,N,National,,
DATAFLOW,SPC:DF_CLIMATE_CHANGE(1.0),Indicateurs du changement climatique,I,A,Annuel,SEA_LVL,Anomalies du niveau de la mer,MP,Îles Mariannes Du Nord,1997,,0.0,,,,METER,mètre,,,,,N,National,,
DATAFLOW,SPC:DF_CLIMATE_CHANGE(1.0),Indicateurs du changement climatique,I,A,Annuel,SEA_LVL,Anomalies du niveau de la mer,MP,Îles Mariannes Du Nord,1998,,0.0,,,,METER,mètre,,,,,N,National,,
DATAFLOW,SPC:DF_CLIMATE_CHANGE(1.0),Indicateurs du changement climatique,I,A,Annuel,SEA_LVL,Anomalies du niveau de la mer,MP,Îles Mariannes Du Nord,1999,,0.0,,,,METER,mètre,,,,,N,National,,
DATAFLOW,SPC:DF_CLIMATE_CHANGE(1.0),Indicateurs du changement climatique,I,A,Annuel,SEA_LVL,Anomalies du niveau de la mer,MP,Îles Mariannes Du Nord,2000,,0.0,,,,METER,mètre,,,,,N,National,,
DATAFLOW,SPC:DF_CLIMATE_CHANGE(1.0),Indicateurs du changement climatique,I,A,Annuel,SEA_LVL,Anomalies du niveau de la mer,MP,Îles Mariannes Du Nord,2001,,0.0,,,,METER,mètre,,,,,N,National,,
DATAFLOW,SPC:DF_CLIMATE_CHANGE(1.0),Indicateurs du changement climatique,I,A,Annuel,SEA_LVL,Anomalies du niveau de la mer,MP,Îles Mariannes Du Nord,2002,,0.0,,,,METER,mètre,,,,,N,National,,
DATAFLOW,SPC:DF_CLIMATE_CHANGE(1.0),Indicateurs du changement climatique,I,A,Annuel,SEA_LVL,Anomalies du niveau de la mer,MP,Îles Mariannes Du Nord,2003,,0.0,,,,METER,mètre,,,,,N,National,,
DATAFLOW,SPC:DF_CLIMATE_CHANGE(1.0),Indicateurs du changement climatique,I,A,Annuel,SEA_LVL,Anomalies du niveau de la mer,MP,Îles Mariannes Du Nord,2004,,0.0,,,,METER,mètre,,,,,N,National,,
DATAFLOW,SPC:DF_CLIMATE_CHANGE(1.0),Indicateurs du changement climatique,I,A,Annuel,SEA_LVL,Anomalies du niveau de la mer,MP,Îles Mariannes Du Nord,2005,,0.1,,,,METER,mètre,,,,,N,National,,
DATAFLOW,SPC:DF_CLIMATE_CHANGE(1.0),Indicateurs du changement climatique,I,A,Annuel,SEA_LVL,Anomalies du niveau de la mer,MP,Îles Mariannes Du Nord,2006,,0.0,,,,METER,mètre,,,,,N,National,,
DATAFLOW,SPC:DF_CLIMATE_CHANGE(1.0),Indicateurs du changement climatique,I,A,Annuel,SEA_LVL,Anomalies du niveau de la mer,MP,Îles Mariannes Du Nord,2007,,0.1,,,,METER,mètre,,,,,N,National,,
DATAFLOW,SPC:DF_CLIMATE_CHANGE(1.0),Indicateurs du changement climatique,I,A,Annuel,SEA_LVL,Anomalies du niveau de la mer,MP,Îles Mariannes Du Nord,2008,,0.1,,,,METER,mètre,,,,,N,National,,
DATAFLOW,SPC:DF_CLIMATE_CHANGE(1.0),Indicateurs du changement climatique,I,A,Annuel,SEA_LVL,Anomalies du niveau de la mer,MP,Îles Mariannes Du Nord,2009,,0.0,,,,METER,mètre,,,,,N,National,,
DATAFLOW,SPC:DF_CLIMATE_CHANGE(1.0),Indicateurs du changement climatique,I,A,Annuel,SEA_LVL,Anomalies du niveau de la mer,MP,Îles Mariannes Du Nord,2010,,0.0,,,,METER,mètre,,,,,N,National,,
DATAFLOW,SPC:DF_CLIMATE_CHANGE(1.0),Indicateurs du changement climatique,I,A,Annuel,SEA_LVL,Anomalies du niveau de la mer,MP,Îles Mariannes Du Nord,2011,,0.0,,,,METER,mètre,,,,,N,National,,
DATAFLOW,SPC:DF_CLIMATE_CHANGE(1.0),Indicateurs du changement climatique,I,A,Annuel,SEA_LVL,Anomalies du niveau de la mer,MP,Îles Mariannes Du Nord,2012,,0.0,,,,METER,mètre,,,,,N,National,,
DATAFLOW,SPC:DF_CLIMATE_CHANGE(1.0),Indicateurs du changement climatique,I,A,Annuel,SEA_LVL,Anomalies du niveau de la mer,MP,Îles Mariannes Du Nord,2013,,0.1,,,,METER,mètre,,,,,N,National,,
DATAFLOW,SPC:DF_CLIMATE_CHANGE(1.0),Indicateurs du changement climatique,I,A,Annuel,SEA_LVL,Anomalies du niveau de la mer,MP,Îles Mariannes Du Nord,2014,,0.0,,,,METER,mètre,,,,,N,National,,
DATAFLOW,SPC:DF_CLIMATE_CHANGE(1.0),Indicateurs du changement climatique,I,A,Annuel,SEA_LVL,Anomalies du niveau de la mer,MP,Îles Mariannes Du Nord,2015,,0.0,,,,METER,mètre,,,,,N,National,,
DATAFLOW,SPC:DF_CLIMATE_CHANGE(1.0),Indicateurs du changement climatique,I,A,Annuel,SEA_LVL,Anomalies du niveau de la mer,MP,Îles Mariannes Du Nord,2016,,0.0,,,,METER,mètre,,,,,N,National,,
DATAFLOW,SPC:DF_CLIMATE_CHANGE(1.0),Indicateurs du changement climatique,I,A,Annuel,SEA_LVL,Anomalies du niveau de la mer,MP,Îles Mariannes Du Nord,2017,,0.1,,,,METER,mètre,,,,,N,National,,
DATAFLOW,SPC:DF_CLIMATE_CHANGE(1.0),Indicateurs du changement climatique,I,A,Annuel,SEA_LVL,Anomalies du niveau de la mer,MP,Îles Mariannes Du Nord,2018,,0.1,,,,METER,mètre,,,,,N,National,,
DATAFLOW,SPC:DF_CLIMATE_CHANGE(1.0),Indicateurs du changement climatique,I,A,Annuel,SEA_LVL,Anomalies du niveau de la mer,MP,Îles Mariannes Du Nord,2019,,0.1,,,,METER,mètre,,,,,N,National,,
DATAFLOW,SPC:DF_CLIMATE_CHANGE(1.0),Indicateurs du changement climatique,I,A,Annuel,SEA_LVL,Anomalies du niveau de la mer,MP,Îles Mariannes Du Nord,2020,,0.1,,,,METER,mètre,,,,,N,National,,
DATAFLOW,SPC:DF_CLIMATE_CHANGE(1.0),Indicateurs du changement climatique,I,A,Annuel,SEA_LVL,Anomalies du niveau de la mer,MP,Îles Mariannes Du Nord,2021,,0.1,,,,METER,mètre,,,,,N,National,,
DATAFLOW,SPC:DF_CLIMATE_CHANGE(1.0),Indicateurs du changement climatique,I,A,Annuel,SEA_LVL,Anomalies du niveau de la mer,MP,Îles Mariannes Du Nord,2022,,0.1,,,,METER,mètre,,,,,N,National,,
DATAFLOW,SPC:DF_CLIMATE_CHANGE(1.0),Indicateurs du changement climatique,I,A,Annuel,SEA_LVL,Anomalies du niveau de la mer,MP,Îles Mariannes Du Nord,2023,,0.1,,,,METER,mètre,,,,,N,National,,
DATAFLOW,SPC:DF_CLIMATE_CHANGE(1.0),Indicateurs du changement climatique,I,A,Annuel,SEA_LVL,Anomalies du niveau de la mer,PF,Polynésie Française,1993,,0.0,,,,METER,mètre,,,,,N,National,,
DATAFLOW,SPC:DF_CLIMATE_CHANGE(1.0),Indicateurs du changement climatique,I,A,Annuel,SEA_LVL,Anomalies du niveau de la mer,PF,Polynésie Française,1994,,0.0,,,,METER,mètre,,,,,N,National,,
DATAFLOW,SPC:DF_CLIMATE_CHANGE(1.0),Indicateurs du changement climatique,I,A,Annuel,SEA_LVL,Anomalies du niveau de la mer,PF,Polynésie Française,1995,,0.0,,,,METER,mètre,,,,,N,National,,
DATAFLOW,SPC:DF_CLIMATE_CHANGE(1.0),Indicateurs du changement climatique,I,A,Annuel,SEA_LVL,Anomalies du niveau de la mer,PF,Polynésie Française,1996,,0.0,,,,METER,mètre,,,,,N,National,,
DATAFLOW,SPC:DF_CLIMATE_CHANGE(1.0),Indicateurs du changement climatique,I,A,Annuel,SEA_LVL,Anomalies du niveau de la mer,PF,Polynésie Française,1997,,0.0,,,,METER,mètre,,,,,N,National,,
DATAFLOW,SPC:DF_CLIMATE_CHANGE(1.0),Indicateurs du changement climatique,I,A,Annuel,SEA_LVL,Anomalies du niveau de la mer,PF,Polynésie Française,1998,,0.0,,,,METER,mètre,,,,,N,National,,
DATAFLOW,SPC:DF_CLIMATE_CHANGE(1.0),Indicateurs du changement climatique,I,A,Annuel,SEA_LVL,Anomalies du niveau de la mer,PF,Polynésie Française,1999,,0.0,,,,METER,mètre,,,,,N,National,,
DATAFLOW,SPC:DF_CLIMATE_CHANGE(1.0),Indicateurs du changement climatique,I,A,Annuel,SEA_LVL,Anomalies du niveau de la mer,PF,Polynésie Française,2000,,0.0,,,,METER,mètre,,,,,N,National,,
DATAFLOW,SPC:DF_CLIMATE_CHANGE(1.0),Indicateurs du changement climatique,I,A,Annuel,SEA_LVL,Anomalies du niveau de la mer,PF,Polynésie Française,2001,,0.0,,,,METER,mètre,,,,,N,National,,
DATAFLOW,SPC:DF_CLIMATE_CHANGE(1.0),Indicateurs du changement climatique,I,A,Annuel,SEA_LVL,Anomalies du niveau de la mer,PF,Polynésie Française,2002,,0.0,,,,METER,mètre,,,,,N,National,,
DATAFLOW,SPC:DF_CLIMATE_CHANGE(1.0),Indicateurs du changement climatique,I,A,Annuel,SEA_LVL,Anomalies du niveau de la mer,PF,Polynésie Française,2003,,0.0,,,,METER,mètre,,,,,N,National,,
DATAFLOW,SPC:DF_CLIMATE_CHANGE(1.0),Indicateurs du changement climatique,I,A,Annuel,SEA_LVL,Anomalies du niveau de la mer,PF,Polynésie Française,2004,,0.0,,,,METER,mètre,,,,,N,National,,
DATAFLOW,SPC:DF_CLIMATE_CHANGE(1.0),Indicateurs du changement climatique,I,A,Annuel,SEA_LVL,Anomalies du niveau de la mer,PF,Polynésie Française,2005,,0.0,,,,METER,mètre,,,,,N,National,,
DATAFLOW,SPC:DF_CLIMATE_CHANGE(1.0),Indicateurs du changement climatique,I,A,Annuel,SEA_LVL,Anomalies du niveau de la mer,PF,Polynésie Française,2006,,0.1,,,,METER,mètre,,,,,N,National,,
DATAFLOW,SPC:DF_CLIMATE_CHANGE(1.0),Indicateurs du changement climatique,I,A,Annuel,SEA_LVL,Anomalies du niveau de la mer,PF,Polynésie Française,2007,,0.0,,,,METER,mètre,,,,,N,National,,
DATAFLOW,SPC:DF_CLIMATE_CHANGE(1.0),Indicateurs du changement climatique,I,A,Annuel,SEA_LVL,Anomalies du niveau de la mer,PF,Polynésie Française,2008,,0.0,,,,METER,mètre,,,,,N,National,,
DATAFLOW,SPC:DF_CLIMATE_CHANGE(1.0),Indicateurs du changement climatique,I,A,Annuel,SEA_LVL,Anomalies du niveau de la mer,PF,Polynésie Française,2009,,0.0,,,,METER,mètre,,,,,N,National,,
DATAFLOW,SPC:DF_CLIMATE_CHANGE(1.0),Indicateurs du changement climatique,I,A,Annuel,SEA_LVL,Anomalies du niveau de la mer,PF,Polynésie Française,2010,,0.0,,,,METER,mètre,,,,,N,National,,
DATAFLOW,SPC:DF_CLIMATE_CHANGE(1.0),Indicateurs du changement climatique,I,A,Annuel,SEA_LVL,Anomalies du niveau de la mer,PF,Polynésie Française,2011,,0.0,,,,METER,mètre,,,,,N,National,,
DATAFLOW,SPC:DF_CLIMATE_CHANGE(1.0),Indicateurs du changement climatique,I,A,Annuel,SEA_LVL,Anomalies du niveau de la mer,PF,Polynésie Française,2012,,0.0,,,,METER,mètre,,,,,N,National,,
DATAFLOW,SPC:DF_CLIMATE_CHANGE(1.0),Indicateurs du changement climatique,I,A,Annuel,SEA_LVL,Anomalies du niveau de la mer,PF,Polynésie Française,2013,,0.0,,,,METER,mètre,,,,,N,National,,
DATAFLOW,SPC:DF_CLIMATE_CHANGE(1.0),Indicateurs du changement climatique,I,A,Annuel,SEA_LVL,Anomalies du niveau de la mer,PF,Polynésie Française,2014,,0.1,,,,METER,mètre,,,,,N,National,,
DATAFLOW,SPC:DF_CLIMATE_CHANGE(1.0),Indicateurs du changement climatique,I,A,Annuel,SEA_LVL,Anomalies du niveau de la mer,PF,Polynésie Française,2015,,0.1,,,,METER,mètre,,,,,N,National,,
DATAFLOW,SPC:DF_CLIMATE_CHANGE(1.0),Indicateurs du changement climatique,I,A,Annuel,SEA_LVL,Anomalies du niveau de la mer,PF,Polynésie Française,2016,,0.1,,,,METER,mètre,,,,,N,National,,
DATAFLOW,SPC:DF_CLIMATE_CHANGE(1.0),Indicateurs du changement climatique,I,A,Annuel,SEA_LVL,Anomalies du niveau de la mer,PF,Polynésie Française,2017,,0.1,,,,METER,mètre,,,,,N,National,,
DATAFLOW,SPC:DF_CLIMATE_CHANGE(1.0),Indicateurs du changement climatique,I,A,Annuel,SEA_LVL,Anomalies du niveau de la mer,PF,Polynésie Française,2018,,0.1,,,,METER,mètre,,,,,N,National,,
DATAFLOW,SPC:DF_CLIMATE_CHANGE(1.0),Indicateurs du changement climatique,I,A,Annuel,SEA_LVL,Anomalies du niveau de la mer,PF,Polynésie Française,2019,,0.1,,,,METER,mètre,,,,,N,National,,
DATAFLOW,SPC:DF_CLIMATE_CHANGE(1.0),Indicateurs du changement climatique,I,A,Annuel,SEA_LVL,Anomalies du niveau de la mer,PF,Polynésie Française,2020,,0.1,,,,METER,mètre,,,,,N,National,,
DATAFLOW,SPC:DF_CLIMATE_CHANGE(1.0),Indicateurs du changement climatique,I,A,Annuel,SEA_LVL,Anomalies du niveau de la mer,PF,Polynésie Française,2021,,0.1,,,,METER,mètre,,,,,N,National,,
DATAFLOW,SPC:DF_CLIMATE_CHANGE(1.0),Indicateurs du changement climatique,I,A,Annuel,SEA_LVL,Anomalies du niveau de la mer,PF,Polynésie Française,2022,,0.1,,,,METER,mètre,,,,,N,National,,
DATAFLOW,SPC:DF_CLIMATE_CHANGE(1.0),Indicateurs du changement climatique,I,A,Annuel,SEA_LVL,Anomalies du niveau de la mer,PF,Polynésie Française,2023,,0.1,,,,METER,mètre,,,,,N,National,,
DATAFLOW,SPC:DF_CLIMATE_CHANGE(1.0),Indicateurs du changement climatique,I,A,Annuel,SEA_LVL,Anomalies du niveau de la mer,WF,Wallis Et Futuna,1993,,0.0,,,,METER,mètre,,,,,N,National,,
DATAFLOW,SPC:DF_CLIMATE_CHANGE(1.0),Indicateurs du changement climatique,I,A,Annuel,SEA_LVL,Anomalies du niveau de la mer,WF,Wallis Et Futuna,1994,,0.0,,,,METER,mètre,,,,,N,National,,
DATAFLOW,SPC:DF_CLIMATE_CHANGE(1.0),Indicateurs du changement climatique,I,A,Annuel,SEA_LVL,Anomalies du niveau de la mer,WF,Wallis Et Futuna,1995,,0.0,,,,METER,mètre,,,,,N,National,,
DATAFLOW,SPC:DF_CLIMATE_CHANGE(1.0),Indicateurs du changement climatique,I,A,Annuel,SEA_LVL,Anomalies du niveau de la mer,WF,Wallis Et Futuna,1996,,0.1,,,,METER,mètre,,,,,N,National,,
DATAFLOW,SPC:DF_CLIMATE_CHANGE(1.0),Indicateurs du changement climatique,I,A,Annuel,SEA_LVL,Anomalies du niveau de la mer,WF,Wallis Et Futuna,1997,,0.0,,,,METER,mètre,,,,,N,National,,
DATAFLOW,SPC:DF_CLIMATE_CHANGE(1.0),Indicateurs du changement climatique,I,A,Annuel,SEA_LVL,Anomalies du niveau de la mer,WF,Wallis Et Futuna,1998,,-0.2,,,,METER,mètre,,,,,N,National,,
DATAFLOW,SPC:DF_CLIMATE_CHANGE(1.0),Indicateurs du changement climatique,I,A,Annuel,SEA_LVL,Anomalies du niveau de la mer,WF,Wallis Et Futuna,1999,,0.0,,,,METER,mètre,,,,,N,National,,
DATAFLOW,SPC:DF_CLIMATE_CHANGE(1.0),Indicateurs du changement climatique,I,A,Annuel,SEA_LVL,Anomalies du niveau de la mer,WF,Wallis Et Futuna,2000,,0.0,,,,METER,mètre,,,,,N,National,,
DATAFLOW,SPC:DF_CLIMATE_CHANGE(1.0),Indicateurs du changement climatique,I,A,Annuel,SEA_LVL,Anomalies du niveau de la mer,WF,Wallis Et Futuna,2001,,0.1,,,,METER,mètre,,,,,N,National,,
DATAFLOW,SPC:DF_CLIMATE_CHANGE(1.0),Indicateurs du changement climatique,I,A,Annuel,SEA_LVL,Anomalies du niveau de la mer,WF,Wallis Et Futuna,2002,,0.0,,,,METER,mètre,,,,,N,National,,
DATAFLOW,SPC:DF_CLIMATE_CHANGE(1.0),Indicateurs du changement climatique,I,A,Annuel,SEA_LVL,Anomalies du niveau de la mer,WF,Wallis Et Futuna,2003,,0.0,,,,METER,mètre,,,,,N,National,,
DATAFLOW,SPC:DF_CLIMATE_CHANGE(1.0),Indicateurs du changement climatique,I,A,Annuel,SEA_LVL,Anomalies du niveau de la mer,WF,Wallis Et Futuna,2004,,0.0,,,,METER,mètre,,,,,N,National,,
DATAFLOW,SPC:DF_CLIMATE_CHANGE(1.0),Indicateurs du changement climatique,I,A,Annuel,SEA_LVL,Anomalies du niveau de la mer,WF,Wallis Et Futuna,2005,,0.0,,,,METER,mètre,,,,,N,National,,
DATAFLOW,SPC:DF_CLIMATE_CHANGE(1.0),Indicateurs du changement climatique,I,A,Annuel,SEA_LVL,Anomalies du niveau de la mer,WF,Wallis Et Futuna,2006,,0.1,,,,METER,mètre,,,,,N,National,,
DATAFLOW,SPC:DF_CLIMATE_CHANGE(1.0),Indicateurs du changement climatique,I,A,Annuel,SEA_LVL,Anomalies du niveau de la mer,WF,Wallis Et Futuna,2007,,0.1,,,,METER,mètre,,,,,N,National,,
DATAFLOW,SPC:DF_CLIMATE_CHANGE(1.0),Indicateurs du changement climatique,I,A,Annuel,SEA_LVL,Anomalies du niveau de la mer,WF,Wallis Et Futuna,2008,,0.1,,,,METER,mètre,,,,,N,National,,
DATAFLOW,SPC:DF_CLIMATE_CHANGE(1.0),Indicateurs du changement climatique,I,A,Annuel,SEA_LVL,Anomalies du niveau de la mer,WF,Wallis Et Futuna,2009,,0.1,,,,METER,mètre,,,,,N,National,,
DATAFLOW,SPC:DF_CLIMATE_CHANGE(1.0),Indicateurs du changement climatique,I,A,Annuel,SEA_LVL,Anomalies du niveau de la mer,WF,Wallis Et Futuna,2010,,0.0,,,,METER,mètre,,,,,N,National,,
DATAFLOW,SPC:DF_CLIMATE_CHANGE(1.0),Indicateurs du changement climatique,I,A,Annuel,SEA_LVL,Anomalies du niveau de la mer,WF,Wallis Et Futuna,2011,,0.1,,,,METER,mètre,,,,,N,National,,
DATAFLOW,SPC:DF_CLIMATE_CHANGE(1.0),Indicateurs du changement climatique,I,A,Annuel,SEA_LVL,Anomalies du niveau de la mer,WF,Wallis Et Futuna,2012,,0.1,,,,METER,mètre,,,,,N,National,,
DATAFLOW,SPC:DF_CLIMATE_CHANGE(1.0),Indicateurs du changement climatique,I,A,Annuel,SEA_LVL,Anomalies du niveau de la mer,WF,Wallis Et Futuna,2013,,0.0,,,,METER,mètre,,,,,N,National,,
DATAFLOW,SPC:DF_CLIMATE_CHANGE(1.0),Indicateurs du changement climatique,I,A,Annuel,SEA_LVL,Anomalies du niveau de la mer,WF,Wallis Et Futuna,2014,,0.0,,,,METER,mètre,,,,,N,National,,
DATAFLOW,SPC:DF_CLIMATE_CHANGE(1.0),Indicateurs du changement climatique,I,A,Annuel,SEA_LVL,Anomalies du niveau de la mer,WF,Wallis Et Futuna,2015,,0.0,,,,METER,mètre,,,,,N,National,,
DATAFLOW,SPC:DF_CLIMATE_CHANGE(1.0),Indicateurs du changement climatique,I,A,Annuel,SEA_LVL,Anomalies du niveau de la mer,WF,Wallis Et Futuna,2016,,0.0,,,,METER,mètre,,,,,N,National,,
DATAFLOW,SPC:DF_CLIMATE_CHANGE(1.0),Indicateurs du changement climatique,I,A,Annuel,SEA_LVL,Anomalies du niveau de la mer,WF,Wallis Et Futuna,2017,,0.1,,,,METER,mètre,,,,,N,National,,
DATAFLOW,SPC:DF_CLIMATE_CHANGE(1.0),Indicateurs du changement climatique,I,A,Annuel,SEA_LVL,Anomalies du niveau de la mer,WF,Wallis Et Futuna,2018,,0.1,,,,METER,mètre,,,,,N,National,,
DATAFLOW,SPC:DF_CLIMATE_CHANGE(1.0),Indicateurs du changement climatique,I,A,Annuel,SEA_LVL,Anomalies du niveau de la mer,WF,Wallis Et Futuna,2019,,0.1,,,,METER,mètre,,,,,N,National,,
DATAFLOW,SPC:DF_CLIMATE_CHANGE(1.0),Indicateurs du changement climatique,I,A,Annuel,SEA_LVL,Anomalies du niveau de la mer,WF,Wallis Et Futuna,2020,,0.1,,,,METER,mètre,,,,,N,National,,
DATAFLOW,SPC:DF_CLIMATE_CHANGE(1.0),Indicateurs du changement climatique,I,A,Annuel,SEA_LVL,Anomalies du niveau de la mer,WF,Wallis Et Futuna,2021,,0.2,,,,METER,mètre,,,,,N,National,,
DATAFLOW,SPC:DF_CLIMATE_CHANGE(1.0),Indicateurs du changement climatique,I,A,Annuel,SEA_LVL,Anomalies du niveau de la mer,WF,Wallis Et Futuna,2022,,0.1,,,,METER,mètre,,,,,N,National,,
DATAFLOW,SPC:DF_CLIMATE_CHANGE(1.0),Indicateurs du changement climatique,I,A,Annuel,SEA_LVL,Anomalies du niveau de la mer,WF,Wallis Et Futuna,2023,,0.1,,,,METER,mètre,,,,,N,National,,
DATAFLOW,SPC:DF_CLIMATE_CHANGE(1.0),Indicateurs du changement climatique,I,A,Annuel,SEA_LVL,Anomalies du niveau de la mer,MH,Îles Marshall,1993,,0.0,,,,METER,mètre,,,,,N,National,,
DATAFLOW,SPC:DF_CLIMATE_CHANGE(1.0),Indicateurs du changement climatique,I,A,Annuel,SEA_LVL,Anomalies du niveau de la mer,MH,Îles Marshall,1994,,0.0,,,,METER,mètre,,,,,N,National,,
DATAFLOW,SPC:DF_CLIMATE_CHANGE(1.0),Indicateurs du changement climatique,I,A,Annuel,SEA_LVL,Anomalies du niveau de la mer,MH,Îles Marshall,1995,,0.0,,,,METER,mètre,,,,,N,National,,
DATAFLOW,SPC:DF_CLIMATE_CHANGE(1.0),Indicateurs du changement climatique,I,A,Annuel,SEA_LVL,Anomalies du niveau de la mer,MH,Îles Marshall,1996,,0.0,,,,METER,mètre,,,,,N,National,,
DATAFLOW,SPC:DF_CLIMATE_CHANGE(1.0),Indicateurs du changement climatique,I,A,Annuel,SEA_LVL,Anomalies du niveau de la mer,MH,Îles Marshall,1997,,-0.1,,,,METER,mètre,,,,,N,National,,
DATAFLOW,SPC:DF_CLIMATE_CHANGE(1.0),Indicateurs du changement climatique,I,A,Annuel,SEA_LVL,Anomalies du niveau de la mer,MH,Îles Marshall,1998,,0.0,,,,METER,mètre,,,,,N,National,,
DATAFLOW,SPC:DF_CLIMATE_CHANGE(1.0),Indicateurs du changement climatique,I,A,Annuel,SEA_LVL,Anomalies du niveau de la mer,MH,Îles Marshall,1999,,0.0,,,,METER,mètre,,,,,N,National,,
DATAFLOW,SPC:DF_CLIMATE_CHANGE(1.0),Indicateurs du changement climatique,I,A,Annuel,SEA_LVL,Anomalies du niveau de la mer,MH,Îles Marshall,2000,,0.0,,,,METER,mètre,,,,,N,National,,
DATAFLOW,SPC:DF_CLIMATE_CHANGE(1.0),Indicateurs du changement climatique,I,A,Annuel,SEA_LVL,Anomalies du niveau de la mer,MH,Îles Marshall,2001,,0.0,,,,METER,mètre,,,,,N,National,,
DATAFLOW,SPC:DF_CLIMATE_CHANGE(1.0),Indicateurs du changement climatique,I,A,Annuel,SEA_LVL,Anomalies du niveau de la mer,MH,Îles Marshall,2002,,0.0,,,,METER,mètre,,,,,N,National,,
DATAFLOW,SPC:DF_CLIMATE_CHANGE(1.0),Indicateurs du changement climatique,I,A,Annuel,SEA_LVL,Anomalies du niveau de la mer,MH,Îles Marshall,2003,,0.0,,,,METER,mètre,,,,,N,National,,
DATAFLOW,SPC:DF_CLIMATE_CHANGE(1.0),Indicateurs du changement climatique,I,A,Annuel,SEA_LVL,Anomalies du niveau de la mer,MH,Îles Marshall,2004,,0.0,,,,METER,mètre,,,,,N,National,,
DATAFLOW,SPC:DF_CLIMATE_CHANGE(1.0),Indicateurs du changement climatique,I,A,Annuel,SEA_LVL,Anomalies du niveau de la mer,MH,Îles Marshall,2005,,0.1,,,,METER,mètre,,,,,N,National,,
DATAFLOW,SPC:DF_CLIMATE_CHANGE(1.0),Indicateurs du changement climatique,I,A,Annuel,SEA_LVL,Anomalies du niveau de la mer,MH,Îles Marshall,2006,,0.0,,,,METER,mètre,,,,,N,National,,
DATAFLOW,SPC:DF_CLIMATE_CHANGE(1.0),Indicateurs du changement climatique,I,A,Annuel,SEA_LVL,Anomalies du niveau de la mer,MH,Îles Marshall,2007,,0.1,,,,METER,mètre,,,,,N,National,,
DATAFLOW,SPC:DF_CLIMATE_CHANGE(1.0),Indicateurs du changement climatique,I,A,Annuel,SEA_LVL,Anomalies du niveau de la mer,MH,Îles Marshall,2008,,0.1,,,,METER,mètre,,,,,N,National,,
DATAFLOW,SPC:DF_CLIMATE_CHANGE(1.0),Indicateurs du changement climatique,I,A,Annuel,SEA_LVL,Anomalies du niveau de la mer,MH,Îles Marshall,2009,,0.0,,,,METER,mètre,,,,,N,National,,
DATAFLOW,SPC:DF_CLIMATE_CHANGE(1.0),Indicateurs du changement climatique,I,A,Annuel,SEA_LVL,Anomalies du niveau de la mer,MH,Îles Marshall,2010,,0.1,,,,METER,mètre,,,,,N,National,,
DATAFLOW,SPC:DF_CLIMATE_CHANGE(1.0),Indicateurs du changement climatique,I,A,Annuel,SEA_LVL,Anomalies du niveau de la mer,MH,Îles Marshall,2011,,0.1,,,,METER,mètre,,,,,N,National,,
DATAFLOW,SPC:DF_CLIMATE_CHANGE(1.0),Indicateurs du changement climatique,I,A,Annuel,SEA_LVL,Anomalies du niveau de la mer,MH,Îles Marshall,2012,,0.1,,,,METER,mètre,,,,,N,National,,
DATAFLOW,SPC:DF_CLIMATE_CHANGE(1.0),Indicateurs du changement climatique,I,A,Annuel,SEA_LVL,Anomalies du niveau de la mer,MH,Îles Marshall,2013,,0.1,,,,METER,mètre,,,,,N,National,,
DATAFLOW,SPC:DF_CLIMATE_CHANGE(1.0),Indicateurs du changement climatique,I,A,Annuel,SEA_LVL,Anomalies du niveau de la mer,MH,Îles Marshall,2014,,0.0,,,,METER,mètre,,,,,N,National,,
DATAFLOW,SPC:DF_CLIMATE_CHANGE(1.0),Indicateurs du changement climatique,I,A,Annuel,SEA_LVL,Anomalies du niveau de la mer,MH,Îles Marshall,2015,,0.0,,,,METER,mètre,,,,,N,National,,
DATAFLOW,SPC:DF_CLIMATE_CHANGE(1.0),Indicateurs du changement climatique,I,A,Annuel,SEA_LVL,Anomalies du niveau de la mer,MH,Îles Marshall,2016,,0.0,,,,METER,mètre,,,,,N,National,,
DATAFLOW,SPC:DF_CLIMATE_CHANGE(1.0),Indicateurs du changement climatique,I,A,Annuel,SEA_LVL,Anomalies du niveau de la mer,MH,Îles Marshall,2017,,0.1,,,,METER,mètre,,,,,N,National,,
DATAFLOW,SPC:DF_CLIMATE_CHANGE(1.0),Indicateurs du changement climatique,I,A,Annuel,SEA_LVL,Anomalies du niveau de la mer,MH,Îles Marshall,2018,,0.0,,,,METER,mètre,,,,,N,National,,
DATAFLOW,SPC:DF_CLIMATE_CHANGE(1.0),Indicateurs du changement climatique,I,A,Annuel,SEA_LVL,Anomalies du niveau de la mer,MH,Îles Marshall,2019,,0.1,,,,METER,mètre,,,,,N,National,,
DATAFLOW,SPC:DF_CLIMATE_CHANGE(1.0),Indicateurs du changement climatique,I,A,Annuel,SEA_LVL,Anomalies du niveau de la mer,MH,Îles Marshall,2020,,0.1,,,,METER,mètre,,,,,N,National,,
DATAFLOW,SPC:DF_CLIMATE_CHANGE(1.0),Indicateurs du changement climatique,I,A,Annuel,SEA_LVL,Anomalies du niveau de la mer,MH,Îles Marshall,2021,,0.1,,,,METER,mètre,,,,,N,National,,
DATAFLOW,SPC:DF_CLIMATE_CHANGE(1.0),Indicateurs du changement climatique,I,A,Annuel,SEA_LVL,Anomalies du niveau de la mer,MH,Îles Marshall,2022,,0.1,,,,METER,mètre,,,,,N,National,,
DATAFLOW,SPC:DF_CLIMATE_CHANGE(1.0),Indicateurs du changement climatique,I,A,Annuel,SEA_LVL,Anomalies du niveau de la mer,MH,Îles Marshall,2023,,0.1,,,,METER,mètre,,,,,N,National,,
DATAFLOW,SPC:DF_CLIMATE_CHANGE(1.0),Indicateurs du changement climatique,I,A,Annuel,SEA_LVL,Anomalies du niveau de la mer,VU,Vanuatu,1993,,0.0,,,,METER,mètre,,,,,N,National,,
DATAFLOW,SPC:DF_CLIMATE_CHANGE(1.0),Indicateurs du changement climatique,I,A,Annuel,SEA_LVL,Anomalies du niveau de la mer,VU,Vanuatu,1994,,0.0,,,,METER,mètre,,,,,N,National,,
DATAFLOW,SPC:DF_CLIMATE_CHANGE(1.0),Indicateurs du changement climatique,I,A,Annuel,SEA_LVL,Anomalies du niveau de la mer,VU,Vanuatu,1995,,0.0,,,,METER,mètre,,,,,N,National,,
DATAFLOW,SPC:DF_CLIMATE_CHANGE(1.0),Indicateurs du changement climatique,I,A,Annuel,SEA_LVL,Anomalies du niveau de la mer,VU,Vanuatu,1996,,0.0,,,,METER,mètre,,,,,N,National,,
DATAFLOW,SPC:DF_CLIMATE_CHANGE(1.0),Indicateurs du changement climatique,I,A,Annuel,SEA_LVL,Anomalies du niveau de la mer,VU,Vanuatu,1997,,0.0,,,,METER,mètre,,,,,N,National,,
DATAFLOW,SPC:DF_CLIMATE_CHANGE(1.0),Indicateurs du changement climatique,I,A,Annuel,SEA_LVL,Anomalies du niveau de la mer,VU,Vanuatu,1998,,0.0,,,,METER,mètre,,,,,N,National,,
DATAFLOW,SPC:DF_CLIMATE_CHANGE(1.0),Indicateurs du changement climatique,I,A,Annuel,SEA_LVL,Anomalies du niveau de la mer,VU,Vanuatu,1999,,0.0,,,,METER,mètre,,,,,N,National,,
DATAFLOW,SPC:DF_CLIMATE_CHANGE(1.0),Indicateurs du changement climatique,I,A,Annuel,SEA_LVL,Anomalies du niveau de la mer,VU,Vanuatu,2000,,0.0,,,,METER,mètre,,,,,N,National,,
DATAFLOW,SPC:DF_CLIMATE_CHANGE(1.0),Indicateurs du changement climatique,I,A,Annuel,SEA_LVL,Anomalies du niveau de la mer,VU,Vanuatu,2001,,0.1,,,,METER,mètre,,,,,N,National,,
DATAFLOW,SPC:DF_CLIMATE_CHANGE(1.0),Indicateurs du changement climatique,I,A,Annuel,SEA_LVL,Anomalies du niveau de la mer,VU,Vanuatu,2002,,0.0,,,,METER,mètre,,,,,N,National,,
DATAFLOW,SPC:DF_CLIMATE_CHANGE(1.0),Indicateurs du changement climatique,I,A,Annuel,SEA_LVL,Anomalies du niveau de la mer,VU,Vanuatu,2003,,0.0,,,,METER,mètre,,,,,N,National,,
DATAFLOW,SPC:DF_CLIMATE_CHANGE(1.0),Indicateurs du changement climatique,I,A,Annuel,SEA_LVL,Anomalies du niveau de la mer,VU,Vanuatu,2004,,0.0,,,,METER,mètre,,,,,N,National,,
DATAFLOW,SPC:DF_CLIMATE_CHANGE(1.0),Indicateurs du changement climatique,I,A,Annuel,SEA_LVL,Anomalies du niveau de la mer,VU,Vanuatu,2005,,0.0,,,,METER,mètre,,,,,N,National,,
DATAFLOW,SPC:DF_CLIMATE_CHANGE(1.0),Indicateurs du changement climatique,I,A,Annuel,SEA_LVL,Anomalies du niveau de la mer,VU,Vanuatu,2006,,0.0,,,,METER,mètre,,,,,N,National,,
DATAFLOW,SPC:DF_CLIMATE_CHANGE(1.0),Indicateurs du changement climatique,I,A,Annuel,SEA_LVL,Anomalies du niveau de la mer,VU,Vanuatu,2007,,0.0,,,,METER,mètre,,,,,N,National,,
DATAFLOW,SPC:DF_CLIMATE_CHANGE(1.0),Indicateurs du changement climatique,I,A,Annuel,SEA_LVL,Anomalies du niveau de la mer,VU,Vanuatu,2008,,0.1,,,,METER,mètre,,,,,N,National,,
DATAFLOW,SPC:DF_CLIMATE_CHANGE(1.0),Indicateurs du changement climatique,I,A,Annuel,SEA_LVL,Anomalies du niveau de la mer,VU,Vanuatu,2009,,0.1,,,,METER,mètre,,,,,N,National,,
DATAFLOW,SPC:DF_CLIMATE_CHANGE(1.0),Indicateurs du changement climatique,I,A,Annuel,SEA_LVL,Anomalies du niveau de la mer,VU,Vanuatu,2010,,0.0,,,,METER,mètre,,,,,N,National,,
DATAFLOW,SPC:DF_CLIMATE_CHANGE(1.0),Indicateurs du changement climatique,I,A,Annuel,SEA_LVL,Anomalies du niveau de la mer,VU,Vanuatu,2011,,0.1,,,,METER,mètre,,,,,N,National,,
DATAFLOW,SPC:DF_CLIMATE_CHANGE(1.0),Indicateurs du changement climatique,I,A,Annuel,SEA_LVL,Anomalies du niveau de la mer,VU,Vanuatu,2012,,0.1,,,,METER,mètre,,,,,N,National,,
DATAFLOW,SPC:DF_CLIMATE_CHANGE(1.0),Indicateurs du changement climatique,I,A,Annuel,SEA_LVL,Anomalies du niveau de la mer,VU,Vanuatu,2013,,0.0,,,,METER,mètre,,,,,N,National,,
DATAFLOW,SPC:DF_CLIMATE_CHANGE(1.0),Indicateurs du changement climatique,I,A,Annuel,SEA_LVL,Anomalies du niveau de la mer,VU,Vanuatu,2014,,0.0,,,,METER,mètre,,,,,N,National,,
DATAFLOW,SPC:DF_CLIMATE_CHANGE(1.0),Indicateurs du changement climatique,I,A,Annuel,SEA_LVL,Anomalies du niveau de la mer,VU,Vanuatu,2015,,0.0,,,,METER,mètre,,,,,N,National,,
DATAFLOW,SPC:DF_CLIMATE_CHANGE(1.0),Indicateurs du changement climatique,I,A,Annuel,SEA_LVL,Anomalies du niveau de la mer,VU,Vanuatu,2016,,0.0,,,,METER,mètre,,,,,N,National,,
DATAFLOW,SPC:DF_CLIMATE_CHANGE(1.0),Indicateurs du changement climatique,I,A,Annuel,SEA_LVL,Anomalies du niveau de la mer,VU,Vanuatu,2017,,0.1,,,,METER,mètre,,,,,N,National,,
DATAFLOW,SPC:DF_CLIMATE_CHANGE(1.0),Indicateurs du changement climatique,I,A,Annuel,SEA_LVL,Anomalies du niveau de la mer,VU,Vanuatu,2018,,0.1,,,,METER,mètre,,,,,N,National,,
DATAFLOW,SPC:DF_CLIMATE_CHANGE(1.0),Indicateurs du changement climatique,I,A,Annuel,SEA_LVL,Anomalies du niveau de la mer,VU,Vanuatu,2019,,0.1,,,,METER,mètre,,,,,N,National,,
DATAFLOW,SPC:DF_CLIMATE_CHANGE(1.0),Indicateurs du changement climatique,I,A,Annuel,SEA_LVL,Anomalies du niveau de la mer,VU,Vanuatu,2020,,0.1,,,,METER,mètre,,,,,N,National,,
DATAFLOW,SPC:DF_CLIMATE_CHANGE(1.0),Indicateurs du changement climatique,I,A,Annuel,SEA_LVL,Anomalies du niveau de la mer,VU,Vanuatu,2021,,0.1,,,,METER,mètre,,,,,N,National,,
DATAFLOW,SPC:DF_CLIMATE_CHANGE(1.0),Indicateurs du changement climatique,I,A,Annuel,SEA_LVL,Anomalies du niveau de la mer,VU,Vanuatu,2022,,0.2,,,,METER,mètre,,,,,N,National,,
DATAFLOW,SPC:DF_CLIMATE_CHANGE(1.0),Indicateurs du changement climatique,I,A,Annuel,SEA_LVL,Anomalies du niveau de la mer,VU,Vanuatu,2023,,0.2,,,,METER,mètre,,,,,N,National,,
DATAFLOW,SPC:DF_CLIMATE_CHANGE(1.0),Indicateurs du changement climatique,I,A,Annuel,SEA_LVL,Anomalies du niveau de la mer,FM,États Fédérés De Micronésie,1993,,-0.1,,,,METER,mètre,,,,,N,National,,
DATAFLOW,SPC:DF_CLIMATE_CHANGE(1.0),Indicateurs du changement climatique,I,A,Annuel,SEA_LVL,Anomalies du niveau de la mer,FM,États Fédérés De Micronésie,1994,,0.0,,,,METER,mètre,,,,,N,National,,
DATAFLOW,SPC:DF_CLIMATE_CHANGE(1.0),Indicateurs du changement climatique,I,A,Annuel,SEA_LVL,Anomalies du niveau de la mer,FM,États Fédérés De Micronésie,1995,,0.0,,,,METER,mètre,,,,,N,National,,
DATAFLOW,SPC:DF_CLIMATE_CHANGE(1.0),Indicateurs du changement climatique,I,A,Annuel,SEA_LVL,Anomalies du niveau de la mer,FM,États Fédérés De Micronésie,1996,,0.0,,,,METER,mètre,,,,,N,National,,
DATAFLOW,SPC:DF_CLIMATE_CHANGE(1.0),Indicateurs du changement climatique,I,A,Annuel,SEA_LVL,Anomalies du niveau de la mer,FM,États Fédérés De Micronésie,1997,,-0.1,,,,METER,mètre,,,,,N,National,,
DATAFLOW,SPC:DF_CLIMATE_CHANGE(1.0),Indicateurs du changement climatique,I,A,Annuel,SEA_LVL,Anomalies du niveau de la mer,FM,États Fédérés De Micronésie,1998,,0.0,,,,METER,mètre,,,,,N,National,,
DATAFLOW,SPC:DF_CLIMATE_CHANGE(1.0),Indicateurs du changement climatique,I,A,Annuel,SEA_LVL,Anomalies du niveau de la mer,FM,États Fédérés De Micronésie,1999,,0.1,,,,METER,mètre,,,,,N,National,,
DATAFLOW,SPC:DF_CLIMATE_CHANGE(1.0),Indicateurs du changement climatique,I,A,Annuel,SEA_LVL,Anomalies du niveau de la mer,FM,États Fédérés De Micronésie,2000,,0.1,,,,METER,mètre,,,,,N,National,,
DATAFLOW,SPC:DF_CLIMATE_CHANGE(1.0),Indicateurs du changement climatique,I,A,Annuel,SEA_LVL,Anomalies du niveau de la mer,FM,États Fédérés De Micronésie,2001,,0.1,,,,METER,mètre,,,,,N,National,,
DATAFLOW,SPC:DF_CLIMATE_CHANGE(1.0),Indicateurs du changement climatique,I,A,Annuel,SEA_LVL,Anomalies du niveau de la mer,FM,États Fédérés De Micronésie,2002,,0.0,,,,METER,mètre,,,,,N,National,,
DATAFLOW,SPC:DF_CLIMATE_CHANGE(1.0),Indicateurs du changement climatique,I,A,Annuel,SEA_LVL,Anomalies du niveau de la mer,FM,États Fédérés De Micronésie,2003,,0.0,,,,METER,mètre,,,,,N,National,,
DATAFLOW,SPC:DF_CLIMATE_CHANGE(1.0),Indicateurs du changement climatique,I,A,Annuel,SEA_LVL,Anomalies du niveau de la mer,FM,États Fédérés De Micronésie,2004,,0.0,,,,METER,mètre,,,,,N,National,,
DATAFLOW,SPC:DF_CLIMATE_CHANGE(1.0),Indicateurs du changement climatique,I,A,Annuel,SEA_LVL,Anomalies du niveau de la mer,FM,États Fédérés De Micronésie,2005,,0.0,,,,METER,mètre,,,,,N,National,,
DATAFLOW,SPC:DF_CLIMATE_CHANGE(1.0),Indicateurs du changement climatique,I,A,Annuel,SEA_LVL,Anomalies du niveau de la mer,FM,États Fédérés De Micronésie,2006,,0.0,,,,METER,mètre,,,,,N,National,,
DATAFLOW,SPC:DF_CLIMATE_CHANGE(1.0),Indicateurs du changement climatique,I,A,Annuel,SEA_LVL,Anomalies du niveau de la mer,FM,États Fédérés De Micronésie,2007,,0.1,,,,METER,mètre,,,,,N,National,,
DATAFLOW,SPC:DF_CLIMATE_CHANGE(1.0),Indicateurs du changement climatique,I,A,Annuel,SEA_LVL,Anomalies du niveau de la mer,FM,États Fédérés De Micronésie,2008,,0.1,,,,METER,mètre,,,,,N,National,,
DATAFLOW,SPC:DF_CLIMATE_CHANGE(1.0),Indicateurs du changement climatique,I,A,Annuel,SEA_LVL,Anomalies du niveau de la mer,FM,États Fédérés De Micronésie,2009,,0.1,,,,METER,mètre,,,,,N,National,,
DATAFLOW,SPC:DF_CLIMATE_CHANGE(1.0),Indicateurs du changement climatique,I,A,Annuel,SEA_LVL,Anomalies du niveau de la mer,FM,États Fédérés De Micronésie,2010,,0.1,,,,METER,mètre,,,,,N,National,,
DATAFLOW,SPC:DF_CLIMATE_CHANGE(1.0),Indicateurs du changement climatique,I,A,Annuel,SEA_LVL,Anomalies du niveau de la mer,FM,États Fédérés De Micronésie,2011,,0.1,,,,METER,mètre,,,,,N,National,,
DATAFLOW,SPC:DF_CLIMATE_CHANGE(1.0),Indicateurs du changement climatique,I,A,Annuel,SEA_LVL,Anomalies du niveau de la mer,FM,États Fédérés De Micronésie,2012,,0.1,,,,METER,mètre,,,,,N,National,,
DATAFLOW,SPC:DF_CLIMATE_CHANGE(1.0),Indicateurs du changement climatique,I,A,Annuel,SEA_LVL,Anomalies du niveau de la mer,FM,États Fédérés De Micronésie,2013,,0.1,,,,METER,mètre,,,,,N,National,,
DATAFLOW,SPC:DF_CLIMATE_CHANGE(1.0),Indicateurs du changement climatique,I,A,Annuel,SEA_LVL,Anomalies du niveau de la mer,FM,États Fédérés De Micronésie,2014,,0.0,,,,METER,mètre,,,,,N,National,,
DATAFLOW,SPC:DF_CLIMATE_CHANGE(1.0),Indicateurs du changement climatique,I,A,Annuel,SEA_LVL,Anomalies du niveau de la mer,FM,États Fédérés De Micronésie,2015,,-0.1,,,,METER,mètre,,,,,N,National,,
DATAFLOW,SPC:DF_CLIMATE_CHANGE(1.0),Indicateurs du changement climatique,I,A,Annuel,SEA_LVL,Anomalies du niveau de la mer,FM,États Fédérés De Micronésie,2016,,0.1,,,,METER,mètre,,,,,N,National,,
DATAFLOW,SPC:DF_CLIMATE_CHANGE(1.0),Indicateurs du changement climatique,I,A,Annuel,SEA_LVL,Anomalies du niveau de la mer,FM,États Fédérés De Micronésie,2017,,0.1,,,,METER,mètre,,,,,N,National,,
DATAFLOW,SPC:DF_CLIMATE_CHANGE(1.0),Indicateurs du changement climatique,I,A,Annuel,SEA_LVL,Anomalies du niveau de la mer,FM,États Fédérés De Micronésie,2018,,0.1,,,,METER,mètre,,,,,N,National,,
DATAFLOW,SPC:DF_CLIMATE_CHANGE(1.0),Indicateurs du changement climatique,I,A,Annuel,SEA_LVL,Anomalies du niveau de la mer,FM,États Fédérés De Micronésie,2019,,0.1,,,,METER,mètre,,,,,N,National,,
DATAFLOW,SPC:DF_CLIMATE_CHANGE(1.0),Indicateurs du changement climatique,I,A,Annuel,SEA_LVL,Anomalies du niveau de la mer,FM,États Fédérés De Micronésie,2020,,0.1,,,,METER,mètre,,,,,N,National,,
DATAFLOW,SPC:DF_CLIMATE_CHANGE(1.0),Indicateurs du changement climatique,I,A,Annuel,SEA_LVL,Anomalies du niveau de la mer,FM,États Fédérés De Micronésie,2021,,0.1,,,,METER,mètre,,,,,N,National,,
DATAFLOW,SPC:DF_CLIMATE_CHANGE(1.0),Indicateurs du changement climatique,I,A,Annuel,SEA_LVL,Anomalies du niveau de la mer,FM,États Fédérés De Micronésie,2022,,0.2,,,,METER,mètre,,,,,N,National,,
DATAFLOW,SPC:DF_CLIMATE_CHANGE(1.0),Indicateurs du changement climatique,I,A,Annuel,SEA_LVL,Anomalies du niveau de la mer,FM,États Fédérés De Micronésie,2023,,0.1,,,,METER,mètre,,,,,N,National,,
DATAFLOW,SPC:DF_CLIMATE_CHANGE(1.0),Indicateurs du changement climatique,I,A,Annuel,SEA_LVL,Anomalies du niveau de la mer,TO,Tonga,1993,,0.0,,,,METER,mètre,,,,,N,National,,
DATAFLOW,SPC:DF_CLIMATE_CHANGE(1.0),Indicateurs du changement climatique,I,A,Annuel,SEA_LVL,Anomalies du niveau de la mer,TO,Tonga,1994,,0.0,,,,METER,mètre,,,,,N,National,,
DATAFLOW,SPC:DF_CLIMATE_CHANGE(1.0),Indicateurs du changement climatique,I,A,Annuel,SEA_LVL,Anomalies du niveau de la mer,TO,Tonga,1995,,0.0,,,,METER,mètre,,,,,N,National,,
DATAFLOW,SPC:DF_CLIMATE_CHANGE(1.0),Indicateurs du changement climatique,I,A,Annuel,SEA_LVL,Anomalies du niveau de la mer,TO,Tonga,1996,,0.0,,,,METER,mètre,,,,,N,National,,
DATAFLOW,SPC:DF_CLIMATE_CHANGE(1.0),Indicateurs du changement climatique,I,A,Annuel,SEA_LVL,Anomalies du niveau de la mer,TO,Tonga,1997,,0.0,,,,METER,mètre,,,,,N,National,,
DATAFLOW,SPC:DF_CLIMATE_CHANGE(1.0),Indicateurs du changement climatique,I,A,Annuel,SEA_LVL,Anomalies du niveau de la mer,TO,Tonga,1998,,0.0,,,,METER,mètre,,,,,N,National,,
DATAFLOW,SPC:DF_CLIMATE_CHANGE(1.0),Indicateurs du changement climatique,I,A,Annuel,SEA_LVL,Anomalies du niveau de la mer,TO,Tonga,1999,,0.0,,,,METER,mètre,,,,,N,National,,
DATAFLOW,SPC:DF_CLIMATE_CHANGE(1.0),Indicateurs du changement climatique,I,A,Annuel,SEA_LVL,Anomalies du niveau de la mer,TO,Tonga,2000,,0.1,,,,METER,mètre,,,,,N,National,,
DATAFLOW,SPC:DF_CLIMATE_CHANGE(1.0),Indicateurs du changement climatique,I,A,Annuel,SEA_LVL,Anomalies du niveau de la mer,TO,Tonga,2001,,0.0,,,,METER,mètre,,,,,N,National,,
DATAFLOW,SPC:DF_CLIMATE_CHANGE(1.0),Indicateurs du changement climatique,I,A,Annuel,SEA_LVL,Anomalies du niveau de la mer,TO,Tonga,2002,,0.1,,,,METER,mètre,,,,,N,National,,
DATAFLOW,SPC:DF_CLIMATE_CHANGE(1.0),Indicateurs du changement climatique,I,A,Annuel,SEA_LVL,Anomalies du niveau de la mer,TO,Tonga,2003,,0.0,,,,METER,mètre,,,,,N,National,,
DATAFLOW,SPC:DF_CLIMATE_CHANGE(1.0),Indicateurs du changement climatique,I,A,Annuel,SEA_LVL,Anomalies du niveau de la mer,TO,Tonga,2004,,0.0,,,,METER,mètre,,,,,N,National,,
DATAFLOW,SPC:DF_CLIMATE_CHANGE(1.0),Indicateurs du changement climatique,I,A,Annuel,SEA_LVL,Anomalies du niveau de la mer,TO,Tonga,2005,,0.0,,,,METER,mètre,,,,,N,National,,
DATAFLOW,SPC:DF_CLIMATE_CHANGE(1.0),Indicateurs du changement climatique,I,A,Annuel,SEA_LVL,Anomalies du niveau de la mer,TO,Tonga,2006,,0.0,,,,METER,mètre,,,,,N,National,,
DATAFLOW,SPC:DF_CLIMATE_CHANGE(1.0),Indicateurs du changement climatique,I,A,Annuel,SEA_LVL,Anomalies du niveau de la mer,TO,Tonga,2007,,0.1,,,,METER,mètre,,,,,N,National,,
DATAFLOW,SPC:DF_CLIMATE_CHANGE(1.0),Indicateurs du changement climatique,I,A,Annuel,SEA_LVL,Anomalies du niveau de la mer,TO,Tonga,2008,,0.1,,,,METER,mètre,,,,,N,National,,
DATAFLOW,SPC:DF_CLIMATE_CHANGE(1.0),Indicateurs du changement climatique,I,A,Annuel,SEA_LVL,Anomalies du niveau de la mer,TO,Tonga,2009,,0.1,,,,METER,mètre,,,,,N,National,,
DATAFLOW,SPC:DF_CLIMATE_CHANGE(1.0),Indicateurs du changement climatique,I,A,Annuel,SEA_LVL,Anomalies du niveau de la mer,TO,Tonga,2010,,0.0,,,,METER,mètre,,,,,N,National,,
DATAFLOW,SPC:DF_CLIMATE_CHANGE(1.0),Indicateurs du changement climatique,I,A,Annuel,SEA_LVL,Anomalies du niveau de la mer,TO,Tonga,2011,,0.1,,,,METER,mètre,,,,,N,National,,
DATAFLOW,SPC:DF_CLIMATE_CHANGE(1.0),Indicateurs du changement climatique,I,A,Annuel,SEA_LVL,Anomalies du niveau de la mer,TO,Tonga,2012,,0.1,,,,METER,mètre,,,,,N,National,,
DATAFLOW,SPC:DF_CLIMATE_CHANGE(1.0),Indicateurs du changement climatique,I,A,Annuel,SEA_LVL,Anomalies du niveau de la mer,TO,Tonga,2013,,0.1,,,,METER,mètre,,,,,N,National,,
DATAFLOW,SPC:DF_CLIMATE_CHANGE(1.0),Indicateurs du changement climatique,I,A,Annuel,SEA_LVL,Anomalies du niveau de la mer,TO,Tonga,2014,,0.1,,,,METER,mètre,,,,,N,National,,
DATAFLOW,SPC:DF_CLIMATE_CHANGE(1.0),Indicateurs du changement climatique,I,A,Annuel,SEA_LVL,Anomalies du niveau de la mer,TO,Tonga,2015,,0.0,,,,METER,mètre,,,,,N,National,,
DATAFLOW,SPC:DF_CLIMATE_CHANGE(1.0),Indicateurs du changement climatique,I,A,Annuel,SEA_LVL,Anomalies du niveau de la mer,TO,Tonga,2016,,0.1,,,,METER,mètre,,,,,N,National,,
DATAFLOW,SPC:DF_CLIMATE_CHANGE(1.0),Indicateurs du changement climatique,I,A,Annuel,SEA_LVL,Anomalies du niveau de la mer,TO,Tonga,2017,,0.1,,,,METER,mètre,,,,,N,National,,
DATAFLOW,SPC:DF_CLIMATE_CHANGE(1.0),Indicateurs du changement climatique,I,A,Annuel,SEA_LVL,Anomalies du niveau de la mer,TO,Tonga,2018,,0.1,,,,METER,mètre,,,,,N,National,,
DATAFLOW,SPC:DF_CLIMATE_CHANGE(1.0),Indicateurs du changement climatique,I,A,Annuel,SEA_LVL,Anomalies du niveau de la mer,TO,Tonga,2019,,0.1,,,,METER,mètre,,,,,N,National,,
DATAFLOW,SPC:DF_CLIMATE_CHANGE(1.0),Indicateurs du changement climatique,I,A,Annuel,SEA_LVL,Anomalies du niveau de la mer,TO,Tonga,2020,,0.1,,,,METER,mètre,,,,,N,National,,
DATAFLOW,SPC:DF_CLIMATE_CHANGE(1.0),Indicateurs du changement climatique,I,A,Annuel,SEA_LVL,Anomalies du niveau de la mer,TO,Tonga,2021,,0.1,,,,METER,mètre,,,,,N,National,,
DATAFLOW,SPC:DF_CLIMATE_CHANGE(1.0),Indicateurs du changement climatique,I,A,Annuel,SEA_LVL,Anomalies du niveau de la mer,TO,Tonga,2022,,0.1,,,,METER,mètre,,,,,N,National,,
DATAFLOW,SPC:DF_CLIMATE_CHANGE(1.0),Indicateurs du changement climatique,I,A,Annuel,SEA_LVL,Anomalies du niveau de la mer,TO,Tonga,2023,,0.1,,,,METER,mètre,,,,,N,National,,
DATAFLOW,SPC:DF_CLIMATE_CHANGE(1.0),Indicateurs du changement climatique,I,A,Annuel,SEA_LVL,Anomalies du niveau de la mer,NC,Nouvelle-Calédonie,1993,,0.0,,,,METER,mètre,,,,,N,National,,
DATAFLOW,SPC:DF_CLIMATE_CHANGE(1.0),Indicateurs du changement climatique,I,A,Annuel,SEA_LVL,Anomalies du niveau de la mer,NC,Nouvelle-Calédonie,1994,,0.0,,,,METER,mètre,,,,,N,National,,
DATAFLOW,SPC:DF_CLIMATE_CHANGE(1.0),Indicateurs du changement climatique,I,A,Annuel,SEA_LVL,Anomalies du niveau de la mer,NC,Nouvelle-Calédonie,1995,,0.0,,,,METER,mètre,,,,,N,National,,
DATAFLOW,SPC:DF_CLIMATE_CHANGE(1.0),Indicateurs du changement climatique,I,A,Annuel,SEA_LVL,Anomalies du niveau de la mer,NC,Nouvelle-Calédonie,1996,,0.0,,,,METER,mètre,,,,,N,National,,
DATAFLOW,SPC:DF_CLIMATE_CHANGE(1.0),Indicateurs du changement climatique,I,A,Annuel,SEA_LVL,Anomalies du niveau de la mer,NC,Nouvelle-Calédonie,1997,,0.0,,,,METER,mètre,,,,,N,National,,
DATAFLOW,SPC:DF_CLIMATE_CHANGE(1.0),Indicateurs du changement climatique,I,A,Annuel,SEA_LVL,Anomalies du niveau de la mer,NC,Nouvelle-Calédonie,1998,,0.1,,,,METER,mètre,,,,,N,National,,
DATAFLOW,SPC:DF_CLIMATE_CHANGE(1.0),Indicateurs du changement climatique,I,A,Annuel,SEA_LVL,Anomalies du niveau de la mer,NC,Nouvelle-Calédonie,1999,,0.0,,,,METER,mètre,,,,,N,National,,
DATAFLOW,SPC:DF_CLIMATE_CHANGE(1.0),Indicateurs du changement climatique,I,A,Annuel,SEA_LVL,Anomalies du niveau de la mer,NC,Nouvelle-Calédonie,2000,,0.0,,,,METER,mètre,,,,,N,National,,
DATAFLOW,SPC:DF_CLIMATE_CHANGE(1.0),Indicateurs du changement climatique,I,A,Annuel,SEA_LVL,Anomalies du niveau de la mer,NC,Nouvelle-Calédonie,2001,,0.0,,,,METER,mètre,,,,,N,National,,
DATAFLOW,SPC:DF_CLIMATE_CHANGE(1.0),Indicateurs du changement climatique,I,A,Annuel,SEA_LVL,Anomalies du niveau de la mer,NC,Nouvelle-Calédonie,2002,,0.0,,,,METER,mètre,,,,,N,National,,
DATAFLOW,SPC:DF_CLIMATE_CHANGE(1.0),Indicateurs du changement climatique,I,A,Annuel,SEA_LVL,Anomalies du niveau de la mer,NC,Nouvelle-Calédonie,2003,,0.0,,,,METER,mètre,,,,,N,National,,
DATAFLOW,SPC:DF_CLIMATE_CHANGE(1.0),Indicateurs du changement climatique,I,A,Annuel,SEA_LVL,Anomalies du niveau de la mer,NC,Nouvelle-Calédonie,2004,,0.0,,,,METER,mètre,,,,,N,National,,
DATAFLOW,SPC:DF_CLIMATE_CHANGE(1.0),Indicateurs du changement climatique,I,A,Annuel,SEA_LVL,Anomalies du niveau de la mer,NC,Nouvelle-Calédonie,2005,,0.0,,,,METER,mètre,,,,,N,National,,
DATAFLOW,SPC:DF_CLIMATE_CHANGE(1.0),Indicateurs du changement climatique,I,A,Annuel,SEA_LVL,Anomalies du niveau de la mer,NC,Nouvelle-Calédonie,2006,,0.0,,,,METER,mètre,,,,,N,National,,
DATAFLOW,SPC:DF_CLIMATE_CHANGE(1.0),Indicateurs du changement climatique,I,A,Annuel,SEA_LVL,Anomalies du niveau de la mer,NC,Nouvelle-Calédonie,2007,,0.0,,,,METER,mètre,,,,,N,National,,
DATAFLOW,SPC:DF_CLIMATE_CHANGE(1.0),Indicateurs du changement climatique,I,A,Annuel,SEA_LVL,Anomalies du niveau de la mer,NC,Nouvelle-Calédonie,2008,,0.0,,,,METER,mètre,,,,,N,National,,
DATAFLOW,SPC:DF_CLIMATE_CHANGE(1.0),Indicateurs du changement climatique,I,A,Annuel,SEA_LVL,Anomalies du niveau de la mer,NC,Nouvelle-Calédonie,2009,,0.1,,,,METER,mètre,,,,,N,National,,
DATAFLOW,SPC:DF_CLIMATE_CHANGE(1.0),Indicateurs du changement climatique,I,A,Annuel,SEA_LVL,Anomalies du niveau de la mer,NC,Nouvelle-Calédonie,2010,,0.1,,,,METER,mètre,,,,,N,National,,
DATAFLOW,SPC:DF_CLIMATE_CHANGE(1.0),Indicateurs du changement climatique,I,A,Annuel,SEA_LVL,Anomalies du niveau de la mer,NC,Nouvelle-Calédonie,2011,,0.0,,,,METER,mètre,,,,,N,National,,
DATAFLOW,SPC:DF_CLIMATE_CHANGE(1.0),Indicateurs du changement climatique,I,A,Annuel,SEA_LVL,Anomalies du niveau de la mer,NC,Nouvelle-Calédonie,2012,,0.1,,,,METER,mètre,,,,,N,National,,
DATAFLOW,SPC:DF_CLIMATE_CHANGE(1.0),Indicateurs du changement climatique,I,A,Annuel,SEA_LVL,Anomalies du niveau de la mer,NC,Nouvelle-Calédonie,2013,,0.1,,,,METER,mètre,,,,,N,National,,
DATAFLOW,SPC:DF_CLIMATE_CHANGE(1.0),Indicateurs du changement climatique,I,A,Annuel,SEA_LVL,Anomalies du niveau de la mer,NC,Nouvelle-Calédonie,2014,,0.1,,,,METER,mètre,,,,,N,National,,
DATAFLOW,SPC:DF_CLIMATE_CHANGE(1.0),Indicateurs du changement climatique,I,A,Annuel,SEA_LVL,Anomalies du niveau de la mer,NC,Nouvelle-Calédonie,2015,,0.1,,,,METER,mètre,,,,,N,National,,
DATAFLOW,SPC:DF_CLIMATE_CHANGE(1.0),Indicateurs du changement climatique,I,A,Annuel,SEA_LVL,Anomalies du niveau de la mer,NC,Nouvelle-Calédonie,2016,,0.1,,,,METER,mètre,,,,,N,National,,
DATAFLOW,SPC:DF_CLIMATE_CHANGE(1.0),Indicateurs du changement climatique,I,A,Annuel,SEA_LVL,Anomalies du niveau de la mer,NC,Nouvelle-Calédonie,2017,,0.1,,,,METER,mètre,,,,,N,National,,
DATAFLOW,SPC:DF_CLIMATE_CHANGE(1.0),Indicateurs du changement climatique,I,A,Annuel,SEA_LVL,Anomalies du niveau de la mer,NC,Nouvelle-Calédonie,2018,,0.1,,,,METER,mètre,,,,,N,National,,
DATAFLOW,SPC:DF_CLIMATE_CHANGE(1.0),Indicateurs du changement climatique,I,A,Annuel,SEA_LVL,Anomalies du niveau de la mer,NC,Nouvelle-Calédonie,2019,,0.1,,,,METER,mètre,,,,,N,National,,
DATAFLOW,SPC:DF_CLIMATE_CHANGE(1.0),Indicateurs du changement climatique,I,A,Annuel,SEA_LVL,Anomalies du niveau de la mer,NC,Nouvelle-Calédonie,2020,,0.1,,,,METER,mètre,,,,,N,National,,
DATAFLOW,SPC:DF_CLIMATE_CHANGE(1.0),Indicateurs du changement climatique,I,A,Annuel,SEA_LVL,Anomalies du niveau de la mer,NC,Nouvelle-Calédonie,2021,,0.1,,,,METER,mètre,,,,,N,National,,
DATAFLOW,SPC:DF_CLIMATE_CHANGE(1.0),Indicateurs du changement climatique,I,A,Annuel,SEA_LVL,Anomalies du niveau de la mer,NC,Nouvelle-Calédonie,2022,,0.1,,,,METER,mètre,,,,,N,National,,
DATAFLOW,SPC:DF_CLIMATE_CHANGE(1.0),Indicateurs du changement climatique,I,A,Annuel,SEA_LVL,Anomalies du niveau de la mer,NC,Nouvelle-Calédonie,2023,,0.1,,,,METER,mètre,,,,,N,National,,
DATAFLOW,SPC:DF_CLIMATE_CHANGE(1.0),Indicateurs du changement climatique,I,A,Annuel,SEA_LVL,Anomalies du niveau de la mer,GU,Guam,1993,,0.0,,,,METER,mètre,,,,,N,National,,
DATAFLOW,SPC:DF_CLIMATE_CHANGE(1.0),Indicateurs du changement climatique,I,A,Annuel,SEA_LVL,Anomalies du niveau de la mer,GU,Guam,1994,,0.0,,,,METER,mètre,,,,,N,National,,
DATAFLOW,SPC:DF_CLIMATE_CHANGE(1.0),Indicateurs du changement climatique,I,A,Annuel,SEA_LVL,Anomalies du niveau de la mer,GU,Guam,1995,,-0.1,,,,METER,mètre,,,,,N,National,,
DATAFLOW,SPC:DF_CLIMATE_CHANGE(1.0),Indicateurs du changement climatique,I,A,Annuel,SEA_LVL,Anomalies du niveau de la mer,GU,Guam,1996,,0.0,,,,METER,mètre,,,,,N,National,,
DATAFLOW,SPC:DF_CLIMATE_CHANGE(1.0),Indicateurs du changement climatique,I,A,Annuel,SEA_LVL,Anomalies du niveau de la mer,GU,Guam,1997,,-0.1,,,,METER,mètre,,,,,N,National,,
DATAFLOW,SPC:DF_CLIMATE_CHANGE(1.0),Indicateurs du changement climatique,I,A,Annuel,SEA_LVL,Anomalies du niveau de la mer,GU,Guam,1998,,0.0,,,,METER,mètre,,,,,N,National,,
DATAFLOW,SPC:DF_CLIMATE_CHANGE(1.0),Indicateurs du changement climatique,I,A,Annuel,SEA_LVL,Anomalies du niveau de la mer,GU,Guam,1999,,0.1,,,,METER,mètre,,,,,N,National,,
DATAFLOW,SPC:DF_CLIMATE_CHANGE(1.0),Indicateurs du changement climatique,I,A,Annuel,SEA_LVL,Anomalies du niveau de la mer,GU,Guam,2000,,0.1,,,,METER,mètre,,,,,N,National,,
DATAFLOW,SPC:DF_CLIMATE_CHANGE(1.0),Indicateurs du changement climatique,I,A,Annuel,SEA_LVL,Anomalies du niveau de la mer,GU,Guam,2001,,0.0,,,,METER,mètre,,,,,N,National,,
DATAFLOW,SPC:DF_CLIMATE_CHANGE(1.0),Indicateurs du changement climatique,I,A,Annuel,SEA_LVL,Anomalies du niveau de la mer,GU,Guam,2002,,0.0,,,,METER,mètre,,,,,N,National,,
DATAFLOW,SPC:DF_CLIMATE_CHANGE(1.0),Indicateurs du changement climatique,I,A,Annuel,SEA_LVL,Anomalies du niveau de la mer,GU,Guam,2003,,0.0,,,,METER,mètre,,,,,N,National,,
DATAFLOW,SPC:DF_CLIMATE_CHANGE(1.0),Indicateurs du changement climatique,I,A,Annuel,SEA_LVL,Anomalies du niveau de la mer,GU,Guam,2004,,0.0,,,,METER,mètre,,,,,N,National,,
DATAFLOW,SPC:DF_CLIMATE_CHANGE(1.0),Indicateurs du changement climatique,I,A,Annuel,SEA_LVL,Anomalies du niveau de la mer,GU,Guam,2005,,0.0,,,,METER,mètre,,,,,N,National,,
DATAFLOW,SPC:DF_CLIMATE_CHANGE(1.0),Indicateurs du changement climatique,I,A,Annuel,SEA_LVL,Anomalies du niveau de la mer,GU,Guam,2006,,0.1,,,,METER,mètre,,,,,N,National,,
DATAFLOW,SPC:DF_CLIMATE_CHANGE(1.0),Indicateurs du changement climatique,I,A,Annuel,SEA_LVL,Anomalies du niveau de la mer,GU,Guam,2007,,0.1,,,,METER,mètre,,,,,N,National,,
DATAFLOW,SPC:DF_CLIMATE_CHANGE(1.0),Indicateurs du changement climatique,I,A,Annuel,SEA_LVL,Anomalies du niveau de la mer,GU,Guam,2008,,0.2,,,,METER,mètre,,,,,N,National,,
DATAFLOW,SPC:DF_CLIMATE_CHANGE(1.0),Indicateurs du changement climatique,I,A,Annuel,SEA_LVL,Anomalies du niveau de la mer,GU,Guam,2009,,0.1,,,,METER,mètre,,,,,N,National,,
DATAFLOW,SPC:DF_CLIMATE_CHANGE(1.0),Indicateurs du changement climatique,I,A,Annuel,SEA_LVL,Anomalies du niveau de la mer,GU,Guam,2010,,0.1,,,,METER,mètre,,,,,N,National,,
DATAFLOW,SPC:DF_CLIMATE_CHANGE(1.0),Indicateurs du changement climatique,I,A,Annuel,SEA_LVL,Anomalies du niveau de la mer,GU,Guam,2011,,0.1,,,,METER,mètre,,,,,N,National,,
DATAFLOW,SPC:DF_CLIMATE_CHANGE(1.0),Indicateurs du changement climatique,I,A,Annuel,SEA_LVL,Anomalies du niveau de la mer,GU,Guam,2012,,0.1,,,,METER,mètre,,,,,N,National,,
DATAFLOW,SPC:DF_CLIMATE_CHANGE(1.0),Indicateurs du changement climatique,I,A,Annuel,SEA_LVL,Anomalies du niveau de la mer,GU,Guam,2013,,0.1,,,,METER,mètre,,,,,N,National,,
DATAFLOW,SPC:DF_CLIMATE_CHANGE(1.0),Indicateurs du changement climatique,I,A,Annuel,SEA_LVL,Anomalies du niveau de la mer,GU,Guam,2014,,0.0,,,,METER,mètre,,,,,N,National,,
DATAFLOW,SPC:DF_CLIMATE_CHANGE(1.0),Indicateurs du changement climatique,I,A,Annuel,SEA_LVL,Anomalies du niveau de la mer,GU,Guam,2015,,-0.1,,,,METER,mètre,,,,,N,National,,
DATAFLOW,SPC:DF_CLIMATE_CHANGE(1.0),Indicateurs du changement climatique,I,A,Annuel,SEA_LVL,Anomalies du niveau de la mer,GU,Guam,2016,,0.0,,,,METER,mètre,,,,,N,National,,
DATAFLOW,SPC:DF_CLIMATE_CHANGE(1.0),Indicateurs du changement climatique,I,A,Annuel,SEA_LVL,Anomalies du niveau de la mer,GU,Guam,2017,,0.1,,,,METER,mètre,,,,,N,National,,
DATAFLOW,SPC:DF_CLIMATE_CHANGE(1.0),Indicateurs du changement climatique,I,A,Annuel,SEA_LVL,Anomalies du niveau de la mer,GU,Guam,2018,,0.0,,,,METER,mètre,,,,,N,National,,
DATAFLOW,SPC:DF_CLIMATE_CHANGE(1.0),Indicateurs du changement climatique,I,A,Annuel,SEA_LVL,Anomalies du niveau de la mer,GU,Guam,2019,,0.0,,,,METER,mètre,,,,,N,National,,
DATAFLOW,SPC:DF_CLIMATE_CHANGE(1.0),Indicateurs du changement climatique,I,A,Annuel,SEA_LVL,Anomalies du niveau de la mer,GU,Guam,2020,,0.1,,,,METER,mètre,,,,,N,National,,
DATAFLOW,SPC:DF_CLIMATE_CHANGE(1.0),Indicateurs du changement climatique,I,A,Annuel,SEA_LVL,Anomalies du niveau de la mer,GU,Guam,2021,,0.2,,,,METER,mètre,,,,,N,National,,
DATAFLOW,SPC:DF_CLIMATE_CHANGE(1.0),Indicateurs du changement climatique,I,A,Annuel,SEA_LVL,Anomalies du niveau de la mer,GU,Guam,2022,,0.1,,,,METER,mètre,,,,,N,National,,
DATAFLOW,SPC:DF_CLIMATE_CHANGE(1.0),Indicateurs du changement climatique,I,A,Annuel,SEA_LVL,Anomalies du niveau de la mer,GU,Guam,2023,,0.1,,,,METER,mètre,,,,,N,National,,
DATAFLOW,SPC:DF_CLIMATE_CHANGE(1.0),Indicateurs du changement climatique,I,A,Annuel,SEA_LVL,Anomalies du niveau de la mer,PW,Palaos,1993,,-0.1,,,,METER,mètre,,,,,N,National,,
DATAFLOW,SPC:DF_CLIMATE_CHANGE(1.0),Indicateurs du changement climatique,I,A,Annuel,SEA_LVL,Anomalies du niveau de la mer,PW,Palaos,1994,,-0.1,,,,METER,mètre,,,,,N,National,,
DATAFLOW,SPC:DF_CLIMATE_CHANGE(1.0),Indicateurs du changement climatique,I,A,Annuel,SEA_LVL,Anomalies du niveau de la mer,PW,Palaos,1995,,0.0,,,,METER,mètre,,,,,N,National,,
DATAFLOW,SPC:DF_CLIMATE_CHANGE(1.0),Indicateurs du changement climatique,I,A,Annuel,SEA_LVL,Anomalies du niveau de la mer,PW,Palaos,1996,,0.0,,,,METER,mètre,,,,,N,National,,
DATAFLOW,SPC:DF_CLIMATE_CHANGE(1.0),Indicateurs du changement climatique,I,A,Annuel,SEA_LVL,Anomalies du niveau de la mer,PW,Palaos,1997,,-0.1,,,,METER,mètre,,,,,N,National,,
DATAFLOW,SPC:DF_CLIMATE_CHANGE(1.0),Indicateurs du changement climatique,I,A,Annuel,SEA_LVL,Anomalies du niveau de la mer,PW,Palaos,1998,,0.0,,,,METER,mètre,,,,,N,National,,
DATAFLOW,SPC:DF_CLIMATE_CHANGE(1.0),Indicateurs du changement climatique,I,A,Annuel,SEA_LVL,Anomalies du niveau de la mer,PW,Palaos,1999,,0.1,,,,METER,mètre,,,,,N,National,,
DATAFLOW,SPC:DF_CLIMATE_CHANGE(1.0),Indicateurs du changement climatique,I,A,Annuel,SEA_LVL,Anomalies du niveau de la mer,PW,Palaos,2000,,0.1,,,,METER,mètre,,,,,N,National,,
DATAFLOW,SPC:DF_CLIMATE_CHANGE(1.0),Indicateurs du changement climatique,I,A,Annuel,SEA_LVL,Anomalies du niveau de la mer,PW,Palaos,2001,,0.1,,,,METER,mètre,,,,,N,National,,
DATAFLOW,SPC:DF_CLIMATE_CHANGE(1.0),Indicateurs du changement climatique,I,A,Annuel,SEA_LVL,Anomalies du niveau de la mer,PW,Palaos,2002,,-0.1,,,,METER,mètre,,,,,N,National,,
DATAFLOW,SPC:DF_CLIMATE_CHANGE(1.0),Indicateurs du changement climatique,I,A,Annuel,SEA_LVL,Anomalies du niveau de la mer,PW,Palaos,2003,,0.0,,,,METER,mètre,,,,,N,National,,
DATAFLOW,SPC:DF_CLIMATE_CHANGE(1.0),Indicateurs du changement climatique,I,A,Annuel,SEA_LVL,Anomalies du niveau de la mer,PW,Palaos,2004,,0.0,,,,METER,mètre,,,,,N,National,,
DATAFLOW,SPC:DF_CLIMATE_CHANGE(1.0),Indicateurs du changement climatique,I,A,Annuel,SEA_LVL,Anomalies du niveau de la mer,PW,Palaos,2005,,0.0,,,,METER,mètre,,,,,N,National,,
DATAFLOW,SPC:DF_CLIMATE_CHANGE(1.0),Indicateurs du changement climatique,I,A,Annuel,SEA_LVL,Anomalies du niveau de la mer,PW,Palaos,2006,,0.0,,,,METER,mètre,,,,,N,National,,
DATAFLOW,SPC:DF_CLIMATE_CHANGE(1.0),Indicateurs du changement climatique,I,A,Annuel,SEA_LVL,Anomalies du niveau de la mer,PW,Palaos,2007,,0.0,,,,METER,mètre,,,,,N,National,,
DATAFLOW,SPC:DF_CLIMATE_CHANGE(1.0),Indicateurs du changement climatique,I,A,Annuel,SEA_LVL,Anomalies du niveau de la mer,PW,Palaos,2008,,0.2,,,,METER,mètre,,,,,N,National,,
DATAFLOW,SPC:DF_CLIMATE_CHANGE(1.0),Indicateurs du changement climatique,I,A,Annuel,SEA_LVL,Anomalies du niveau de la mer,PW,Palaos,2009,,0.1,,,,METER,mètre,,,,,N,National,,
DATAFLOW,SPC:DF_CLIMATE_CHANGE(1.0),Indicateurs du changement climatique,I,A,Annuel,SEA_LVL,Anomalies du niveau de la mer,PW,Palaos,2010,,0.1,,,,METER,mètre,,,,,N,National,,
DATAFLOW,SPC:DF_CLIMATE_CHANGE(1.0),Indicateurs du changement climatique,I,A,Annuel,SEA_LVL,Anomalies du niveau de la mer,PW,Palaos,2011,,0.1,,,,METER,mètre,,,,,N,National,,
DATAFLOW,SPC:DF_CLIMATE_CHANGE(1.0),Indicateurs du changement climatique,I,A,Annuel,SEA_LVL,Anomalies du niveau de la mer,PW,Palaos,2012,,0.1,,,,METER,mètre,,,,,N,National,,
DATAFLOW,SPC:DF_CLIMATE_CHANGE(1.0),Indicateurs du changement climatique,I,A,Annuel,SEA_LVL,Anomalies du niveau de la mer,PW,Palaos,2013,,0.1,,,,METER,mètre,,,,,N,National,,
DATAFLOW,SPC:DF_CLIMATE_CHANGE(1.0),Indicateurs du changement climatique,I,A,Annuel,SEA_LVL,Anomalies du niveau de la mer,PW,Palaos,2014,,0.0,,,,METER,mètre,,,,,N,National,,
DATAFLOW,SPC:DF_CLIMATE_CHANGE(1.0),Indicateurs du changement climatique,I,A,Annuel,SEA_LVL,Anomalies du niveau de la mer,PW,Palaos,2015,,-0.1,,,,METER,mètre,,,,,N,National,,
DATAFLOW,SPC:DF_CLIMATE_CHANGE(1.0),Indicateurs du changement climatique,I,A,Annuel,SEA_LVL,Anomalies du niveau de la mer,PW,Palaos,2016,,0.0,,,,METER,mètre,,,,,N,National,,
DATAFLOW,SPC:DF_CLIMATE_CHANGE(1.0),Indicateurs du changement climatique,I,A,Annuel,SEA_LVL,Anomalies du niveau de la mer,PW,Palaos,2017,,0.1,,,,METER,mètre,,,,,N,National,,
DATAFLOW,SPC:DF_CLIMATE_CHANGE(1.0),Indicateurs du changement climatique,I,A,Annuel,SEA_LVL,Anomalies du niveau de la mer,PW,Palaos,2018,,0.0,,,,METER,mètre,,,,,N,National,,
DATAFLOW,SPC:DF_CLIMATE_CHANGE(1.0),Indicateurs du changement climatique,I,A,Annuel,SEA_LVL,Anomalies du niveau de la mer,PW,Palaos,2019,,0.0,,,,METER,mètre,,,,,N,National,,
DATAFLOW,SPC:DF_CLIMATE_CHANGE(1.0),Indicateurs du changement climatique,I,A,Annuel,SEA_LVL,Anomalies du niveau de la mer,PW,Palaos,2020,,0.1,,,,METER,mètre,,,,,N,National,,
DATAFLOW,SPC:DF_CLIMATE_CHANGE(1.0),Indicateurs du changement climatique,I,A,Annuel,SEA_LVL,Anomalies du niveau de la mer,PW,Palaos,2021,,0.2,,,,METER,mètre,,,,,N,National,,
DATAFLOW,SPC:DF_CLIMATE_CHANGE(1.0),Indicateurs du changement climatique,I,A,Annuel,SEA_LVL,Anomalies du niveau de la mer,PW,Palaos,2022,,0.2,,,,METER,mètre,,,,,N,National,,
DATAFLOW,SPC:DF_CLIMATE_CHANGE(1.0),Indicateurs du changement climatique,I,A,Annuel,SEA_LVL,Anomalies du niveau de la mer,PW,Palaos,2023,,0.1,,,,METER,mètre,,,,,N,National,,
