STRUCTURE,STRUCTURE_ID,STRUCTURE_NAME,ACTION,FREQ,Fréquence,CLIMATE_CHANGE_INDICATORS,Indicateurs du changement climatique,GEO_PICT,Pays et territoires insulaires du Pacifique,TIME_PERIOD,Période,OBS_VALUE,Valeur observée,OBS_STATUS,Observation Status,UNIT_MEASURE,Unité de mesure,ERROR_TYPE,Error type,ERROR_VAL,Error value,REPORTING_TYPE,Reporting Type,OBS_COMMENT,Commentaire
DATAFLOW,SPC:DF_CLIMATE_CHANGE(1.0),Indicateurs du changement climatique,I,A,Annuel,ST_ANOM,Anomalies des températures de surface,WF,Wallis Et Futuna,1850,,0.0,,,,CELSIUS,Degré Celsius (°C),SE,Standard error,0.0,,N,National,,
DATAFLOW,SPC:DF_CLIMATE_CHANGE(1.0),Indicateurs du changement climatique,I,A,Annuel,ST_ANOM,Anomalies des températures de surface,WF,Wallis Et Futuna,1851,,-0.4,,,,CELSIUS,Degré Celsius (°C),SE,Standard error,0.0,,N,National,,
DATAFLOW,SPC:DF_CLIMATE_CHANGE(1.0),Indicateurs du changement climatique,I,A,Annuel,ST_ANOM,Anomalies des températures de surface,WF,Wallis Et Futuna,1852,,-0.1,,,,CELSIUS,Degré Celsius (°C),SE,Standard error,0.0,,N,National,,
DATAFLOW,SPC:DF_CLIMATE_CHANGE(1.0),Indicateurs du changement climatique,I,A,Annuel,ST_ANOM,Anomalies des températures de surface,WF,Wallis Et Futuna,1853,,0.1,,,,CELSIUS,Degré Celsius (°C),SE,Standard error,0.1,,N,National,,
DATAFLOW,SPC:DF_CLIMATE_CHANGE(1.0),Indicateurs du changement climatique,I,A,Annuel,ST_ANOM,Anomalies des températures de surface,WF,Wallis Et Futuna,1854,,-0.1,,,,CELSIUS,Degré Celsius (°C),SE,Standard error,0.1,,N,National,,
DATAFLOW,SPC:DF_CLIMATE_CHANGE(1.0),Indicateurs du changement climatique,I,A,Annuel,ST_ANOM,Anomalies des températures de surface,WF,Wallis Et Futuna,1855,,-0.3,,,,CELSIUS,Degré Celsius (°C),SE,Standard error,0.0,,N,National,,
DATAFLOW,SPC:DF_CLIMATE_CHANGE(1.0),Indicateurs du changement climatique,I,A,Annuel,ST_ANOM,Anomalies des températures de surface,WF,Wallis Et Futuna,1856,,-0.3,,,,CELSIUS,Degré Celsius (°C),SE,Standard error,0.1,,N,National,,
DATAFLOW,SPC:DF_CLIMATE_CHANGE(1.0),Indicateurs du changement climatique,I,A,Annuel,ST_ANOM,Anomalies des températures de surface,WF,Wallis Et Futuna,1857,,-0.4,,,,CELSIUS,Degré Celsius (°C),SE,Standard error,0.0,,N,National,,
DATAFLOW,SPC:DF_CLIMATE_CHANGE(1.0),Indicateurs du changement climatique,I,A,Annuel,ST_ANOM,Anomalies des températures de surface,WF,Wallis Et Futuna,1858,,-0.2,,,,CELSIUS,Degré Celsius (°C),SE,Standard error,0.0,,N,National,,
DATAFLOW,SPC:DF_CLIMATE_CHANGE(1.0),Indicateurs du changement climatique,I,A,Annuel,ST_ANOM,Anomalies des températures de surface,WF,Wallis Et Futuna,1859,,0.1,,,,CELSIUS,Degré Celsius (°C),SE,Standard error,0.0,,N,National,,
DATAFLOW,SPC:DF_CLIMATE_CHANGE(1.0),Indicateurs du changement climatique,I,A,Annuel,ST_ANOM,Anomalies des températures de surface,WF,Wallis Et Futuna,1860,,-0.2,,,,CELSIUS,Degré Celsius (°C),SE,Standard error,0.0,,N,National,,
DATAFLOW,SPC:DF_CLIMATE_CHANGE(1.0),Indicateurs du changement climatique,I,A,Annuel,ST_ANOM,Anomalies des températures de surface,WF,Wallis Et Futuna,1861,,-0.5,,,,CELSIUS,Degré Celsius (°C),SE,Standard error,0.2,,N,National,,
DATAFLOW,SPC:DF_CLIMATE_CHANGE(1.0),Indicateurs du changement climatique,I,A,Annuel,ST_ANOM,Anomalies des températures de surface,WF,Wallis Et Futuna,1862,,-0.3,,,,CELSIUS,Degré Celsius (°C),SE,Standard error,0.0,,N,National,,
DATAFLOW,SPC:DF_CLIMATE_CHANGE(1.0),Indicateurs du changement climatique,I,A,Annuel,ST_ANOM,Anomalies des températures de surface,WF,Wallis Et Futuna,1863,,-0.3,,,,CELSIUS,Degré Celsius (°C),SE,Standard error,0.0,,N,National,,
DATAFLOW,SPC:DF_CLIMATE_CHANGE(1.0),Indicateurs du changement climatique,I,A,Annuel,ST_ANOM,Anomalies des températures de surface,WF,Wallis Et Futuna,1864,,-0.2,,,,CELSIUS,Degré Celsius (°C),SE,Standard error,0.0,,N,National,,
DATAFLOW,SPC:DF_CLIMATE_CHANGE(1.0),Indicateurs du changement climatique,I,A,Annuel,ST_ANOM,Anomalies des températures de surface,WF,Wallis Et Futuna,1865,,-0.2,,,,CELSIUS,Degré Celsius (°C),SE,Standard error,0.0,,N,National,,
DATAFLOW,SPC:DF_CLIMATE_CHANGE(1.0),Indicateurs du changement climatique,I,A,Annuel,ST_ANOM,Anomalies des températures de surface,WF,Wallis Et Futuna,1866,,-0.2,,,,CELSIUS,Degré Celsius (°C),SE,Standard error,0.0,,N,National,,
DATAFLOW,SPC:DF_CLIMATE_CHANGE(1.0),Indicateurs du changement climatique,I,A,Annuel,ST_ANOM,Anomalies des températures de surface,WF,Wallis Et Futuna,1867,,-0.1,,,,CELSIUS,Degré Celsius (°C),SE,Standard error,0.1,,N,National,,
DATAFLOW,SPC:DF_CLIMATE_CHANGE(1.0),Indicateurs du changement climatique,I,A,Annuel,ST_ANOM,Anomalies des températures de surface,WF,Wallis Et Futuna,1868,,-0.1,,,,CELSIUS,Degré Celsius (°C),SE,Standard error,0.1,,N,National,,
DATAFLOW,SPC:DF_CLIMATE_CHANGE(1.0),Indicateurs du changement climatique,I,A,Annuel,ST_ANOM,Anomalies des températures de surface,WF,Wallis Et Futuna,1869,,0.0,,,,CELSIUS,Degré Celsius (°C),SE,Standard error,0.1,,N,National,,
DATAFLOW,SPC:DF_CLIMATE_CHANGE(1.0),Indicateurs du changement climatique,I,A,Annuel,ST_ANOM,Anomalies des températures de surface,WF,Wallis Et Futuna,1870,,-0.2,,,,CELSIUS,Degré Celsius (°C),SE,Standard error,0.0,,N,National,,
DATAFLOW,SPC:DF_CLIMATE_CHANGE(1.0),Indicateurs du changement climatique,I,A,Annuel,ST_ANOM,Anomalies des températures de surface,WF,Wallis Et Futuna,1871,,0.1,,,,CELSIUS,Degré Celsius (°C),SE,Standard error,0.1,,N,National,,
DATAFLOW,SPC:DF_CLIMATE_CHANGE(1.0),Indicateurs du changement climatique,I,A,Annuel,ST_ANOM,Anomalies des températures de surface,WF,Wallis Et Futuna,1872,,0.0,,,,CELSIUS,Degré Celsius (°C),SE,Standard error,0.1,,N,National,,
DATAFLOW,SPC:DF_CLIMATE_CHANGE(1.0),Indicateurs du changement climatique,I,A,Annuel,ST_ANOM,Anomalies des températures de surface,WF,Wallis Et Futuna,1873,,-0.3,,,,CELSIUS,Degré Celsius (°C),SE,Standard error,0.0,,N,National,,
DATAFLOW,SPC:DF_CLIMATE_CHANGE(1.0),Indicateurs du changement climatique,I,A,Annuel,ST_ANOM,Anomalies des températures de surface,WF,Wallis Et Futuna,1874,,0.0,,,,CELSIUS,Degré Celsius (°C),SE,Standard error,0.1,,N,National,,
DATAFLOW,SPC:DF_CLIMATE_CHANGE(1.0),Indicateurs du changement climatique,I,A,Annuel,ST_ANOM,Anomalies des températures de surface,WF,Wallis Et Futuna,1875,,-0.2,,,,CELSIUS,Degré Celsius (°C),SE,Standard error,0.1,,N,National,,
DATAFLOW,SPC:DF_CLIMATE_CHANGE(1.0),Indicateurs du changement climatique,I,A,Annuel,ST_ANOM,Anomalies des températures de surface,WF,Wallis Et Futuna,1876,,-0.1,,,,CELSIUS,Degré Celsius (°C),SE,Standard error,0.0,,N,National,,
DATAFLOW,SPC:DF_CLIMATE_CHANGE(1.0),Indicateurs du changement climatique,I,A,Annuel,ST_ANOM,Anomalies des températures de surface,WF,Wallis Et Futuna,1877,,-0.2,,,,CELSIUS,Degré Celsius (°C),SE,Standard error,0.1,,N,National,,
DATAFLOW,SPC:DF_CLIMATE_CHANGE(1.0),Indicateurs du changement climatique,I,A,Annuel,ST_ANOM,Anomalies des températures de surface,WF,Wallis Et Futuna,1878,,-0.2,,,,CELSIUS,Degré Celsius (°C),SE,Standard error,0.1,,N,National,,
DATAFLOW,SPC:DF_CLIMATE_CHANGE(1.0),Indicateurs du changement climatique,I,A,Annuel,ST_ANOM,Anomalies des températures de surface,WF,Wallis Et Futuna,1879,,-0.2,,,,CELSIUS,Degré Celsius (°C),SE,Standard error,0.0,,N,National,,
DATAFLOW,SPC:DF_CLIMATE_CHANGE(1.0),Indicateurs du changement climatique,I,A,Annuel,ST_ANOM,Anomalies des températures de surface,WF,Wallis Et Futuna,1880,,-0.2,,,,CELSIUS,Degré Celsius (°C),SE,Standard error,0.0,,N,National,,
DATAFLOW,SPC:DF_CLIMATE_CHANGE(1.0),Indicateurs du changement climatique,I,A,Annuel,ST_ANOM,Anomalies des températures de surface,WF,Wallis Et Futuna,1881,,0.2,,,,CELSIUS,Degré Celsius (°C),SE,Standard error,0.0,,N,National,,
DATAFLOW,SPC:DF_CLIMATE_CHANGE(1.0),Indicateurs du changement climatique,I,A,Annuel,ST_ANOM,Anomalies des températures de surface,WF,Wallis Et Futuna,1882,,0.1,,,,CELSIUS,Degré Celsius (°C),SE,Standard error,0.0,,N,National,,
DATAFLOW,SPC:DF_CLIMATE_CHANGE(1.0),Indicateurs du changement climatique,I,A,Annuel,ST_ANOM,Anomalies des températures de surface,WF,Wallis Et Futuna,1883,,-0.3,,,,CELSIUS,Degré Celsius (°C),SE,Standard error,0.0,,N,National,,
DATAFLOW,SPC:DF_CLIMATE_CHANGE(1.0),Indicateurs du changement climatique,I,A,Annuel,ST_ANOM,Anomalies des températures de surface,WF,Wallis Et Futuna,1884,,-0.3,,,,CELSIUS,Degré Celsius (°C),SE,Standard error,0.1,,N,National,,
DATAFLOW,SPC:DF_CLIMATE_CHANGE(1.0),Indicateurs du changement climatique,I,A,Annuel,ST_ANOM,Anomalies des températures de surface,WF,Wallis Et Futuna,1885,,-0.5,,,,CELSIUS,Degré Celsius (°C),SE,Standard error,0.1,,N,National,,
DATAFLOW,SPC:DF_CLIMATE_CHANGE(1.0),Indicateurs du changement climatique,I,A,Annuel,ST_ANOM,Anomalies des températures de surface,WF,Wallis Et Futuna,1886,,-0.5,,,,CELSIUS,Degré Celsius (°C),SE,Standard error,0.1,,N,National,,
DATAFLOW,SPC:DF_CLIMATE_CHANGE(1.0),Indicateurs du changement climatique,I,A,Annuel,ST_ANOM,Anomalies des températures de surface,WF,Wallis Et Futuna,1887,,-0.3,,,,CELSIUS,Degré Celsius (°C),SE,Standard error,0.1,,N,National,,
DATAFLOW,SPC:DF_CLIMATE_CHANGE(1.0),Indicateurs du changement climatique,I,A,Annuel,ST_ANOM,Anomalies des températures de surface,WF,Wallis Et Futuna,1888,,-0.3,,,,CELSIUS,Degré Celsius (°C),SE,Standard error,0.1,,N,National,,
DATAFLOW,SPC:DF_CLIMATE_CHANGE(1.0),Indicateurs du changement climatique,I,A,Annuel,ST_ANOM,Anomalies des températures de surface,WF,Wallis Et Futuna,1889,,-0.3,,,,CELSIUS,Degré Celsius (°C),SE,Standard error,0.1,,N,National,,
DATAFLOW,SPC:DF_CLIMATE_CHANGE(1.0),Indicateurs du changement climatique,I,A,Annuel,ST_ANOM,Anomalies des températures de surface,WF,Wallis Et Futuna,1890,,-0.5,,,,CELSIUS,Degré Celsius (°C),SE,Standard error,0.1,,N,National,,
DATAFLOW,SPC:DF_CLIMATE_CHANGE(1.0),Indicateurs du changement climatique,I,A,Annuel,ST_ANOM,Anomalies des températures de surface,WF,Wallis Et Futuna,1891,,-0.4,,,,CELSIUS,Degré Celsius (°C),SE,Standard error,0.1,,N,National,,
DATAFLOW,SPC:DF_CLIMATE_CHANGE(1.0),Indicateurs du changement climatique,I,A,Annuel,ST_ANOM,Anomalies des températures de surface,WF,Wallis Et Futuna,1892,,-0.3,,,,CELSIUS,Degré Celsius (°C),SE,Standard error,0.1,,N,National,,
DATAFLOW,SPC:DF_CLIMATE_CHANGE(1.0),Indicateurs du changement climatique,I,A,Annuel,ST_ANOM,Anomalies des températures de surface,WF,Wallis Et Futuna,1893,,-0.6,,,,CELSIUS,Degré Celsius (°C),SE,Standard error,0.1,,N,National,,
DATAFLOW,SPC:DF_CLIMATE_CHANGE(1.0),Indicateurs du changement climatique,I,A,Annuel,ST_ANOM,Anomalies des températures de surface,WF,Wallis Et Futuna,1894,,-0.4,,,,CELSIUS,Degré Celsius (°C),SE,Standard error,0.0,,N,National,,
DATAFLOW,SPC:DF_CLIMATE_CHANGE(1.0),Indicateurs du changement climatique,I,A,Annuel,ST_ANOM,Anomalies des températures de surface,WF,Wallis Et Futuna,1895,,-0.2,,,,CELSIUS,Degré Celsius (°C),SE,Standard error,0.1,,N,National,,
DATAFLOW,SPC:DF_CLIMATE_CHANGE(1.0),Indicateurs du changement climatique,I,A,Annuel,ST_ANOM,Anomalies des températures de surface,WF,Wallis Et Futuna,1896,,-0.4,,,,CELSIUS,Degré Celsius (°C),SE,Standard error,0.0,,N,National,,
DATAFLOW,SPC:DF_CLIMATE_CHANGE(1.0),Indicateurs du changement climatique,I,A,Annuel,ST_ANOM,Anomalies des températures de surface,WF,Wallis Et Futuna,1897,,-0.3,,,,CELSIUS,Degré Celsius (°C),SE,Standard error,0.1,,N,National,,
DATAFLOW,SPC:DF_CLIMATE_CHANGE(1.0),Indicateurs du changement climatique,I,A,Annuel,ST_ANOM,Anomalies des températures de surface,WF,Wallis Et Futuna,1898,,-0.3,,,,CELSIUS,Degré Celsius (°C),SE,Standard error,0.0,,N,National,,
DATAFLOW,SPC:DF_CLIMATE_CHANGE(1.0),Indicateurs du changement climatique,I,A,Annuel,ST_ANOM,Anomalies des températures de surface,WF,Wallis Et Futuna,1899,,-0.2,,,,CELSIUS,Degré Celsius (°C),SE,Standard error,0.1,,N,National,,
DATAFLOW,SPC:DF_CLIMATE_CHANGE(1.0),Indicateurs du changement climatique,I,A,Annuel,ST_ANOM,Anomalies des températures de surface,WF,Wallis Et Futuna,1900,,-0.1,,,,CELSIUS,Degré Celsius (°C),SE,Standard error,0.1,,N,National,,
DATAFLOW,SPC:DF_CLIMATE_CHANGE(1.0),Indicateurs du changement climatique,I,A,Annuel,ST_ANOM,Anomalies des températures de surface,WF,Wallis Et Futuna,1901,,-0.1,,,,CELSIUS,Degré Celsius (°C),SE,Standard error,0.0,,N,National,,
DATAFLOW,SPC:DF_CLIMATE_CHANGE(1.0),Indicateurs du changement climatique,I,A,Annuel,ST_ANOM,Anomalies des températures de surface,WF,Wallis Et Futuna,1902,,-0.6,,,,CELSIUS,Degré Celsius (°C),SE,Standard error,0.1,,N,National,,
DATAFLOW,SPC:DF_CLIMATE_CHANGE(1.0),Indicateurs du changement climatique,I,A,Annuel,ST_ANOM,Anomalies des températures de surface,WF,Wallis Et Futuna,1903,,-0.4,,,,CELSIUS,Degré Celsius (°C),SE,Standard error,0.1,,N,National,,
DATAFLOW,SPC:DF_CLIMATE_CHANGE(1.0),Indicateurs du changement climatique,I,A,Annuel,ST_ANOM,Anomalies des températures de surface,WF,Wallis Et Futuna,1904,,-0.6,,,,CELSIUS,Degré Celsius (°C),SE,Standard error,0.1,,N,National,,
DATAFLOW,SPC:DF_CLIMATE_CHANGE(1.0),Indicateurs du changement climatique,I,A,Annuel,ST_ANOM,Anomalies des températures de surface,WF,Wallis Et Futuna,1905,,-0.5,,,,CELSIUS,Degré Celsius (°C),SE,Standard error,0.0,,N,National,,
DATAFLOW,SPC:DF_CLIMATE_CHANGE(1.0),Indicateurs du changement climatique,I,A,Annuel,ST_ANOM,Anomalies des températures de surface,WF,Wallis Et Futuna,1906,,-0.4,,,,CELSIUS,Degré Celsius (°C),SE,Standard error,0.1,,N,National,,
DATAFLOW,SPC:DF_CLIMATE_CHANGE(1.0),Indicateurs du changement climatique,I,A,Annuel,ST_ANOM,Anomalies des températures de surface,WF,Wallis Et Futuna,1907,,-0.5,,,,CELSIUS,Degré Celsius (°C),SE,Standard error,0.1,,N,National,,
DATAFLOW,SPC:DF_CLIMATE_CHANGE(1.0),Indicateurs du changement climatique,I,A,Annuel,ST_ANOM,Anomalies des températures de surface,WF,Wallis Et Futuna,1908,,-0.6,,,,CELSIUS,Degré Celsius (°C),SE,Standard error,0.0,,N,National,,
DATAFLOW,SPC:DF_CLIMATE_CHANGE(1.0),Indicateurs du changement climatique,I,A,Annuel,ST_ANOM,Anomalies des températures de surface,WF,Wallis Et Futuna,1909,,-0.7,,,,CELSIUS,Degré Celsius (°C),SE,Standard error,0.1,,N,National,,
DATAFLOW,SPC:DF_CLIMATE_CHANGE(1.0),Indicateurs du changement climatique,I,A,Annuel,ST_ANOM,Anomalies des températures de surface,WF,Wallis Et Futuna,1910,,-0.8,,,,CELSIUS,Degré Celsius (°C),SE,Standard error,0.0,,N,National,,
DATAFLOW,SPC:DF_CLIMATE_CHANGE(1.0),Indicateurs du changement climatique,I,A,Annuel,ST_ANOM,Anomalies des températures de surface,WF,Wallis Et Futuna,1911,,-0.6,,,,CELSIUS,Degré Celsius (°C),SE,Standard error,0.0,,N,National,,
DATAFLOW,SPC:DF_CLIMATE_CHANGE(1.0),Indicateurs du changement climatique,I,A,Annuel,ST_ANOM,Anomalies des températures de surface,WF,Wallis Et Futuna,1912,,-0.5,,,,CELSIUS,Degré Celsius (°C),SE,Standard error,0.0,,N,National,,
DATAFLOW,SPC:DF_CLIMATE_CHANGE(1.0),Indicateurs du changement climatique,I,A,Annuel,ST_ANOM,Anomalies des températures de surface,WF,Wallis Et Futuna,1913,,-0.6,,,,CELSIUS,Degré Celsius (°C),SE,Standard error,0.0,,N,National,,
DATAFLOW,SPC:DF_CLIMATE_CHANGE(1.0),Indicateurs du changement climatique,I,A,Annuel,ST_ANOM,Anomalies des températures de surface,WF,Wallis Et Futuna,1914,,-0.4,,,,CELSIUS,Degré Celsius (°C),SE,Standard error,0.1,,N,National,,
DATAFLOW,SPC:DF_CLIMATE_CHANGE(1.0),Indicateurs du changement climatique,I,A,Annuel,ST_ANOM,Anomalies des températures de surface,WF,Wallis Et Futuna,1915,,-0.3,,,,CELSIUS,Degré Celsius (°C),SE,Standard error,0.0,,N,National,,
DATAFLOW,SPC:DF_CLIMATE_CHANGE(1.0),Indicateurs du changement climatique,I,A,Annuel,ST_ANOM,Anomalies des températures de surface,WF,Wallis Et Futuna,1916,,-0.5,,,,CELSIUS,Degré Celsius (°C),SE,Standard error,0.1,,N,National,,
DATAFLOW,SPC:DF_CLIMATE_CHANGE(1.0),Indicateurs du changement climatique,I,A,Annuel,ST_ANOM,Anomalies des températures de surface,WF,Wallis Et Futuna,1917,,-0.9,,,,CELSIUS,Degré Celsius (°C),SE,Standard error,0.1,,N,National,,
DATAFLOW,SPC:DF_CLIMATE_CHANGE(1.0),Indicateurs du changement climatique,I,A,Annuel,ST_ANOM,Anomalies des températures de surface,WF,Wallis Et Futuna,1918,,-0.6,,,,CELSIUS,Degré Celsius (°C),SE,Standard error,0.1,,N,National,,
DATAFLOW,SPC:DF_CLIMATE_CHANGE(1.0),Indicateurs du changement climatique,I,A,Annuel,ST_ANOM,Anomalies des températures de surface,WF,Wallis Et Futuna,1919,,-1.0,,,,CELSIUS,Degré Celsius (°C),SE,Standard error,0.1,,N,National,,
DATAFLOW,SPC:DF_CLIMATE_CHANGE(1.0),Indicateurs du changement climatique,I,A,Annuel,ST_ANOM,Anomalies des températures de surface,WF,Wallis Et Futuna,1920,,-0.6,,,,CELSIUS,Degré Celsius (°C),SE,Standard error,0.1,,N,National,,
DATAFLOW,SPC:DF_CLIMATE_CHANGE(1.0),Indicateurs du changement climatique,I,A,Annuel,ST_ANOM,Anomalies des températures de surface,WF,Wallis Et Futuna,1921,,-0.5,,,,CELSIUS,Degré Celsius (°C),SE,Standard error,0.1,,N,National,,
DATAFLOW,SPC:DF_CLIMATE_CHANGE(1.0),Indicateurs du changement climatique,I,A,Annuel,ST_ANOM,Anomalies des températures de surface,WF,Wallis Et Futuna,1922,,-0.2,,,,CELSIUS,Degré Celsius (°C),SE,Standard error,0.0,,N,National,,
DATAFLOW,SPC:DF_CLIMATE_CHANGE(1.0),Indicateurs du changement climatique,I,A,Annuel,ST_ANOM,Anomalies des températures de surface,WF,Wallis Et Futuna,1923,,-0.4,,,,CELSIUS,Degré Celsius (°C),SE,Standard error,0.0,,N,National,,
DATAFLOW,SPC:DF_CLIMATE_CHANGE(1.0),Indicateurs du changement climatique,I,A,Annuel,ST_ANOM,Anomalies des températures de surface,WF,Wallis Et Futuna,1924,,-0.2,,,,CELSIUS,Degré Celsius (°C),SE,Standard error,0.1,,N,National,,
DATAFLOW,SPC:DF_CLIMATE_CHANGE(1.0),Indicateurs du changement climatique,I,A,Annuel,ST_ANOM,Anomalies des températures de surface,WF,Wallis Et Futuna,1925,,-0.3,,,,CELSIUS,Degré Celsius (°C),SE,Standard error,0.1,,N,National,,
DATAFLOW,SPC:DF_CLIMATE_CHANGE(1.0),Indicateurs du changement climatique,I,A,Annuel,ST_ANOM,Anomalies des températures de surface,WF,Wallis Et Futuna,1926,,-0.4,,,,CELSIUS,Degré Celsius (°C),SE,Standard error,0.0,,N,National,,
DATAFLOW,SPC:DF_CLIMATE_CHANGE(1.0),Indicateurs du changement climatique,I,A,Annuel,ST_ANOM,Anomalies des températures de surface,WF,Wallis Et Futuna,1927,,-0.4,,,,CELSIUS,Degré Celsius (°C),SE,Standard error,0.1,,N,National,,
DATAFLOW,SPC:DF_CLIMATE_CHANGE(1.0),Indicateurs du changement climatique,I,A,Annuel,ST_ANOM,Anomalies des températures de surface,WF,Wallis Et Futuna,1928,,-0.3,,,,CELSIUS,Degré Celsius (°C),SE,Standard error,0.1,,N,National,,
DATAFLOW,SPC:DF_CLIMATE_CHANGE(1.0),Indicateurs du changement climatique,I,A,Annuel,ST_ANOM,Anomalies des températures de surface,WF,Wallis Et Futuna,1929,,-0.3,,,,CELSIUS,Degré Celsius (°C),SE,Standard error,0.0,,N,National,,
DATAFLOW,SPC:DF_CLIMATE_CHANGE(1.0),Indicateurs du changement climatique,I,A,Annuel,ST_ANOM,Anomalies des températures de surface,WF,Wallis Et Futuna,1930,,-0.4,,,,CELSIUS,Degré Celsius (°C),SE,Standard error,0.1,,N,National,,
DATAFLOW,SPC:DF_CLIMATE_CHANGE(1.0),Indicateurs du changement climatique,I,A,Annuel,ST_ANOM,Anomalies des températures de surface,WF,Wallis Et Futuna,1931,,-0.4,,,,CELSIUS,Degré Celsius (°C),SE,Standard error,0.0,,N,National,,
DATAFLOW,SPC:DF_CLIMATE_CHANGE(1.0),Indicateurs du changement climatique,I,A,Annuel,ST_ANOM,Anomalies des températures de surface,WF,Wallis Et Futuna,1932,,-0.3,,,,CELSIUS,Degré Celsius (°C),SE,Standard error,0.0,,N,National,,
DATAFLOW,SPC:DF_CLIMATE_CHANGE(1.0),Indicateurs du changement climatique,I,A,Annuel,ST_ANOM,Anomalies des températures de surface,WF,Wallis Et Futuna,1933,,-0.6,,,,CELSIUS,Degré Celsius (°C),SE,Standard error,0.1,,N,National,,
DATAFLOW,SPC:DF_CLIMATE_CHANGE(1.0),Indicateurs du changement climatique,I,A,Annuel,ST_ANOM,Anomalies des températures de surface,WF,Wallis Et Futuna,1934,,-0.4,,,,CELSIUS,Degré Celsius (°C),SE,Standard error,0.1,,N,National,,
DATAFLOW,SPC:DF_CLIMATE_CHANGE(1.0),Indicateurs du changement climatique,I,A,Annuel,ST_ANOM,Anomalies des températures de surface,WF,Wallis Et Futuna,1935,,-0.4,,,,CELSIUS,Degré Celsius (°C),SE,Standard error,0.0,,N,National,,
DATAFLOW,SPC:DF_CLIMATE_CHANGE(1.0),Indicateurs du changement climatique,I,A,Annuel,ST_ANOM,Anomalies des températures de surface,WF,Wallis Et Futuna,1936,,-0.2,,,,CELSIUS,Degré Celsius (°C),SE,Standard error,0.0,,N,National,,
DATAFLOW,SPC:DF_CLIMATE_CHANGE(1.0),Indicateurs du changement climatique,I,A,Annuel,ST_ANOM,Anomalies des températures de surface,WF,Wallis Et Futuna,1937,,-0.3,,,,CELSIUS,Degré Celsius (°C),SE,Standard error,0.0,,N,National,,
DATAFLOW,SPC:DF_CLIMATE_CHANGE(1.0),Indicateurs du changement climatique,I,A,Annuel,ST_ANOM,Anomalies des températures de surface,WF,Wallis Et Futuna,1938,,-0.4,,,,CELSIUS,Degré Celsius (°C),SE,Standard error,0.0,,N,National,,
DATAFLOW,SPC:DF_CLIMATE_CHANGE(1.0),Indicateurs du changement climatique,I,A,Annuel,ST_ANOM,Anomalies des températures de surface,WF,Wallis Et Futuna,1939,,-0.5,,,,CELSIUS,Degré Celsius (°C),SE,Standard error,0.0,,N,National,,
DATAFLOW,SPC:DF_CLIMATE_CHANGE(1.0),Indicateurs du changement climatique,I,A,Annuel,ST_ANOM,Anomalies des températures de surface,WF,Wallis Et Futuna,1940,,-0.2,,,,CELSIUS,Degré Celsius (°C),SE,Standard error,0.1,,N,National,,
DATAFLOW,SPC:DF_CLIMATE_CHANGE(1.0),Indicateurs du changement climatique,I,A,Annuel,ST_ANOM,Anomalies des températures de surface,WF,Wallis Et Futuna,1941,,0.0,,,,CELSIUS,Degré Celsius (°C),SE,Standard error,0.0,,N,National,,
DATAFLOW,SPC:DF_CLIMATE_CHANGE(1.0),Indicateurs du changement climatique,I,A,Annuel,ST_ANOM,Anomalies des températures de surface,WF,Wallis Et Futuna,1942,,0.0,,,,CELSIUS,Degré Celsius (°C),SE,Standard error,0.0,,N,National,,
DATAFLOW,SPC:DF_CLIMATE_CHANGE(1.0),Indicateurs du changement climatique,I,A,Annuel,ST_ANOM,Anomalies des températures de surface,WF,Wallis Et Futuna,1943,,0.0,,,,CELSIUS,Degré Celsius (°C),SE,Standard error,0.1,,N,National,,
DATAFLOW,SPC:DF_CLIMATE_CHANGE(1.0),Indicateurs du changement climatique,I,A,Annuel,ST_ANOM,Anomalies des températures de surface,WF,Wallis Et Futuna,1944,,0.1,,,,CELSIUS,Degré Celsius (°C),SE,Standard error,0.1,,N,National,,
DATAFLOW,SPC:DF_CLIMATE_CHANGE(1.0),Indicateurs du changement climatique,I,A,Annuel,ST_ANOM,Anomalies des températures de surface,WF,Wallis Et Futuna,1945,,0.0,,,,CELSIUS,Degré Celsius (°C),SE,Standard error,0.0,,N,National,,
DATAFLOW,SPC:DF_CLIMATE_CHANGE(1.0),Indicateurs du changement climatique,I,A,Annuel,ST_ANOM,Anomalies des températures de surface,WF,Wallis Et Futuna,1946,,0.1,,,,CELSIUS,Degré Celsius (°C),SE,Standard error,0.1,,N,National,,
DATAFLOW,SPC:DF_CLIMATE_CHANGE(1.0),Indicateurs du changement climatique,I,A,Annuel,ST_ANOM,Anomalies des températures de surface,WF,Wallis Et Futuna,1947,,0.1,,,,CELSIUS,Degré Celsius (°C),SE,Standard error,0.1,,N,National,,
DATAFLOW,SPC:DF_CLIMATE_CHANGE(1.0),Indicateurs du changement climatique,I,A,Annuel,ST_ANOM,Anomalies des températures de surface,WF,Wallis Et Futuna,1948,,-0.2,,,,CELSIUS,Degré Celsius (°C),SE,Standard error,0.1,,N,National,,
DATAFLOW,SPC:DF_CLIMATE_CHANGE(1.0),Indicateurs du changement climatique,I,A,Annuel,ST_ANOM,Anomalies des températures de surface,WF,Wallis Et Futuna,1949,,-0.3,,,,CELSIUS,Degré Celsius (°C),SE,Standard error,0.0,,N,National,,
DATAFLOW,SPC:DF_CLIMATE_CHANGE(1.0),Indicateurs du changement climatique,I,A,Annuel,ST_ANOM,Anomalies des températures de surface,WF,Wallis Et Futuna,1950,,-0.3,,,,CELSIUS,Degré Celsius (°C),SE,Standard error,0.1,,N,National,,
DATAFLOW,SPC:DF_CLIMATE_CHANGE(1.0),Indicateurs du changement climatique,I,A,Annuel,ST_ANOM,Anomalies des températures de surface,WF,Wallis Et Futuna,1951,,-0.1,,,,CELSIUS,Degré Celsius (°C),SE,Standard error,0.0,,N,National,,
DATAFLOW,SPC:DF_CLIMATE_CHANGE(1.0),Indicateurs du changement climatique,I,A,Annuel,ST_ANOM,Anomalies des températures de surface,WF,Wallis Et Futuna,1952,,0.0,,,,CELSIUS,Degré Celsius (°C),SE,Standard error,0.0,,N,National,,
DATAFLOW,SPC:DF_CLIMATE_CHANGE(1.0),Indicateurs du changement climatique,I,A,Annuel,ST_ANOM,Anomalies des températures de surface,WF,Wallis Et Futuna,1953,,0.0,,,,CELSIUS,Degré Celsius (°C),SE,Standard error,0.1,,N,National,,
DATAFLOW,SPC:DF_CLIMATE_CHANGE(1.0),Indicateurs du changement climatique,I,A,Annuel,ST_ANOM,Anomalies des températures de surface,WF,Wallis Et Futuna,1954,,-0.2,,,,CELSIUS,Degré Celsius (°C),SE,Standard error,0.1,,N,National,,
DATAFLOW,SPC:DF_CLIMATE_CHANGE(1.0),Indicateurs du changement climatique,I,A,Annuel,ST_ANOM,Anomalies des températures de surface,WF,Wallis Et Futuna,1955,,-0.4,,,,CELSIUS,Degré Celsius (°C),SE,Standard error,0.0,,N,National,,
DATAFLOW,SPC:DF_CLIMATE_CHANGE(1.0),Indicateurs du changement climatique,I,A,Annuel,ST_ANOM,Anomalies des températures de surface,WF,Wallis Et Futuna,1956,,-0.3,,,,CELSIUS,Degré Celsius (°C),SE,Standard error,0.1,,N,National,,
DATAFLOW,SPC:DF_CLIMATE_CHANGE(1.0),Indicateurs du changement climatique,I,A,Annuel,ST_ANOM,Anomalies des températures de surface,WF,Wallis Et Futuna,1957,,-0.2,,,,CELSIUS,Degré Celsius (°C),SE,Standard error,0.1,,N,National,,
DATAFLOW,SPC:DF_CLIMATE_CHANGE(1.0),Indicateurs du changement climatique,I,A,Annuel,ST_ANOM,Anomalies des températures de surface,WF,Wallis Et Futuna,1958,,-0.1,,,,CELSIUS,Degré Celsius (°C),SE,Standard error,0.0,,N,National,,
DATAFLOW,SPC:DF_CLIMATE_CHANGE(1.0),Indicateurs du changement climatique,I,A,Annuel,ST_ANOM,Anomalies des températures de surface,WF,Wallis Et Futuna,1959,,-0.1,,,,CELSIUS,Degré Celsius (°C),SE,Standard error,0.1,,N,National,,
DATAFLOW,SPC:DF_CLIMATE_CHANGE(1.0),Indicateurs du changement climatique,I,A,Annuel,ST_ANOM,Anomalies des températures de surface,WF,Wallis Et Futuna,1960,,-0.1,,,,CELSIUS,Degré Celsius (°C),SE,Standard error,0.1,,N,National,,
DATAFLOW,SPC:DF_CLIMATE_CHANGE(1.0),Indicateurs du changement climatique,I,A,Annuel,ST_ANOM,Anomalies des températures de surface,WF,Wallis Et Futuna,1961,,-0.1,,,,CELSIUS,Degré Celsius (°C),SE,Standard error,0.1,,N,National,,
DATAFLOW,SPC:DF_CLIMATE_CHANGE(1.0),Indicateurs du changement climatique,I,A,Annuel,ST_ANOM,Anomalies des températures de surface,WF,Wallis Et Futuna,1962,,-0.1,,,,CELSIUS,Degré Celsius (°C),SE,Standard error,0.0,,N,National,,
DATAFLOW,SPC:DF_CLIMATE_CHANGE(1.0),Indicateurs du changement climatique,I,A,Annuel,ST_ANOM,Anomalies des températures de surface,WF,Wallis Et Futuna,1963,,-0.1,,,,CELSIUS,Degré Celsius (°C),SE,Standard error,0.0,,N,National,,
DATAFLOW,SPC:DF_CLIMATE_CHANGE(1.0),Indicateurs du changement climatique,I,A,Annuel,ST_ANOM,Anomalies des températures de surface,WF,Wallis Et Futuna,1964,,-0.2,,,,CELSIUS,Degré Celsius (°C),SE,Standard error,0.1,,N,National,,
DATAFLOW,SPC:DF_CLIMATE_CHANGE(1.0),Indicateurs du changement climatique,I,A,Annuel,ST_ANOM,Anomalies des températures de surface,WF,Wallis Et Futuna,1965,,-0.4,,,,CELSIUS,Degré Celsius (°C),SE,Standard error,0.0,,N,National,,
DATAFLOW,SPC:DF_CLIMATE_CHANGE(1.0),Indicateurs du changement climatique,I,A,Annuel,ST_ANOM,Anomalies des températures de surface,WF,Wallis Et Futuna,1966,,-0.1,,,,CELSIUS,Degré Celsius (°C),SE,Standard error,0.0,,N,National,,
DATAFLOW,SPC:DF_CLIMATE_CHANGE(1.0),Indicateurs du changement climatique,I,A,Annuel,ST_ANOM,Anomalies des températures de surface,WF,Wallis Et Futuna,1967,,-0.3,,,,CELSIUS,Degré Celsius (°C),SE,Standard error,0.0,,N,National,,
DATAFLOW,SPC:DF_CLIMATE_CHANGE(1.0),Indicateurs du changement climatique,I,A,Annuel,ST_ANOM,Anomalies des températures de surface,WF,Wallis Et Futuna,1968,,-0.1,,,,CELSIUS,Degré Celsius (°C),SE,Standard error,0.1,,N,National,,
DATAFLOW,SPC:DF_CLIMATE_CHANGE(1.0),Indicateurs du changement climatique,I,A,Annuel,ST_ANOM,Anomalies des températures de surface,WF,Wallis Et Futuna,1969,,0.2,,,,CELSIUS,Degré Celsius (°C),SE,Standard error,0.0,,N,National,,
DATAFLOW,SPC:DF_CLIMATE_CHANGE(1.0),Indicateurs du changement climatique,I,A,Annuel,ST_ANOM,Anomalies des températures de surface,WF,Wallis Et Futuna,1970,,0.0,,,,CELSIUS,Degré Celsius (°C),SE,Standard error,0.1,,N,National,,
DATAFLOW,SPC:DF_CLIMATE_CHANGE(1.0),Indicateurs du changement climatique,I,A,Annuel,ST_ANOM,Anomalies des températures de surface,WF,Wallis Et Futuna,1971,,-0.2,,,,CELSIUS,Degré Celsius (°C),SE,Standard error,0.1,,N,National,,
DATAFLOW,SPC:DF_CLIMATE_CHANGE(1.0),Indicateurs du changement climatique,I,A,Annuel,ST_ANOM,Anomalies des températures de surface,WF,Wallis Et Futuna,1972,,-0.1,,,,CELSIUS,Degré Celsius (°C),SE,Standard error,0.0,,N,National,,
DATAFLOW,SPC:DF_CLIMATE_CHANGE(1.0),Indicateurs du changement climatique,I,A,Annuel,ST_ANOM,Anomalies des températures de surface,WF,Wallis Et Futuna,1973,,0.0,,,,CELSIUS,Degré Celsius (°C),SE,Standard error,0.1,,N,National,,
DATAFLOW,SPC:DF_CLIMATE_CHANGE(1.0),Indicateurs du changement climatique,I,A,Annuel,ST_ANOM,Anomalies des températures de surface,WF,Wallis Et Futuna,1974,,-0.2,,,,CELSIUS,Degré Celsius (°C),SE,Standard error,0.1,,N,National,,
DATAFLOW,SPC:DF_CLIMATE_CHANGE(1.0),Indicateurs du changement climatique,I,A,Annuel,ST_ANOM,Anomalies des températures de surface,WF,Wallis Et Futuna,1975,,-0.3,,,,CELSIUS,Degré Celsius (°C),SE,Standard error,0.1,,N,National,,
DATAFLOW,SPC:DF_CLIMATE_CHANGE(1.0),Indicateurs du changement climatique,I,A,Annuel,ST_ANOM,Anomalies des températures de surface,WF,Wallis Et Futuna,1976,,-0.3,,,,CELSIUS,Degré Celsius (°C),SE,Standard error,0.1,,N,National,,
DATAFLOW,SPC:DF_CLIMATE_CHANGE(1.0),Indicateurs du changement climatique,I,A,Annuel,ST_ANOM,Anomalies des températures de surface,WF,Wallis Et Futuna,1977,,-0.1,,,,CELSIUS,Degré Celsius (°C),SE,Standard error,0.0,,N,National,,
DATAFLOW,SPC:DF_CLIMATE_CHANGE(1.0),Indicateurs du changement climatique,I,A,Annuel,ST_ANOM,Anomalies des températures de surface,WF,Wallis Et Futuna,1978,,0.0,,,,CELSIUS,Degré Celsius (°C),SE,Standard error,0.1,,N,National,,
DATAFLOW,SPC:DF_CLIMATE_CHANGE(1.0),Indicateurs du changement climatique,I,A,Annuel,ST_ANOM,Anomalies des températures de surface,WF,Wallis Et Futuna,1979,,0.0,,,,CELSIUS,Degré Celsius (°C),SE,Standard error,0.0,,N,National,,
DATAFLOW,SPC:DF_CLIMATE_CHANGE(1.0),Indicateurs du changement climatique,I,A,Annuel,ST_ANOM,Anomalies des températures de surface,WF,Wallis Et Futuna,1980,,0.1,,,,CELSIUS,Degré Celsius (°C),SE,Standard error,0.0,,N,National,,
DATAFLOW,SPC:DF_CLIMATE_CHANGE(1.0),Indicateurs du changement climatique,I,A,Annuel,ST_ANOM,Anomalies des températures de surface,WF,Wallis Et Futuna,1981,,-0.1,,,,CELSIUS,Degré Celsius (°C),SE,Standard error,0.0,,N,National,,
DATAFLOW,SPC:DF_CLIMATE_CHANGE(1.0),Indicateurs du changement climatique,I,A,Annuel,ST_ANOM,Anomalies des températures de surface,WF,Wallis Et Futuna,1982,,0.0,,,,CELSIUS,Degré Celsius (°C),SE,Standard error,0.1,,N,National,,
DATAFLOW,SPC:DF_CLIMATE_CHANGE(1.0),Indicateurs du changement climatique,I,A,Annuel,ST_ANOM,Anomalies des températures de surface,WF,Wallis Et Futuna,1983,,-0.3,,,,CELSIUS,Degré Celsius (°C),SE,Standard error,0.0,,N,National,,
DATAFLOW,SPC:DF_CLIMATE_CHANGE(1.0),Indicateurs du changement climatique,I,A,Annuel,ST_ANOM,Anomalies des températures de surface,WF,Wallis Et Futuna,1984,,0.0,,,,CELSIUS,Degré Celsius (°C),SE,Standard error,0.1,,N,National,,
DATAFLOW,SPC:DF_CLIMATE_CHANGE(1.0),Indicateurs du changement climatique,I,A,Annuel,ST_ANOM,Anomalies des températures de surface,WF,Wallis Et Futuna,1985,,-0.2,,,,CELSIUS,Degré Celsius (°C),SE,Standard error,0.0,,N,National,,
DATAFLOW,SPC:DF_CLIMATE_CHANGE(1.0),Indicateurs du changement climatique,I,A,Annuel,ST_ANOM,Anomalies des températures de surface,WF,Wallis Et Futuna,1986,,-0.1,,,,CELSIUS,Degré Celsius (°C),SE,Standard error,0.0,,N,National,,
DATAFLOW,SPC:DF_CLIMATE_CHANGE(1.0),Indicateurs du changement climatique,I,A,Annuel,ST_ANOM,Anomalies des températures de surface,WF,Wallis Et Futuna,1987,,-0.1,,,,CELSIUS,Degré Celsius (°C),SE,Standard error,0.1,,N,National,,
DATAFLOW,SPC:DF_CLIMATE_CHANGE(1.0),Indicateurs du changement climatique,I,A,Annuel,ST_ANOM,Anomalies des températures de surface,WF,Wallis Et Futuna,1988,,0.0,,,,CELSIUS,Degré Celsius (°C),SE,Standard error,0.1,,N,National,,
DATAFLOW,SPC:DF_CLIMATE_CHANGE(1.0),Indicateurs du changement climatique,I,A,Annuel,ST_ANOM,Anomalies des températures de surface,WF,Wallis Et Futuna,1989,,-0.1,,,,CELSIUS,Degré Celsius (°C),SE,Standard error,0.1,,N,National,,
DATAFLOW,SPC:DF_CLIMATE_CHANGE(1.0),Indicateurs du changement climatique,I,A,Annuel,ST_ANOM,Anomalies des températures de surface,WF,Wallis Et Futuna,1990,,0.1,,,,CELSIUS,Degré Celsius (°C),SE,Standard error,0.1,,N,National,,
DATAFLOW,SPC:DF_CLIMATE_CHANGE(1.0),Indicateurs du changement climatique,I,A,Annuel,ST_ANOM,Anomalies des températures de surface,WF,Wallis Et Futuna,1991,,0.3,,,,CELSIUS,Degré Celsius (°C),SE,Standard error,0.0,,N,National,,
DATAFLOW,SPC:DF_CLIMATE_CHANGE(1.0),Indicateurs du changement climatique,I,A,Annuel,ST_ANOM,Anomalies des températures de surface,WF,Wallis Et Futuna,1992,,0.1,,,,CELSIUS,Degré Celsius (°C),SE,Standard error,0.1,,N,National,,
DATAFLOW,SPC:DF_CLIMATE_CHANGE(1.0),Indicateurs du changement climatique,I,A,Annuel,ST_ANOM,Anomalies des températures de surface,WF,Wallis Et Futuna,1993,,0.0,,,,CELSIUS,Degré Celsius (°C),SE,Standard error,0.0,,N,National,,
DATAFLOW,SPC:DF_CLIMATE_CHANGE(1.0),Indicateurs du changement climatique,I,A,Annuel,ST_ANOM,Anomalies des températures de surface,WF,Wallis Et Futuna,1994,,0.2,,,,CELSIUS,Degré Celsius (°C),SE,Standard error,0.0,,N,National,,
DATAFLOW,SPC:DF_CLIMATE_CHANGE(1.0),Indicateurs du changement climatique,I,A,Annuel,ST_ANOM,Anomalies des températures de surface,WF,Wallis Et Futuna,1995,,0.3,,,,CELSIUS,Degré Celsius (°C),SE,Standard error,0.0,,N,National,,
DATAFLOW,SPC:DF_CLIMATE_CHANGE(1.0),Indicateurs du changement climatique,I,A,Annuel,ST_ANOM,Anomalies des températures de surface,WF,Wallis Et Futuna,1996,,0.1,,,,CELSIUS,Degré Celsius (°C),SE,Standard error,0.0,,N,National,,
DATAFLOW,SPC:DF_CLIMATE_CHANGE(1.0),Indicateurs du changement climatique,I,A,Annuel,ST_ANOM,Anomalies des températures de surface,WF,Wallis Et Futuna,1997,,0.0,,,,CELSIUS,Degré Celsius (°C),SE,Standard error,0.1,,N,National,,
DATAFLOW,SPC:DF_CLIMATE_CHANGE(1.0),Indicateurs du changement climatique,I,A,Annuel,ST_ANOM,Anomalies des températures de surface,WF,Wallis Et Futuna,1998,,-0.2,,,,CELSIUS,Degré Celsius (°C),SE,Standard error,0.1,,N,National,,
DATAFLOW,SPC:DF_CLIMATE_CHANGE(1.0),Indicateurs du changement climatique,I,A,Annuel,ST_ANOM,Anomalies des températures de surface,WF,Wallis Et Futuna,1999,,0.1,,,,CELSIUS,Degré Celsius (°C),SE,Standard error,0.0,,N,National,,
DATAFLOW,SPC:DF_CLIMATE_CHANGE(1.0),Indicateurs du changement climatique,I,A,Annuel,ST_ANOM,Anomalies des températures de surface,WF,Wallis Et Futuna,2000,,0.3,,,,CELSIUS,Degré Celsius (°C),SE,Standard error,0.0,,N,National,,
DATAFLOW,SPC:DF_CLIMATE_CHANGE(1.0),Indicateurs du changement climatique,I,A,Annuel,ST_ANOM,Anomalies des températures de surface,WF,Wallis Et Futuna,2001,,0.3,,,,CELSIUS,Degré Celsius (°C),SE,Standard error,0.0,,N,National,,
DATAFLOW,SPC:DF_CLIMATE_CHANGE(1.0),Indicateurs du changement climatique,I,A,Annuel,ST_ANOM,Anomalies des températures de surface,WF,Wallis Et Futuna,2002,,0.4,,,,CELSIUS,Degré Celsius (°C),SE,Standard error,0.0,,N,National,,
DATAFLOW,SPC:DF_CLIMATE_CHANGE(1.0),Indicateurs du changement climatique,I,A,Annuel,ST_ANOM,Anomalies des températures de surface,WF,Wallis Et Futuna,2003,,0.5,,,,CELSIUS,Degré Celsius (°C),SE,Standard error,0.0,,N,National,,
DATAFLOW,SPC:DF_CLIMATE_CHANGE(1.0),Indicateurs du changement climatique,I,A,Annuel,ST_ANOM,Anomalies des températures de surface,WF,Wallis Et Futuna,2004,,0.5,,,,CELSIUS,Degré Celsius (°C),SE,Standard error,0.0,,N,National,,
DATAFLOW,SPC:DF_CLIMATE_CHANGE(1.0),Indicateurs du changement climatique,I,A,Annuel,ST_ANOM,Anomalies des températures de surface,WF,Wallis Et Futuna,2005,,0.5,,,,CELSIUS,Degré Celsius (°C),SE,Standard error,0.0,,N,National,,
DATAFLOW,SPC:DF_CLIMATE_CHANGE(1.0),Indicateurs du changement climatique,I,A,Annuel,ST_ANOM,Anomalies des températures de surface,WF,Wallis Et Futuna,2006,,0.4,,,,CELSIUS,Degré Celsius (°C),SE,Standard error,0.0,,N,National,,
DATAFLOW,SPC:DF_CLIMATE_CHANGE(1.0),Indicateurs du changement climatique,I,A,Annuel,ST_ANOM,Anomalies des températures de surface,WF,Wallis Et Futuna,2007,,0.5,,,,CELSIUS,Degré Celsius (°C),SE,Standard error,0.0,,N,National,,
DATAFLOW,SPC:DF_CLIMATE_CHANGE(1.0),Indicateurs du changement climatique,I,A,Annuel,ST_ANOM,Anomalies des températures de surface,WF,Wallis Et Futuna,2008,,0.2,,,,CELSIUS,Degré Celsius (°C),SE,Standard error,0.1,,N,National,,
DATAFLOW,SPC:DF_CLIMATE_CHANGE(1.0),Indicateurs du changement climatique,I,A,Annuel,ST_ANOM,Anomalies des températures de surface,WF,Wallis Et Futuna,2009,,0.4,,,,CELSIUS,Degré Celsius (°C),SE,Standard error,0.0,,N,National,,
DATAFLOW,SPC:DF_CLIMATE_CHANGE(1.0),Indicateurs du changement climatique,I,A,Annuel,ST_ANOM,Anomalies des températures de surface,WF,Wallis Et Futuna,2010,,0.4,,,,CELSIUS,Degré Celsius (°C),SE,Standard error,0.1,,N,National,,
DATAFLOW,SPC:DF_CLIMATE_CHANGE(1.0),Indicateurs du changement climatique,I,A,Annuel,ST_ANOM,Anomalies des températures de surface,WF,Wallis Et Futuna,2011,,0.2,,,,CELSIUS,Degré Celsius (°C),SE,Standard error,0.1,,N,National,,
DATAFLOW,SPC:DF_CLIMATE_CHANGE(1.0),Indicateurs du changement climatique,I,A,Annuel,ST_ANOM,Anomalies des températures de surface,WF,Wallis Et Futuna,2012,,0.4,,,,CELSIUS,Degré Celsius (°C),SE,Standard error,0.1,,N,National,,
DATAFLOW,SPC:DF_CLIMATE_CHANGE(1.0),Indicateurs du changement climatique,I,A,Annuel,ST_ANOM,Anomalies des températures de surface,WF,Wallis Et Futuna,2013,,0.5,,,,CELSIUS,Degré Celsius (°C),SE,Standard error,0.0,,N,National,,
DATAFLOW,SPC:DF_CLIMATE_CHANGE(1.0),Indicateurs du changement climatique,I,A,Annuel,ST_ANOM,Anomalies des températures de surface,WF,Wallis Et Futuna,2014,,0.6,,,,CELSIUS,Degré Celsius (°C),SE,Standard error,0.0,,N,National,,
DATAFLOW,SPC:DF_CLIMATE_CHANGE(1.0),Indicateurs du changement climatique,I,A,Annuel,ST_ANOM,Anomalies des températures de surface,WF,Wallis Et Futuna,2015,,0.4,,,,CELSIUS,Degré Celsius (°C),SE,Standard error,0.1,,N,National,,
DATAFLOW,SPC:DF_CLIMATE_CHANGE(1.0),Indicateurs du changement climatique,I,A,Annuel,ST_ANOM,Anomalies des températures de surface,WF,Wallis Et Futuna,2016,,0.6,,,,CELSIUS,Degré Celsius (°C),SE,Standard error,0.0,,N,National,,
DATAFLOW,SPC:DF_CLIMATE_CHANGE(1.0),Indicateurs du changement climatique,I,A,Annuel,ST_ANOM,Anomalies des températures de surface,WF,Wallis Et Futuna,2017,,0.6,,,,CELSIUS,Degré Celsius (°C),SE,Standard error,0.0,,N,National,,
DATAFLOW,SPC:DF_CLIMATE_CHANGE(1.0),Indicateurs du changement climatique,I,A,Annuel,ST_ANOM,Anomalies des températures de surface,WF,Wallis Et Futuna,2018,,0.5,,,,CELSIUS,Degré Celsius (°C),SE,Standard error,0.1,,N,National,,
DATAFLOW,SPC:DF_CLIMATE_CHANGE(1.0),Indicateurs du changement climatique,I,A,Annuel,ST_ANOM,Anomalies des températures de surface,WF,Wallis Et Futuna,2019,,0.7,,,,CELSIUS,Degré Celsius (°C),SE,Standard error,0.0,,N,National,,
DATAFLOW,SPC:DF_CLIMATE_CHANGE(1.0),Indicateurs du changement climatique,I,A,Annuel,ST_ANOM,Anomalies des températures de surface,WF,Wallis Et Futuna,2020,,0.6,,,,CELSIUS,Degré Celsius (°C),SE,Standard error,0.1,,N,National,,
DATAFLOW,SPC:DF_CLIMATE_CHANGE(1.0),Indicateurs du changement climatique,I,A,Annuel,ST_ANOM,Anomalies des températures de surface,WF,Wallis Et Futuna,2021,,0.4,,,,CELSIUS,Degré Celsius (°C),SE,Standard error,0.0,,N,National,,
DATAFLOW,SPC:DF_CLIMATE_CHANGE(1.0),Indicateurs du changement climatique,I,A,Annuel,ST_ANOM,Anomalies des températures de surface,WF,Wallis Et Futuna,2022,,0.4,,,,CELSIUS,Degré Celsius (°C),SE,Standard error,0.0,,N,National,,
DATAFLOW,SPC:DF_CLIMATE_CHANGE(1.0),Indicateurs du changement climatique,I,A,Annuel,ST_ANOM,Anomalies des températures de surface,WF,Wallis Et Futuna,2023,,0.6,,,,CELSIUS,Degré Celsius (°C),SE,Standard error,0.0,,N,National,,
DATAFLOW,SPC:DF_CLIMATE_CHANGE(1.0),Indicateurs du changement climatique,I,A,Annuel,ST_ANOM,Anomalies des températures de surface,WF,Wallis Et Futuna,2024,,0.7,,,,CELSIUS,Degré Celsius (°C),SE,Standard error,0.1,,N,National,,
DATAFLOW,SPC:DF_CLIMATE_CHANGE(1.0),Indicateurs du changement climatique,I,A,Annuel,ST_ANOM,Anomalies des températures de surface,WF,Wallis Et Futuna,2025,,0.5,,,,CELSIUS,Degré Celsius (°C),SE,Standard error,0.0,,N,National,,
DATAFLOW,SPC:DF_CLIMATE_CHANGE(1.0),Indicateurs du changement climatique,I,A,Annuel,ST_ANOM,Anomalies des températures de surface,SB,Îles Salomon,1850,,0.1,,,,CELSIUS,Degré Celsius (°C),SE,Standard error,0.1,,N,National,,
DATAFLOW,SPC:DF_CLIMATE_CHANGE(1.0),Indicateurs du changement climatique,I,A,Annuel,ST_ANOM,Anomalies des températures de surface,SB,Îles Salomon,1851,,0.2,,,,CELSIUS,Degré Celsius (°C),SE,Standard error,0.1,,N,National,,
DATAFLOW,SPC:DF_CLIMATE_CHANGE(1.0),Indicateurs du changement climatique,I,A,Annuel,ST_ANOM,Anomalies des températures de surface,SB,Îles Salomon,1852,,0.1,,,,CELSIUS,Degré Celsius (°C),SE,Standard error,0.0,,N,National,,
DATAFLOW,SPC:DF_CLIMATE_CHANGE(1.0),Indicateurs du changement climatique,I,A,Annuel,ST_ANOM,Anomalies des températures de surface,SB,Îles Salomon,1853,,-0.2,,,,CELSIUS,Degré Celsius (°C),SE,Standard error,0.1,,N,National,,
DATAFLOW,SPC:DF_CLIMATE_CHANGE(1.0),Indicateurs du changement climatique,I,A,Annuel,ST_ANOM,Anomalies des températures de surface,SB,Îles Salomon,1854,,-0.4,,,,CELSIUS,Degré Celsius (°C),SE,Standard error,0.1,,N,National,,
DATAFLOW,SPC:DF_CLIMATE_CHANGE(1.0),Indicateurs du changement climatique,I,A,Annuel,ST_ANOM,Anomalies des températures de surface,SB,Îles Salomon,1855,,-0.4,,,,CELSIUS,Degré Celsius (°C),SE,Standard error,0.1,,N,National,,
DATAFLOW,SPC:DF_CLIMATE_CHANGE(1.0),Indicateurs du changement climatique,I,A,Annuel,ST_ANOM,Anomalies des températures de surface,SB,Îles Salomon,1856,,-0.6,,,,CELSIUS,Degré Celsius (°C),SE,Standard error,0.1,,N,National,,
DATAFLOW,SPC:DF_CLIMATE_CHANGE(1.0),Indicateurs du changement climatique,I,A,Annuel,ST_ANOM,Anomalies des températures de surface,SB,Îles Salomon,1857,,0.1,,,,CELSIUS,Degré Celsius (°C),SE,Standard error,0.1,,N,National,,
DATAFLOW,SPC:DF_CLIMATE_CHANGE(1.0),Indicateurs du changement climatique,I,A,Annuel,ST_ANOM,Anomalies des températures de surface,SB,Îles Salomon,1858,,-0.2,,,,CELSIUS,Degré Celsius (°C),SE,Standard error,0.2,,N,National,,
DATAFLOW,SPC:DF_CLIMATE_CHANGE(1.0),Indicateurs du changement climatique,I,A,Annuel,ST_ANOM,Anomalies des températures de surface,SB,Îles Salomon,1859,,0.0,,,,CELSIUS,Degré Celsius (°C),SE,Standard error,0.1,,N,National,,
DATAFLOW,SPC:DF_CLIMATE_CHANGE(1.0),Indicateurs du changement climatique,I,A,Annuel,ST_ANOM,Anomalies des températures de surface,SB,Îles Salomon,1860,,-0.4,,,,CELSIUS,Degré Celsius (°C),SE,Standard error,0.1,,N,National,,
DATAFLOW,SPC:DF_CLIMATE_CHANGE(1.0),Indicateurs du changement climatique,I,A,Annuel,ST_ANOM,Anomalies des températures de surface,SB,Îles Salomon,1861,,-1.1,,,,CELSIUS,Degré Celsius (°C),SE,Standard error,0.5,,N,National,,
DATAFLOW,SPC:DF_CLIMATE_CHANGE(1.0),Indicateurs du changement climatique,I,A,Annuel,ST_ANOM,Anomalies des températures de surface,SB,Îles Salomon,1862,,-0.4,,,,CELSIUS,Degré Celsius (°C),SE,Standard error,0.1,,N,National,,
DATAFLOW,SPC:DF_CLIMATE_CHANGE(1.0),Indicateurs du changement climatique,I,A,Annuel,ST_ANOM,Anomalies des températures de surface,SB,Îles Salomon,1863,,-0.3,,,,CELSIUS,Degré Celsius (°C),SE,Standard error,0.0,,N,National,,
DATAFLOW,SPC:DF_CLIMATE_CHANGE(1.0),Indicateurs du changement climatique,I,A,Annuel,ST_ANOM,Anomalies des températures de surface,SB,Îles Salomon,1864,,-0.2,,,,CELSIUS,Degré Celsius (°C),SE,Standard error,0.0,,N,National,,
DATAFLOW,SPC:DF_CLIMATE_CHANGE(1.0),Indicateurs du changement climatique,I,A,Annuel,ST_ANOM,Anomalies des températures de surface,SB,Îles Salomon,1865,,-0.2,,,,CELSIUS,Degré Celsius (°C),SE,Standard error,0.0,,N,National,,
DATAFLOW,SPC:DF_CLIMATE_CHANGE(1.0),Indicateurs du changement climatique,I,A,Annuel,ST_ANOM,Anomalies des températures de surface,SB,Îles Salomon,1866,,0.0,,,,CELSIUS,Degré Celsius (°C),SE,Standard error,0.0,,N,National,,
DATAFLOW,SPC:DF_CLIMATE_CHANGE(1.0),Indicateurs du changement climatique,I,A,Annuel,ST_ANOM,Anomalies des températures de surface,SB,Îles Salomon,1867,,-0.1,,,,CELSIUS,Degré Celsius (°C),SE,Standard error,0.1,,N,National,,
DATAFLOW,SPC:DF_CLIMATE_CHANGE(1.0),Indicateurs du changement climatique,I,A,Annuel,ST_ANOM,Anomalies des températures de surface,SB,Îles Salomon,1868,,-0.2,,,,CELSIUS,Degré Celsius (°C),SE,Standard error,0.0,,N,National,,
DATAFLOW,SPC:DF_CLIMATE_CHANGE(1.0),Indicateurs du changement climatique,I,A,Annuel,ST_ANOM,Anomalies des températures de surface,SB,Îles Salomon,1869,,0.2,,,,CELSIUS,Degré Celsius (°C),SE,Standard error,0.1,,N,National,,
DATAFLOW,SPC:DF_CLIMATE_CHANGE(1.0),Indicateurs du changement climatique,I,A,Annuel,ST_ANOM,Anomalies des températures de surface,SB,Îles Salomon,1870,,-0.1,,,,CELSIUS,Degré Celsius (°C),SE,Standard error,0.0,,N,National,,
DATAFLOW,SPC:DF_CLIMATE_CHANGE(1.0),Indicateurs du changement climatique,I,A,Annuel,ST_ANOM,Anomalies des températures de surface,SB,Îles Salomon,1871,,-0.2,,,,CELSIUS,Degré Celsius (°C),SE,Standard error,0.0,,N,National,,
DATAFLOW,SPC:DF_CLIMATE_CHANGE(1.0),Indicateurs du changement climatique,I,A,Annuel,ST_ANOM,Anomalies des températures de surface,SB,Îles Salomon,1872,,-0.1,,,,CELSIUS,Degré Celsius (°C),SE,Standard error,0.0,,N,National,,
DATAFLOW,SPC:DF_CLIMATE_CHANGE(1.0),Indicateurs du changement climatique,I,A,Annuel,ST_ANOM,Anomalies des températures de surface,SB,Îles Salomon,1873,,-0.1,,,,CELSIUS,Degré Celsius (°C),SE,Standard error,0.1,,N,National,,
DATAFLOW,SPC:DF_CLIMATE_CHANGE(1.0),Indicateurs du changement climatique,I,A,Annuel,ST_ANOM,Anomalies des températures de surface,SB,Îles Salomon,1874,,0.1,,,,CELSIUS,Degré Celsius (°C),SE,Standard error,0.1,,N,National,,
DATAFLOW,SPC:DF_CLIMATE_CHANGE(1.0),Indicateurs du changement climatique,I,A,Annuel,ST_ANOM,Anomalies des températures de surface,SB,Îles Salomon,1875,,-0.1,,,,CELSIUS,Degré Celsius (°C),SE,Standard error,0.0,,N,National,,
DATAFLOW,SPC:DF_CLIMATE_CHANGE(1.0),Indicateurs du changement climatique,I,A,Annuel,ST_ANOM,Anomalies des températures de surface,SB,Îles Salomon,1876,,-0.2,,,,CELSIUS,Degré Celsius (°C),SE,Standard error,0.1,,N,National,,
DATAFLOW,SPC:DF_CLIMATE_CHANGE(1.0),Indicateurs du changement climatique,I,A,Annuel,ST_ANOM,Anomalies des températures de surface,SB,Îles Salomon,1877,,-0.4,,,,CELSIUS,Degré Celsius (°C),SE,Standard error,0.1,,N,National,,
DATAFLOW,SPC:DF_CLIMATE_CHANGE(1.0),Indicateurs du changement climatique,I,A,Annuel,ST_ANOM,Anomalies des températures de surface,SB,Îles Salomon,1878,,-0.1,,,,CELSIUS,Degré Celsius (°C),SE,Standard error,0.1,,N,National,,
DATAFLOW,SPC:DF_CLIMATE_CHANGE(1.0),Indicateurs du changement climatique,I,A,Annuel,ST_ANOM,Anomalies des températures de surface,SB,Îles Salomon,1879,,-0.2,,,,CELSIUS,Degré Celsius (°C),SE,Standard error,0.1,,N,National,,
DATAFLOW,SPC:DF_CLIMATE_CHANGE(1.0),Indicateurs du changement climatique,I,A,Annuel,ST_ANOM,Anomalies des températures de surface,SB,Îles Salomon,1880,,-0.4,,,,CELSIUS,Degré Celsius (°C),SE,Standard error,0.0,,N,National,,
DATAFLOW,SPC:DF_CLIMATE_CHANGE(1.0),Indicateurs du changement climatique,I,A,Annuel,ST_ANOM,Anomalies des températures de surface,SB,Îles Salomon,1881,,0.3,,,,CELSIUS,Degré Celsius (°C),SE,Standard error,0.1,,N,National,,
DATAFLOW,SPC:DF_CLIMATE_CHANGE(1.0),Indicateurs du changement climatique,I,A,Annuel,ST_ANOM,Anomalies des températures de surface,SB,Îles Salomon,1882,,0.2,,,,CELSIUS,Degré Celsius (°C),SE,Standard error,0.1,,N,National,,
DATAFLOW,SPC:DF_CLIMATE_CHANGE(1.0),Indicateurs du changement climatique,I,A,Annuel,ST_ANOM,Anomalies des températures de surface,SB,Îles Salomon,1883,,-0.4,,,,CELSIUS,Degré Celsius (°C),SE,Standard error,0.1,,N,National,,
DATAFLOW,SPC:DF_CLIMATE_CHANGE(1.0),Indicateurs du changement climatique,I,A,Annuel,ST_ANOM,Anomalies des températures de surface,SB,Îles Salomon,1884,,-0.6,,,,CELSIUS,Degré Celsius (°C),SE,Standard error,0.1,,N,National,,
DATAFLOW,SPC:DF_CLIMATE_CHANGE(1.0),Indicateurs du changement climatique,I,A,Annuel,ST_ANOM,Anomalies des températures de surface,SB,Îles Salomon,1885,,-1.0,,,,CELSIUS,Degré Celsius (°C),SE,Standard error,0.1,,N,National,,
DATAFLOW,SPC:DF_CLIMATE_CHANGE(1.0),Indicateurs du changement climatique,I,A,Annuel,ST_ANOM,Anomalies des températures de surface,SB,Îles Salomon,1886,,-0.7,,,,CELSIUS,Degré Celsius (°C),SE,Standard error,0.1,,N,National,,
DATAFLOW,SPC:DF_CLIMATE_CHANGE(1.0),Indicateurs du changement climatique,I,A,Annuel,ST_ANOM,Anomalies des températures de surface,SB,Îles Salomon,1887,,-0.1,,,,CELSIUS,Degré Celsius (°C),SE,Standard error,0.1,,N,National,,
DATAFLOW,SPC:DF_CLIMATE_CHANGE(1.0),Indicateurs du changement climatique,I,A,Annuel,ST_ANOM,Anomalies des températures de surface,SB,Îles Salomon,1888,,-0.4,,,,CELSIUS,Degré Celsius (°C),SE,Standard error,0.2,,N,National,,
DATAFLOW,SPC:DF_CLIMATE_CHANGE(1.0),Indicateurs du changement climatique,I,A,Annuel,ST_ANOM,Anomalies des températures de surface,SB,Îles Salomon,1889,,-0.3,,,,CELSIUS,Degré Celsius (°C),SE,Standard error,0.1,,N,National,,
DATAFLOW,SPC:DF_CLIMATE_CHANGE(1.0),Indicateurs du changement climatique,I,A,Annuel,ST_ANOM,Anomalies des températures de surface,SB,Îles Salomon,1890,,0.0,,,,CELSIUS,Degré Celsius (°C),SE,Standard error,0.1,,N,National,,
DATAFLOW,SPC:DF_CLIMATE_CHANGE(1.0),Indicateurs du changement climatique,I,A,Annuel,ST_ANOM,Anomalies des températures de surface,SB,Îles Salomon,1891,,0.1,,,,CELSIUS,Degré Celsius (°C),SE,Standard error,0.2,,N,National,,
DATAFLOW,SPC:DF_CLIMATE_CHANGE(1.0),Indicateurs du changement climatique,I,A,Annuel,ST_ANOM,Anomalies des températures de surface,SB,Îles Salomon,1892,,0.0,,,,CELSIUS,Degré Celsius (°C),SE,Standard error,0.1,,N,National,,
DATAFLOW,SPC:DF_CLIMATE_CHANGE(1.0),Indicateurs du changement climatique,I,A,Annuel,ST_ANOM,Anomalies des températures de surface,SB,Îles Salomon,1893,,-0.1,,,,CELSIUS,Degré Celsius (°C),SE,Standard error,0.0,,N,National,,
DATAFLOW,SPC:DF_CLIMATE_CHANGE(1.0),Indicateurs du changement climatique,I,A,Annuel,ST_ANOM,Anomalies des températures de surface,SB,Îles Salomon,1894,,-0.4,,,,CELSIUS,Degré Celsius (°C),SE,Standard error,0.1,,N,National,,
DATAFLOW,SPC:DF_CLIMATE_CHANGE(1.0),Indicateurs du changement climatique,I,A,Annuel,ST_ANOM,Anomalies des températures de surface,SB,Îles Salomon,1895,,-0.3,,,,CELSIUS,Degré Celsius (°C),SE,Standard error,0.1,,N,National,,
DATAFLOW,SPC:DF_CLIMATE_CHANGE(1.0),Indicateurs du changement climatique,I,A,Annuel,ST_ANOM,Anomalies des températures de surface,SB,Îles Salomon,1896,,-0.3,,,,CELSIUS,Degré Celsius (°C),SE,Standard error,0.0,,N,National,,
DATAFLOW,SPC:DF_CLIMATE_CHANGE(1.0),Indicateurs du changement climatique,I,A,Annuel,ST_ANOM,Anomalies des températures de surface,SB,Îles Salomon,1897,,0.0,,,,CELSIUS,Degré Celsius (°C),SE,Standard error,0.1,,N,National,,
DATAFLOW,SPC:DF_CLIMATE_CHANGE(1.0),Indicateurs du changement climatique,I,A,Annuel,ST_ANOM,Anomalies des températures de surface,SB,Îles Salomon,1898,,-0.3,,,,CELSIUS,Degré Celsius (°C),SE,Standard error,0.1,,N,National,,
DATAFLOW,SPC:DF_CLIMATE_CHANGE(1.0),Indicateurs du changement climatique,I,A,Annuel,ST_ANOM,Anomalies des températures de surface,SB,Îles Salomon,1899,,-0.3,,,,CELSIUS,Degré Celsius (°C),SE,Standard error,0.1,,N,National,,
DATAFLOW,SPC:DF_CLIMATE_CHANGE(1.0),Indicateurs du changement climatique,I,A,Annuel,ST_ANOM,Anomalies des températures de surface,SB,Îles Salomon,1900,,-0.1,,,,CELSIUS,Degré Celsius (°C),SE,Standard error,0.2,,N,National,,
DATAFLOW,SPC:DF_CLIMATE_CHANGE(1.0),Indicateurs du changement climatique,I,A,Annuel,ST_ANOM,Anomalies des températures de surface,SB,Îles Salomon,1901,,-0.4,,,,CELSIUS,Degré Celsius (°C),SE,Standard error,0.1,,N,National,,
DATAFLOW,SPC:DF_CLIMATE_CHANGE(1.0),Indicateurs du changement climatique,I,A,Annuel,ST_ANOM,Anomalies des températures de surface,SB,Îles Salomon,1902,,-1.0,,,,CELSIUS,Degré Celsius (°C),SE,Standard error,0.2,,N,National,,
DATAFLOW,SPC:DF_CLIMATE_CHANGE(1.0),Indicateurs du changement climatique,I,A,Annuel,ST_ANOM,Anomalies des températures de surface,SB,Îles Salomon,1903,,-0.9,,,,CELSIUS,Degré Celsius (°C),SE,Standard error,0.1,,N,National,,
DATAFLOW,SPC:DF_CLIMATE_CHANGE(1.0),Indicateurs du changement climatique,I,A,Annuel,ST_ANOM,Anomalies des températures de surface,SB,Îles Salomon,1904,,-0.7,,,,CELSIUS,Degré Celsius (°C),SE,Standard error,0.1,,N,National,,
DATAFLOW,SPC:DF_CLIMATE_CHANGE(1.0),Indicateurs du changement climatique,I,A,Annuel,ST_ANOM,Anomalies des températures de surface,SB,Îles Salomon,1905,,-0.9,,,,CELSIUS,Degré Celsius (°C),SE,Standard error,0.1,,N,National,,
DATAFLOW,SPC:DF_CLIMATE_CHANGE(1.0),Indicateurs du changement climatique,I,A,Annuel,ST_ANOM,Anomalies des températures de surface,SB,Îles Salomon,1906,,-0.7,,,,CELSIUS,Degré Celsius (°C),SE,Standard error,0.1,,N,National,,
DATAFLOW,SPC:DF_CLIMATE_CHANGE(1.0),Indicateurs du changement climatique,I,A,Annuel,ST_ANOM,Anomalies des températures de surface,SB,Îles Salomon,1907,,-0.2,,,,CELSIUS,Degré Celsius (°C),SE,Standard error,0.1,,N,National,,
DATAFLOW,SPC:DF_CLIMATE_CHANGE(1.0),Indicateurs du changement climatique,I,A,Annuel,ST_ANOM,Anomalies des températures de surface,SB,Îles Salomon,1908,,-0.3,,,,CELSIUS,Degré Celsius (°C),SE,Standard error,0.1,,N,National,,
DATAFLOW,SPC:DF_CLIMATE_CHANGE(1.0),Indicateurs du changement climatique,I,A,Annuel,ST_ANOM,Anomalies des températures de surface,SB,Îles Salomon,1909,,-0.4,,,,CELSIUS,Degré Celsius (°C),SE,Standard error,0.1,,N,National,,
DATAFLOW,SPC:DF_CLIMATE_CHANGE(1.0),Indicateurs du changement climatique,I,A,Annuel,ST_ANOM,Anomalies des températures de surface,SB,Îles Salomon,1910,,-0.3,,,,CELSIUS,Degré Celsius (°C),SE,Standard error,0.1,,N,National,,
DATAFLOW,SPC:DF_CLIMATE_CHANGE(1.0),Indicateurs du changement climatique,I,A,Annuel,ST_ANOM,Anomalies des températures de surface,SB,Îles Salomon,1911,,-0.8,,,,CELSIUS,Degré Celsius (°C),SE,Standard error,0.1,,N,National,,
DATAFLOW,SPC:DF_CLIMATE_CHANGE(1.0),Indicateurs du changement climatique,I,A,Annuel,ST_ANOM,Anomalies des températures de surface,SB,Îles Salomon,1912,,-0.7,,,,CELSIUS,Degré Celsius (°C),SE,Standard error,0.1,,N,National,,
DATAFLOW,SPC:DF_CLIMATE_CHANGE(1.0),Indicateurs du changement climatique,I,A,Annuel,ST_ANOM,Anomalies des températures de surface,SB,Îles Salomon,1913,,-0.7,,,,CELSIUS,Degré Celsius (°C),SE,Standard error,0.1,,N,National,,
DATAFLOW,SPC:DF_CLIMATE_CHANGE(1.0),Indicateurs du changement climatique,I,A,Annuel,ST_ANOM,Anomalies des températures de surface,SB,Îles Salomon,1914,,-0.8,,,,CELSIUS,Degré Celsius (°C),SE,Standard error,0.1,,N,National,,
DATAFLOW,SPC:DF_CLIMATE_CHANGE(1.0),Indicateurs du changement climatique,I,A,Annuel,ST_ANOM,Anomalies des températures de surface,SB,Îles Salomon,1915,,-0.5,,,,CELSIUS,Degré Celsius (°C),SE,Standard error,0.2,,N,National,,
DATAFLOW,SPC:DF_CLIMATE_CHANGE(1.0),Indicateurs du changement climatique,I,A,Annuel,ST_ANOM,Anomalies des températures de surface,SB,Îles Salomon,1916,,-0.3,,,,CELSIUS,Degré Celsius (°C),SE,Standard error,0.1,,N,National,,
DATAFLOW,SPC:DF_CLIMATE_CHANGE(1.0),Indicateurs du changement climatique,I,A,Annuel,ST_ANOM,Anomalies des températures de surface,SB,Îles Salomon,1917,,-0.9,,,,CELSIUS,Degré Celsius (°C),SE,Standard error,0.1,,N,National,,
DATAFLOW,SPC:DF_CLIMATE_CHANGE(1.0),Indicateurs du changement climatique,I,A,Annuel,ST_ANOM,Anomalies des températures de surface,SB,Îles Salomon,1918,,-0.9,,,,CELSIUS,Degré Celsius (°C),SE,Standard error,0.1,,N,National,,
DATAFLOW,SPC:DF_CLIMATE_CHANGE(1.0),Indicateurs du changement climatique,I,A,Annuel,ST_ANOM,Anomalies des températures de surface,SB,Îles Salomon,1919,,-1.4,,,,CELSIUS,Degré Celsius (°C),SE,Standard error,0.2,,N,National,,
DATAFLOW,SPC:DF_CLIMATE_CHANGE(1.0),Indicateurs du changement climatique,I,A,Annuel,ST_ANOM,Anomalies des températures de surface,SB,Îles Salomon,1920,,-0.9,,,,CELSIUS,Degré Celsius (°C),SE,Standard error,0.1,,N,National,,
DATAFLOW,SPC:DF_CLIMATE_CHANGE(1.0),Indicateurs du changement climatique,I,A,Annuel,ST_ANOM,Anomalies des températures de surface,SB,Îles Salomon,1921,,-0.2,,,,CELSIUS,Degré Celsius (°C),SE,Standard error,0.1,,N,National,,
DATAFLOW,SPC:DF_CLIMATE_CHANGE(1.0),Indicateurs du changement climatique,I,A,Annuel,ST_ANOM,Anomalies des températures de surface,SB,Îles Salomon,1922,,-0.1,,,,CELSIUS,Degré Celsius (°C),SE,Standard error,0.1,,N,National,,
DATAFLOW,SPC:DF_CLIMATE_CHANGE(1.0),Indicateurs du changement climatique,I,A,Annuel,ST_ANOM,Anomalies des températures de surface,SB,Îles Salomon,1923,,-0.5,,,,CELSIUS,Degré Celsius (°C),SE,Standard error,0.1,,N,National,,
DATAFLOW,SPC:DF_CLIMATE_CHANGE(1.0),Indicateurs du changement climatique,I,A,Annuel,ST_ANOM,Anomalies des températures de surface,SB,Îles Salomon,1924,,-0.3,,,,CELSIUS,Degré Celsius (°C),SE,Standard error,0.2,,N,National,,
DATAFLOW,SPC:DF_CLIMATE_CHANGE(1.0),Indicateurs du changement climatique,I,A,Annuel,ST_ANOM,Anomalies des températures de surface,SB,Îles Salomon,1925,,-0.5,,,,CELSIUS,Degré Celsius (°C),SE,Standard error,0.1,,N,National,,
DATAFLOW,SPC:DF_CLIMATE_CHANGE(1.0),Indicateurs du changement climatique,I,A,Annuel,ST_ANOM,Anomalies des températures de surface,SB,Îles Salomon,1926,,-0.6,,,,CELSIUS,Degré Celsius (°C),SE,Standard error,0.1,,N,National,,
DATAFLOW,SPC:DF_CLIMATE_CHANGE(1.0),Indicateurs du changement climatique,I,A,Annuel,ST_ANOM,Anomalies des températures de surface,SB,Îles Salomon,1927,,-0.5,,,,CELSIUS,Degré Celsius (°C),SE,Standard error,0.1,,N,National,,
DATAFLOW,SPC:DF_CLIMATE_CHANGE(1.0),Indicateurs du changement climatique,I,A,Annuel,ST_ANOM,Anomalies des températures de surface,SB,Îles Salomon,1928,,-0.4,,,,CELSIUS,Degré Celsius (°C),SE,Standard error,0.1,,N,National,,
DATAFLOW,SPC:DF_CLIMATE_CHANGE(1.0),Indicateurs du changement climatique,I,A,Annuel,ST_ANOM,Anomalies des températures de surface,SB,Îles Salomon,1929,,-0.4,,,,CELSIUS,Degré Celsius (°C),SE,Standard error,0.1,,N,National,,
DATAFLOW,SPC:DF_CLIMATE_CHANGE(1.0),Indicateurs du changement climatique,I,A,Annuel,ST_ANOM,Anomalies des températures de surface,SB,Îles Salomon,1930,,-0.6,,,,CELSIUS,Degré Celsius (°C),SE,Standard error,0.1,,N,National,,
DATAFLOW,SPC:DF_CLIMATE_CHANGE(1.0),Indicateurs du changement climatique,I,A,Annuel,ST_ANOM,Anomalies des températures de surface,SB,Îles Salomon,1931,,-0.4,,,,CELSIUS,Degré Celsius (°C),SE,Standard error,0.1,,N,National,,
DATAFLOW,SPC:DF_CLIMATE_CHANGE(1.0),Indicateurs du changement climatique,I,A,Annuel,ST_ANOM,Anomalies des températures de surface,SB,Îles Salomon,1932,,-0.5,,,,CELSIUS,Degré Celsius (°C),SE,Standard error,0.1,,N,National,,
DATAFLOW,SPC:DF_CLIMATE_CHANGE(1.0),Indicateurs du changement climatique,I,A,Annuel,ST_ANOM,Anomalies des températures de surface,SB,Îles Salomon,1933,,-0.4,,,,CELSIUS,Degré Celsius (°C),SE,Standard error,0.0,,N,National,,
DATAFLOW,SPC:DF_CLIMATE_CHANGE(1.0),Indicateurs du changement climatique,I,A,Annuel,ST_ANOM,Anomalies des températures de surface,SB,Îles Salomon,1934,,-0.4,,,,CELSIUS,Degré Celsius (°C),SE,Standard error,0.0,,N,National,,
DATAFLOW,SPC:DF_CLIMATE_CHANGE(1.0),Indicateurs du changement climatique,I,A,Annuel,ST_ANOM,Anomalies des températures de surface,SB,Îles Salomon,1935,,-0.4,,,,CELSIUS,Degré Celsius (°C),SE,Standard error,0.0,,N,National,,
DATAFLOW,SPC:DF_CLIMATE_CHANGE(1.0),Indicateurs du changement climatique,I,A,Annuel,ST_ANOM,Anomalies des températures de surface,SB,Îles Salomon,1936,,-0.3,,,,CELSIUS,Degré Celsius (°C),SE,Standard error,0.1,,N,National,,
DATAFLOW,SPC:DF_CLIMATE_CHANGE(1.0),Indicateurs du changement climatique,I,A,Annuel,ST_ANOM,Anomalies des températures de surface,SB,Îles Salomon,1937,,-0.3,,,,CELSIUS,Degré Celsius (°C),SE,Standard error,0.1,,N,National,,
DATAFLOW,SPC:DF_CLIMATE_CHANGE(1.0),Indicateurs du changement climatique,I,A,Annuel,ST_ANOM,Anomalies des températures de surface,SB,Îles Salomon,1938,,-0.2,,,,CELSIUS,Degré Celsius (°C),SE,Standard error,0.1,,N,National,,
DATAFLOW,SPC:DF_CLIMATE_CHANGE(1.0),Indicateurs du changement climatique,I,A,Annuel,ST_ANOM,Anomalies des températures de surface,SB,Îles Salomon,1939,,-0.4,,,,CELSIUS,Degré Celsius (°C),SE,Standard error,0.1,,N,National,,
DATAFLOW,SPC:DF_CLIMATE_CHANGE(1.0),Indicateurs du changement climatique,I,A,Annuel,ST_ANOM,Anomalies des températures de surface,SB,Îles Salomon,1940,,-0.6,,,,CELSIUS,Degré Celsius (°C),SE,Standard error,0.1,,N,National,,
DATAFLOW,SPC:DF_CLIMATE_CHANGE(1.0),Indicateurs du changement climatique,I,A,Annuel,ST_ANOM,Anomalies des températures de surface,SB,Îles Salomon,1941,,-0.6,,,,CELSIUS,Degré Celsius (°C),SE,Standard error,0.1,,N,National,,
DATAFLOW,SPC:DF_CLIMATE_CHANGE(1.0),Indicateurs du changement climatique,I,A,Annuel,ST_ANOM,Anomalies des températures de surface,SB,Îles Salomon,1942,,-0.2,,,,CELSIUS,Degré Celsius (°C),SE,Standard error,0.1,,N,National,,
DATAFLOW,SPC:DF_CLIMATE_CHANGE(1.0),Indicateurs du changement climatique,I,A,Annuel,ST_ANOM,Anomalies des températures de surface,SB,Îles Salomon,1943,,0.6,,,,CELSIUS,Degré Celsius (°C),SE,Standard error,0.1,,N,National,,
DATAFLOW,SPC:DF_CLIMATE_CHANGE(1.0),Indicateurs du changement climatique,I,A,Annuel,ST_ANOM,Anomalies des températures de surface,SB,Îles Salomon,1944,,0.3,,,,CELSIUS,Degré Celsius (°C),SE,Standard error,0.1,,N,National,,
DATAFLOW,SPC:DF_CLIMATE_CHANGE(1.0),Indicateurs du changement climatique,I,A,Annuel,ST_ANOM,Anomalies des températures de surface,SB,Îles Salomon,1945,,0.3,,,,CELSIUS,Degré Celsius (°C),SE,Standard error,0.1,,N,National,,
DATAFLOW,SPC:DF_CLIMATE_CHANGE(1.0),Indicateurs du changement climatique,I,A,Annuel,ST_ANOM,Anomalies des températures de surface,SB,Îles Salomon,1946,,-0.2,,,,CELSIUS,Degré Celsius (°C),SE,Standard error,0.2,,N,National,,
DATAFLOW,SPC:DF_CLIMATE_CHANGE(1.0),Indicateurs du changement climatique,I,A,Annuel,ST_ANOM,Anomalies des températures de surface,SB,Îles Salomon,1947,,-0.3,,,,CELSIUS,Degré Celsius (°C),SE,Standard error,0.1,,N,National,,
DATAFLOW,SPC:DF_CLIMATE_CHANGE(1.0),Indicateurs du changement climatique,I,A,Annuel,ST_ANOM,Anomalies des températures de surface,SB,Îles Salomon,1948,,-0.4,,,,CELSIUS,Degré Celsius (°C),SE,Standard error,0.1,,N,National,,
DATAFLOW,SPC:DF_CLIMATE_CHANGE(1.0),Indicateurs du changement climatique,I,A,Annuel,ST_ANOM,Anomalies des températures de surface,SB,Îles Salomon,1949,,-0.7,,,,CELSIUS,Degré Celsius (°C),SE,Standard error,0.1,,N,National,,
DATAFLOW,SPC:DF_CLIMATE_CHANGE(1.0),Indicateurs du changement climatique,I,A,Annuel,ST_ANOM,Anomalies des températures de surface,SB,Îles Salomon,1950,,-0.3,,,,CELSIUS,Degré Celsius (°C),SE,Standard error,0.2,,N,National,,
DATAFLOW,SPC:DF_CLIMATE_CHANGE(1.0),Indicateurs du changement climatique,I,A,Annuel,ST_ANOM,Anomalies des températures de surface,SB,Îles Salomon,1951,,-0.4,,,,CELSIUS,Degré Celsius (°C),SE,Standard error,0.1,,N,National,,
DATAFLOW,SPC:DF_CLIMATE_CHANGE(1.0),Indicateurs du changement climatique,I,A,Annuel,ST_ANOM,Anomalies des températures de surface,SB,Îles Salomon,1952,,-0.4,,,,CELSIUS,Degré Celsius (°C),SE,Standard error,0.1,,N,National,,
DATAFLOW,SPC:DF_CLIMATE_CHANGE(1.0),Indicateurs du changement climatique,I,A,Annuel,ST_ANOM,Anomalies des températures de surface,SB,Îles Salomon,1953,,-0.5,,,,CELSIUS,Degré Celsius (°C),SE,Standard error,0.0,,N,National,,
DATAFLOW,SPC:DF_CLIMATE_CHANGE(1.0),Indicateurs du changement climatique,I,A,Annuel,ST_ANOM,Anomalies des températures de surface,SB,Îles Salomon,1954,,-0.4,,,,CELSIUS,Degré Celsius (°C),SE,Standard error,0.1,,N,National,,
DATAFLOW,SPC:DF_CLIMATE_CHANGE(1.0),Indicateurs du changement climatique,I,A,Annuel,ST_ANOM,Anomalies des températures de surface,SB,Îles Salomon,1955,,-0.4,,,,CELSIUS,Degré Celsius (°C),SE,Standard error,0.1,,N,National,,
DATAFLOW,SPC:DF_CLIMATE_CHANGE(1.0),Indicateurs du changement climatique,I,A,Annuel,ST_ANOM,Anomalies des températures de surface,SB,Îles Salomon,1956,,-0.1,,,,CELSIUS,Degré Celsius (°C),SE,Standard error,0.1,,N,National,,
DATAFLOW,SPC:DF_CLIMATE_CHANGE(1.0),Indicateurs du changement climatique,I,A,Annuel,ST_ANOM,Anomalies des températures de surface,SB,Îles Salomon,1957,,-0.5,,,,CELSIUS,Degré Celsius (°C),SE,Standard error,0.1,,N,National,,
DATAFLOW,SPC:DF_CLIMATE_CHANGE(1.0),Indicateurs du changement climatique,I,A,Annuel,ST_ANOM,Anomalies des températures de surface,SB,Îles Salomon,1958,,-0.5,,,,CELSIUS,Degré Celsius (°C),SE,Standard error,0.1,,N,National,,
DATAFLOW,SPC:DF_CLIMATE_CHANGE(1.0),Indicateurs du changement climatique,I,A,Annuel,ST_ANOM,Anomalies des températures de surface,SB,Îles Salomon,1959,,-0.5,,,,CELSIUS,Degré Celsius (°C),SE,Standard error,0.1,,N,National,,
DATAFLOW,SPC:DF_CLIMATE_CHANGE(1.0),Indicateurs du changement climatique,I,A,Annuel,ST_ANOM,Anomalies des températures de surface,SB,Îles Salomon,1960,,-0.3,,,,CELSIUS,Degré Celsius (°C),SE,Standard error,0.1,,N,National,,
DATAFLOW,SPC:DF_CLIMATE_CHANGE(1.0),Indicateurs du changement climatique,I,A,Annuel,ST_ANOM,Anomalies des températures de surface,SB,Îles Salomon,1961,,-0.3,,,,CELSIUS,Degré Celsius (°C),SE,Standard error,0.0,,N,National,,
DATAFLOW,SPC:DF_CLIMATE_CHANGE(1.0),Indicateurs du changement climatique,I,A,Annuel,ST_ANOM,Anomalies des températures de surface,SB,Îles Salomon,1962,,0.0,,,,CELSIUS,Degré Celsius (°C),SE,Standard error,0.0,,N,National,,
DATAFLOW,SPC:DF_CLIMATE_CHANGE(1.0),Indicateurs du changement climatique,I,A,Annuel,ST_ANOM,Anomalies des températures de surface,SB,Îles Salomon,1963,,-0.1,,,,CELSIUS,Degré Celsius (°C),SE,Standard error,0.1,,N,National,,
DATAFLOW,SPC:DF_CLIMATE_CHANGE(1.0),Indicateurs du changement climatique,I,A,Annuel,ST_ANOM,Anomalies des températures de surface,SB,Îles Salomon,1964,,-0.3,,,,CELSIUS,Degré Celsius (°C),SE,Standard error,0.1,,N,National,,
DATAFLOW,SPC:DF_CLIMATE_CHANGE(1.0),Indicateurs du changement climatique,I,A,Annuel,ST_ANOM,Anomalies des températures de surface,SB,Îles Salomon,1965,,-0.9,,,,CELSIUS,Degré Celsius (°C),SE,Standard error,0.1,,N,National,,
DATAFLOW,SPC:DF_CLIMATE_CHANGE(1.0),Indicateurs du changement climatique,I,A,Annuel,ST_ANOM,Anomalies des températures de surface,SB,Îles Salomon,1966,,-0.6,,,,CELSIUS,Degré Celsius (°C),SE,Standard error,0.0,,N,National,,
DATAFLOW,SPC:DF_CLIMATE_CHANGE(1.0),Indicateurs du changement climatique,I,A,Annuel,ST_ANOM,Anomalies des températures de surface,SB,Îles Salomon,1967,,-0.3,,,,CELSIUS,Degré Celsius (°C),SE,Standard error,0.1,,N,National,,
DATAFLOW,SPC:DF_CLIMATE_CHANGE(1.0),Indicateurs du changement climatique,I,A,Annuel,ST_ANOM,Anomalies des températures de surface,SB,Îles Salomon,1968,,-0.1,,,,CELSIUS,Degré Celsius (°C),SE,Standard error,0.1,,N,National,,
DATAFLOW,SPC:DF_CLIMATE_CHANGE(1.0),Indicateurs du changement climatique,I,A,Annuel,ST_ANOM,Anomalies des températures de surface,SB,Îles Salomon,1969,,0.1,,,,CELSIUS,Degré Celsius (°C),SE,Standard error,0.0,,N,National,,
DATAFLOW,SPC:DF_CLIMATE_CHANGE(1.0),Indicateurs du changement climatique,I,A,Annuel,ST_ANOM,Anomalies des températures de surface,SB,Îles Salomon,1970,,0.1,,,,CELSIUS,Degré Celsius (°C),SE,Standard error,0.0,,N,National,,
DATAFLOW,SPC:DF_CLIMATE_CHANGE(1.0),Indicateurs du changement climatique,I,A,Annuel,ST_ANOM,Anomalies des températures de surface,SB,Îles Salomon,1971,,-0.1,,,,CELSIUS,Degré Celsius (°C),SE,Standard error,0.0,,N,National,,
DATAFLOW,SPC:DF_CLIMATE_CHANGE(1.0),Indicateurs du changement climatique,I,A,Annuel,ST_ANOM,Anomalies des températures de surface,SB,Îles Salomon,1972,,-0.5,,,,CELSIUS,Degré Celsius (°C),SE,Standard error,0.1,,N,National,,
DATAFLOW,SPC:DF_CLIMATE_CHANGE(1.0),Indicateurs du changement climatique,I,A,Annuel,ST_ANOM,Anomalies des températures de surface,SB,Îles Salomon,1973,,0.0,,,,CELSIUS,Degré Celsius (°C),SE,Standard error,0.0,,N,National,,
DATAFLOW,SPC:DF_CLIMATE_CHANGE(1.0),Indicateurs du changement climatique,I,A,Annuel,ST_ANOM,Anomalies des températures de surface,SB,Îles Salomon,1974,,0.0,,,,CELSIUS,Degré Celsius (°C),SE,Standard error,0.1,,N,National,,
DATAFLOW,SPC:DF_CLIMATE_CHANGE(1.0),Indicateurs du changement climatique,I,A,Annuel,ST_ANOM,Anomalies des températures de surface,SB,Îles Salomon,1975,,-0.2,,,,CELSIUS,Degré Celsius (°C),SE,Standard error,0.1,,N,National,,
DATAFLOW,SPC:DF_CLIMATE_CHANGE(1.0),Indicateurs du changement climatique,I,A,Annuel,ST_ANOM,Anomalies des températures de surface,SB,Îles Salomon,1976,,-0.3,,,,CELSIUS,Degré Celsius (°C),SE,Standard error,0.0,,N,National,,
DATAFLOW,SPC:DF_CLIMATE_CHANGE(1.0),Indicateurs du changement climatique,I,A,Annuel,ST_ANOM,Anomalies des températures de surface,SB,Îles Salomon,1977,,-0.2,,,,CELSIUS,Degré Celsius (°C),SE,Standard error,0.1,,N,National,,
DATAFLOW,SPC:DF_CLIMATE_CHANGE(1.0),Indicateurs du changement climatique,I,A,Annuel,ST_ANOM,Anomalies des températures de surface,SB,Îles Salomon,1978,,-0.1,,,,CELSIUS,Degré Celsius (°C),SE,Standard error,0.1,,N,National,,
DATAFLOW,SPC:DF_CLIMATE_CHANGE(1.0),Indicateurs du changement climatique,I,A,Annuel,ST_ANOM,Anomalies des températures de surface,SB,Îles Salomon,1979,,-0.1,,,,CELSIUS,Degré Celsius (°C),SE,Standard error,0.0,,N,National,,
DATAFLOW,SPC:DF_CLIMATE_CHANGE(1.0),Indicateurs du changement climatique,I,A,Annuel,ST_ANOM,Anomalies des températures de surface,SB,Îles Salomon,1980,,-0.1,,,,CELSIUS,Degré Celsius (°C),SE,Standard error,0.1,,N,National,,
DATAFLOW,SPC:DF_CLIMATE_CHANGE(1.0),Indicateurs du changement climatique,I,A,Annuel,ST_ANOM,Anomalies des températures de surface,SB,Îles Salomon,1981,,0.1,,,,CELSIUS,Degré Celsius (°C),SE,Standard error,0.0,,N,National,,
DATAFLOW,SPC:DF_CLIMATE_CHANGE(1.0),Indicateurs du changement climatique,I,A,Annuel,ST_ANOM,Anomalies des températures de surface,SB,Îles Salomon,1982,,-0.3,,,,CELSIUS,Degré Celsius (°C),SE,Standard error,0.1,,N,National,,
DATAFLOW,SPC:DF_CLIMATE_CHANGE(1.0),Indicateurs du changement climatique,I,A,Annuel,ST_ANOM,Anomalies des températures de surface,SB,Îles Salomon,1983,,-0.3,,,,CELSIUS,Degré Celsius (°C),SE,Standard error,0.1,,N,National,,
DATAFLOW,SPC:DF_CLIMATE_CHANGE(1.0),Indicateurs du changement climatique,I,A,Annuel,ST_ANOM,Anomalies des températures de surface,SB,Îles Salomon,1984,,0.0,,,,CELSIUS,Degré Celsius (°C),SE,Standard error,0.1,,N,National,,
DATAFLOW,SPC:DF_CLIMATE_CHANGE(1.0),Indicateurs du changement climatique,I,A,Annuel,ST_ANOM,Anomalies des températures de surface,SB,Îles Salomon,1985,,0.1,,,,CELSIUS,Degré Celsius (°C),SE,Standard error,0.1,,N,National,,
DATAFLOW,SPC:DF_CLIMATE_CHANGE(1.0),Indicateurs du changement climatique,I,A,Annuel,ST_ANOM,Anomalies des températures de surface,SB,Îles Salomon,1986,,-0.1,,,,CELSIUS,Degré Celsius (°C),SE,Standard error,0.1,,N,National,,
DATAFLOW,SPC:DF_CLIMATE_CHANGE(1.0),Indicateurs du changement climatique,I,A,Annuel,ST_ANOM,Anomalies des températures de surface,SB,Îles Salomon,1987,,-0.3,,,,CELSIUS,Degré Celsius (°C),SE,Standard error,0.1,,N,National,,
DATAFLOW,SPC:DF_CLIMATE_CHANGE(1.0),Indicateurs du changement climatique,I,A,Annuel,ST_ANOM,Anomalies des températures de surface,SB,Îles Salomon,1988,,0.2,,,,CELSIUS,Degré Celsius (°C),SE,Standard error,0.0,,N,National,,
DATAFLOW,SPC:DF_CLIMATE_CHANGE(1.0),Indicateurs du changement climatique,I,A,Annuel,ST_ANOM,Anomalies des températures de surface,SB,Îles Salomon,1989,,0.2,,,,CELSIUS,Degré Celsius (°C),SE,Standard error,0.1,,N,National,,
DATAFLOW,SPC:DF_CLIMATE_CHANGE(1.0),Indicateurs du changement climatique,I,A,Annuel,ST_ANOM,Anomalies des températures de surface,SB,Îles Salomon,1990,,0.1,,,,CELSIUS,Degré Celsius (°C),SE,Standard error,0.0,,N,National,,
DATAFLOW,SPC:DF_CLIMATE_CHANGE(1.0),Indicateurs du changement climatique,I,A,Annuel,ST_ANOM,Anomalies des températures de surface,SB,Îles Salomon,1991,,0.1,,,,CELSIUS,Degré Celsius (°C),SE,Standard error,0.1,,N,National,,
DATAFLOW,SPC:DF_CLIMATE_CHANGE(1.0),Indicateurs du changement climatique,I,A,Annuel,ST_ANOM,Anomalies des températures de surface,SB,Îles Salomon,1992,,-0.4,,,,CELSIUS,Degré Celsius (°C),SE,Standard error,0.0,,N,National,,
DATAFLOW,SPC:DF_CLIMATE_CHANGE(1.0),Indicateurs du changement climatique,I,A,Annuel,ST_ANOM,Anomalies des températures de surface,SB,Îles Salomon,1993,,-0.7,,,,CELSIUS,Degré Celsius (°C),SE,Standard error,0.1,,N,National,,
DATAFLOW,SPC:DF_CLIMATE_CHANGE(1.0),Indicateurs du changement climatique,I,A,Annuel,ST_ANOM,Anomalies des températures de surface,SB,Îles Salomon,1994,,-0.2,,,,CELSIUS,Degré Celsius (°C),SE,Standard error,0.1,,N,National,,
DATAFLOW,SPC:DF_CLIMATE_CHANGE(1.0),Indicateurs du changement climatique,I,A,Annuel,ST_ANOM,Anomalies des températures de surface,SB,Îles Salomon,1995,,0.4,,,,CELSIUS,Degré Celsius (°C),SE,Standard error,0.0,,N,National,,
DATAFLOW,SPC:DF_CLIMATE_CHANGE(1.0),Indicateurs du changement climatique,I,A,Annuel,ST_ANOM,Anomalies des températures de surface,SB,Îles Salomon,1996,,0.4,,,,CELSIUS,Degré Celsius (°C),SE,Standard error,0.1,,N,National,,
DATAFLOW,SPC:DF_CLIMATE_CHANGE(1.0),Indicateurs du changement climatique,I,A,Annuel,ST_ANOM,Anomalies des températures de surface,SB,Îles Salomon,1997,,-0.2,,,,CELSIUS,Degré Celsius (°C),SE,Standard error,0.1,,N,National,,
DATAFLOW,SPC:DF_CLIMATE_CHANGE(1.0),Indicateurs du changement climatique,I,A,Annuel,ST_ANOM,Anomalies des températures de surface,SB,Îles Salomon,1998,,0.3,,,,CELSIUS,Degré Celsius (°C),SE,Standard error,0.1,,N,National,,
DATAFLOW,SPC:DF_CLIMATE_CHANGE(1.0),Indicateurs du changement climatique,I,A,Annuel,ST_ANOM,Anomalies des températures de surface,SB,Îles Salomon,1999,,0.3,,,,CELSIUS,Degré Celsius (°C),SE,Standard error,0.1,,N,National,,
DATAFLOW,SPC:DF_CLIMATE_CHANGE(1.0),Indicateurs du changement climatique,I,A,Annuel,ST_ANOM,Anomalies des températures de surface,SB,Îles Salomon,2000,,0.4,,,,CELSIUS,Degré Celsius (°C),SE,Standard error,0.1,,N,National,,
DATAFLOW,SPC:DF_CLIMATE_CHANGE(1.0),Indicateurs du changement climatique,I,A,Annuel,ST_ANOM,Anomalies des températures de surface,SB,Îles Salomon,2001,,0.4,,,,CELSIUS,Degré Celsius (°C),SE,Standard error,0.0,,N,National,,
DATAFLOW,SPC:DF_CLIMATE_CHANGE(1.0),Indicateurs du changement climatique,I,A,Annuel,ST_ANOM,Anomalies des températures de surface,SB,Îles Salomon,2002,,0.3,,,,CELSIUS,Degré Celsius (°C),SE,Standard error,0.1,,N,National,,
DATAFLOW,SPC:DF_CLIMATE_CHANGE(1.0),Indicateurs du changement climatique,I,A,Annuel,ST_ANOM,Anomalies des températures de surface,SB,Îles Salomon,2003,,0.5,,,,CELSIUS,Degré Celsius (°C),SE,Standard error,0.1,,N,National,,
DATAFLOW,SPC:DF_CLIMATE_CHANGE(1.0),Indicateurs du changement climatique,I,A,Annuel,ST_ANOM,Anomalies des températures de surface,SB,Îles Salomon,2004,,0.3,,,,CELSIUS,Degré Celsius (°C),SE,Standard error,0.1,,N,National,,
DATAFLOW,SPC:DF_CLIMATE_CHANGE(1.0),Indicateurs du changement climatique,I,A,Annuel,ST_ANOM,Anomalies des températures de surface,SB,Îles Salomon,2005,,0.5,,,,CELSIUS,Degré Celsius (°C),SE,Standard error,0.0,,N,National,,
DATAFLOW,SPC:DF_CLIMATE_CHANGE(1.0),Indicateurs du changement climatique,I,A,Annuel,ST_ANOM,Anomalies des températures de surface,SB,Îles Salomon,2006,,0.3,,,,CELSIUS,Degré Celsius (°C),SE,Standard error,0.1,,N,National,,
DATAFLOW,SPC:DF_CLIMATE_CHANGE(1.0),Indicateurs du changement climatique,I,A,Annuel,ST_ANOM,Anomalies des températures de surface,SB,Îles Salomon,2007,,0.6,,,,CELSIUS,Degré Celsius (°C),SE,Standard error,0.0,,N,National,,
DATAFLOW,SPC:DF_CLIMATE_CHANGE(1.0),Indicateurs du changement climatique,I,A,Annuel,ST_ANOM,Anomalies des températures de surface,SB,Îles Salomon,2008,,0.3,,,,CELSIUS,Degré Celsius (°C),SE,Standard error,0.1,,N,National,,
DATAFLOW,SPC:DF_CLIMATE_CHANGE(1.0),Indicateurs du changement climatique,I,A,Annuel,ST_ANOM,Anomalies des températures de surface,SB,Îles Salomon,2009,,0.4,,,,CELSIUS,Degré Celsius (°C),SE,Standard error,0.1,,N,National,,
DATAFLOW,SPC:DF_CLIMATE_CHANGE(1.0),Indicateurs du changement climatique,I,A,Annuel,ST_ANOM,Anomalies des températures de surface,SB,Îles Salomon,2010,,0.5,,,,CELSIUS,Degré Celsius (°C),SE,Standard error,0.1,,N,National,,
DATAFLOW,SPC:DF_CLIMATE_CHANGE(1.0),Indicateurs du changement climatique,I,A,Annuel,ST_ANOM,Anomalies des températures de surface,SB,Îles Salomon,2011,,0.5,,,,CELSIUS,Degré Celsius (°C),SE,Standard error,0.0,,N,National,,
DATAFLOW,SPC:DF_CLIMATE_CHANGE(1.0),Indicateurs du changement climatique,I,A,Annuel,ST_ANOM,Anomalies des températures de surface,SB,Îles Salomon,2012,,0.3,,,,CELSIUS,Degré Celsius (°C),SE,Standard error,0.1,,N,National,,
DATAFLOW,SPC:DF_CLIMATE_CHANGE(1.0),Indicateurs du changement climatique,I,A,Annuel,ST_ANOM,Anomalies des températures de surface,SB,Îles Salomon,2013,,0.4,,,,CELSIUS,Degré Celsius (°C),SE,Standard error,0.0,,N,National,,
DATAFLOW,SPC:DF_CLIMATE_CHANGE(1.0),Indicateurs du changement climatique,I,A,Annuel,ST_ANOM,Anomalies des températures de surface,SB,Îles Salomon,2014,,0.5,,,,CELSIUS,Degré Celsius (°C),SE,Standard error,0.0,,N,National,,
DATAFLOW,SPC:DF_CLIMATE_CHANGE(1.0),Indicateurs du changement climatique,I,A,Annuel,ST_ANOM,Anomalies des températures de surface,SB,Îles Salomon,2015,,0.1,,,,CELSIUS,Degré Celsius (°C),SE,Standard error,0.1,,N,National,,
DATAFLOW,SPC:DF_CLIMATE_CHANGE(1.0),Indicateurs du changement climatique,I,A,Annuel,ST_ANOM,Anomalies des températures de surface,SB,Îles Salomon,2016,,0.7,,,,CELSIUS,Degré Celsius (°C),SE,Standard error,0.1,,N,National,,
DATAFLOW,SPC:DF_CLIMATE_CHANGE(1.0),Indicateurs du changement climatique,I,A,Annuel,ST_ANOM,Anomalies des températures de surface,SB,Îles Salomon,2017,,0.8,,,,CELSIUS,Degré Celsius (°C),SE,Standard error,0.0,,N,National,,
DATAFLOW,SPC:DF_CLIMATE_CHANGE(1.0),Indicateurs du changement climatique,I,A,Annuel,ST_ANOM,Anomalies des températures de surface,SB,Îles Salomon,2018,,0.6,,,,CELSIUS,Degré Celsius (°C),SE,Standard error,0.0,,N,National,,
DATAFLOW,SPC:DF_CLIMATE_CHANGE(1.0),Indicateurs du changement climatique,I,A,Annuel,ST_ANOM,Anomalies des températures de surface,SB,Îles Salomon,2019,,0.5,,,,CELSIUS,Degré Celsius (°C),SE,Standard error,0.0,,N,National,,
DATAFLOW,SPC:DF_CLIMATE_CHANGE(1.0),Indicateurs du changement climatique,I,A,Annuel,ST_ANOM,Anomalies des températures de surface,SB,Îles Salomon,2020,,0.8,,,,CELSIUS,Degré Celsius (°C),SE,Standard error,0.1,,N,National,,
DATAFLOW,SPC:DF_CLIMATE_CHANGE(1.0),Indicateurs du changement climatique,I,A,Annuel,ST_ANOM,Anomalies des températures de surface,SB,Îles Salomon,2021,,0.6,,,,CELSIUS,Degré Celsius (°C),SE,Standard error,0.1,,N,National,,
DATAFLOW,SPC:DF_CLIMATE_CHANGE(1.0),Indicateurs du changement climatique,I,A,Annuel,ST_ANOM,Anomalies des températures de surface,SB,Îles Salomon,2022,,0.8,,,,CELSIUS,Degré Celsius (°C),SE,Standard error,0.0,,N,National,,
DATAFLOW,SPC:DF_CLIMATE_CHANGE(1.0),Indicateurs du changement climatique,I,A,Annuel,ST_ANOM,Anomalies des températures de surface,SB,Îles Salomon,2023,,0.6,,,,CELSIUS,Degré Celsius (°C),SE,Standard error,0.1,,N,National,,
DATAFLOW,SPC:DF_CLIMATE_CHANGE(1.0),Indicateurs du changement climatique,I,A,Annuel,ST_ANOM,Anomalies des températures de surface,SB,Îles Salomon,2024,,0.9,,,,CELSIUS,Degré Celsius (°C),SE,Standard error,0.0,,N,National,,
DATAFLOW,SPC:DF_CLIMATE_CHANGE(1.0),Indicateurs du changement climatique,I,A,Annuel,ST_ANOM,Anomalies des températures de surface,SB,Îles Salomon,2025,,1.0,,,,CELSIUS,Degré Celsius (°C),SE,Standard error,0.0,,N,National,,
DATAFLOW,SPC:DF_CLIMATE_CHANGE(1.0),Indicateurs du changement climatique,I,A,Annuel,ST_ANOM,Anomalies des températures de surface,CK,Îles Cook,1850,,-0.2,,,,CELSIUS,Degré Celsius (°C),SE,Standard error,0.1,,N,National,,
DATAFLOW,SPC:DF_CLIMATE_CHANGE(1.0),Indicateurs du changement climatique,I,A,Annuel,ST_ANOM,Anomalies des températures de surface,CK,Îles Cook,1851,,-0.3,,,,CELSIUS,Degré Celsius (°C),SE,Standard error,0.1,,N,National,,
DATAFLOW,SPC:DF_CLIMATE_CHANGE(1.0),Indicateurs du changement climatique,I,A,Annuel,ST_ANOM,Anomalies des températures de surface,CK,Îles Cook,1852,,-0.1,,,,CELSIUS,Degré Celsius (°C),SE,Standard error,0.1,,N,National,,
DATAFLOW,SPC:DF_CLIMATE_CHANGE(1.0),Indicateurs du changement climatique,I,A,Annuel,ST_ANOM,Anomalies des températures de surface,CK,Îles Cook,1853,,0.4,,,,CELSIUS,Degré Celsius (°C),SE,Standard error,0.1,,N,National,,
DATAFLOW,SPC:DF_CLIMATE_CHANGE(1.0),Indicateurs du changement climatique,I,A,Annuel,ST_ANOM,Anomalies des températures de surface,CK,Îles Cook,1854,,0.3,,,,CELSIUS,Degré Celsius (°C),SE,Standard error,0.1,,N,National,,
DATAFLOW,SPC:DF_CLIMATE_CHANGE(1.0),Indicateurs du changement climatique,I,A,Annuel,ST_ANOM,Anomalies des températures de surface,CK,Îles Cook,1855,,-0.2,,,,CELSIUS,Degré Celsius (°C),SE,Standard error,0.0,,N,National,,
DATAFLOW,SPC:DF_CLIMATE_CHANGE(1.0),Indicateurs du changement climatique,I,A,Annuel,ST_ANOM,Anomalies des températures de surface,CK,Îles Cook,1856,,-0.2,,,,CELSIUS,Degré Celsius (°C),SE,Standard error,0.1,,N,National,,
DATAFLOW,SPC:DF_CLIMATE_CHANGE(1.0),Indicateurs du changement climatique,I,A,Annuel,ST_ANOM,Anomalies des températures de surface,CK,Îles Cook,1857,,-0.6,,,,CELSIUS,Degré Celsius (°C),SE,Standard error,0.1,,N,National,,
DATAFLOW,SPC:DF_CLIMATE_CHANGE(1.0),Indicateurs du changement climatique,I,A,Annuel,ST_ANOM,Anomalies des températures de surface,CK,Îles Cook,1858,,-0.1,,,,CELSIUS,Degré Celsius (°C),SE,Standard error,0.1,,N,National,,
DATAFLOW,SPC:DF_CLIMATE_CHANGE(1.0),Indicateurs du changement climatique,I,A,Annuel,ST_ANOM,Anomalies des températures de surface,CK,Îles Cook,1859,,0.2,,,,CELSIUS,Degré Celsius (°C),SE,Standard error,0.1,,N,National,,
DATAFLOW,SPC:DF_CLIMATE_CHANGE(1.0),Indicateurs du changement climatique,I,A,Annuel,ST_ANOM,Anomalies des températures de surface,CK,Îles Cook,1860,,-0.1,,,,CELSIUS,Degré Celsius (°C),SE,Standard error,0.1,,N,National,,
DATAFLOW,SPC:DF_CLIMATE_CHANGE(1.0),Indicateurs du changement climatique,I,A,Annuel,ST_ANOM,Anomalies des températures de surface,CK,Îles Cook,1861,,-0.5,,,,CELSIUS,Degré Celsius (°C),SE,Standard error,0.1,,N,National,,
DATAFLOW,SPC:DF_CLIMATE_CHANGE(1.0),Indicateurs du changement climatique,I,A,Annuel,ST_ANOM,Anomalies des températures de surface,CK,Îles Cook,1862,,-0.4,,,,CELSIUS,Degré Celsius (°C),SE,Standard error,0.0,,N,National,,
DATAFLOW,SPC:DF_CLIMATE_CHANGE(1.0),Indicateurs du changement climatique,I,A,Annuel,ST_ANOM,Anomalies des températures de surface,CK,Îles Cook,1863,,-0.5,,,,CELSIUS,Degré Celsius (°C),SE,Standard error,0.0,,N,National,,
DATAFLOW,SPC:DF_CLIMATE_CHANGE(1.0),Indicateurs du changement climatique,I,A,Annuel,ST_ANOM,Anomalies des températures de surface,CK,Îles Cook,1864,,-0.2,,,,CELSIUS,Degré Celsius (°C),SE,Standard error,0.0,,N,National,,
DATAFLOW,SPC:DF_CLIMATE_CHANGE(1.0),Indicateurs du changement climatique,I,A,Annuel,ST_ANOM,Anomalies des températures de surface,CK,Îles Cook,1865,,-0.2,,,,CELSIUS,Degré Celsius (°C),SE,Standard error,0.0,,N,National,,
DATAFLOW,SPC:DF_CLIMATE_CHANGE(1.0),Indicateurs du changement climatique,I,A,Annuel,ST_ANOM,Anomalies des températures de surface,CK,Îles Cook,1866,,-0.2,,,,CELSIUS,Degré Celsius (°C),SE,Standard error,0.0,,N,National,,
DATAFLOW,SPC:DF_CLIMATE_CHANGE(1.0),Indicateurs du changement climatique,I,A,Annuel,ST_ANOM,Anomalies des températures de surface,CK,Îles Cook,1867,,-0.3,,,,CELSIUS,Degré Celsius (°C),SE,Standard error,0.0,,N,National,,
DATAFLOW,SPC:DF_CLIMATE_CHANGE(1.0),Indicateurs du changement climatique,I,A,Annuel,ST_ANOM,Anomalies des températures de surface,CK,Îles Cook,1868,,-0.1,,,,CELSIUS,Degré Celsius (°C),SE,Standard error,0.1,,N,National,,
DATAFLOW,SPC:DF_CLIMATE_CHANGE(1.0),Indicateurs du changement climatique,I,A,Annuel,ST_ANOM,Anomalies des températures de surface,CK,Îles Cook,1869,,-0.2,,,,CELSIUS,Degré Celsius (°C),SE,Standard error,0.1,,N,National,,
DATAFLOW,SPC:DF_CLIMATE_CHANGE(1.0),Indicateurs du changement climatique,I,A,Annuel,ST_ANOM,Anomalies des températures de surface,CK,Îles Cook,1870,,-0.3,,,,CELSIUS,Degré Celsius (°C),SE,Standard error,0.1,,N,National,,
DATAFLOW,SPC:DF_CLIMATE_CHANGE(1.0),Indicateurs du changement climatique,I,A,Annuel,ST_ANOM,Anomalies des températures de surface,CK,Îles Cook,1871,,0.1,,,,CELSIUS,Degré Celsius (°C),SE,Standard error,0.0,,N,National,,
DATAFLOW,SPC:DF_CLIMATE_CHANGE(1.0),Indicateurs du changement climatique,I,A,Annuel,ST_ANOM,Anomalies des températures de surface,CK,Îles Cook,1872,,0.0,,,,CELSIUS,Degré Celsius (°C),SE,Standard error,0.1,,N,National,,
DATAFLOW,SPC:DF_CLIMATE_CHANGE(1.0),Indicateurs du changement climatique,I,A,Annuel,ST_ANOM,Anomalies des températures de surface,CK,Îles Cook,1873,,-0.4,,,,CELSIUS,Degré Celsius (°C),SE,Standard error,0.0,,N,National,,
DATAFLOW,SPC:DF_CLIMATE_CHANGE(1.0),Indicateurs du changement climatique,I,A,Annuel,ST_ANOM,Anomalies des températures de surface,CK,Îles Cook,1874,,-0.1,,,,CELSIUS,Degré Celsius (°C),SE,Standard error,0.2,,N,National,,
DATAFLOW,SPC:DF_CLIMATE_CHANGE(1.0),Indicateurs du changement climatique,I,A,Annuel,ST_ANOM,Anomalies des températures de surface,CK,Îles Cook,1875,,-0.1,,,,CELSIUS,Degré Celsius (°C),SE,Standard error,0.1,,N,National,,
DATAFLOW,SPC:DF_CLIMATE_CHANGE(1.0),Indicateurs du changement climatique,I,A,Annuel,ST_ANOM,Anomalies des températures de surface,CK,Îles Cook,1876,,0.0,,,,CELSIUS,Degré Celsius (°C),SE,Standard error,0.1,,N,National,,
DATAFLOW,SPC:DF_CLIMATE_CHANGE(1.0),Indicateurs du changement climatique,I,A,Annuel,ST_ANOM,Anomalies des températures de surface,CK,Îles Cook,1877,,0.0,,,,CELSIUS,Degré Celsius (°C),SE,Standard error,0.1,,N,National,,
DATAFLOW,SPC:DF_CLIMATE_CHANGE(1.0),Indicateurs du changement climatique,I,A,Annuel,ST_ANOM,Anomalies des températures de surface,CK,Îles Cook,1878,,-0.1,,,,CELSIUS,Degré Celsius (°C),SE,Standard error,0.1,,N,National,,
DATAFLOW,SPC:DF_CLIMATE_CHANGE(1.0),Indicateurs du changement climatique,I,A,Annuel,ST_ANOM,Anomalies des températures de surface,CK,Îles Cook,1879,,-0.2,,,,CELSIUS,Degré Celsius (°C),SE,Standard error,0.1,,N,National,,
DATAFLOW,SPC:DF_CLIMATE_CHANGE(1.0),Indicateurs du changement climatique,I,A,Annuel,ST_ANOM,Anomalies des températures de surface,CK,Îles Cook,1880,,-0.2,,,,CELSIUS,Degré Celsius (°C),SE,Standard error,0.0,,N,National,,
DATAFLOW,SPC:DF_CLIMATE_CHANGE(1.0),Indicateurs du changement climatique,I,A,Annuel,ST_ANOM,Anomalies des températures de surface,CK,Îles Cook,1881,,0.0,,,,CELSIUS,Degré Celsius (°C),SE,Standard error,0.1,,N,National,,
DATAFLOW,SPC:DF_CLIMATE_CHANGE(1.0),Indicateurs du changement climatique,I,A,Annuel,ST_ANOM,Anomalies des températures de surface,CK,Îles Cook,1882,,0.0,,,,CELSIUS,Degré Celsius (°C),SE,Standard error,0.0,,N,National,,
DATAFLOW,SPC:DF_CLIMATE_CHANGE(1.0),Indicateurs du changement climatique,I,A,Annuel,ST_ANOM,Anomalies des températures de surface,CK,Îles Cook,1883,,-0.4,,,,CELSIUS,Degré Celsius (°C),SE,Standard error,0.1,,N,National,,
DATAFLOW,SPC:DF_CLIMATE_CHANGE(1.0),Indicateurs du changement climatique,I,A,Annuel,ST_ANOM,Anomalies des températures de surface,CK,Îles Cook,1884,,-0.6,,,,CELSIUS,Degré Celsius (°C),SE,Standard error,0.1,,N,National,,
DATAFLOW,SPC:DF_CLIMATE_CHANGE(1.0),Indicateurs du changement climatique,I,A,Annuel,ST_ANOM,Anomalies des températures de surface,CK,Îles Cook,1885,,-0.6,,,,CELSIUS,Degré Celsius (°C),SE,Standard error,0.1,,N,National,,
DATAFLOW,SPC:DF_CLIMATE_CHANGE(1.0),Indicateurs du changement climatique,I,A,Annuel,ST_ANOM,Anomalies des températures de surface,CK,Îles Cook,1886,,-0.6,,,,CELSIUS,Degré Celsius (°C),SE,Standard error,0.1,,N,National,,
DATAFLOW,SPC:DF_CLIMATE_CHANGE(1.0),Indicateurs du changement climatique,I,A,Annuel,ST_ANOM,Anomalies des températures de surface,CK,Îles Cook,1887,,-0.5,,,,CELSIUS,Degré Celsius (°C),SE,Standard error,0.1,,N,National,,
DATAFLOW,SPC:DF_CLIMATE_CHANGE(1.0),Indicateurs du changement climatique,I,A,Annuel,ST_ANOM,Anomalies des températures de surface,CK,Îles Cook,1888,,-0.3,,,,CELSIUS,Degré Celsius (°C),SE,Standard error,0.0,,N,National,,
DATAFLOW,SPC:DF_CLIMATE_CHANGE(1.0),Indicateurs du changement climatique,I,A,Annuel,ST_ANOM,Anomalies des températures de surface,CK,Îles Cook,1889,,0.0,,,,CELSIUS,Degré Celsius (°C),SE,Standard error,0.1,,N,National,,
DATAFLOW,SPC:DF_CLIMATE_CHANGE(1.0),Indicateurs du changement climatique,I,A,Annuel,ST_ANOM,Anomalies des températures de surface,CK,Îles Cook,1890,,-0.6,,,,CELSIUS,Degré Celsius (°C),SE,Standard error,0.1,,N,National,,
DATAFLOW,SPC:DF_CLIMATE_CHANGE(1.0),Indicateurs du changement climatique,I,A,Annuel,ST_ANOM,Anomalies des températures de surface,CK,Îles Cook,1891,,-0.4,,,,CELSIUS,Degré Celsius (°C),SE,Standard error,0.1,,N,National,,
DATAFLOW,SPC:DF_CLIMATE_CHANGE(1.0),Indicateurs du changement climatique,I,A,Annuel,ST_ANOM,Anomalies des températures de surface,CK,Îles Cook,1892,,-0.2,,,,CELSIUS,Degré Celsius (°C),SE,Standard error,0.0,,N,National,,
DATAFLOW,SPC:DF_CLIMATE_CHANGE(1.0),Indicateurs du changement climatique,I,A,Annuel,ST_ANOM,Anomalies des températures de surface,CK,Îles Cook,1893,,-0.6,,,,CELSIUS,Degré Celsius (°C),SE,Standard error,0.1,,N,National,,
DATAFLOW,SPC:DF_CLIMATE_CHANGE(1.0),Indicateurs du changement climatique,I,A,Annuel,ST_ANOM,Anomalies des températures de surface,CK,Îles Cook,1894,,-0.2,,,,CELSIUS,Degré Celsius (°C),SE,Standard error,0.1,,N,National,,
DATAFLOW,SPC:DF_CLIMATE_CHANGE(1.0),Indicateurs du changement climatique,I,A,Annuel,ST_ANOM,Anomalies des températures de surface,CK,Îles Cook,1895,,-0.1,,,,CELSIUS,Degré Celsius (°C),SE,Standard error,0.1,,N,National,,
DATAFLOW,SPC:DF_CLIMATE_CHANGE(1.0),Indicateurs du changement climatique,I,A,Annuel,ST_ANOM,Anomalies des températures de surface,CK,Îles Cook,1896,,-0.3,,,,CELSIUS,Degré Celsius (°C),SE,Standard error,0.1,,N,National,,
DATAFLOW,SPC:DF_CLIMATE_CHANGE(1.0),Indicateurs du changement climatique,I,A,Annuel,ST_ANOM,Anomalies des températures de surface,CK,Îles Cook,1897,,-0.1,,,,CELSIUS,Degré Celsius (°C),SE,Standard error,0.1,,N,National,,
DATAFLOW,SPC:DF_CLIMATE_CHANGE(1.0),Indicateurs du changement climatique,I,A,Annuel,ST_ANOM,Anomalies des températures de surface,CK,Îles Cook,1898,,-0.1,,,,CELSIUS,Degré Celsius (°C),SE,Standard error,0.1,,N,National,,
DATAFLOW,SPC:DF_CLIMATE_CHANGE(1.0),Indicateurs du changement climatique,I,A,Annuel,ST_ANOM,Anomalies des températures de surface,CK,Îles Cook,1899,,0.0,,,,CELSIUS,Degré Celsius (°C),SE,Standard error,0.1,,N,National,,
DATAFLOW,SPC:DF_CLIMATE_CHANGE(1.0),Indicateurs du changement climatique,I,A,Annuel,ST_ANOM,Anomalies des températures de surface,CK,Îles Cook,1900,,0.1,,,,CELSIUS,Degré Celsius (°C),SE,Standard error,0.1,,N,National,,
DATAFLOW,SPC:DF_CLIMATE_CHANGE(1.0),Indicateurs du changement climatique,I,A,Annuel,ST_ANOM,Anomalies des températures de surface,CK,Îles Cook,1901,,0.6,,,,CELSIUS,Degré Celsius (°C),SE,Standard error,0.1,,N,National,,
DATAFLOW,SPC:DF_CLIMATE_CHANGE(1.0),Indicateurs du changement climatique,I,A,Annuel,ST_ANOM,Anomalies des températures de surface,CK,Îles Cook,1902,,-0.2,,,,CELSIUS,Degré Celsius (°C),SE,Standard error,0.1,,N,National,,
DATAFLOW,SPC:DF_CLIMATE_CHANGE(1.0),Indicateurs du changement climatique,I,A,Annuel,ST_ANOM,Anomalies des températures de surface,CK,Îles Cook,1903,,0.0,,,,CELSIUS,Degré Celsius (°C),SE,Standard error,0.1,,N,National,,
DATAFLOW,SPC:DF_CLIMATE_CHANGE(1.0),Indicateurs du changement climatique,I,A,Annuel,ST_ANOM,Anomalies des températures de surface,CK,Îles Cook,1904,,-0.6,,,,CELSIUS,Degré Celsius (°C),SE,Standard error,0.1,,N,National,,
DATAFLOW,SPC:DF_CLIMATE_CHANGE(1.0),Indicateurs du changement climatique,I,A,Annuel,ST_ANOM,Anomalies des températures de surface,CK,Îles Cook,1905,,-0.4,,,,CELSIUS,Degré Celsius (°C),SE,Standard error,0.1,,N,National,,
DATAFLOW,SPC:DF_CLIMATE_CHANGE(1.0),Indicateurs du changement climatique,I,A,Annuel,ST_ANOM,Anomalies des températures de surface,CK,Îles Cook,1906,,0.0,,,,CELSIUS,Degré Celsius (°C),SE,Standard error,0.1,,N,National,,
DATAFLOW,SPC:DF_CLIMATE_CHANGE(1.0),Indicateurs du changement climatique,I,A,Annuel,ST_ANOM,Anomalies des températures de surface,CK,Îles Cook,1907,,-0.4,,,,CELSIUS,Degré Celsius (°C),SE,Standard error,0.1,,N,National,,
DATAFLOW,SPC:DF_CLIMATE_CHANGE(1.0),Indicateurs du changement climatique,I,A,Annuel,ST_ANOM,Anomalies des températures de surface,CK,Îles Cook,1908,,-0.4,,,,CELSIUS,Degré Celsius (°C),SE,Standard error,0.0,,N,National,,
DATAFLOW,SPC:DF_CLIMATE_CHANGE(1.0),Indicateurs du changement climatique,I,A,Annuel,ST_ANOM,Anomalies des températures de surface,CK,Îles Cook,1909,,-0.8,,,,CELSIUS,Degré Celsius (°C),SE,Standard error,0.1,,N,National,,
DATAFLOW,SPC:DF_CLIMATE_CHANGE(1.0),Indicateurs du changement climatique,I,A,Annuel,ST_ANOM,Anomalies des températures de surface,CK,Îles Cook,1910,,-0.7,,,,CELSIUS,Degré Celsius (°C),SE,Standard error,0.1,,N,National,,
DATAFLOW,SPC:DF_CLIMATE_CHANGE(1.0),Indicateurs du changement climatique,I,A,Annuel,ST_ANOM,Anomalies des températures de surface,CK,Îles Cook,1911,,-0.6,,,,CELSIUS,Degré Celsius (°C),SE,Standard error,0.1,,N,National,,
DATAFLOW,SPC:DF_CLIMATE_CHANGE(1.0),Indicateurs du changement climatique,I,A,Annuel,ST_ANOM,Anomalies des températures de surface,CK,Îles Cook,1912,,-0.3,,,,CELSIUS,Degré Celsius (°C),SE,Standard error,0.0,,N,National,,
DATAFLOW,SPC:DF_CLIMATE_CHANGE(1.0),Indicateurs du changement climatique,I,A,Annuel,ST_ANOM,Anomalies des températures de surface,CK,Îles Cook,1913,,-0.4,,,,CELSIUS,Degré Celsius (°C),SE,Standard error,0.1,,N,National,,
DATAFLOW,SPC:DF_CLIMATE_CHANGE(1.0),Indicateurs du changement climatique,I,A,Annuel,ST_ANOM,Anomalies des températures de surface,CK,Îles Cook,1914,,-0.3,,,,CELSIUS,Degré Celsius (°C),SE,Standard error,0.1,,N,National,,
DATAFLOW,SPC:DF_CLIMATE_CHANGE(1.0),Indicateurs du changement climatique,I,A,Annuel,ST_ANOM,Anomalies des températures de surface,CK,Îles Cook,1915,,0.0,,,,CELSIUS,Degré Celsius (°C),SE,Standard error,0.1,,N,National,,
DATAFLOW,SPC:DF_CLIMATE_CHANGE(1.0),Indicateurs du changement climatique,I,A,Annuel,ST_ANOM,Anomalies des températures de surface,CK,Îles Cook,1916,,-0.1,,,,CELSIUS,Degré Celsius (°C),SE,Standard error,0.1,,N,National,,
DATAFLOW,SPC:DF_CLIMATE_CHANGE(1.0),Indicateurs du changement climatique,I,A,Annuel,ST_ANOM,Anomalies des températures de surface,CK,Îles Cook,1917,,-0.8,,,,CELSIUS,Degré Celsius (°C),SE,Standard error,0.1,,N,National,,
DATAFLOW,SPC:DF_CLIMATE_CHANGE(1.0),Indicateurs du changement climatique,I,A,Annuel,ST_ANOM,Anomalies des températures de surface,CK,Îles Cook,1918,,-0.4,,,,CELSIUS,Degré Celsius (°C),SE,Standard error,0.0,,N,National,,
DATAFLOW,SPC:DF_CLIMATE_CHANGE(1.0),Indicateurs du changement climatique,I,A,Annuel,ST_ANOM,Anomalies des températures de surface,CK,Îles Cook,1919,,-0.6,,,,CELSIUS,Degré Celsius (°C),SE,Standard error,0.1,,N,National,,
DATAFLOW,SPC:DF_CLIMATE_CHANGE(1.0),Indicateurs du changement climatique,I,A,Annuel,ST_ANOM,Anomalies des températures de surface,CK,Îles Cook,1920,,-0.2,,,,CELSIUS,Degré Celsius (°C),SE,Standard error,0.1,,N,National,,
DATAFLOW,SPC:DF_CLIMATE_CHANGE(1.0),Indicateurs du changement climatique,I,A,Annuel,ST_ANOM,Anomalies des températures de surface,CK,Îles Cook,1921,,-0.4,,,,CELSIUS,Degré Celsius (°C),SE,Standard error,0.2,,N,National,,
DATAFLOW,SPC:DF_CLIMATE_CHANGE(1.0),Indicateurs du changement climatique,I,A,Annuel,ST_ANOM,Anomalies des températures de surface,CK,Îles Cook,1922,,-0.1,,,,CELSIUS,Degré Celsius (°C),SE,Standard error,0.1,,N,National,,
DATAFLOW,SPC:DF_CLIMATE_CHANGE(1.0),Indicateurs du changement climatique,I,A,Annuel,ST_ANOM,Anomalies des températures de surface,CK,Îles Cook,1923,,-0.4,,,,CELSIUS,Degré Celsius (°C),SE,Standard error,0.1,,N,National,,
DATAFLOW,SPC:DF_CLIMATE_CHANGE(1.0),Indicateurs du changement climatique,I,A,Annuel,ST_ANOM,Anomalies des températures de surface,CK,Îles Cook,1924,,-0.2,,,,CELSIUS,Degré Celsius (°C),SE,Standard error,0.1,,N,National,,
DATAFLOW,SPC:DF_CLIMATE_CHANGE(1.0),Indicateurs du changement climatique,I,A,Annuel,ST_ANOM,Anomalies des températures de surface,CK,Îles Cook,1925,,-0.4,,,,CELSIUS,Degré Celsius (°C),SE,Standard error,0.1,,N,National,,
DATAFLOW,SPC:DF_CLIMATE_CHANGE(1.0),Indicateurs du changement climatique,I,A,Annuel,ST_ANOM,Anomalies des températures de surface,CK,Îles Cook,1926,,-0.2,,,,CELSIUS,Degré Celsius (°C),SE,Standard error,0.1,,N,National,,
DATAFLOW,SPC:DF_CLIMATE_CHANGE(1.0),Indicateurs du changement climatique,I,A,Annuel,ST_ANOM,Anomalies des températures de surface,CK,Îles Cook,1927,,-0.2,,,,CELSIUS,Degré Celsius (°C),SE,Standard error,0.0,,N,National,,
DATAFLOW,SPC:DF_CLIMATE_CHANGE(1.0),Indicateurs du changement climatique,I,A,Annuel,ST_ANOM,Anomalies des températures de surface,CK,Îles Cook,1928,,-0.2,,,,CELSIUS,Degré Celsius (°C),SE,Standard error,0.1,,N,National,,
DATAFLOW,SPC:DF_CLIMATE_CHANGE(1.0),Indicateurs du changement climatique,I,A,Annuel,ST_ANOM,Anomalies des températures de surface,CK,Îles Cook,1929,,-0.3,,,,CELSIUS,Degré Celsius (°C),SE,Standard error,0.0,,N,National,,
DATAFLOW,SPC:DF_CLIMATE_CHANGE(1.0),Indicateurs du changement climatique,I,A,Annuel,ST_ANOM,Anomalies des températures de surface,CK,Îles Cook,1930,,-0.3,,,,CELSIUS,Degré Celsius (°C),SE,Standard error,0.1,,N,National,,
DATAFLOW,SPC:DF_CLIMATE_CHANGE(1.0),Indicateurs du changement climatique,I,A,Annuel,ST_ANOM,Anomalies des températures de surface,CK,Îles Cook,1931,,-0.2,,,,CELSIUS,Degré Celsius (°C),SE,Standard error,0.0,,N,National,,
DATAFLOW,SPC:DF_CLIMATE_CHANGE(1.0),Indicateurs du changement climatique,I,A,Annuel,ST_ANOM,Anomalies des températures de surface,CK,Îles Cook,1932,,-0.1,,,,CELSIUS,Degré Celsius (°C),SE,Standard error,0.0,,N,National,,
DATAFLOW,SPC:DF_CLIMATE_CHANGE(1.0),Indicateurs du changement climatique,I,A,Annuel,ST_ANOM,Anomalies des températures de surface,CK,Îles Cook,1933,,-0.6,,,,CELSIUS,Degré Celsius (°C),SE,Standard error,0.1,,N,National,,
DATAFLOW,SPC:DF_CLIMATE_CHANGE(1.0),Indicateurs du changement climatique,I,A,Annuel,ST_ANOM,Anomalies des températures de surface,CK,Îles Cook,1934,,-0.4,,,,CELSIUS,Degré Celsius (°C),SE,Standard error,0.0,,N,National,,
DATAFLOW,SPC:DF_CLIMATE_CHANGE(1.0),Indicateurs du changement climatique,I,A,Annuel,ST_ANOM,Anomalies des températures de surface,CK,Îles Cook,1935,,-0.4,,,,CELSIUS,Degré Celsius (°C),SE,Standard error,0.1,,N,National,,
DATAFLOW,SPC:DF_CLIMATE_CHANGE(1.0),Indicateurs du changement climatique,I,A,Annuel,ST_ANOM,Anomalies des températures de surface,CK,Îles Cook,1936,,-0.4,,,,CELSIUS,Degré Celsius (°C),SE,Standard error,0.0,,N,National,,
DATAFLOW,SPC:DF_CLIMATE_CHANGE(1.0),Indicateurs du changement climatique,I,A,Annuel,ST_ANOM,Anomalies des températures de surface,CK,Îles Cook,1937,,-0.3,,,,CELSIUS,Degré Celsius (°C),SE,Standard error,0.0,,N,National,,
DATAFLOW,SPC:DF_CLIMATE_CHANGE(1.0),Indicateurs du changement climatique,I,A,Annuel,ST_ANOM,Anomalies des températures de surface,CK,Îles Cook,1938,,-0.5,,,,CELSIUS,Degré Celsius (°C),SE,Standard error,0.0,,N,National,,
DATAFLOW,SPC:DF_CLIMATE_CHANGE(1.0),Indicateurs du changement climatique,I,A,Annuel,ST_ANOM,Anomalies des températures de surface,CK,Îles Cook,1939,,-0.5,,,,CELSIUS,Degré Celsius (°C),SE,Standard error,0.1,,N,National,,
DATAFLOW,SPC:DF_CLIMATE_CHANGE(1.0),Indicateurs du changement climatique,I,A,Annuel,ST_ANOM,Anomalies des températures de surface,CK,Îles Cook,1940,,0.0,,,,CELSIUS,Degré Celsius (°C),SE,Standard error,0.1,,N,National,,
DATAFLOW,SPC:DF_CLIMATE_CHANGE(1.0),Indicateurs du changement climatique,I,A,Annuel,ST_ANOM,Anomalies des températures de surface,CK,Îles Cook,1941,,0.1,,,,CELSIUS,Degré Celsius (°C),SE,Standard error,0.1,,N,National,,
DATAFLOW,SPC:DF_CLIMATE_CHANGE(1.0),Indicateurs du changement climatique,I,A,Annuel,ST_ANOM,Anomalies des températures de surface,CK,Îles Cook,1942,,0.2,,,,CELSIUS,Degré Celsius (°C),SE,Standard error,0.1,,N,National,,
DATAFLOW,SPC:DF_CLIMATE_CHANGE(1.0),Indicateurs du changement climatique,I,A,Annuel,ST_ANOM,Anomalies des températures de surface,CK,Îles Cook,1943,,0.1,,,,CELSIUS,Degré Celsius (°C),SE,Standard error,0.1,,N,National,,
DATAFLOW,SPC:DF_CLIMATE_CHANGE(1.0),Indicateurs du changement climatique,I,A,Annuel,ST_ANOM,Anomalies des températures de surface,CK,Îles Cook,1944,,0.3,,,,CELSIUS,Degré Celsius (°C),SE,Standard error,0.1,,N,National,,
DATAFLOW,SPC:DF_CLIMATE_CHANGE(1.0),Indicateurs du changement climatique,I,A,Annuel,ST_ANOM,Anomalies des températures de surface,CK,Îles Cook,1945,,0.2,,,,CELSIUS,Degré Celsius (°C),SE,Standard error,0.1,,N,National,,
DATAFLOW,SPC:DF_CLIMATE_CHANGE(1.0),Indicateurs du changement climatique,I,A,Annuel,ST_ANOM,Anomalies des températures de surface,CK,Îles Cook,1946,,0.2,,,,CELSIUS,Degré Celsius (°C),SE,Standard error,0.1,,N,National,,
DATAFLOW,SPC:DF_CLIMATE_CHANGE(1.0),Indicateurs du changement climatique,I,A,Annuel,ST_ANOM,Anomalies des températures de surface,CK,Îles Cook,1947,,0.1,,,,CELSIUS,Degré Celsius (°C),SE,Standard error,0.1,,N,National,,
DATAFLOW,SPC:DF_CLIMATE_CHANGE(1.0),Indicateurs du changement climatique,I,A,Annuel,ST_ANOM,Anomalies des températures de surface,CK,Îles Cook,1948,,-0.2,,,,CELSIUS,Degré Celsius (°C),SE,Standard error,0.1,,N,National,,
DATAFLOW,SPC:DF_CLIMATE_CHANGE(1.0),Indicateurs du changement climatique,I,A,Annuel,ST_ANOM,Anomalies des températures de surface,CK,Îles Cook,1949,,0.0,,,,CELSIUS,Degré Celsius (°C),SE,Standard error,0.1,,N,National,,
DATAFLOW,SPC:DF_CLIMATE_CHANGE(1.0),Indicateurs du changement climatique,I,A,Annuel,ST_ANOM,Anomalies des températures de surface,CK,Îles Cook,1950,,-0.2,,,,CELSIUS,Degré Celsius (°C),SE,Standard error,0.0,,N,National,,
DATAFLOW,SPC:DF_CLIMATE_CHANGE(1.0),Indicateurs du changement climatique,I,A,Annuel,ST_ANOM,Anomalies des températures de surface,CK,Îles Cook,1951,,0.0,,,,CELSIUS,Degré Celsius (°C),SE,Standard error,0.0,,N,National,,
DATAFLOW,SPC:DF_CLIMATE_CHANGE(1.0),Indicateurs du changement climatique,I,A,Annuel,ST_ANOM,Anomalies des températures de surface,CK,Îles Cook,1952,,0.3,,,,CELSIUS,Degré Celsius (°C),SE,Standard error,0.1,,N,National,,
DATAFLOW,SPC:DF_CLIMATE_CHANGE(1.0),Indicateurs du changement climatique,I,A,Annuel,ST_ANOM,Anomalies des températures de surface,CK,Îles Cook,1953,,0.2,,,,CELSIUS,Degré Celsius (°C),SE,Standard error,0.1,,N,National,,
DATAFLOW,SPC:DF_CLIMATE_CHANGE(1.0),Indicateurs du changement climatique,I,A,Annuel,ST_ANOM,Anomalies des températures de surface,CK,Îles Cook,1954,,0.0,,,,CELSIUS,Degré Celsius (°C),SE,Standard error,0.1,,N,National,,
DATAFLOW,SPC:DF_CLIMATE_CHANGE(1.0),Indicateurs du changement climatique,I,A,Annuel,ST_ANOM,Anomalies des températures de surface,CK,Îles Cook,1955,,-0.3,,,,CELSIUS,Degré Celsius (°C),SE,Standard error,0.0,,N,National,,
DATAFLOW,SPC:DF_CLIMATE_CHANGE(1.0),Indicateurs du changement climatique,I,A,Annuel,ST_ANOM,Anomalies des températures de surface,CK,Îles Cook,1956,,-0.4,,,,CELSIUS,Degré Celsius (°C),SE,Standard error,0.1,,N,National,,
DATAFLOW,SPC:DF_CLIMATE_CHANGE(1.0),Indicateurs du changement climatique,I,A,Annuel,ST_ANOM,Anomalies des températures de surface,CK,Îles Cook,1957,,-0.1,,,,CELSIUS,Degré Celsius (°C),SE,Standard error,0.1,,N,National,,
DATAFLOW,SPC:DF_CLIMATE_CHANGE(1.0),Indicateurs du changement climatique,I,A,Annuel,ST_ANOM,Anomalies des températures de surface,CK,Îles Cook,1958,,0.0,,,,CELSIUS,Degré Celsius (°C),SE,Standard error,0.1,,N,National,,
DATAFLOW,SPC:DF_CLIMATE_CHANGE(1.0),Indicateurs du changement climatique,I,A,Annuel,ST_ANOM,Anomalies des températures de surface,CK,Îles Cook,1959,,0.1,,,,CELSIUS,Degré Celsius (°C),SE,Standard error,0.1,,N,National,,
DATAFLOW,SPC:DF_CLIMATE_CHANGE(1.0),Indicateurs du changement climatique,I,A,Annuel,ST_ANOM,Anomalies des températures de surface,CK,Îles Cook,1960,,0.0,,,,CELSIUS,Degré Celsius (°C),SE,Standard error,0.1,,N,National,,
DATAFLOW,SPC:DF_CLIMATE_CHANGE(1.0),Indicateurs du changement climatique,I,A,Annuel,ST_ANOM,Anomalies des températures de surface,CK,Îles Cook,1961,,0.0,,,,CELSIUS,Degré Celsius (°C),SE,Standard error,0.1,,N,National,,
DATAFLOW,SPC:DF_CLIMATE_CHANGE(1.0),Indicateurs du changement climatique,I,A,Annuel,ST_ANOM,Anomalies des températures de surface,CK,Îles Cook,1962,,-0.3,,,,CELSIUS,Degré Celsius (°C),SE,Standard error,0.0,,N,National,,
DATAFLOW,SPC:DF_CLIMATE_CHANGE(1.0),Indicateurs du changement climatique,I,A,Annuel,ST_ANOM,Anomalies des températures de surface,CK,Îles Cook,1963,,0.0,,,,CELSIUS,Degré Celsius (°C),SE,Standard error,0.0,,N,National,,
DATAFLOW,SPC:DF_CLIMATE_CHANGE(1.0),Indicateurs du changement climatique,I,A,Annuel,ST_ANOM,Anomalies des températures de surface,CK,Îles Cook,1964,,-0.1,,,,CELSIUS,Degré Celsius (°C),SE,Standard error,0.1,,N,National,,
DATAFLOW,SPC:DF_CLIMATE_CHANGE(1.0),Indicateurs du changement climatique,I,A,Annuel,ST_ANOM,Anomalies des températures de surface,CK,Îles Cook,1965,,-0.2,,,,CELSIUS,Degré Celsius (°C),SE,Standard error,0.1,,N,National,,
DATAFLOW,SPC:DF_CLIMATE_CHANGE(1.0),Indicateurs du changement climatique,I,A,Annuel,ST_ANOM,Anomalies des températures de surface,CK,Îles Cook,1966,,0.0,,,,CELSIUS,Degré Celsius (°C),SE,Standard error,0.1,,N,National,,
DATAFLOW,SPC:DF_CLIMATE_CHANGE(1.0),Indicateurs du changement climatique,I,A,Annuel,ST_ANOM,Anomalies des températures de surface,CK,Îles Cook,1967,,-0.2,,,,CELSIUS,Degré Celsius (°C),SE,Standard error,0.1,,N,National,,
DATAFLOW,SPC:DF_CLIMATE_CHANGE(1.0),Indicateurs du changement climatique,I,A,Annuel,ST_ANOM,Anomalies des températures de surface,CK,Îles Cook,1968,,-0.1,,,,CELSIUS,Degré Celsius (°C),SE,Standard error,0.1,,N,National,,
DATAFLOW,SPC:DF_CLIMATE_CHANGE(1.0),Indicateurs du changement climatique,I,A,Annuel,ST_ANOM,Anomalies des températures de surface,CK,Îles Cook,1969,,0.2,,,,CELSIUS,Degré Celsius (°C),SE,Standard error,0.1,,N,National,,
DATAFLOW,SPC:DF_CLIMATE_CHANGE(1.0),Indicateurs du changement climatique,I,A,Annuel,ST_ANOM,Anomalies des températures de surface,CK,Îles Cook,1970,,0.1,,,,CELSIUS,Degré Celsius (°C),SE,Standard error,0.1,,N,National,,
DATAFLOW,SPC:DF_CLIMATE_CHANGE(1.0),Indicateurs du changement climatique,I,A,Annuel,ST_ANOM,Anomalies des températures de surface,CK,Îles Cook,1971,,-0.3,,,,CELSIUS,Degré Celsius (°C),SE,Standard error,0.1,,N,National,,
DATAFLOW,SPC:DF_CLIMATE_CHANGE(1.0),Indicateurs du changement climatique,I,A,Annuel,ST_ANOM,Anomalies des températures de surface,CK,Îles Cook,1972,,-0.1,,,,CELSIUS,Degré Celsius (°C),SE,Standard error,0.1,,N,National,,
DATAFLOW,SPC:DF_CLIMATE_CHANGE(1.0),Indicateurs du changement climatique,I,A,Annuel,ST_ANOM,Anomalies des températures de surface,CK,Îles Cook,1973,,0.3,,,,CELSIUS,Degré Celsius (°C),SE,Standard error,0.1,,N,National,,
DATAFLOW,SPC:DF_CLIMATE_CHANGE(1.0),Indicateurs du changement climatique,I,A,Annuel,ST_ANOM,Anomalies des températures de surface,CK,Îles Cook,1974,,-0.3,,,,CELSIUS,Degré Celsius (°C),SE,Standard error,0.1,,N,National,,
DATAFLOW,SPC:DF_CLIMATE_CHANGE(1.0),Indicateurs du changement climatique,I,A,Annuel,ST_ANOM,Anomalies des températures de surface,CK,Îles Cook,1975,,-0.4,,,,CELSIUS,Degré Celsius (°C),SE,Standard error,0.0,,N,National,,
DATAFLOW,SPC:DF_CLIMATE_CHANGE(1.0),Indicateurs du changement climatique,I,A,Annuel,ST_ANOM,Anomalies des températures de surface,CK,Îles Cook,1976,,-0.4,,,,CELSIUS,Degré Celsius (°C),SE,Standard error,0.1,,N,National,,
DATAFLOW,SPC:DF_CLIMATE_CHANGE(1.0),Indicateurs du changement climatique,I,A,Annuel,ST_ANOM,Anomalies des températures de surface,CK,Îles Cook,1977,,-0.1,,,,CELSIUS,Degré Celsius (°C),SE,Standard error,0.1,,N,National,,
DATAFLOW,SPC:DF_CLIMATE_CHANGE(1.0),Indicateurs du changement climatique,I,A,Annuel,ST_ANOM,Anomalies des températures de surface,CK,Îles Cook,1978,,-0.2,,,,CELSIUS,Degré Celsius (°C),SE,Standard error,0.1,,N,National,,
DATAFLOW,SPC:DF_CLIMATE_CHANGE(1.0),Indicateurs du changement climatique,I,A,Annuel,ST_ANOM,Anomalies des températures de surface,CK,Îles Cook,1979,,-0.3,,,,CELSIUS,Degré Celsius (°C),SE,Standard error,0.1,,N,National,,
DATAFLOW,SPC:DF_CLIMATE_CHANGE(1.0),Indicateurs du changement climatique,I,A,Annuel,ST_ANOM,Anomalies des températures de surface,CK,Îles Cook,1980,,0.0,,,,CELSIUS,Degré Celsius (°C),SE,Standard error,0.1,,N,National,,
DATAFLOW,SPC:DF_CLIMATE_CHANGE(1.0),Indicateurs du changement climatique,I,A,Annuel,ST_ANOM,Anomalies des températures de surface,CK,Îles Cook,1981,,-0.2,,,,CELSIUS,Degré Celsius (°C),SE,Standard error,0.1,,N,National,,
DATAFLOW,SPC:DF_CLIMATE_CHANGE(1.0),Indicateurs du changement climatique,I,A,Annuel,ST_ANOM,Anomalies des températures de surface,CK,Îles Cook,1982,,0.0,,,,CELSIUS,Degré Celsius (°C),SE,Standard error,0.1,,N,National,,
DATAFLOW,SPC:DF_CLIMATE_CHANGE(1.0),Indicateurs du changement climatique,I,A,Annuel,ST_ANOM,Anomalies des températures de surface,CK,Îles Cook,1983,,-0.3,,,,CELSIUS,Degré Celsius (°C),SE,Standard error,0.1,,N,National,,
DATAFLOW,SPC:DF_CLIMATE_CHANGE(1.0),Indicateurs du changement climatique,I,A,Annuel,ST_ANOM,Anomalies des températures de surface,CK,Îles Cook,1984,,-0.1,,,,CELSIUS,Degré Celsius (°C),SE,Standard error,0.1,,N,National,,
DATAFLOW,SPC:DF_CLIMATE_CHANGE(1.0),Indicateurs du changement climatique,I,A,Annuel,ST_ANOM,Anomalies des températures de surface,CK,Îles Cook,1985,,-0.3,,,,CELSIUS,Degré Celsius (°C),SE,Standard error,0.0,,N,National,,
DATAFLOW,SPC:DF_CLIMATE_CHANGE(1.0),Indicateurs du changement climatique,I,A,Annuel,ST_ANOM,Anomalies des températures de surface,CK,Îles Cook,1986,,-0.2,,,,CELSIUS,Degré Celsius (°C),SE,Standard error,0.1,,N,National,,
DATAFLOW,SPC:DF_CLIMATE_CHANGE(1.0),Indicateurs du changement climatique,I,A,Annuel,ST_ANOM,Anomalies des températures de surface,CK,Îles Cook,1987,,0.0,,,,CELSIUS,Degré Celsius (°C),SE,Standard error,0.0,,N,National,,
DATAFLOW,SPC:DF_CLIMATE_CHANGE(1.0),Indicateurs du changement climatique,I,A,Annuel,ST_ANOM,Anomalies des températures de surface,CK,Îles Cook,1988,,0.2,,,,CELSIUS,Degré Celsius (°C),SE,Standard error,0.1,,N,National,,
DATAFLOW,SPC:DF_CLIMATE_CHANGE(1.0),Indicateurs du changement climatique,I,A,Annuel,ST_ANOM,Anomalies des températures de surface,CK,Îles Cook,1989,,-0.1,,,,CELSIUS,Degré Celsius (°C),SE,Standard error,0.1,,N,National,,
DATAFLOW,SPC:DF_CLIMATE_CHANGE(1.0),Indicateurs du changement climatique,I,A,Annuel,ST_ANOM,Anomalies des températures de surface,CK,Îles Cook,1990,,-0.1,,,,CELSIUS,Degré Celsius (°C),SE,Standard error,0.1,,N,National,,
DATAFLOW,SPC:DF_CLIMATE_CHANGE(1.0),Indicateurs du changement climatique,I,A,Annuel,ST_ANOM,Anomalies des températures de surface,CK,Îles Cook,1991,,0.3,,,,CELSIUS,Degré Celsius (°C),SE,Standard error,0.0,,N,National,,
DATAFLOW,SPC:DF_CLIMATE_CHANGE(1.0),Indicateurs du changement climatique,I,A,Annuel,ST_ANOM,Anomalies des températures de surface,CK,Îles Cook,1992,,0.3,,,,CELSIUS,Degré Celsius (°C),SE,Standard error,0.1,,N,National,,
DATAFLOW,SPC:DF_CLIMATE_CHANGE(1.0),Indicateurs du changement climatique,I,A,Annuel,ST_ANOM,Anomalies des températures de surface,CK,Îles Cook,1993,,0.1,,,,CELSIUS,Degré Celsius (°C),SE,Standard error,0.0,,N,National,,
DATAFLOW,SPC:DF_CLIMATE_CHANGE(1.0),Indicateurs du changement climatique,I,A,Annuel,ST_ANOM,Anomalies des températures de surface,CK,Îles Cook,1994,,0.2,,,,CELSIUS,Degré Celsius (°C),SE,Standard error,0.1,,N,National,,
DATAFLOW,SPC:DF_CLIMATE_CHANGE(1.0),Indicateurs du changement climatique,I,A,Annuel,ST_ANOM,Anomalies des températures de surface,CK,Îles Cook,1995,,0.2,,,,CELSIUS,Degré Celsius (°C),SE,Standard error,0.1,,N,National,,
DATAFLOW,SPC:DF_CLIMATE_CHANGE(1.0),Indicateurs du changement climatique,I,A,Annuel,ST_ANOM,Anomalies des températures de surface,CK,Îles Cook,1996,,0.1,,,,CELSIUS,Degré Celsius (°C),SE,Standard error,0.0,,N,National,,
DATAFLOW,SPC:DF_CLIMATE_CHANGE(1.0),Indicateurs du changement climatique,I,A,Annuel,ST_ANOM,Anomalies des températures de surface,CK,Îles Cook,1997,,0.0,,,,CELSIUS,Degré Celsius (°C),SE,Standard error,0.1,,N,National,,
DATAFLOW,SPC:DF_CLIMATE_CHANGE(1.0),Indicateurs du changement climatique,I,A,Annuel,ST_ANOM,Anomalies des températures de surface,CK,Îles Cook,1998,,0.0,,,,CELSIUS,Degré Celsius (°C),SE,Standard error,0.1,,N,National,,
DATAFLOW,SPC:DF_CLIMATE_CHANGE(1.0),Indicateurs du changement climatique,I,A,Annuel,ST_ANOM,Anomalies des températures de surface,CK,Îles Cook,1999,,0.2,,,,CELSIUS,Degré Celsius (°C),SE,Standard error,0.0,,N,National,,
DATAFLOW,SPC:DF_CLIMATE_CHANGE(1.0),Indicateurs du changement climatique,I,A,Annuel,ST_ANOM,Anomalies des températures de surface,CK,Îles Cook,2000,,0.2,,,,CELSIUS,Degré Celsius (°C),SE,Standard error,0.1,,N,National,,
DATAFLOW,SPC:DF_CLIMATE_CHANGE(1.0),Indicateurs du changement climatique,I,A,Annuel,ST_ANOM,Anomalies des températures de surface,CK,Îles Cook,2001,,0.2,,,,CELSIUS,Degré Celsius (°C),SE,Standard error,0.1,,N,National,,
DATAFLOW,SPC:DF_CLIMATE_CHANGE(1.0),Indicateurs du changement climatique,I,A,Annuel,ST_ANOM,Anomalies des températures de surface,CK,Îles Cook,2002,,0.4,,,,CELSIUS,Degré Celsius (°C),SE,Standard error,0.0,,N,National,,
DATAFLOW,SPC:DF_CLIMATE_CHANGE(1.0),Indicateurs du changement climatique,I,A,Annuel,ST_ANOM,Anomalies des températures de surface,CK,Îles Cook,2003,,0.5,,,,CELSIUS,Degré Celsius (°C),SE,Standard error,0.0,,N,National,,
DATAFLOW,SPC:DF_CLIMATE_CHANGE(1.0),Indicateurs du changement climatique,I,A,Annuel,ST_ANOM,Anomalies des températures de surface,CK,Îles Cook,2004,,0.6,,,,CELSIUS,Degré Celsius (°C),SE,Standard error,0.0,,N,National,,
DATAFLOW,SPC:DF_CLIMATE_CHANGE(1.0),Indicateurs du changement climatique,I,A,Annuel,ST_ANOM,Anomalies des températures de surface,CK,Îles Cook,2005,,0.5,,,,CELSIUS,Degré Celsius (°C),SE,Standard error,0.1,,N,National,,
DATAFLOW,SPC:DF_CLIMATE_CHANGE(1.0),Indicateurs du changement climatique,I,A,Annuel,ST_ANOM,Anomalies des températures de surface,CK,Îles Cook,2006,,0.5,,,,CELSIUS,Degré Celsius (°C),SE,Standard error,0.0,,N,National,,
DATAFLOW,SPC:DF_CLIMATE_CHANGE(1.0),Indicateurs du changement climatique,I,A,Annuel,ST_ANOM,Anomalies des températures de surface,CK,Îles Cook,2007,,0.5,,,,CELSIUS,Degré Celsius (°C),SE,Standard error,0.1,,N,National,,
DATAFLOW,SPC:DF_CLIMATE_CHANGE(1.0),Indicateurs du changement climatique,I,A,Annuel,ST_ANOM,Anomalies des températures de surface,CK,Îles Cook,2008,,0.2,,,,CELSIUS,Degré Celsius (°C),SE,Standard error,0.1,,N,National,,
DATAFLOW,SPC:DF_CLIMATE_CHANGE(1.0),Indicateurs du changement climatique,I,A,Annuel,ST_ANOM,Anomalies des températures de surface,CK,Îles Cook,2009,,0.5,,,,CELSIUS,Degré Celsius (°C),SE,Standard error,0.0,,N,National,,
DATAFLOW,SPC:DF_CLIMATE_CHANGE(1.0),Indicateurs du changement climatique,I,A,Annuel,ST_ANOM,Anomalies des températures de surface,CK,Îles Cook,2010,,0.6,,,,CELSIUS,Degré Celsius (°C),SE,Standard error,0.1,,N,National,,
DATAFLOW,SPC:DF_CLIMATE_CHANGE(1.0),Indicateurs du changement climatique,I,A,Annuel,ST_ANOM,Anomalies des températures de surface,CK,Îles Cook,2011,,0.1,,,,CELSIUS,Degré Celsius (°C),SE,Standard error,0.1,,N,National,,
DATAFLOW,SPC:DF_CLIMATE_CHANGE(1.0),Indicateurs du changement climatique,I,A,Annuel,ST_ANOM,Anomalies des températures de surface,CK,Îles Cook,2012,,0.3,,,,CELSIUS,Degré Celsius (°C),SE,Standard error,0.1,,N,National,,
DATAFLOW,SPC:DF_CLIMATE_CHANGE(1.0),Indicateurs du changement climatique,I,A,Annuel,ST_ANOM,Anomalies des températures de surface,CK,Îles Cook,2013,,0.4,,,,CELSIUS,Degré Celsius (°C),SE,Standard error,0.1,,N,National,,
DATAFLOW,SPC:DF_CLIMATE_CHANGE(1.0),Indicateurs du changement climatique,I,A,Annuel,ST_ANOM,Anomalies des températures de surface,CK,Îles Cook,2014,,0.5,,,,CELSIUS,Degré Celsius (°C),SE,Standard error,0.0,,N,National,,
DATAFLOW,SPC:DF_CLIMATE_CHANGE(1.0),Indicateurs du changement climatique,I,A,Annuel,ST_ANOM,Anomalies des températures de surface,CK,Îles Cook,2015,,0.4,,,,CELSIUS,Degré Celsius (°C),SE,Standard error,0.0,,N,National,,
DATAFLOW,SPC:DF_CLIMATE_CHANGE(1.0),Indicateurs du changement climatique,I,A,Annuel,ST_ANOM,Anomalies des températures de surface,CK,Îles Cook,2016,,0.6,,,,CELSIUS,Degré Celsius (°C),SE,Standard error,0.1,,N,National,,
DATAFLOW,SPC:DF_CLIMATE_CHANGE(1.0),Indicateurs du changement climatique,I,A,Annuel,ST_ANOM,Anomalies des températures de surface,CK,Îles Cook,2017,,0.6,,,,CELSIUS,Degré Celsius (°C),SE,Standard error,0.1,,N,National,,
DATAFLOW,SPC:DF_CLIMATE_CHANGE(1.0),Indicateurs du changement climatique,I,A,Annuel,ST_ANOM,Anomalies des températures de surface,CK,Îles Cook,2018,,0.4,,,,CELSIUS,Degré Celsius (°C),SE,Standard error,0.1,,N,National,,
DATAFLOW,SPC:DF_CLIMATE_CHANGE(1.0),Indicateurs du changement climatique,I,A,Annuel,ST_ANOM,Anomalies des températures de surface,CK,Îles Cook,2019,,0.6,,,,CELSIUS,Degré Celsius (°C),SE,Standard error,0.0,,N,National,,
DATAFLOW,SPC:DF_CLIMATE_CHANGE(1.0),Indicateurs du changement climatique,I,A,Annuel,ST_ANOM,Anomalies des températures de surface,CK,Îles Cook,2020,,0.6,,,,CELSIUS,Degré Celsius (°C),SE,Standard error,0.1,,N,National,,
DATAFLOW,SPC:DF_CLIMATE_CHANGE(1.0),Indicateurs du changement climatique,I,A,Annuel,ST_ANOM,Anomalies des températures de surface,CK,Îles Cook,2021,,0.5,,,,CELSIUS,Degré Celsius (°C),SE,Standard error,0.0,,N,National,,
DATAFLOW,SPC:DF_CLIMATE_CHANGE(1.0),Indicateurs du changement climatique,I,A,Annuel,ST_ANOM,Anomalies des températures de surface,CK,Îles Cook,2022,,0.2,,,,CELSIUS,Degré Celsius (°C),SE,Standard error,0.0,,N,National,,
DATAFLOW,SPC:DF_CLIMATE_CHANGE(1.0),Indicateurs du changement climatique,I,A,Annuel,ST_ANOM,Anomalies des températures de surface,CK,Îles Cook,2023,,0.5,,,,CELSIUS,Degré Celsius (°C),SE,Standard error,0.1,,N,National,,
DATAFLOW,SPC:DF_CLIMATE_CHANGE(1.0),Indicateurs du changement climatique,I,A,Annuel,ST_ANOM,Anomalies des températures de surface,CK,Îles Cook,2024,,0.6,,,,CELSIUS,Degré Celsius (°C),SE,Standard error,0.1,,N,National,,
DATAFLOW,SPC:DF_CLIMATE_CHANGE(1.0),Indicateurs du changement climatique,I,A,Annuel,ST_ANOM,Anomalies des températures de surface,CK,Îles Cook,2025,,0.5,,,,CELSIUS,Degré Celsius (°C),SE,Standard error,0.0,,N,National,,
DATAFLOW,SPC:DF_CLIMATE_CHANGE(1.0),Indicateurs du changement climatique,I,A,Annuel,ST_ANOM,Anomalies des températures de surface,TK,Tokelau,1850,,0.0,,,,CELSIUS,Degré Celsius (°C),SE,Standard error,0.1,,N,National,,
DATAFLOW,SPC:DF_CLIMATE_CHANGE(1.0),Indicateurs du changement climatique,I,A,Annuel,ST_ANOM,Anomalies des températures de surface,TK,Tokelau,1851,,-0.3,,,,CELSIUS,Degré Celsius (°C),SE,Standard error,0.1,,N,National,,
DATAFLOW,SPC:DF_CLIMATE_CHANGE(1.0),Indicateurs du changement climatique,I,A,Annuel,ST_ANOM,Anomalies des températures de surface,TK,Tokelau,1852,,-0.1,,,,CELSIUS,Degré Celsius (°C),SE,Standard error,0.1,,N,National,,
DATAFLOW,SPC:DF_CLIMATE_CHANGE(1.0),Indicateurs du changement climatique,I,A,Annuel,ST_ANOM,Anomalies des températures de surface,TK,Tokelau,1853,,0.0,,,,CELSIUS,Degré Celsius (°C),SE,Standard error,0.1,,N,National,,
DATAFLOW,SPC:DF_CLIMATE_CHANGE(1.0),Indicateurs du changement climatique,I,A,Annuel,ST_ANOM,Anomalies des températures de surface,TK,Tokelau,1854,,0.0,,,,CELSIUS,Degré Celsius (°C),SE,Standard error,0.0,,N,National,,
DATAFLOW,SPC:DF_CLIMATE_CHANGE(1.0),Indicateurs du changement climatique,I,A,Annuel,ST_ANOM,Anomalies des températures de surface,TK,Tokelau,1855,,-0.1,,,,CELSIUS,Degré Celsius (°C),SE,Standard error,0.1,,N,National,,
DATAFLOW,SPC:DF_CLIMATE_CHANGE(1.0),Indicateurs du changement climatique,I,A,Annuel,ST_ANOM,Anomalies des températures de surface,TK,Tokelau,1856,,-0.3,,,,CELSIUS,Degré Celsius (°C),SE,Standard error,0.1,,N,National,,
DATAFLOW,SPC:DF_CLIMATE_CHANGE(1.0),Indicateurs du changement climatique,I,A,Annuel,ST_ANOM,Anomalies des températures de surface,TK,Tokelau,1857,,-0.7,,,,CELSIUS,Degré Celsius (°C),SE,Standard error,0.1,,N,National,,
DATAFLOW,SPC:DF_CLIMATE_CHANGE(1.0),Indicateurs du changement climatique,I,A,Annuel,ST_ANOM,Anomalies des températures de surface,TK,Tokelau,1858,,-0.2,,,,CELSIUS,Degré Celsius (°C),SE,Standard error,0.1,,N,National,,
DATAFLOW,SPC:DF_CLIMATE_CHANGE(1.0),Indicateurs du changement climatique,I,A,Annuel,ST_ANOM,Anomalies des températures de surface,TK,Tokelau,1859,,0.1,,,,CELSIUS,Degré Celsius (°C),SE,Standard error,0.0,,N,National,,
DATAFLOW,SPC:DF_CLIMATE_CHANGE(1.0),Indicateurs du changement climatique,I,A,Annuel,ST_ANOM,Anomalies des températures de surface,TK,Tokelau,1860,,-0.4,,,,CELSIUS,Degré Celsius (°C),SE,Standard error,0.1,,N,National,,
DATAFLOW,SPC:DF_CLIMATE_CHANGE(1.0),Indicateurs du changement climatique,I,A,Annuel,ST_ANOM,Anomalies des températures de surface,TK,Tokelau,1861,,-0.6,,,,CELSIUS,Degré Celsius (°C),SE,Standard error,0.1,,N,National,,
DATAFLOW,SPC:DF_CLIMATE_CHANGE(1.0),Indicateurs du changement climatique,I,A,Annuel,ST_ANOM,Anomalies des températures de surface,TK,Tokelau,1862,,-0.6,,,,CELSIUS,Degré Celsius (°C),SE,Standard error,0.0,,N,National,,
DATAFLOW,SPC:DF_CLIMATE_CHANGE(1.0),Indicateurs du changement climatique,I,A,Annuel,ST_ANOM,Anomalies des températures de surface,TK,Tokelau,1863,,-0.5,,,,CELSIUS,Degré Celsius (°C),SE,Standard error,0.0,,N,National,,
DATAFLOW,SPC:DF_CLIMATE_CHANGE(1.0),Indicateurs du changement climatique,I,A,Annuel,ST_ANOM,Anomalies des températures de surface,TK,Tokelau,1864,,-0.4,,,,CELSIUS,Degré Celsius (°C),SE,Standard error,0.0,,N,National,,
DATAFLOW,SPC:DF_CLIMATE_CHANGE(1.0),Indicateurs du changement climatique,I,A,Annuel,ST_ANOM,Anomalies des températures de surface,TK,Tokelau,1865,,-0.4,,,,CELSIUS,Degré Celsius (°C),SE,Standard error,0.0,,N,National,,
DATAFLOW,SPC:DF_CLIMATE_CHANGE(1.0),Indicateurs du changement climatique,I,A,Annuel,ST_ANOM,Anomalies des températures de surface,TK,Tokelau,1866,,-0.4,,,,CELSIUS,Degré Celsius (°C),SE,Standard error,0.0,,N,National,,
DATAFLOW,SPC:DF_CLIMATE_CHANGE(1.0),Indicateurs du changement climatique,I,A,Annuel,ST_ANOM,Anomalies des températures de surface,TK,Tokelau,1867,,-0.4,,,,CELSIUS,Degré Celsius (°C),SE,Standard error,0.0,,N,National,,
DATAFLOW,SPC:DF_CLIMATE_CHANGE(1.0),Indicateurs du changement climatique,I,A,Annuel,ST_ANOM,Anomalies des températures de surface,TK,Tokelau,1868,,-0.4,,,,CELSIUS,Degré Celsius (°C),SE,Standard error,0.0,,N,National,,
DATAFLOW,SPC:DF_CLIMATE_CHANGE(1.0),Indicateurs du changement climatique,I,A,Annuel,ST_ANOM,Anomalies des températures de surface,TK,Tokelau,1869,,-0.4,,,,CELSIUS,Degré Celsius (°C),SE,Standard error,0.0,,N,National,,
DATAFLOW,SPC:DF_CLIMATE_CHANGE(1.0),Indicateurs du changement climatique,I,A,Annuel,ST_ANOM,Anomalies des températures de surface,TK,Tokelau,1870,,-0.7,,,,CELSIUS,Degré Celsius (°C),SE,Standard error,0.1,,N,National,,
DATAFLOW,SPC:DF_CLIMATE_CHANGE(1.0),Indicateurs du changement climatique,I,A,Annuel,ST_ANOM,Anomalies des températures de surface,TK,Tokelau,1871,,-0.4,,,,CELSIUS,Degré Celsius (°C),SE,Standard error,0.0,,N,National,,
DATAFLOW,SPC:DF_CLIMATE_CHANGE(1.0),Indicateurs du changement climatique,I,A,Annuel,ST_ANOM,Anomalies des températures de surface,TK,Tokelau,1872,,-0.3,,,,CELSIUS,Degré Celsius (°C),SE,Standard error,0.1,,N,National,,
DATAFLOW,SPC:DF_CLIMATE_CHANGE(1.0),Indicateurs du changement climatique,I,A,Annuel,ST_ANOM,Anomalies des températures de surface,TK,Tokelau,1873,,-0.6,,,,CELSIUS,Degré Celsius (°C),SE,Standard error,0.1,,N,National,,
DATAFLOW,SPC:DF_CLIMATE_CHANGE(1.0),Indicateurs du changement climatique,I,A,Annuel,ST_ANOM,Anomalies des températures de surface,TK,Tokelau,1874,,-0.4,,,,CELSIUS,Degré Celsius (°C),SE,Standard error,0.1,,N,National,,
DATAFLOW,SPC:DF_CLIMATE_CHANGE(1.0),Indicateurs du changement climatique,I,A,Annuel,ST_ANOM,Anomalies des températures de surface,TK,Tokelau,1875,,-0.5,,,,CELSIUS,Degré Celsius (°C),SE,Standard error,0.1,,N,National,,
DATAFLOW,SPC:DF_CLIMATE_CHANGE(1.0),Indicateurs du changement climatique,I,A,Annuel,ST_ANOM,Anomalies des températures de surface,TK,Tokelau,1876,,-0.3,,,,CELSIUS,Degré Celsius (°C),SE,Standard error,0.0,,N,National,,
DATAFLOW,SPC:DF_CLIMATE_CHANGE(1.0),Indicateurs du changement climatique,I,A,Annuel,ST_ANOM,Anomalies des températures de surface,TK,Tokelau,1877,,0.1,,,,CELSIUS,Degré Celsius (°C),SE,Standard error,0.1,,N,National,,
DATAFLOW,SPC:DF_CLIMATE_CHANGE(1.0),Indicateurs du changement climatique,I,A,Annuel,ST_ANOM,Anomalies des températures de surface,TK,Tokelau,1878,,-0.1,,,,CELSIUS,Degré Celsius (°C),SE,Standard error,0.1,,N,National,,
DATAFLOW,SPC:DF_CLIMATE_CHANGE(1.0),Indicateurs du changement climatique,I,A,Annuel,ST_ANOM,Anomalies des températures de surface,TK,Tokelau,1879,,-0.6,,,,CELSIUS,Degré Celsius (°C),SE,Standard error,0.1,,N,National,,
DATAFLOW,SPC:DF_CLIMATE_CHANGE(1.0),Indicateurs du changement climatique,I,A,Annuel,ST_ANOM,Anomalies des températures de surface,TK,Tokelau,1880,,-0.5,,,,CELSIUS,Degré Celsius (°C),SE,Standard error,0.1,,N,National,,
DATAFLOW,SPC:DF_CLIMATE_CHANGE(1.0),Indicateurs du changement climatique,I,A,Annuel,ST_ANOM,Anomalies des températures de surface,TK,Tokelau,1881,,0.0,,,,CELSIUS,Degré Celsius (°C),SE,Standard error,0.1,,N,National,,
DATAFLOW,SPC:DF_CLIMATE_CHANGE(1.0),Indicateurs du changement climatique,I,A,Annuel,ST_ANOM,Anomalies des températures de surface,TK,Tokelau,1882,,-0.1,,,,CELSIUS,Degré Celsius (°C),SE,Standard error,0.1,,N,National,,
DATAFLOW,SPC:DF_CLIMATE_CHANGE(1.0),Indicateurs du changement climatique,I,A,Annuel,ST_ANOM,Anomalies des températures de surface,TK,Tokelau,1883,,-0.4,,,,CELSIUS,Degré Celsius (°C),SE,Standard error,0.0,,N,National,,
DATAFLOW,SPC:DF_CLIMATE_CHANGE(1.0),Indicateurs du changement climatique,I,A,Annuel,ST_ANOM,Anomalies des températures de surface,TK,Tokelau,1884,,-0.3,,,,CELSIUS,Degré Celsius (°C),SE,Standard error,0.0,,N,National,,
DATAFLOW,SPC:DF_CLIMATE_CHANGE(1.0),Indicateurs du changement climatique,I,A,Annuel,ST_ANOM,Anomalies des températures de surface,TK,Tokelau,1885,,-0.3,,,,CELSIUS,Degré Celsius (°C),SE,Standard error,0.1,,N,National,,
DATAFLOW,SPC:DF_CLIMATE_CHANGE(1.0),Indicateurs du changement climatique,I,A,Annuel,ST_ANOM,Anomalies des températures de surface,TK,Tokelau,1886,,-0.6,,,,CELSIUS,Degré Celsius (°C),SE,Standard error,0.1,,N,National,,
DATAFLOW,SPC:DF_CLIMATE_CHANGE(1.0),Indicateurs du changement climatique,I,A,Annuel,ST_ANOM,Anomalies des températures de surface,TK,Tokelau,1887,,-0.8,,,,CELSIUS,Degré Celsius (°C),SE,Standard error,0.2,,N,National,,
DATAFLOW,SPC:DF_CLIMATE_CHANGE(1.0),Indicateurs du changement climatique,I,A,Annuel,ST_ANOM,Anomalies des températures de surface,TK,Tokelau,1888,,0.1,,,,CELSIUS,Degré Celsius (°C),SE,Standard error,0.1,,N,National,,
DATAFLOW,SPC:DF_CLIMATE_CHANGE(1.0),Indicateurs du changement climatique,I,A,Annuel,ST_ANOM,Anomalies des températures de surface,TK,Tokelau,1889,,-0.1,,,,CELSIUS,Degré Celsius (°C),SE,Standard error,0.1,,N,National,,
DATAFLOW,SPC:DF_CLIMATE_CHANGE(1.0),Indicateurs du changement climatique,I,A,Annuel,ST_ANOM,Anomalies des températures de surface,TK,Tokelau,1890,,-0.9,,,,CELSIUS,Degré Celsius (°C),SE,Standard error,0.1,,N,National,,
DATAFLOW,SPC:DF_CLIMATE_CHANGE(1.0),Indicateurs du changement climatique,I,A,Annuel,ST_ANOM,Anomalies des températures de surface,TK,Tokelau,1891,,-0.5,,,,CELSIUS,Degré Celsius (°C),SE,Standard error,0.1,,N,National,,
DATAFLOW,SPC:DF_CLIMATE_CHANGE(1.0),Indicateurs du changement climatique,I,A,Annuel,ST_ANOM,Anomalies des températures de surface,TK,Tokelau,1892,,-0.4,,,,CELSIUS,Degré Celsius (°C),SE,Standard error,0.1,,N,National,,
DATAFLOW,SPC:DF_CLIMATE_CHANGE(1.0),Indicateurs du changement climatique,I,A,Annuel,ST_ANOM,Anomalies des températures de surface,TK,Tokelau,1893,,-0.8,,,,CELSIUS,Degré Celsius (°C),SE,Standard error,0.0,,N,National,,
DATAFLOW,SPC:DF_CLIMATE_CHANGE(1.0),Indicateurs du changement climatique,I,A,Annuel,ST_ANOM,Anomalies des températures de surface,TK,Tokelau,1894,,-0.5,,,,CELSIUS,Degré Celsius (°C),SE,Standard error,0.0,,N,National,,
DATAFLOW,SPC:DF_CLIMATE_CHANGE(1.0),Indicateurs du changement climatique,I,A,Annuel,ST_ANOM,Anomalies des températures de surface,TK,Tokelau,1895,,-0.3,,,,CELSIUS,Degré Celsius (°C),SE,Standard error,0.1,,N,National,,
DATAFLOW,SPC:DF_CLIMATE_CHANGE(1.0),Indicateurs du changement climatique,I,A,Annuel,ST_ANOM,Anomalies des températures de surface,TK,Tokelau,1896,,-0.1,,,,CELSIUS,Degré Celsius (°C),SE,Standard error,0.1,,N,National,,
DATAFLOW,SPC:DF_CLIMATE_CHANGE(1.0),Indicateurs du changement climatique,I,A,Annuel,ST_ANOM,Anomalies des températures de surface,TK,Tokelau,1897,,0.0,,,,CELSIUS,Degré Celsius (°C),SE,Standard error,0.1,,N,National,,
DATAFLOW,SPC:DF_CLIMATE_CHANGE(1.0),Indicateurs du changement climatique,I,A,Annuel,ST_ANOM,Anomalies des températures de surface,TK,Tokelau,1898,,-0.5,,,,CELSIUS,Degré Celsius (°C),SE,Standard error,0.1,,N,National,,
DATAFLOW,SPC:DF_CLIMATE_CHANGE(1.0),Indicateurs du changement climatique,I,A,Annuel,ST_ANOM,Anomalies des températures de surface,TK,Tokelau,1899,,-0.3,,,,CELSIUS,Degré Celsius (°C),SE,Standard error,0.1,,N,National,,
DATAFLOW,SPC:DF_CLIMATE_CHANGE(1.0),Indicateurs du changement climatique,I,A,Annuel,ST_ANOM,Anomalies des températures de surface,TK,Tokelau,1900,,0.4,,,,CELSIUS,Degré Celsius (°C),SE,Standard error,0.0,,N,National,,
DATAFLOW,SPC:DF_CLIMATE_CHANGE(1.0),Indicateurs du changement climatique,I,A,Annuel,ST_ANOM,Anomalies des températures de surface,TK,Tokelau,1901,,0.1,,,,CELSIUS,Degré Celsius (°C),SE,Standard error,0.1,,N,National,,
DATAFLOW,SPC:DF_CLIMATE_CHANGE(1.0),Indicateurs du changement climatique,I,A,Annuel,ST_ANOM,Anomalies des températures de surface,TK,Tokelau,1902,,0.0,,,,CELSIUS,Degré Celsius (°C),SE,Standard error,0.1,,N,National,,
DATAFLOW,SPC:DF_CLIMATE_CHANGE(1.0),Indicateurs du changement climatique,I,A,Annuel,ST_ANOM,Anomalies des températures de surface,TK,Tokelau,1903,,-0.1,,,,CELSIUS,Degré Celsius (°C),SE,Standard error,0.2,,N,National,,
DATAFLOW,SPC:DF_CLIMATE_CHANGE(1.0),Indicateurs du changement climatique,I,A,Annuel,ST_ANOM,Anomalies des températures de surface,TK,Tokelau,1904,,-0.8,,,,CELSIUS,Degré Celsius (°C),SE,Standard error,0.1,,N,National,,
DATAFLOW,SPC:DF_CLIMATE_CHANGE(1.0),Indicateurs du changement climatique,I,A,Annuel,ST_ANOM,Anomalies des températures de surface,TK,Tokelau,1905,,0.0,,,,CELSIUS,Degré Celsius (°C),SE,Standard error,0.0,,N,National,,
DATAFLOW,SPC:DF_CLIMATE_CHANGE(1.0),Indicateurs du changement climatique,I,A,Annuel,ST_ANOM,Anomalies des températures de surface,TK,Tokelau,1906,,-0.3,,,,CELSIUS,Degré Celsius (°C),SE,Standard error,0.0,,N,National,,
DATAFLOW,SPC:DF_CLIMATE_CHANGE(1.0),Indicateurs du changement climatique,I,A,Annuel,ST_ANOM,Anomalies des températures de surface,TK,Tokelau,1907,,-0.4,,,,CELSIUS,Degré Celsius (°C),SE,Standard error,0.1,,N,National,,
DATAFLOW,SPC:DF_CLIMATE_CHANGE(1.0),Indicateurs du changement climatique,I,A,Annuel,ST_ANOM,Anomalies des températures de surface,TK,Tokelau,1908,,-0.6,,,,CELSIUS,Degré Celsius (°C),SE,Standard error,0.1,,N,National,,
DATAFLOW,SPC:DF_CLIMATE_CHANGE(1.0),Indicateurs du changement climatique,I,A,Annuel,ST_ANOM,Anomalies des températures de surface,TK,Tokelau,1909,,-1.0,,,,CELSIUS,Degré Celsius (°C),SE,Standard error,0.0,,N,National,,
DATAFLOW,SPC:DF_CLIMATE_CHANGE(1.0),Indicateurs du changement climatique,I,A,Annuel,ST_ANOM,Anomalies des températures de surface,TK,Tokelau,1910,,-1.1,,,,CELSIUS,Degré Celsius (°C),SE,Standard error,0.1,,N,National,,
DATAFLOW,SPC:DF_CLIMATE_CHANGE(1.0),Indicateurs du changement climatique,I,A,Annuel,ST_ANOM,Anomalies des températures de surface,TK,Tokelau,1911,,-0.7,,,,CELSIUS,Degré Celsius (°C),SE,Standard error,0.1,,N,National,,
DATAFLOW,SPC:DF_CLIMATE_CHANGE(1.0),Indicateurs du changement climatique,I,A,Annuel,ST_ANOM,Anomalies des températures de surface,TK,Tokelau,1912,,-0.2,,,,CELSIUS,Degré Celsius (°C),SE,Standard error,0.1,,N,National,,
DATAFLOW,SPC:DF_CLIMATE_CHANGE(1.0),Indicateurs du changement climatique,I,A,Annuel,ST_ANOM,Anomalies des températures de surface,TK,Tokelau,1913,,-0.5,,,,CELSIUS,Degré Celsius (°C),SE,Standard error,0.1,,N,National,,
DATAFLOW,SPC:DF_CLIMATE_CHANGE(1.0),Indicateurs du changement climatique,I,A,Annuel,ST_ANOM,Anomalies des températures de surface,TK,Tokelau,1914,,-0.2,,,,CELSIUS,Degré Celsius (°C),SE,Standard error,0.1,,N,National,,
DATAFLOW,SPC:DF_CLIMATE_CHANGE(1.0),Indicateurs du changement climatique,I,A,Annuel,ST_ANOM,Anomalies des températures de surface,TK,Tokelau,1915,,-0.1,,,,CELSIUS,Degré Celsius (°C),SE,Standard error,0.1,,N,National,,
DATAFLOW,SPC:DF_CLIMATE_CHANGE(1.0),Indicateurs du changement climatique,I,A,Annuel,ST_ANOM,Anomalies des températures de surface,TK,Tokelau,1916,,-0.9,,,,CELSIUS,Degré Celsius (°C),SE,Standard error,0.2,,N,National,,
DATAFLOW,SPC:DF_CLIMATE_CHANGE(1.0),Indicateurs du changement climatique,I,A,Annuel,ST_ANOM,Anomalies des températures de surface,TK,Tokelau,1917,,-1.7,,,,CELSIUS,Degré Celsius (°C),SE,Standard error,0.1,,N,National,,
DATAFLOW,SPC:DF_CLIMATE_CHANGE(1.0),Indicateurs du changement climatique,I,A,Annuel,ST_ANOM,Anomalies des températures de surface,TK,Tokelau,1918,,-0.5,,,,CELSIUS,Degré Celsius (°C),SE,Standard error,0.1,,N,National,,
DATAFLOW,SPC:DF_CLIMATE_CHANGE(1.0),Indicateurs du changement climatique,I,A,Annuel,ST_ANOM,Anomalies des températures de surface,TK,Tokelau,1919,,-0.6,,,,CELSIUS,Degré Celsius (°C),SE,Standard error,0.1,,N,National,,
DATAFLOW,SPC:DF_CLIMATE_CHANGE(1.0),Indicateurs du changement climatique,I,A,Annuel,ST_ANOM,Anomalies des températures de surface,TK,Tokelau,1920,,-0.3,,,,CELSIUS,Degré Celsius (°C),SE,Standard error,0.1,,N,National,,
DATAFLOW,SPC:DF_CLIMATE_CHANGE(1.0),Indicateurs du changement climatique,I,A,Annuel,ST_ANOM,Anomalies des températures de surface,TK,Tokelau,1921,,-0.7,,,,CELSIUS,Degré Celsius (°C),SE,Standard error,0.1,,N,National,,
DATAFLOW,SPC:DF_CLIMATE_CHANGE(1.0),Indicateurs du changement climatique,I,A,Annuel,ST_ANOM,Anomalies des températures de surface,TK,Tokelau,1922,,-0.4,,,,CELSIUS,Degré Celsius (°C),SE,Standard error,0.1,,N,National,,
DATAFLOW,SPC:DF_CLIMATE_CHANGE(1.0),Indicateurs du changement climatique,I,A,Annuel,ST_ANOM,Anomalies des températures de surface,TK,Tokelau,1923,,-0.4,,,,CELSIUS,Degré Celsius (°C),SE,Standard error,0.1,,N,National,,
DATAFLOW,SPC:DF_CLIMATE_CHANGE(1.0),Indicateurs du changement climatique,I,A,Annuel,ST_ANOM,Anomalies des températures de surface,TK,Tokelau,1924,,-0.4,,,,CELSIUS,Degré Celsius (°C),SE,Standard error,0.1,,N,National,,
DATAFLOW,SPC:DF_CLIMATE_CHANGE(1.0),Indicateurs du changement climatique,I,A,Annuel,ST_ANOM,Anomalies des températures de surface,TK,Tokelau,1925,,-0.5,,,,CELSIUS,Degré Celsius (°C),SE,Standard error,0.1,,N,National,,
DATAFLOW,SPC:DF_CLIMATE_CHANGE(1.0),Indicateurs du changement climatique,I,A,Annuel,ST_ANOM,Anomalies des températures de surface,TK,Tokelau,1926,,0.0,,,,CELSIUS,Degré Celsius (°C),SE,Standard error,0.1,,N,National,,
DATAFLOW,SPC:DF_CLIMATE_CHANGE(1.0),Indicateurs du changement climatique,I,A,Annuel,ST_ANOM,Anomalies des températures de surface,TK,Tokelau,1927,,-0.5,,,,CELSIUS,Degré Celsius (°C),SE,Standard error,0.1,,N,National,,
DATAFLOW,SPC:DF_CLIMATE_CHANGE(1.0),Indicateurs du changement climatique,I,A,Annuel,ST_ANOM,Anomalies des températures de surface,TK,Tokelau,1928,,-0.3,,,,CELSIUS,Degré Celsius (°C),SE,Standard error,0.0,,N,National,,
DATAFLOW,SPC:DF_CLIMATE_CHANGE(1.0),Indicateurs du changement climatique,I,A,Annuel,ST_ANOM,Anomalies des températures de surface,TK,Tokelau,1929,,-0.3,,,,CELSIUS,Degré Celsius (°C),SE,Standard error,0.0,,N,National,,
DATAFLOW,SPC:DF_CLIMATE_CHANGE(1.0),Indicateurs du changement climatique,I,A,Annuel,ST_ANOM,Anomalies des températures de surface,TK,Tokelau,1930,,-0.1,,,,CELSIUS,Degré Celsius (°C),SE,Standard error,0.1,,N,National,,
DATAFLOW,SPC:DF_CLIMATE_CHANGE(1.0),Indicateurs du changement climatique,I,A,Annuel,ST_ANOM,Anomalies des températures de surface,TK,Tokelau,1931,,-0.1,,,,CELSIUS,Degré Celsius (°C),SE,Standard error,0.0,,N,National,,
DATAFLOW,SPC:DF_CLIMATE_CHANGE(1.0),Indicateurs du changement climatique,I,A,Annuel,ST_ANOM,Anomalies des températures de surface,TK,Tokelau,1932,,-0.3,,,,CELSIUS,Degré Celsius (°C),SE,Standard error,0.1,,N,National,,
DATAFLOW,SPC:DF_CLIMATE_CHANGE(1.0),Indicateurs du changement climatique,I,A,Annuel,ST_ANOM,Anomalies des températures de surface,TK,Tokelau,1933,,-0.7,,,,CELSIUS,Degré Celsius (°C),SE,Standard error,0.1,,N,National,,
DATAFLOW,SPC:DF_CLIMATE_CHANGE(1.0),Indicateurs du changement climatique,I,A,Annuel,ST_ANOM,Anomalies des températures de surface,TK,Tokelau,1934,,-0.6,,,,CELSIUS,Degré Celsius (°C),SE,Standard error,0.1,,N,National,,
DATAFLOW,SPC:DF_CLIMATE_CHANGE(1.0),Indicateurs du changement climatique,I,A,Annuel,ST_ANOM,Anomalies des températures de surface,TK,Tokelau,1935,,-0.5,,,,CELSIUS,Degré Celsius (°C),SE,Standard error,0.0,,N,National,,
DATAFLOW,SPC:DF_CLIMATE_CHANGE(1.0),Indicateurs du changement climatique,I,A,Annuel,ST_ANOM,Anomalies des températures de surface,TK,Tokelau,1936,,-0.4,,,,CELSIUS,Degré Celsius (°C),SE,Standard error,0.0,,N,National,,
DATAFLOW,SPC:DF_CLIMATE_CHANGE(1.0),Indicateurs du changement climatique,I,A,Annuel,ST_ANOM,Anomalies des températures de surface,TK,Tokelau,1937,,-0.4,,,,CELSIUS,Degré Celsius (°C),SE,Standard error,0.1,,N,National,,
DATAFLOW,SPC:DF_CLIMATE_CHANGE(1.0),Indicateurs du changement climatique,I,A,Annuel,ST_ANOM,Anomalies des températures de surface,TK,Tokelau,1938,,-0.8,,,,CELSIUS,Degré Celsius (°C),SE,Standard error,0.1,,N,National,,
DATAFLOW,SPC:DF_CLIMATE_CHANGE(1.0),Indicateurs du changement climatique,I,A,Annuel,ST_ANOM,Anomalies des températures de surface,TK,Tokelau,1939,,-0.7,,,,CELSIUS,Degré Celsius (°C),SE,Standard error,0.1,,N,National,,
DATAFLOW,SPC:DF_CLIMATE_CHANGE(1.0),Indicateurs du changement climatique,I,A,Annuel,ST_ANOM,Anomalies des températures de surface,TK,Tokelau,1940,,0.3,,,,CELSIUS,Degré Celsius (°C),SE,Standard error,0.1,,N,National,,
DATAFLOW,SPC:DF_CLIMATE_CHANGE(1.0),Indicateurs du changement climatique,I,A,Annuel,ST_ANOM,Anomalies des températures de surface,TK,Tokelau,1941,,0.5,,,,CELSIUS,Degré Celsius (°C),SE,Standard error,0.0,,N,National,,
DATAFLOW,SPC:DF_CLIMATE_CHANGE(1.0),Indicateurs du changement climatique,I,A,Annuel,ST_ANOM,Anomalies des températures de surface,TK,Tokelau,1942,,0.0,,,,CELSIUS,Degré Celsius (°C),SE,Standard error,0.1,,N,National,,
DATAFLOW,SPC:DF_CLIMATE_CHANGE(1.0),Indicateurs du changement climatique,I,A,Annuel,ST_ANOM,Anomalies des températures de surface,TK,Tokelau,1943,,-0.4,,,,CELSIUS,Degré Celsius (°C),SE,Standard error,0.1,,N,National,,
DATAFLOW,SPC:DF_CLIMATE_CHANGE(1.0),Indicateurs du changement climatique,I,A,Annuel,ST_ANOM,Anomalies des températures de surface,TK,Tokelau,1944,,0.0,,,,CELSIUS,Degré Celsius (°C),SE,Standard error,0.0,,N,National,,
DATAFLOW,SPC:DF_CLIMATE_CHANGE(1.0),Indicateurs du changement climatique,I,A,Annuel,ST_ANOM,Anomalies des températures de surface,TK,Tokelau,1945,,-0.2,,,,CELSIUS,Degré Celsius (°C),SE,Standard error,0.0,,N,National,,
DATAFLOW,SPC:DF_CLIMATE_CHANGE(1.0),Indicateurs du changement climatique,I,A,Annuel,ST_ANOM,Anomalies des températures de surface,TK,Tokelau,1946,,0.0,,,,CELSIUS,Degré Celsius (°C),SE,Standard error,0.1,,N,National,,
DATAFLOW,SPC:DF_CLIMATE_CHANGE(1.0),Indicateurs du changement climatique,I,A,Annuel,ST_ANOM,Anomalies des températures de surface,TK,Tokelau,1947,,0.0,,,,CELSIUS,Degré Celsius (°C),SE,Standard error,0.1,,N,National,,
DATAFLOW,SPC:DF_CLIMATE_CHANGE(1.0),Indicateurs du changement climatique,I,A,Annuel,ST_ANOM,Anomalies des températures de surface,TK,Tokelau,1948,,-0.3,,,,CELSIUS,Degré Celsius (°C),SE,Standard error,0.1,,N,National,,
DATAFLOW,SPC:DF_CLIMATE_CHANGE(1.0),Indicateurs du changement climatique,I,A,Annuel,ST_ANOM,Anomalies des températures de surface,TK,Tokelau,1949,,-0.3,,,,CELSIUS,Degré Celsius (°C),SE,Standard error,0.1,,N,National,,
DATAFLOW,SPC:DF_CLIMATE_CHANGE(1.0),Indicateurs du changement climatique,I,A,Annuel,ST_ANOM,Anomalies des températures de surface,TK,Tokelau,1950,,-0.8,,,,CELSIUS,Degré Celsius (°C),SE,Standard error,0.0,,N,National,,
DATAFLOW,SPC:DF_CLIMATE_CHANGE(1.0),Indicateurs du changement climatique,I,A,Annuel,ST_ANOM,Anomalies des températures de surface,TK,Tokelau,1951,,-0.2,,,,CELSIUS,Degré Celsius (°C),SE,Standard error,0.1,,N,National,,
DATAFLOW,SPC:DF_CLIMATE_CHANGE(1.0),Indicateurs du changement climatique,I,A,Annuel,ST_ANOM,Anomalies des températures de surface,TK,Tokelau,1952,,0.0,,,,CELSIUS,Degré Celsius (°C),SE,Standard error,0.0,,N,National,,
DATAFLOW,SPC:DF_CLIMATE_CHANGE(1.0),Indicateurs du changement climatique,I,A,Annuel,ST_ANOM,Anomalies des températures de surface,TK,Tokelau,1953,,0.1,,,,CELSIUS,Degré Celsius (°C),SE,Standard error,0.0,,N,National,,
DATAFLOW,SPC:DF_CLIMATE_CHANGE(1.0),Indicateurs du changement climatique,I,A,Annuel,ST_ANOM,Anomalies des températures de surface,TK,Tokelau,1954,,-0.3,,,,CELSIUS,Degré Celsius (°C),SE,Standard error,0.1,,N,National,,
DATAFLOW,SPC:DF_CLIMATE_CHANGE(1.0),Indicateurs du changement climatique,I,A,Annuel,ST_ANOM,Anomalies des températures de surface,TK,Tokelau,1955,,-0.8,,,,CELSIUS,Degré Celsius (°C),SE,Standard error,0.1,,N,National,,
DATAFLOW,SPC:DF_CLIMATE_CHANGE(1.0),Indicateurs du changement climatique,I,A,Annuel,ST_ANOM,Anomalies des températures de surface,TK,Tokelau,1956,,-0.8,,,,CELSIUS,Degré Celsius (°C),SE,Standard error,0.0,,N,National,,
DATAFLOW,SPC:DF_CLIMATE_CHANGE(1.0),Indicateurs du changement climatique,I,A,Annuel,ST_ANOM,Anomalies des températures de surface,TK,Tokelau,1957,,-0.1,,,,CELSIUS,Degré Celsius (°C),SE,Standard error,0.1,,N,National,,
DATAFLOW,SPC:DF_CLIMATE_CHANGE(1.0),Indicateurs du changement climatique,I,A,Annuel,ST_ANOM,Anomalies des températures de surface,TK,Tokelau,1958,,0.3,,,,CELSIUS,Degré Celsius (°C),SE,Standard error,0.1,,N,National,,
DATAFLOW,SPC:DF_CLIMATE_CHANGE(1.0),Indicateurs du changement climatique,I,A,Annuel,ST_ANOM,Anomalies des températures de surface,TK,Tokelau,1959,,0.1,,,,CELSIUS,Degré Celsius (°C),SE,Standard error,0.0,,N,National,,
DATAFLOW,SPC:DF_CLIMATE_CHANGE(1.0),Indicateurs du changement climatique,I,A,Annuel,ST_ANOM,Anomalies des températures de surface,TK,Tokelau,1960,,-0.2,,,,CELSIUS,Degré Celsius (°C),SE,Standard error,0.0,,N,National,,
DATAFLOW,SPC:DF_CLIMATE_CHANGE(1.0),Indicateurs du changement climatique,I,A,Annuel,ST_ANOM,Anomalies des températures de surface,TK,Tokelau,1961,,-0.3,,,,CELSIUS,Degré Celsius (°C),SE,Standard error,0.0,,N,National,,
DATAFLOW,SPC:DF_CLIMATE_CHANGE(1.0),Indicateurs du changement climatique,I,A,Annuel,ST_ANOM,Anomalies des températures de surface,TK,Tokelau,1962,,-0.3,,,,CELSIUS,Degré Celsius (°C),SE,Standard error,0.0,,N,National,,
DATAFLOW,SPC:DF_CLIMATE_CHANGE(1.0),Indicateurs du changement climatique,I,A,Annuel,ST_ANOM,Anomalies des températures de surface,TK,Tokelau,1963,,-0.1,,,,CELSIUS,Degré Celsius (°C),SE,Standard error,0.1,,N,National,,
DATAFLOW,SPC:DF_CLIMATE_CHANGE(1.0),Indicateurs du changement climatique,I,A,Annuel,ST_ANOM,Anomalies des températures de surface,TK,Tokelau,1964,,-0.4,,,,CELSIUS,Degré Celsius (°C),SE,Standard error,0.1,,N,National,,
DATAFLOW,SPC:DF_CLIMATE_CHANGE(1.0),Indicateurs du changement climatique,I,A,Annuel,ST_ANOM,Anomalies des températures de surface,TK,Tokelau,1965,,-0.1,,,,CELSIUS,Degré Celsius (°C),SE,Standard error,0.1,,N,National,,
DATAFLOW,SPC:DF_CLIMATE_CHANGE(1.0),Indicateurs du changement climatique,I,A,Annuel,ST_ANOM,Anomalies des températures de surface,TK,Tokelau,1966,,0.2,,,,CELSIUS,Degré Celsius (°C),SE,Standard error,0.0,,N,National,,
DATAFLOW,SPC:DF_CLIMATE_CHANGE(1.0),Indicateurs du changement climatique,I,A,Annuel,ST_ANOM,Anomalies des températures de surface,TK,Tokelau,1967,,-0.3,,,,CELSIUS,Degré Celsius (°C),SE,Standard error,0.0,,N,National,,
DATAFLOW,SPC:DF_CLIMATE_CHANGE(1.0),Indicateurs du changement climatique,I,A,Annuel,ST_ANOM,Anomalies des températures de surface,TK,Tokelau,1968,,-0.1,,,,CELSIUS,Degré Celsius (°C),SE,Standard error,0.1,,N,National,,
DATAFLOW,SPC:DF_CLIMATE_CHANGE(1.0),Indicateurs du changement climatique,I,A,Annuel,ST_ANOM,Anomalies des températures de surface,TK,Tokelau,1969,,0.4,,,,CELSIUS,Degré Celsius (°C),SE,Standard error,0.1,,N,National,,
DATAFLOW,SPC:DF_CLIMATE_CHANGE(1.0),Indicateurs du changement climatique,I,A,Annuel,ST_ANOM,Anomalies des températures de surface,TK,Tokelau,1970,,-0.1,,,,CELSIUS,Degré Celsius (°C),SE,Standard error,0.1,,N,National,,
DATAFLOW,SPC:DF_CLIMATE_CHANGE(1.0),Indicateurs du changement climatique,I,A,Annuel,ST_ANOM,Anomalies des températures de surface,TK,Tokelau,1971,,-0.7,,,,CELSIUS,Degré Celsius (°C),SE,Standard error,0.0,,N,National,,
DATAFLOW,SPC:DF_CLIMATE_CHANGE(1.0),Indicateurs du changement climatique,I,A,Annuel,ST_ANOM,Anomalies des températures de surface,TK,Tokelau,1972,,0.0,,,,CELSIUS,Degré Celsius (°C),SE,Standard error,0.1,,N,National,,
DATAFLOW,SPC:DF_CLIMATE_CHANGE(1.0),Indicateurs du changement climatique,I,A,Annuel,ST_ANOM,Anomalies des températures de surface,TK,Tokelau,1973,,-0.1,,,,CELSIUS,Degré Celsius (°C),SE,Standard error,0.1,,N,National,,
DATAFLOW,SPC:DF_CLIMATE_CHANGE(1.0),Indicateurs du changement climatique,I,A,Annuel,ST_ANOM,Anomalies des températures de surface,TK,Tokelau,1974,,-0.8,,,,CELSIUS,Degré Celsius (°C),SE,Standard error,0.1,,N,National,,
DATAFLOW,SPC:DF_CLIMATE_CHANGE(1.0),Indicateurs du changement climatique,I,A,Annuel,ST_ANOM,Anomalies des températures de surface,TK,Tokelau,1975,,-0.7,,,,CELSIUS,Degré Celsius (°C),SE,Standard error,0.1,,N,National,,
DATAFLOW,SPC:DF_CLIMATE_CHANGE(1.0),Indicateurs du changement climatique,I,A,Annuel,ST_ANOM,Anomalies des températures de surface,TK,Tokelau,1976,,-0.5,,,,CELSIUS,Degré Celsius (°C),SE,Standard error,0.1,,N,National,,
DATAFLOW,SPC:DF_CLIMATE_CHANGE(1.0),Indicateurs du changement climatique,I,A,Annuel,ST_ANOM,Anomalies des températures de surface,TK,Tokelau,1977,,0.2,,,,CELSIUS,Degré Celsius (°C),SE,Standard error,0.0,,N,National,,
DATAFLOW,SPC:DF_CLIMATE_CHANGE(1.0),Indicateurs du changement climatique,I,A,Annuel,ST_ANOM,Anomalies des températures de surface,TK,Tokelau,1978,,0.0,,,,CELSIUS,Degré Celsius (°C),SE,Standard error,0.0,,N,National,,
DATAFLOW,SPC:DF_CLIMATE_CHANGE(1.0),Indicateurs du changement climatique,I,A,Annuel,ST_ANOM,Anomalies des températures de surface,TK,Tokelau,1979,,0.0,,,,CELSIUS,Degré Celsius (°C),SE,Standard error,0.0,,N,National,,
DATAFLOW,SPC:DF_CLIMATE_CHANGE(1.0),Indicateurs du changement climatique,I,A,Annuel,ST_ANOM,Anomalies des températures de surface,TK,Tokelau,1980,,0.2,,,,CELSIUS,Degré Celsius (°C),SE,Standard error,0.0,,N,National,,
DATAFLOW,SPC:DF_CLIMATE_CHANGE(1.0),Indicateurs du changement climatique,I,A,Annuel,ST_ANOM,Anomalies des températures de surface,TK,Tokelau,1981,,-0.2,,,,CELSIUS,Degré Celsius (°C),SE,Standard error,0.0,,N,National,,
DATAFLOW,SPC:DF_CLIMATE_CHANGE(1.0),Indicateurs du changement climatique,I,A,Annuel,ST_ANOM,Anomalies des températures de surface,TK,Tokelau,1982,,0.2,,,,CELSIUS,Degré Celsius (°C),SE,Standard error,0.0,,N,National,,
DATAFLOW,SPC:DF_CLIMATE_CHANGE(1.0),Indicateurs du changement climatique,I,A,Annuel,ST_ANOM,Anomalies des températures de surface,TK,Tokelau,1983,,-0.1,,,,CELSIUS,Degré Celsius (°C),SE,Standard error,0.0,,N,National,,
DATAFLOW,SPC:DF_CLIMATE_CHANGE(1.0),Indicateurs du changement climatique,I,A,Annuel,ST_ANOM,Anomalies des températures de surface,TK,Tokelau,1984,,-0.2,,,,CELSIUS,Degré Celsius (°C),SE,Standard error,0.0,,N,National,,
DATAFLOW,SPC:DF_CLIMATE_CHANGE(1.0),Indicateurs du changement climatique,I,A,Annuel,ST_ANOM,Anomalies des températures de surface,TK,Tokelau,1985,,-0.3,,,,CELSIUS,Degré Celsius (°C),SE,Standard error,0.0,,N,National,,
DATAFLOW,SPC:DF_CLIMATE_CHANGE(1.0),Indicateurs du changement climatique,I,A,Annuel,ST_ANOM,Anomalies des températures de surface,TK,Tokelau,1986,,0.1,,,,CELSIUS,Degré Celsius (°C),SE,Standard error,0.1,,N,National,,
DATAFLOW,SPC:DF_CLIMATE_CHANGE(1.0),Indicateurs du changement climatique,I,A,Annuel,ST_ANOM,Anomalies des températures de surface,TK,Tokelau,1987,,0.5,,,,CELSIUS,Degré Celsius (°C),SE,Standard error,0.0,,N,National,,
DATAFLOW,SPC:DF_CLIMATE_CHANGE(1.0),Indicateurs du changement climatique,I,A,Annuel,ST_ANOM,Anomalies des températures de surface,TK,Tokelau,1988,,0.0,,,,CELSIUS,Degré Celsius (°C),SE,Standard error,0.1,,N,National,,
DATAFLOW,SPC:DF_CLIMATE_CHANGE(1.0),Indicateurs du changement climatique,I,A,Annuel,ST_ANOM,Anomalies des températures de surface,TK,Tokelau,1989,,-0.4,,,,CELSIUS,Degré Celsius (°C),SE,Standard error,0.1,,N,National,,
DATAFLOW,SPC:DF_CLIMATE_CHANGE(1.0),Indicateurs du changement climatique,I,A,Annuel,ST_ANOM,Anomalies des températures de surface,TK,Tokelau,1990,,0.2,,,,CELSIUS,Degré Celsius (°C),SE,Standard error,0.0,,N,National,,
DATAFLOW,SPC:DF_CLIMATE_CHANGE(1.0),Indicateurs du changement climatique,I,A,Annuel,ST_ANOM,Anomalies des températures de surface,TK,Tokelau,1991,,0.5,,,,CELSIUS,Degré Celsius (°C),SE,Standard error,0.0,,N,National,,
DATAFLOW,SPC:DF_CLIMATE_CHANGE(1.0),Indicateurs du changement climatique,I,A,Annuel,ST_ANOM,Anomalies des températures de surface,TK,Tokelau,1992,,0.4,,,,CELSIUS,Degré Celsius (°C),SE,Standard error,0.0,,N,National,,
DATAFLOW,SPC:DF_CLIMATE_CHANGE(1.0),Indicateurs du changement climatique,I,A,Annuel,ST_ANOM,Anomalies des températures de surface,TK,Tokelau,1993,,0.3,,,,CELSIUS,Degré Celsius (°C),SE,Standard error,0.0,,N,National,,
DATAFLOW,SPC:DF_CLIMATE_CHANGE(1.0),Indicateurs du changement climatique,I,A,Annuel,ST_ANOM,Anomalies des températures de surface,TK,Tokelau,1994,,0.5,,,,CELSIUS,Degré Celsius (°C),SE,Standard error,0.0,,N,National,,
DATAFLOW,SPC:DF_CLIMATE_CHANGE(1.0),Indicateurs du changement climatique,I,A,Annuel,ST_ANOM,Anomalies des températures de surface,TK,Tokelau,1995,,0.4,,,,CELSIUS,Degré Celsius (°C),SE,Standard error,0.1,,N,National,,
DATAFLOW,SPC:DF_CLIMATE_CHANGE(1.0),Indicateurs du changement climatique,I,A,Annuel,ST_ANOM,Anomalies des températures de surface,TK,Tokelau,1996,,0.0,,,,CELSIUS,Degré Celsius (°C),SE,Standard error,0.0,,N,National,,
DATAFLOW,SPC:DF_CLIMATE_CHANGE(1.0),Indicateurs du changement climatique,I,A,Annuel,ST_ANOM,Anomalies des températures de surface,TK,Tokelau,1997,,0.2,,,,CELSIUS,Degré Celsius (°C),SE,Standard error,0.0,,N,National,,
DATAFLOW,SPC:DF_CLIMATE_CHANGE(1.0),Indicateurs du changement climatique,I,A,Annuel,ST_ANOM,Anomalies des températures de surface,TK,Tokelau,1998,,-0.1,,,,CELSIUS,Degré Celsius (°C),SE,Standard error,0.1,,N,National,,
DATAFLOW,SPC:DF_CLIMATE_CHANGE(1.0),Indicateurs du changement climatique,I,A,Annuel,ST_ANOM,Anomalies des températures de surface,TK,Tokelau,1999,,-0.4,,,,CELSIUS,Degré Celsius (°C),SE,Standard error,0.0,,N,National,,
DATAFLOW,SPC:DF_CLIMATE_CHANGE(1.0),Indicateurs du changement climatique,I,A,Annuel,ST_ANOM,Anomalies des températures de surface,TK,Tokelau,2000,,-0.3,,,,CELSIUS,Degré Celsius (°C),SE,Standard error,0.0,,N,National,,
DATAFLOW,SPC:DF_CLIMATE_CHANGE(1.0),Indicateurs du changement climatique,I,A,Annuel,ST_ANOM,Anomalies des températures de surface,TK,Tokelau,2001,,0.1,,,,CELSIUS,Degré Celsius (°C),SE,Standard error,0.1,,N,National,,
DATAFLOW,SPC:DF_CLIMATE_CHANGE(1.0),Indicateurs du changement climatique,I,A,Annuel,ST_ANOM,Anomalies des températures de surface,TK,Tokelau,2002,,0.5,,,,CELSIUS,Degré Celsius (°C),SE,Standard error,0.0,,N,National,,
DATAFLOW,SPC:DF_CLIMATE_CHANGE(1.0),Indicateurs du changement climatique,I,A,Annuel,ST_ANOM,Anomalies des températures de surface,TK,Tokelau,2003,,0.6,,,,CELSIUS,Degré Celsius (°C),SE,Standard error,0.1,,N,National,,
DATAFLOW,SPC:DF_CLIMATE_CHANGE(1.0),Indicateurs du changement climatique,I,A,Annuel,ST_ANOM,Anomalies des températures de surface,TK,Tokelau,2004,,0.5,,,,CELSIUS,Degré Celsius (°C),SE,Standard error,0.1,,N,National,,
DATAFLOW,SPC:DF_CLIMATE_CHANGE(1.0),Indicateurs du changement climatique,I,A,Annuel,ST_ANOM,Anomalies des températures de surface,TK,Tokelau,2005,,0.4,,,,CELSIUS,Degré Celsius (°C),SE,Standard error,0.0,,N,National,,
DATAFLOW,SPC:DF_CLIMATE_CHANGE(1.0),Indicateurs du changement climatique,I,A,Annuel,ST_ANOM,Anomalies des températures de surface,TK,Tokelau,2006,,0.4,,,,CELSIUS,Degré Celsius (°C),SE,Standard error,0.1,,N,National,,
DATAFLOW,SPC:DF_CLIMATE_CHANGE(1.0),Indicateurs du changement climatique,I,A,Annuel,ST_ANOM,Anomalies des températures de surface,TK,Tokelau,2007,,0.3,,,,CELSIUS,Degré Celsius (°C),SE,Standard error,0.1,,N,National,,
DATAFLOW,SPC:DF_CLIMATE_CHANGE(1.0),Indicateurs du changement climatique,I,A,Annuel,ST_ANOM,Anomalies des températures de surface,TK,Tokelau,2008,,-0.3,,,,CELSIUS,Degré Celsius (°C),SE,Standard error,0.1,,N,National,,
DATAFLOW,SPC:DF_CLIMATE_CHANGE(1.0),Indicateurs du changement climatique,I,A,Annuel,ST_ANOM,Anomalies des températures de surface,TK,Tokelau,2009,,0.5,,,,CELSIUS,Degré Celsius (°C),SE,Standard error,0.1,,N,National,,
DATAFLOW,SPC:DF_CLIMATE_CHANGE(1.0),Indicateurs du changement climatique,I,A,Annuel,ST_ANOM,Anomalies des températures de surface,TK,Tokelau,2010,,0.2,,,,CELSIUS,Degré Celsius (°C),SE,Standard error,0.2,,N,National,,
DATAFLOW,SPC:DF_CLIMATE_CHANGE(1.0),Indicateurs du changement climatique,I,A,Annuel,ST_ANOM,Anomalies des températures de surface,TK,Tokelau,2011,,-0.4,,,,CELSIUS,Degré Celsius (°C),SE,Standard error,0.1,,N,National,,
DATAFLOW,SPC:DF_CLIMATE_CHANGE(1.0),Indicateurs du changement climatique,I,A,Annuel,ST_ANOM,Anomalies des températures de surface,TK,Tokelau,2012,,0.2,,,,CELSIUS,Degré Celsius (°C),SE,Standard error,0.1,,N,National,,
DATAFLOW,SPC:DF_CLIMATE_CHANGE(1.0),Indicateurs du changement climatique,I,A,Annuel,ST_ANOM,Anomalies des températures de surface,TK,Tokelau,2013,,0.3,,,,CELSIUS,Degré Celsius (°C),SE,Standard error,0.0,,N,National,,
DATAFLOW,SPC:DF_CLIMATE_CHANGE(1.0),Indicateurs du changement climatique,I,A,Annuel,ST_ANOM,Anomalies des températures de surface,TK,Tokelau,2014,,0.5,,,,CELSIUS,Degré Celsius (°C),SE,Standard error,0.0,,N,National,,
DATAFLOW,SPC:DF_CLIMATE_CHANGE(1.0),Indicateurs du changement climatique,I,A,Annuel,ST_ANOM,Anomalies des températures de surface,TK,Tokelau,2015,,0.9,,,,CELSIUS,Degré Celsius (°C),SE,Standard error,0.0,,N,National,,
DATAFLOW,SPC:DF_CLIMATE_CHANGE(1.0),Indicateurs du changement climatique,I,A,Annuel,ST_ANOM,Anomalies des températures de surface,TK,Tokelau,2016,,0.7,,,,CELSIUS,Degré Celsius (°C),SE,Standard error,0.1,,N,National,,
DATAFLOW,SPC:DF_CLIMATE_CHANGE(1.0),Indicateurs du changement climatique,I,A,Annuel,ST_ANOM,Anomalies des températures de surface,TK,Tokelau,2017,,0.5,,,,CELSIUS,Degré Celsius (°C),SE,Standard error,0.0,,N,National,,
DATAFLOW,SPC:DF_CLIMATE_CHANGE(1.0),Indicateurs du changement climatique,I,A,Annuel,ST_ANOM,Anomalies des températures de surface,TK,Tokelau,2018,,0.5,,,,CELSIUS,Degré Celsius (°C),SE,Standard error,0.1,,N,National,,
DATAFLOW,SPC:DF_CLIMATE_CHANGE(1.0),Indicateurs du changement climatique,I,A,Annuel,ST_ANOM,Anomalies des températures de surface,TK,Tokelau,2019,,0.8,,,,CELSIUS,Degré Celsius (°C),SE,Standard error,0.0,,N,National,,
DATAFLOW,SPC:DF_CLIMATE_CHANGE(1.0),Indicateurs du changement climatique,I,A,Annuel,ST_ANOM,Anomalies des températures de surface,TK,Tokelau,2020,,0.5,,,,CELSIUS,Degré Celsius (°C),SE,Standard error,0.1,,N,National,,
DATAFLOW,SPC:DF_CLIMATE_CHANGE(1.0),Indicateurs du changement climatique,I,A,Annuel,ST_ANOM,Anomalies des températures de surface,TK,Tokelau,2021,,0.0,,,,CELSIUS,Degré Celsius (°C),SE,Standard error,0.0,,N,National,,
DATAFLOW,SPC:DF_CLIMATE_CHANGE(1.0),Indicateurs du changement climatique,I,A,Annuel,ST_ANOM,Anomalies des températures de surface,TK,Tokelau,2022,,-0.2,,,,CELSIUS,Degré Celsius (°C),SE,Standard error,0.0,,N,National,,
DATAFLOW,SPC:DF_CLIMATE_CHANGE(1.0),Indicateurs du changement climatique,I,A,Annuel,ST_ANOM,Anomalies des températures de surface,TK,Tokelau,2023,,0.6,,,,CELSIUS,Degré Celsius (°C),SE,Standard error,0.1,,N,National,,
DATAFLOW,SPC:DF_CLIMATE_CHANGE(1.0),Indicateurs du changement climatique,I,A,Annuel,ST_ANOM,Anomalies des températures de surface,TK,Tokelau,2024,,0.8,,,,CELSIUS,Degré Celsius (°C),SE,Standard error,0.1,,N,National,,
DATAFLOW,SPC:DF_CLIMATE_CHANGE(1.0),Indicateurs du changement climatique,I,A,Annuel,ST_ANOM,Anomalies des températures de surface,TK,Tokelau,2025,,0.4,,,,CELSIUS,Degré Celsius (°C),SE,Standard error,0.0,,N,National,,
DATAFLOW,SPC:DF_CLIMATE_CHANGE(1.0),Indicateurs du changement climatique,I,A,Annuel,ST_ANOM,Anomalies des températures de surface,FJ,Fidji,1850,,-0.1,,,,CELSIUS,Degré Celsius (°C),SE,Standard error,0.0,,N,National,,
DATAFLOW,SPC:DF_CLIMATE_CHANGE(1.0),Indicateurs du changement climatique,I,A,Annuel,ST_ANOM,Anomalies des températures de surface,FJ,Fidji,1851,,-0.2,,,,CELSIUS,Degré Celsius (°C),SE,Standard error,0.0,,N,National,,
DATAFLOW,SPC:DF_CLIMATE_CHANGE(1.0),Indicateurs du changement climatique,I,A,Annuel,ST_ANOM,Anomalies des températures de surface,FJ,Fidji,1852,,-0.2,,,,CELSIUS,Degré Celsius (°C),SE,Standard error,0.0,,N,National,,
DATAFLOW,SPC:DF_CLIMATE_CHANGE(1.0),Indicateurs du changement climatique,I,A,Annuel,ST_ANOM,Anomalies des températures de surface,FJ,Fidji,1853,,-0.1,,,,CELSIUS,Degré Celsius (°C),SE,Standard error,0.2,,N,National,,
DATAFLOW,SPC:DF_CLIMATE_CHANGE(1.0),Indicateurs du changement climatique,I,A,Annuel,ST_ANOM,Anomalies des températures de surface,FJ,Fidji,1854,,-0.4,,,,CELSIUS,Degré Celsius (°C),SE,Standard error,0.1,,N,National,,
DATAFLOW,SPC:DF_CLIMATE_CHANGE(1.0),Indicateurs du changement climatique,I,A,Annuel,ST_ANOM,Anomalies des températures de surface,FJ,Fidji,1855,,-0.4,,,,CELSIUS,Degré Celsius (°C),SE,Standard error,0.1,,N,National,,
DATAFLOW,SPC:DF_CLIMATE_CHANGE(1.0),Indicateurs du changement climatique,I,A,Annuel,ST_ANOM,Anomalies des températures de surface,FJ,Fidji,1856,,-0.5,,,,CELSIUS,Degré Celsius (°C),SE,Standard error,0.1,,N,National,,
DATAFLOW,SPC:DF_CLIMATE_CHANGE(1.0),Indicateurs du changement climatique,I,A,Annuel,ST_ANOM,Anomalies des températures de surface,FJ,Fidji,1857,,0.1,,,,CELSIUS,Degré Celsius (°C),SE,Standard error,0.1,,N,National,,
DATAFLOW,SPC:DF_CLIMATE_CHANGE(1.0),Indicateurs du changement climatique,I,A,Annuel,ST_ANOM,Anomalies des températures de surface,FJ,Fidji,1858,,-0.2,,,,CELSIUS,Degré Celsius (°C),SE,Standard error,0.0,,N,National,,
DATAFLOW,SPC:DF_CLIMATE_CHANGE(1.0),Indicateurs du changement climatique,I,A,Annuel,ST_ANOM,Anomalies des températures de surface,FJ,Fidji,1859,,0.0,,,,CELSIUS,Degré Celsius (°C),SE,Standard error,0.0,,N,National,,
DATAFLOW,SPC:DF_CLIMATE_CHANGE(1.0),Indicateurs du changement climatique,I,A,Annuel,ST_ANOM,Anomalies des températures de surface,FJ,Fidji,1860,,0.0,,,,CELSIUS,Degré Celsius (°C),SE,Standard error,0.0,,N,National,,
DATAFLOW,SPC:DF_CLIMATE_CHANGE(1.0),Indicateurs du changement climatique,I,A,Annuel,ST_ANOM,Anomalies des températures de surface,FJ,Fidji,1861,,-0.1,,,,CELSIUS,Degré Celsius (°C),SE,Standard error,0.1,,N,National,,
DATAFLOW,SPC:DF_CLIMATE_CHANGE(1.0),Indicateurs du changement climatique,I,A,Annuel,ST_ANOM,Anomalies des températures de surface,FJ,Fidji,1862,,-0.1,,,,CELSIUS,Degré Celsius (°C),SE,Standard error,0.1,,N,National,,
DATAFLOW,SPC:DF_CLIMATE_CHANGE(1.0),Indicateurs du changement climatique,I,A,Annuel,ST_ANOM,Anomalies des températures de surface,FJ,Fidji,1863,,0.0,,,,CELSIUS,Degré Celsius (°C),SE,Standard error,0.1,,N,National,,
DATAFLOW,SPC:DF_CLIMATE_CHANGE(1.0),Indicateurs du changement climatique,I,A,Annuel,ST_ANOM,Anomalies des températures de surface,FJ,Fidji,1864,,0.0,,,,CELSIUS,Degré Celsius (°C),SE,Standard error,0.1,,N,National,,
DATAFLOW,SPC:DF_CLIMATE_CHANGE(1.0),Indicateurs du changement climatique,I,A,Annuel,ST_ANOM,Anomalies des températures de surface,FJ,Fidji,1865,,-0.1,,,,CELSIUS,Degré Celsius (°C),SE,Standard error,0.0,,N,National,,
DATAFLOW,SPC:DF_CLIMATE_CHANGE(1.0),Indicateurs du changement climatique,I,A,Annuel,ST_ANOM,Anomalies des températures de surface,FJ,Fidji,1866,,0.0,,,,CELSIUS,Degré Celsius (°C),SE,Standard error,0.0,,N,National,,
DATAFLOW,SPC:DF_CLIMATE_CHANGE(1.0),Indicateurs du changement climatique,I,A,Annuel,ST_ANOM,Anomalies des températures de surface,FJ,Fidji,1867,,0.1,,,,CELSIUS,Degré Celsius (°C),SE,Standard error,0.1,,N,National,,
DATAFLOW,SPC:DF_CLIMATE_CHANGE(1.0),Indicateurs du changement climatique,I,A,Annuel,ST_ANOM,Anomalies des températures de surface,FJ,Fidji,1868,,0.0,,,,CELSIUS,Degré Celsius (°C),SE,Standard error,0.1,,N,National,,
DATAFLOW,SPC:DF_CLIMATE_CHANGE(1.0),Indicateurs du changement climatique,I,A,Annuel,ST_ANOM,Anomalies des températures de surface,FJ,Fidji,1869,,0.0,,,,CELSIUS,Degré Celsius (°C),SE,Standard error,0.1,,N,National,,
DATAFLOW,SPC:DF_CLIMATE_CHANGE(1.0),Indicateurs du changement climatique,I,A,Annuel,ST_ANOM,Anomalies des températures de surface,FJ,Fidji,1870,,0.1,,,,CELSIUS,Degré Celsius (°C),SE,Standard error,0.1,,N,National,,
DATAFLOW,SPC:DF_CLIMATE_CHANGE(1.0),Indicateurs du changement climatique,I,A,Annuel,ST_ANOM,Anomalies des températures de surface,FJ,Fidji,1871,,0.1,,,,CELSIUS,Degré Celsius (°C),SE,Standard error,0.1,,N,National,,
DATAFLOW,SPC:DF_CLIMATE_CHANGE(1.0),Indicateurs du changement climatique,I,A,Annuel,ST_ANOM,Anomalies des températures de surface,FJ,Fidji,1872,,0.2,,,,CELSIUS,Degré Celsius (°C),SE,Standard error,0.1,,N,National,,
DATAFLOW,SPC:DF_CLIMATE_CHANGE(1.0),Indicateurs du changement climatique,I,A,Annuel,ST_ANOM,Anomalies des températures de surface,FJ,Fidji,1873,,0.1,,,,CELSIUS,Degré Celsius (°C),SE,Standard error,0.1,,N,National,,
DATAFLOW,SPC:DF_CLIMATE_CHANGE(1.0),Indicateurs du changement climatique,I,A,Annuel,ST_ANOM,Anomalies des températures de surface,FJ,Fidji,1874,,0.1,,,,CELSIUS,Degré Celsius (°C),SE,Standard error,0.2,,N,National,,
DATAFLOW,SPC:DF_CLIMATE_CHANGE(1.0),Indicateurs du changement climatique,I,A,Annuel,ST_ANOM,Anomalies des températures de surface,FJ,Fidji,1875,,0.0,,,,CELSIUS,Degré Celsius (°C),SE,Standard error,0.1,,N,National,,
DATAFLOW,SPC:DF_CLIMATE_CHANGE(1.0),Indicateurs du changement climatique,I,A,Annuel,ST_ANOM,Anomalies des températures de surface,FJ,Fidji,1876,,-0.1,,,,CELSIUS,Degré Celsius (°C),SE,Standard error,0.0,,N,National,,
DATAFLOW,SPC:DF_CLIMATE_CHANGE(1.0),Indicateurs du changement climatique,I,A,Annuel,ST_ANOM,Anomalies des températures de surface,FJ,Fidji,1877,,-0.5,,,,CELSIUS,Degré Celsius (°C),SE,Standard error,0.1,,N,National,,
DATAFLOW,SPC:DF_CLIMATE_CHANGE(1.0),Indicateurs du changement climatique,I,A,Annuel,ST_ANOM,Anomalies des températures de surface,FJ,Fidji,1878,,-0.3,,,,CELSIUS,Degré Celsius (°C),SE,Standard error,0.1,,N,National,,
DATAFLOW,SPC:DF_CLIMATE_CHANGE(1.0),Indicateurs du changement climatique,I,A,Annuel,ST_ANOM,Anomalies des températures de surface,FJ,Fidji,1879,,0.2,,,,CELSIUS,Degré Celsius (°C),SE,Standard error,0.1,,N,National,,
DATAFLOW,SPC:DF_CLIMATE_CHANGE(1.0),Indicateurs du changement climatique,I,A,Annuel,ST_ANOM,Anomalies des températures de surface,FJ,Fidji,1880,,0.0,,,,CELSIUS,Degré Celsius (°C),SE,Standard error,0.1,,N,National,,
DATAFLOW,SPC:DF_CLIMATE_CHANGE(1.0),Indicateurs du changement climatique,I,A,Annuel,ST_ANOM,Anomalies des températures de surface,FJ,Fidji,1881,,-0.1,,,,CELSIUS,Degré Celsius (°C),SE,Standard error,0.1,,N,National,,
DATAFLOW,SPC:DF_CLIMATE_CHANGE(1.0),Indicateurs du changement climatique,I,A,Annuel,ST_ANOM,Anomalies des températures de surface,FJ,Fidji,1882,,0.0,,,,CELSIUS,Degré Celsius (°C),SE,Standard error,0.1,,N,National,,
DATAFLOW,SPC:DF_CLIMATE_CHANGE(1.0),Indicateurs du changement climatique,I,A,Annuel,ST_ANOM,Anomalies des températures de surface,FJ,Fidji,1883,,-0.5,,,,CELSIUS,Degré Celsius (°C),SE,Standard error,0.1,,N,National,,
DATAFLOW,SPC:DF_CLIMATE_CHANGE(1.0),Indicateurs du changement climatique,I,A,Annuel,ST_ANOM,Anomalies des températures de surface,FJ,Fidji,1884,,-0.8,,,,CELSIUS,Degré Celsius (°C),SE,Standard error,0.1,,N,National,,
DATAFLOW,SPC:DF_CLIMATE_CHANGE(1.0),Indicateurs du changement climatique,I,A,Annuel,ST_ANOM,Anomalies des températures de surface,FJ,Fidji,1885,,-1.1,,,,CELSIUS,Degré Celsius (°C),SE,Standard error,0.1,,N,National,,
DATAFLOW,SPC:DF_CLIMATE_CHANGE(1.0),Indicateurs du changement climatique,I,A,Annuel,ST_ANOM,Anomalies des températures de surface,FJ,Fidji,1886,,-0.7,,,,CELSIUS,Degré Celsius (°C),SE,Standard error,0.1,,N,National,,
DATAFLOW,SPC:DF_CLIMATE_CHANGE(1.0),Indicateurs du changement climatique,I,A,Annuel,ST_ANOM,Anomalies des températures de surface,FJ,Fidji,1887,,-0.5,,,,CELSIUS,Degré Celsius (°C),SE,Standard error,0.1,,N,National,,
DATAFLOW,SPC:DF_CLIMATE_CHANGE(1.0),Indicateurs du changement climatique,I,A,Annuel,ST_ANOM,Anomalies des températures de surface,FJ,Fidji,1888,,-0.8,,,,CELSIUS,Degré Celsius (°C),SE,Standard error,0.1,,N,National,,
DATAFLOW,SPC:DF_CLIMATE_CHANGE(1.0),Indicateurs du changement climatique,I,A,Annuel,ST_ANOM,Anomalies des températures de surface,FJ,Fidji,1889,,-0.4,,,,CELSIUS,Degré Celsius (°C),SE,Standard error,0.1,,N,National,,
DATAFLOW,SPC:DF_CLIMATE_CHANGE(1.0),Indicateurs du changement climatique,I,A,Annuel,ST_ANOM,Anomalies des températures de surface,FJ,Fidji,1890,,-0.3,,,,CELSIUS,Degré Celsius (°C),SE,Standard error,0.1,,N,National,,
DATAFLOW,SPC:DF_CLIMATE_CHANGE(1.0),Indicateurs du changement climatique,I,A,Annuel,ST_ANOM,Anomalies des températures de surface,FJ,Fidji,1891,,-0.3,,,,CELSIUS,Degré Celsius (°C),SE,Standard error,0.1,,N,National,,
DATAFLOW,SPC:DF_CLIMATE_CHANGE(1.0),Indicateurs du changement climatique,I,A,Annuel,ST_ANOM,Anomalies des températures de surface,FJ,Fidji,1892,,-0.4,,,,CELSIUS,Degré Celsius (°C),SE,Standard error,0.1,,N,National,,
DATAFLOW,SPC:DF_CLIMATE_CHANGE(1.0),Indicateurs du changement climatique,I,A,Annuel,ST_ANOM,Anomalies des températures de surface,FJ,Fidji,1893,,0.0,,,,CELSIUS,Degré Celsius (°C),SE,Standard error,0.1,,N,National,,
DATAFLOW,SPC:DF_CLIMATE_CHANGE(1.0),Indicateurs du changement climatique,I,A,Annuel,ST_ANOM,Anomalies des températures de surface,FJ,Fidji,1894,,-0.5,,,,CELSIUS,Degré Celsius (°C),SE,Standard error,0.1,,N,National,,
DATAFLOW,SPC:DF_CLIMATE_CHANGE(1.0),Indicateurs du changement climatique,I,A,Annuel,ST_ANOM,Anomalies des températures de surface,FJ,Fidji,1895,,-0.4,,,,CELSIUS,Degré Celsius (°C),SE,Standard error,0.1,,N,National,,
DATAFLOW,SPC:DF_CLIMATE_CHANGE(1.0),Indicateurs du changement climatique,I,A,Annuel,ST_ANOM,Anomalies des températures de surface,FJ,Fidji,1896,,-0.5,,,,CELSIUS,Degré Celsius (°C),SE,Standard error,0.1,,N,National,,
DATAFLOW,SPC:DF_CLIMATE_CHANGE(1.0),Indicateurs du changement climatique,I,A,Annuel,ST_ANOM,Anomalies des températures de surface,FJ,Fidji,1897,,-0.5,,,,CELSIUS,Degré Celsius (°C),SE,Standard error,0.1,,N,National,,
DATAFLOW,SPC:DF_CLIMATE_CHANGE(1.0),Indicateurs du changement climatique,I,A,Annuel,ST_ANOM,Anomalies des températures de surface,FJ,Fidji,1898,,-0.1,,,,CELSIUS,Degré Celsius (°C),SE,Standard error,0.0,,N,National,,
DATAFLOW,SPC:DF_CLIMATE_CHANGE(1.0),Indicateurs du changement climatique,I,A,Annuel,ST_ANOM,Anomalies des températures de surface,FJ,Fidji,1899,,-0.2,,,,CELSIUS,Degré Celsius (°C),SE,Standard error,0.1,,N,National,,
DATAFLOW,SPC:DF_CLIMATE_CHANGE(1.0),Indicateurs du changement climatique,I,A,Annuel,ST_ANOM,Anomalies des températures de surface,FJ,Fidji,1900,,-0.7,,,,CELSIUS,Degré Celsius (°C),SE,Standard error,0.1,,N,National,,
DATAFLOW,SPC:DF_CLIMATE_CHANGE(1.0),Indicateurs du changement climatique,I,A,Annuel,ST_ANOM,Anomalies des températures de surface,FJ,Fidji,1901,,-0.4,,,,CELSIUS,Degré Celsius (°C),SE,Standard error,0.1,,N,National,,
DATAFLOW,SPC:DF_CLIMATE_CHANGE(1.0),Indicateurs du changement climatique,I,A,Annuel,ST_ANOM,Anomalies des températures de surface,FJ,Fidji,1902,,-1.0,,,,CELSIUS,Degré Celsius (°C),SE,Standard error,0.1,,N,National,,
DATAFLOW,SPC:DF_CLIMATE_CHANGE(1.0),Indicateurs du changement climatique,I,A,Annuel,ST_ANOM,Anomalies des températures de surface,FJ,Fidji,1903,,-0.8,,,,CELSIUS,Degré Celsius (°C),SE,Standard error,0.1,,N,National,,
DATAFLOW,SPC:DF_CLIMATE_CHANGE(1.0),Indicateurs du changement climatique,I,A,Annuel,ST_ANOM,Anomalies des températures de surface,FJ,Fidji,1904,,-0.6,,,,CELSIUS,Degré Celsius (°C),SE,Standard error,0.1,,N,National,,
DATAFLOW,SPC:DF_CLIMATE_CHANGE(1.0),Indicateurs du changement climatique,I,A,Annuel,ST_ANOM,Anomalies des températures de surface,FJ,Fidji,1905,,-1.1,,,,CELSIUS,Degré Celsius (°C),SE,Standard error,0.1,,N,National,,
DATAFLOW,SPC:DF_CLIMATE_CHANGE(1.0),Indicateurs du changement climatique,I,A,Annuel,ST_ANOM,Anomalies des températures de surface,FJ,Fidji,1906,,-0.6,,,,CELSIUS,Degré Celsius (°C),SE,Standard error,0.1,,N,National,,
DATAFLOW,SPC:DF_CLIMATE_CHANGE(1.0),Indicateurs du changement climatique,I,A,Annuel,ST_ANOM,Anomalies des températures de surface,FJ,Fidji,1907,,-0.6,,,,CELSIUS,Degré Celsius (°C),SE,Standard error,0.0,,N,National,,
DATAFLOW,SPC:DF_CLIMATE_CHANGE(1.0),Indicateurs du changement climatique,I,A,Annuel,ST_ANOM,Anomalies des températures de surface,FJ,Fidji,1908,,-0.5,,,,CELSIUS,Degré Celsius (°C),SE,Standard error,0.0,,N,National,,
DATAFLOW,SPC:DF_CLIMATE_CHANGE(1.0),Indicateurs du changement climatique,I,A,Annuel,ST_ANOM,Anomalies des températures de surface,FJ,Fidji,1909,,-0.5,,,,CELSIUS,Degré Celsius (°C),SE,Standard error,0.1,,N,National,,
DATAFLOW,SPC:DF_CLIMATE_CHANGE(1.0),Indicateurs du changement climatique,I,A,Annuel,ST_ANOM,Anomalies des températures de surface,FJ,Fidji,1910,,-0.3,,,,CELSIUS,Degré Celsius (°C),SE,Standard error,0.1,,N,National,,
DATAFLOW,SPC:DF_CLIMATE_CHANGE(1.0),Indicateurs du changement climatique,I,A,Annuel,ST_ANOM,Anomalies des températures de surface,FJ,Fidji,1911,,-0.5,,,,CELSIUS,Degré Celsius (°C),SE,Standard error,0.0,,N,National,,
DATAFLOW,SPC:DF_CLIMATE_CHANGE(1.0),Indicateurs du changement climatique,I,A,Annuel,ST_ANOM,Anomalies des températures de surface,FJ,Fidji,1912,,-0.7,,,,CELSIUS,Degré Celsius (°C),SE,Standard error,0.0,,N,National,,
DATAFLOW,SPC:DF_CLIMATE_CHANGE(1.0),Indicateurs du changement climatique,I,A,Annuel,ST_ANOM,Anomalies des températures de surface,FJ,Fidji,1913,,-0.8,,,,CELSIUS,Degré Celsius (°C),SE,Standard error,0.1,,N,National,,
DATAFLOW,SPC:DF_CLIMATE_CHANGE(1.0),Indicateurs du changement climatique,I,A,Annuel,ST_ANOM,Anomalies des températures de surface,FJ,Fidji,1914,,-0.8,,,,CELSIUS,Degré Celsius (°C),SE,Standard error,0.1,,N,National,,
DATAFLOW,SPC:DF_CLIMATE_CHANGE(1.0),Indicateurs du changement climatique,I,A,Annuel,ST_ANOM,Anomalies des températures de surface,FJ,Fidji,1915,,-0.5,,,,CELSIUS,Degré Celsius (°C),SE,Standard error,0.1,,N,National,,
DATAFLOW,SPC:DF_CLIMATE_CHANGE(1.0),Indicateurs du changement climatique,I,A,Annuel,ST_ANOM,Anomalies des températures de surface,FJ,Fidji,1916,,0.0,,,,CELSIUS,Degré Celsius (°C),SE,Standard error,0.1,,N,National,,
DATAFLOW,SPC:DF_CLIMATE_CHANGE(1.0),Indicateurs du changement climatique,I,A,Annuel,ST_ANOM,Anomalies des températures de surface,FJ,Fidji,1917,,-0.1,,,,CELSIUS,Degré Celsius (°C),SE,Standard error,0.1,,N,National,,
DATAFLOW,SPC:DF_CLIMATE_CHANGE(1.0),Indicateurs du changement climatique,I,A,Annuel,ST_ANOM,Anomalies des températures de surface,FJ,Fidji,1918,,-0.5,,,,CELSIUS,Degré Celsius (°C),SE,Standard error,0.0,,N,National,,
DATAFLOW,SPC:DF_CLIMATE_CHANGE(1.0),Indicateurs du changement climatique,I,A,Annuel,ST_ANOM,Anomalies des températures de surface,FJ,Fidji,1919,,-0.9,,,,CELSIUS,Degré Celsius (°C),SE,Standard error,0.1,,N,National,,
DATAFLOW,SPC:DF_CLIMATE_CHANGE(1.0),Indicateurs du changement climatique,I,A,Annuel,ST_ANOM,Anomalies des températures de surface,FJ,Fidji,1920,,-0.5,,,,CELSIUS,Degré Celsius (°C),SE,Standard error,0.1,,N,National,,
DATAFLOW,SPC:DF_CLIMATE_CHANGE(1.0),Indicateurs du changement climatique,I,A,Annuel,ST_ANOM,Anomalies des températures de surface,FJ,Fidji,1921,,-0.6,,,,CELSIUS,Degré Celsius (°C),SE,Standard error,0.1,,N,National,,
DATAFLOW,SPC:DF_CLIMATE_CHANGE(1.0),Indicateurs du changement climatique,I,A,Annuel,ST_ANOM,Anomalies des températures de surface,FJ,Fidji,1922,,-0.2,,,,CELSIUS,Degré Celsius (°C),SE,Standard error,0.0,,N,National,,
DATAFLOW,SPC:DF_CLIMATE_CHANGE(1.0),Indicateurs du changement climatique,I,A,Annuel,ST_ANOM,Anomalies des températures de surface,FJ,Fidji,1923,,-0.5,,,,CELSIUS,Degré Celsius (°C),SE,Standard error,0.1,,N,National,,
DATAFLOW,SPC:DF_CLIMATE_CHANGE(1.0),Indicateurs du changement climatique,I,A,Annuel,ST_ANOM,Anomalies des températures de surface,FJ,Fidji,1924,,-0.1,,,,CELSIUS,Degré Celsius (°C),SE,Standard error,0.1,,N,National,,
DATAFLOW,SPC:DF_CLIMATE_CHANGE(1.0),Indicateurs du changement climatique,I,A,Annuel,ST_ANOM,Anomalies des températures de surface,FJ,Fidji,1925,,-0.4,,,,CELSIUS,Degré Celsius (°C),SE,Standard error,0.1,,N,National,,
DATAFLOW,SPC:DF_CLIMATE_CHANGE(1.0),Indicateurs du changement climatique,I,A,Annuel,ST_ANOM,Anomalies des températures de surface,FJ,Fidji,1926,,-0.7,,,,CELSIUS,Degré Celsius (°C),SE,Standard error,0.1,,N,National,,
DATAFLOW,SPC:DF_CLIMATE_CHANGE(1.0),Indicateurs du changement climatique,I,A,Annuel,ST_ANOM,Anomalies des températures de surface,FJ,Fidji,1927,,-0.2,,,,CELSIUS,Degré Celsius (°C),SE,Standard error,0.1,,N,National,,
DATAFLOW,SPC:DF_CLIMATE_CHANGE(1.0),Indicateurs du changement climatique,I,A,Annuel,ST_ANOM,Anomalies des températures de surface,FJ,Fidji,1928,,-0.5,,,,CELSIUS,Degré Celsius (°C),SE,Standard error,0.1,,N,National,,
DATAFLOW,SPC:DF_CLIMATE_CHANGE(1.0),Indicateurs du changement climatique,I,A,Annuel,ST_ANOM,Anomalies des températures de surface,FJ,Fidji,1929,,-0.5,,,,CELSIUS,Degré Celsius (°C),SE,Standard error,0.1,,N,National,,
DATAFLOW,SPC:DF_CLIMATE_CHANGE(1.0),Indicateurs du changement climatique,I,A,Annuel,ST_ANOM,Anomalies des températures de surface,FJ,Fidji,1930,,-0.8,,,,CELSIUS,Degré Celsius (°C),SE,Standard error,0.1,,N,National,,
DATAFLOW,SPC:DF_CLIMATE_CHANGE(1.0),Indicateurs du changement climatique,I,A,Annuel,ST_ANOM,Anomalies des températures de surface,FJ,Fidji,1931,,-0.7,,,,CELSIUS,Degré Celsius (°C),SE,Standard error,0.1,,N,National,,
DATAFLOW,SPC:DF_CLIMATE_CHANGE(1.0),Indicateurs du changement climatique,I,A,Annuel,ST_ANOM,Anomalies des températures de surface,FJ,Fidji,1932,,-0.4,,,,CELSIUS,Degré Celsius (°C),SE,Standard error,0.0,,N,National,,
DATAFLOW,SPC:DF_CLIMATE_CHANGE(1.0),Indicateurs du changement climatique,I,A,Annuel,ST_ANOM,Anomalies des températures de surface,FJ,Fidji,1933,,-0.4,,,,CELSIUS,Degré Celsius (°C),SE,Standard error,0.1,,N,National,,
DATAFLOW,SPC:DF_CLIMATE_CHANGE(1.0),Indicateurs du changement climatique,I,A,Annuel,ST_ANOM,Anomalies des températures de surface,FJ,Fidji,1934,,-0.5,,,,CELSIUS,Degré Celsius (°C),SE,Standard error,0.0,,N,National,,
DATAFLOW,SPC:DF_CLIMATE_CHANGE(1.0),Indicateurs du changement climatique,I,A,Annuel,ST_ANOM,Anomalies des températures de surface,FJ,Fidji,1935,,-0.3,,,,CELSIUS,Degré Celsius (°C),SE,Standard error,0.1,,N,National,,
DATAFLOW,SPC:DF_CLIMATE_CHANGE(1.0),Indicateurs du changement climatique,I,A,Annuel,ST_ANOM,Anomalies des températures de surface,FJ,Fidji,1936,,-0.3,,,,CELSIUS,Degré Celsius (°C),SE,Standard error,0.1,,N,National,,
DATAFLOW,SPC:DF_CLIMATE_CHANGE(1.0),Indicateurs du changement climatique,I,A,Annuel,ST_ANOM,Anomalies des températures de surface,FJ,Fidji,1937,,-0.2,,,,CELSIUS,Degré Celsius (°C),SE,Standard error,0.1,,N,National,,
DATAFLOW,SPC:DF_CLIMATE_CHANGE(1.0),Indicateurs du changement climatique,I,A,Annuel,ST_ANOM,Anomalies des températures de surface,FJ,Fidji,1938,,-0.2,,,,CELSIUS,Degré Celsius (°C),SE,Standard error,0.1,,N,National,,
DATAFLOW,SPC:DF_CLIMATE_CHANGE(1.0),Indicateurs du changement climatique,I,A,Annuel,ST_ANOM,Anomalies des températures de surface,FJ,Fidji,1939,,-0.5,,,,CELSIUS,Degré Celsius (°C),SE,Standard error,0.1,,N,National,,
DATAFLOW,SPC:DF_CLIMATE_CHANGE(1.0),Indicateurs du changement climatique,I,A,Annuel,ST_ANOM,Anomalies des températures de surface,FJ,Fidji,1940,,-0.7,,,,CELSIUS,Degré Celsius (°C),SE,Standard error,0.0,,N,National,,
DATAFLOW,SPC:DF_CLIMATE_CHANGE(1.0),Indicateurs du changement climatique,I,A,Annuel,ST_ANOM,Anomalies des températures de surface,FJ,Fidji,1941,,-0.6,,,,CELSIUS,Degré Celsius (°C),SE,Standard error,0.0,,N,National,,
DATAFLOW,SPC:DF_CLIMATE_CHANGE(1.0),Indicateurs du changement climatique,I,A,Annuel,ST_ANOM,Anomalies des températures de surface,FJ,Fidji,1942,,-0.3,,,,CELSIUS,Degré Celsius (°C),SE,Standard error,0.1,,N,National,,
DATAFLOW,SPC:DF_CLIMATE_CHANGE(1.0),Indicateurs du changement climatique,I,A,Annuel,ST_ANOM,Anomalies des températures de surface,FJ,Fidji,1943,,0.3,,,,CELSIUS,Degré Celsius (°C),SE,Standard error,0.1,,N,National,,
DATAFLOW,SPC:DF_CLIMATE_CHANGE(1.0),Indicateurs du changement climatique,I,A,Annuel,ST_ANOM,Anomalies des températures de surface,FJ,Fidji,1944,,0.1,,,,CELSIUS,Degré Celsius (°C),SE,Standard error,0.1,,N,National,,
DATAFLOW,SPC:DF_CLIMATE_CHANGE(1.0),Indicateurs du changement climatique,I,A,Annuel,ST_ANOM,Anomalies des températures de surface,FJ,Fidji,1945,,0.0,,,,CELSIUS,Degré Celsius (°C),SE,Standard error,0.1,,N,National,,
DATAFLOW,SPC:DF_CLIMATE_CHANGE(1.0),Indicateurs du changement climatique,I,A,Annuel,ST_ANOM,Anomalies des températures de surface,FJ,Fidji,1946,,-0.3,,,,CELSIUS,Degré Celsius (°C),SE,Standard error,0.1,,N,National,,
DATAFLOW,SPC:DF_CLIMATE_CHANGE(1.0),Indicateurs du changement climatique,I,A,Annuel,ST_ANOM,Anomalies des températures de surface,FJ,Fidji,1947,,-0.1,,,,CELSIUS,Degré Celsius (°C),SE,Standard error,0.1,,N,National,,
DATAFLOW,SPC:DF_CLIMATE_CHANGE(1.0),Indicateurs du changement climatique,I,A,Annuel,ST_ANOM,Anomalies des températures de surface,FJ,Fidji,1948,,-0.2,,,,CELSIUS,Degré Celsius (°C),SE,Standard error,0.1,,N,National,,
DATAFLOW,SPC:DF_CLIMATE_CHANGE(1.0),Indicateurs du changement climatique,I,A,Annuel,ST_ANOM,Anomalies des températures de surface,FJ,Fidji,1949,,-0.1,,,,CELSIUS,Degré Celsius (°C),SE,Standard error,0.0,,N,National,,
DATAFLOW,SPC:DF_CLIMATE_CHANGE(1.0),Indicateurs du changement climatique,I,A,Annuel,ST_ANOM,Anomalies des températures de surface,FJ,Fidji,1950,,0.0,,,,CELSIUS,Degré Celsius (°C),SE,Standard error,0.1,,N,National,,
DATAFLOW,SPC:DF_CLIMATE_CHANGE(1.0),Indicateurs du changement climatique,I,A,Annuel,ST_ANOM,Anomalies des températures de surface,FJ,Fidji,1951,,-0.1,,,,CELSIUS,Degré Celsius (°C),SE,Standard error,0.1,,N,National,,
DATAFLOW,SPC:DF_CLIMATE_CHANGE(1.0),Indicateurs du changement climatique,I,A,Annuel,ST_ANOM,Anomalies des températures de surface,FJ,Fidji,1952,,0.0,,,,CELSIUS,Degré Celsius (°C),SE,Standard error,0.1,,N,National,,
DATAFLOW,SPC:DF_CLIMATE_CHANGE(1.0),Indicateurs du changement climatique,I,A,Annuel,ST_ANOM,Anomalies des températures de surface,FJ,Fidji,1953,,-0.1,,,,CELSIUS,Degré Celsius (°C),SE,Standard error,0.1,,N,National,,
DATAFLOW,SPC:DF_CLIMATE_CHANGE(1.0),Indicateurs du changement climatique,I,A,Annuel,ST_ANOM,Anomalies des températures de surface,FJ,Fidji,1954,,-0.2,,,,CELSIUS,Degré Celsius (°C),SE,Standard error,0.1,,N,National,,
DATAFLOW,SPC:DF_CLIMATE_CHANGE(1.0),Indicateurs du changement climatique,I,A,Annuel,ST_ANOM,Anomalies des températures de surface,FJ,Fidji,1955,,-0.1,,,,CELSIUS,Degré Celsius (°C),SE,Standard error,0.1,,N,National,,
DATAFLOW,SPC:DF_CLIMATE_CHANGE(1.0),Indicateurs du changement climatique,I,A,Annuel,ST_ANOM,Anomalies des températures de surface,FJ,Fidji,1956,,0.2,,,,CELSIUS,Degré Celsius (°C),SE,Standard error,0.1,,N,National,,
DATAFLOW,SPC:DF_CLIMATE_CHANGE(1.0),Indicateurs du changement climatique,I,A,Annuel,ST_ANOM,Anomalies des températures de surface,FJ,Fidji,1957,,-0.3,,,,CELSIUS,Degré Celsius (°C),SE,Standard error,0.1,,N,National,,
DATAFLOW,SPC:DF_CLIMATE_CHANGE(1.0),Indicateurs du changement climatique,I,A,Annuel,ST_ANOM,Anomalies des températures de surface,FJ,Fidji,1958,,-0.4,,,,CELSIUS,Degré Celsius (°C),SE,Standard error,0.1,,N,National,,
DATAFLOW,SPC:DF_CLIMATE_CHANGE(1.0),Indicateurs du changement climatique,I,A,Annuel,ST_ANOM,Anomalies des températures de surface,FJ,Fidji,1959,,-0.3,,,,CELSIUS,Degré Celsius (°C),SE,Standard error,0.1,,N,National,,
DATAFLOW,SPC:DF_CLIMATE_CHANGE(1.0),Indicateurs du changement climatique,I,A,Annuel,ST_ANOM,Anomalies des températures de surface,FJ,Fidji,1960,,-0.1,,,,CELSIUS,Degré Celsius (°C),SE,Standard error,0.1,,N,National,,
DATAFLOW,SPC:DF_CLIMATE_CHANGE(1.0),Indicateurs du changement climatique,I,A,Annuel,ST_ANOM,Anomalies des températures de surface,FJ,Fidji,1961,,0.0,,,,CELSIUS,Degré Celsius (°C),SE,Standard error,0.1,,N,National,,
DATAFLOW,SPC:DF_CLIMATE_CHANGE(1.0),Indicateurs du changement climatique,I,A,Annuel,ST_ANOM,Anomalies des températures de surface,FJ,Fidji,1962,,-0.1,,,,CELSIUS,Degré Celsius (°C),SE,Standard error,0.1,,N,National,,
DATAFLOW,SPC:DF_CLIMATE_CHANGE(1.0),Indicateurs du changement climatique,I,A,Annuel,ST_ANOM,Anomalies des températures de surface,FJ,Fidji,1963,,-0.2,,,,CELSIUS,Degré Celsius (°C),SE,Standard error,0.1,,N,National,,
DATAFLOW,SPC:DF_CLIMATE_CHANGE(1.0),Indicateurs du changement climatique,I,A,Annuel,ST_ANOM,Anomalies des températures de surface,FJ,Fidji,1964,,-0.1,,,,CELSIUS,Degré Celsius (°C),SE,Standard error,0.1,,N,National,,
DATAFLOW,SPC:DF_CLIMATE_CHANGE(1.0),Indicateurs du changement climatique,I,A,Annuel,ST_ANOM,Anomalies des températures de surface,FJ,Fidji,1965,,-0.6,,,,CELSIUS,Degré Celsius (°C),SE,Standard error,0.1,,N,National,,
DATAFLOW,SPC:DF_CLIMATE_CHANGE(1.0),Indicateurs du changement climatique,I,A,Annuel,ST_ANOM,Anomalies des températures de surface,FJ,Fidji,1966,,-0.4,,,,CELSIUS,Degré Celsius (°C),SE,Standard error,0.1,,N,National,,
DATAFLOW,SPC:DF_CLIMATE_CHANGE(1.0),Indicateurs du changement climatique,I,A,Annuel,ST_ANOM,Anomalies des températures de surface,FJ,Fidji,1967,,-0.2,,,,CELSIUS,Degré Celsius (°C),SE,Standard error,0.1,,N,National,,
DATAFLOW,SPC:DF_CLIMATE_CHANGE(1.0),Indicateurs du changement climatique,I,A,Annuel,ST_ANOM,Anomalies des températures de surface,FJ,Fidji,1968,,-0.1,,,,CELSIUS,Degré Celsius (°C),SE,Standard error,0.1,,N,National,,
DATAFLOW,SPC:DF_CLIMATE_CHANGE(1.0),Indicateurs du changement climatique,I,A,Annuel,ST_ANOM,Anomalies des températures de surface,FJ,Fidji,1969,,-0.3,,,,CELSIUS,Degré Celsius (°C),SE,Standard error,0.1,,N,National,,
DATAFLOW,SPC:DF_CLIMATE_CHANGE(1.0),Indicateurs du changement climatique,I,A,Annuel,ST_ANOM,Anomalies des températures de surface,FJ,Fidji,1970,,0.1,,,,CELSIUS,Degré Celsius (°C),SE,Standard error,0.1,,N,National,,
DATAFLOW,SPC:DF_CLIMATE_CHANGE(1.0),Indicateurs du changement climatique,I,A,Annuel,ST_ANOM,Anomalies des températures de surface,FJ,Fidji,1971,,0.1,,,,CELSIUS,Degré Celsius (°C),SE,Standard error,0.1,,N,National,,
DATAFLOW,SPC:DF_CLIMATE_CHANGE(1.0),Indicateurs du changement climatique,I,A,Annuel,ST_ANOM,Anomalies des températures de surface,FJ,Fidji,1972,,-0.2,,,,CELSIUS,Degré Celsius (°C),SE,Standard error,0.0,,N,National,,
DATAFLOW,SPC:DF_CLIMATE_CHANGE(1.0),Indicateurs du changement climatique,I,A,Annuel,ST_ANOM,Anomalies des températures de surface,FJ,Fidji,1973,,0.2,,,,CELSIUS,Degré Celsius (°C),SE,Standard error,0.1,,N,National,,
DATAFLOW,SPC:DF_CLIMATE_CHANGE(1.0),Indicateurs du changement climatique,I,A,Annuel,ST_ANOM,Anomalies des températures de surface,FJ,Fidji,1974,,0.3,,,,CELSIUS,Degré Celsius (°C),SE,Standard error,0.1,,N,National,,
DATAFLOW,SPC:DF_CLIMATE_CHANGE(1.0),Indicateurs du changement climatique,I,A,Annuel,ST_ANOM,Anomalies des températures de surface,FJ,Fidji,1975,,0.2,,,,CELSIUS,Degré Celsius (°C),SE,Standard error,0.1,,N,National,,
DATAFLOW,SPC:DF_CLIMATE_CHANGE(1.0),Indicateurs du changement climatique,I,A,Annuel,ST_ANOM,Anomalies des températures de surface,FJ,Fidji,1976,,0.0,,,,CELSIUS,Degré Celsius (°C),SE,Standard error,0.0,,N,National,,
DATAFLOW,SPC:DF_CLIMATE_CHANGE(1.0),Indicateurs du changement climatique,I,A,Annuel,ST_ANOM,Anomalies des températures de surface,FJ,Fidji,1977,,-0.4,,,,CELSIUS,Degré Celsius (°C),SE,Standard error,0.1,,N,National,,
DATAFLOW,SPC:DF_CLIMATE_CHANGE(1.0),Indicateurs du changement climatique,I,A,Annuel,ST_ANOM,Anomalies des températures de surface,FJ,Fidji,1978,,-0.3,,,,CELSIUS,Degré Celsius (°C),SE,Standard error,0.1,,N,National,,
DATAFLOW,SPC:DF_CLIMATE_CHANGE(1.0),Indicateurs du changement climatique,I,A,Annuel,ST_ANOM,Anomalies des températures de surface,FJ,Fidji,1979,,-0.1,,,,CELSIUS,Degré Celsius (°C),SE,Standard error,0.1,,N,National,,
DATAFLOW,SPC:DF_CLIMATE_CHANGE(1.0),Indicateurs du changement climatique,I,A,Annuel,ST_ANOM,Anomalies des températures de surface,FJ,Fidji,1980,,-0.1,,,,CELSIUS,Degré Celsius (°C),SE,Standard error,0.1,,N,National,,
DATAFLOW,SPC:DF_CLIMATE_CHANGE(1.0),Indicateurs du changement climatique,I,A,Annuel,ST_ANOM,Anomalies des températures de surface,FJ,Fidji,1981,,-0.1,,,,CELSIUS,Degré Celsius (°C),SE,Standard error,0.1,,N,National,,
DATAFLOW,SPC:DF_CLIMATE_CHANGE(1.0),Indicateurs du changement climatique,I,A,Annuel,ST_ANOM,Anomalies des températures de surface,FJ,Fidji,1982,,-0.3,,,,CELSIUS,Degré Celsius (°C),SE,Standard error,0.1,,N,National,,
DATAFLOW,SPC:DF_CLIMATE_CHANGE(1.0),Indicateurs du changement climatique,I,A,Annuel,ST_ANOM,Anomalies des températures de surface,FJ,Fidji,1983,,-0.4,,,,CELSIUS,Degré Celsius (°C),SE,Standard error,0.1,,N,National,,
DATAFLOW,SPC:DF_CLIMATE_CHANGE(1.0),Indicateurs du changement climatique,I,A,Annuel,ST_ANOM,Anomalies des températures de surface,FJ,Fidji,1984,,0.2,,,,CELSIUS,Degré Celsius (°C),SE,Standard error,0.1,,N,National,,
DATAFLOW,SPC:DF_CLIMATE_CHANGE(1.0),Indicateurs du changement climatique,I,A,Annuel,ST_ANOM,Anomalies des températures de surface,FJ,Fidji,1985,,0.0,,,,CELSIUS,Degré Celsius (°C),SE,Standard error,0.1,,N,National,,
DATAFLOW,SPC:DF_CLIMATE_CHANGE(1.0),Indicateurs du changement climatique,I,A,Annuel,ST_ANOM,Anomalies des températures de surface,FJ,Fidji,1986,,-0.4,,,,CELSIUS,Degré Celsius (°C),SE,Standard error,0.1,,N,National,,
DATAFLOW,SPC:DF_CLIMATE_CHANGE(1.0),Indicateurs du changement climatique,I,A,Annuel,ST_ANOM,Anomalies des températures de surface,FJ,Fidji,1987,,-0.4,,,,CELSIUS,Degré Celsius (°C),SE,Standard error,0.1,,N,National,,
DATAFLOW,SPC:DF_CLIMATE_CHANGE(1.0),Indicateurs du changement climatique,I,A,Annuel,ST_ANOM,Anomalies des températures de surface,FJ,Fidji,1988,,0.3,,,,CELSIUS,Degré Celsius (°C),SE,Standard error,0.1,,N,National,,
DATAFLOW,SPC:DF_CLIMATE_CHANGE(1.0),Indicateurs du changement climatique,I,A,Annuel,ST_ANOM,Anomalies des températures de surface,FJ,Fidji,1989,,0.2,,,,CELSIUS,Degré Celsius (°C),SE,Standard error,0.1,,N,National,,
DATAFLOW,SPC:DF_CLIMATE_CHANGE(1.0),Indicateurs du changement climatique,I,A,Annuel,ST_ANOM,Anomalies des températures de surface,FJ,Fidji,1990,,0.1,,,,CELSIUS,Degré Celsius (°C),SE,Standard error,0.1,,N,National,,
DATAFLOW,SPC:DF_CLIMATE_CHANGE(1.0),Indicateurs du changement climatique,I,A,Annuel,ST_ANOM,Anomalies des températures de surface,FJ,Fidji,1991,,-0.1,,,,CELSIUS,Degré Celsius (°C),SE,Standard error,0.1,,N,National,,
DATAFLOW,SPC:DF_CLIMATE_CHANGE(1.0),Indicateurs du changement climatique,I,A,Annuel,ST_ANOM,Anomalies des températures de surface,FJ,Fidji,1992,,-0.2,,,,CELSIUS,Degré Celsius (°C),SE,Standard error,0.1,,N,National,,
DATAFLOW,SPC:DF_CLIMATE_CHANGE(1.0),Indicateurs du changement climatique,I,A,Annuel,ST_ANOM,Anomalies des températures de surface,FJ,Fidji,1993,,-0.5,,,,CELSIUS,Degré Celsius (°C),SE,Standard error,0.1,,N,National,,
DATAFLOW,SPC:DF_CLIMATE_CHANGE(1.0),Indicateurs du changement climatique,I,A,Annuel,ST_ANOM,Anomalies des températures de surface,FJ,Fidji,1994,,-0.4,,,,CELSIUS,Degré Celsius (°C),SE,Standard error,0.1,,N,National,,
DATAFLOW,SPC:DF_CLIMATE_CHANGE(1.0),Indicateurs du changement climatique,I,A,Annuel,ST_ANOM,Anomalies des températures de surface,FJ,Fidji,1995,,0.2,,,,CELSIUS,Degré Celsius (°C),SE,Standard error,0.1,,N,National,,
DATAFLOW,SPC:DF_CLIMATE_CHANGE(1.0),Indicateurs du changement climatique,I,A,Annuel,ST_ANOM,Anomalies des températures de surface,FJ,Fidji,1996,,0.3,,,,CELSIUS,Degré Celsius (°C),SE,Standard error,0.1,,N,National,,
DATAFLOW,SPC:DF_CLIMATE_CHANGE(1.0),Indicateurs du changement climatique,I,A,Annuel,ST_ANOM,Anomalies des températures de surface,FJ,Fidji,1997,,-0.2,,,,CELSIUS,Degré Celsius (°C),SE,Standard error,0.1,,N,National,,
DATAFLOW,SPC:DF_CLIMATE_CHANGE(1.0),Indicateurs du changement climatique,I,A,Annuel,ST_ANOM,Anomalies des températures de surface,FJ,Fidji,1998,,0.0,,,,CELSIUS,Degré Celsius (°C),SE,Standard error,0.1,,N,National,,
DATAFLOW,SPC:DF_CLIMATE_CHANGE(1.0),Indicateurs du changement climatique,I,A,Annuel,ST_ANOM,Anomalies des températures de surface,FJ,Fidji,1999,,0.4,,,,CELSIUS,Degré Celsius (°C),SE,Standard error,0.0,,N,National,,
DATAFLOW,SPC:DF_CLIMATE_CHANGE(1.0),Indicateurs du changement climatique,I,A,Annuel,ST_ANOM,Anomalies des températures de surface,FJ,Fidji,2000,,0.5,,,,CELSIUS,Degré Celsius (°C),SE,Standard error,0.0,,N,National,,
DATAFLOW,SPC:DF_CLIMATE_CHANGE(1.0),Indicateurs du changement climatique,I,A,Annuel,ST_ANOM,Anomalies des températures de surface,FJ,Fidji,2001,,0.4,,,,CELSIUS,Degré Celsius (°C),SE,Standard error,0.0,,N,National,,
DATAFLOW,SPC:DF_CLIMATE_CHANGE(1.0),Indicateurs du changement climatique,I,A,Annuel,ST_ANOM,Anomalies des températures de surface,FJ,Fidji,2002,,0.3,,,,CELSIUS,Degré Celsius (°C),SE,Standard error,0.1,,N,National,,
DATAFLOW,SPC:DF_CLIMATE_CHANGE(1.0),Indicateurs du changement climatique,I,A,Annuel,ST_ANOM,Anomalies des températures de surface,FJ,Fidji,2003,,0.2,,,,CELSIUS,Degré Celsius (°C),SE,Standard error,0.1,,N,National,,
DATAFLOW,SPC:DF_CLIMATE_CHANGE(1.0),Indicateurs du changement climatique,I,A,Annuel,ST_ANOM,Anomalies des températures de surface,FJ,Fidji,2004,,0.2,,,,CELSIUS,Degré Celsius (°C),SE,Standard error,0.0,,N,National,,
DATAFLOW,SPC:DF_CLIMATE_CHANGE(1.0),Indicateurs du changement climatique,I,A,Annuel,ST_ANOM,Anomalies des températures de surface,FJ,Fidji,2005,,0.3,,,,CELSIUS,Degré Celsius (°C),SE,Standard error,0.1,,N,National,,
DATAFLOW,SPC:DF_CLIMATE_CHANGE(1.0),Indicateurs du changement climatique,I,A,Annuel,ST_ANOM,Anomalies des températures de surface,FJ,Fidji,2006,,0.2,,,,CELSIUS,Degré Celsius (°C),SE,Standard error,0.1,,N,National,,
DATAFLOW,SPC:DF_CLIMATE_CHANGE(1.0),Indicateurs du changement climatique,I,A,Annuel,ST_ANOM,Anomalies des températures de surface,FJ,Fidji,2007,,0.4,,,,CELSIUS,Degré Celsius (°C),SE,Standard error,0.1,,N,National,,
DATAFLOW,SPC:DF_CLIMATE_CHANGE(1.0),Indicateurs du changement climatique,I,A,Annuel,ST_ANOM,Anomalies des températures de surface,FJ,Fidji,2008,,0.6,,,,CELSIUS,Degré Celsius (°C),SE,Standard error,0.1,,N,National,,
DATAFLOW,SPC:DF_CLIMATE_CHANGE(1.0),Indicateurs du changement climatique,I,A,Annuel,ST_ANOM,Anomalies des températures de surface,FJ,Fidji,2009,,0.1,,,,CELSIUS,Degré Celsius (°C),SE,Standard error,0.1,,N,National,,
DATAFLOW,SPC:DF_CLIMATE_CHANGE(1.0),Indicateurs du changement climatique,I,A,Annuel,ST_ANOM,Anomalies des températures de surface,FJ,Fidji,2010,,0.4,,,,CELSIUS,Degré Celsius (°C),SE,Standard error,0.1,,N,National,,
DATAFLOW,SPC:DF_CLIMATE_CHANGE(1.0),Indicateurs du changement climatique,I,A,Annuel,ST_ANOM,Anomalies des températures de surface,FJ,Fidji,2011,,0.6,,,,CELSIUS,Degré Celsius (°C),SE,Standard error,0.1,,N,National,,
DATAFLOW,SPC:DF_CLIMATE_CHANGE(1.0),Indicateurs du changement climatique,I,A,Annuel,ST_ANOM,Anomalies des températures de surface,FJ,Fidji,2012,,0.4,,,,CELSIUS,Degré Celsius (°C),SE,Standard error,0.1,,N,National,,
DATAFLOW,SPC:DF_CLIMATE_CHANGE(1.0),Indicateurs du changement climatique,I,A,Annuel,ST_ANOM,Anomalies des températures de surface,FJ,Fidji,2013,,0.6,,,,CELSIUS,Degré Celsius (°C),SE,Standard error,0.1,,N,National,,
DATAFLOW,SPC:DF_CLIMATE_CHANGE(1.0),Indicateurs du changement climatique,I,A,Annuel,ST_ANOM,Anomalies des températures de surface,FJ,Fidji,2014,,0.4,,,,CELSIUS,Degré Celsius (°C),SE,Standard error,0.1,,N,National,,
DATAFLOW,SPC:DF_CLIMATE_CHANGE(1.0),Indicateurs du changement climatique,I,A,Annuel,ST_ANOM,Anomalies des températures de surface,FJ,Fidji,2015,,-0.2,,,,CELSIUS,Degré Celsius (°C),SE,Standard error,0.1,,N,National,,
DATAFLOW,SPC:DF_CLIMATE_CHANGE(1.0),Indicateurs du changement climatique,I,A,Annuel,ST_ANOM,Anomalies des températures de surface,FJ,Fidji,2016,,0.4,,,,CELSIUS,Degré Celsius (°C),SE,Standard error,0.1,,N,National,,
DATAFLOW,SPC:DF_CLIMATE_CHANGE(1.0),Indicateurs du changement climatique,I,A,Annuel,ST_ANOM,Anomalies des températures de surface,FJ,Fidji,2017,,0.5,,,,CELSIUS,Degré Celsius (°C),SE,Standard error,0.1,,N,National,,
DATAFLOW,SPC:DF_CLIMATE_CHANGE(1.0),Indicateurs du changement climatique,I,A,Annuel,ST_ANOM,Anomalies des températures de surface,FJ,Fidji,2018,,0.5,,,,CELSIUS,Degré Celsius (°C),SE,Standard error,0.0,,N,National,,
DATAFLOW,SPC:DF_CLIMATE_CHANGE(1.0),Indicateurs du changement climatique,I,A,Annuel,ST_ANOM,Anomalies des températures de surface,FJ,Fidji,2019,,0.4,,,,CELSIUS,Degré Celsius (°C),SE,Standard error,0.1,,N,National,,
DATAFLOW,SPC:DF_CLIMATE_CHANGE(1.0),Indicateurs du changement climatique,I,A,Annuel,ST_ANOM,Anomalies des températures de surface,FJ,Fidji,2020,,0.6,,,,CELSIUS,Degré Celsius (°C),SE,Standard error,0.1,,N,National,,
DATAFLOW,SPC:DF_CLIMATE_CHANGE(1.0),Indicateurs du changement climatique,I,A,Annuel,ST_ANOM,Anomalies des températures de surface,FJ,Fidji,2021,,0.7,,,,CELSIUS,Degré Celsius (°C),SE,Standard error,0.1,,N,National,,
DATAFLOW,SPC:DF_CLIMATE_CHANGE(1.0),Indicateurs du changement climatique,I,A,Annuel,ST_ANOM,Anomalies des températures de surface,FJ,Fidji,2022,,1.1,,,,CELSIUS,Degré Celsius (°C),SE,Standard error,0.1,,N,National,,
DATAFLOW,SPC:DF_CLIMATE_CHANGE(1.0),Indicateurs du changement climatique,I,A,Annuel,ST_ANOM,Anomalies des températures de surface,FJ,Fidji,2023,,0.6,,,,CELSIUS,Degré Celsius (°C),SE,Standard error,0.1,,N,National,,
DATAFLOW,SPC:DF_CLIMATE_CHANGE(1.0),Indicateurs du changement climatique,I,A,Annuel,ST_ANOM,Anomalies des températures de surface,FJ,Fidji,2024,,0.6,,,,CELSIUS,Degré Celsius (°C),SE,Standard error,0.0,,N,National,,
DATAFLOW,SPC:DF_CLIMATE_CHANGE(1.0),Indicateurs du changement climatique,I,A,Annuel,ST_ANOM,Anomalies des températures de surface,FJ,Fidji,2025,,0.7,,,,CELSIUS,Degré Celsius (°C),SE,Standard error,0.1,,N,National,,
DATAFLOW,SPC:DF_CLIMATE_CHANGE(1.0),Indicateurs du changement climatique,I,A,Annuel,ST_ANOM,Anomalies des températures de surface,NC,Nouvelle-Calédonie,1850,,-0.6,,,,CELSIUS,Degré Celsius (°C),SE,Standard error,0.0,,N,National,,
DATAFLOW,SPC:DF_CLIMATE_CHANGE(1.0),Indicateurs du changement climatique,I,A,Annuel,ST_ANOM,Anomalies des températures de surface,NC,Nouvelle-Calédonie,1851,,0.2,,,,CELSIUS,Degré Celsius (°C),SE,Standard error,0.1,,N,National,,
DATAFLOW,SPC:DF_CLIMATE_CHANGE(1.0),Indicateurs du changement climatique,I,A,Annuel,ST_ANOM,Anomalies des températures de surface,NC,Nouvelle-Calédonie,1852,,-0.4,,,,CELSIUS,Degré Celsius (°C),SE,Standard error,0.1,,N,National,,
DATAFLOW,SPC:DF_CLIMATE_CHANGE(1.0),Indicateurs du changement climatique,I,A,Annuel,ST_ANOM,Anomalies des températures de surface,NC,Nouvelle-Calédonie,1853,,-0.6,,,,CELSIUS,Degré Celsius (°C),SE,Standard error,0.2,,N,National,,
DATAFLOW,SPC:DF_CLIMATE_CHANGE(1.0),Indicateurs du changement climatique,I,A,Annuel,ST_ANOM,Anomalies des températures de surface,NC,Nouvelle-Calédonie,1854,,-0.9,,,,CELSIUS,Degré Celsius (°C),SE,Standard error,0.2,,N,National,,
DATAFLOW,SPC:DF_CLIMATE_CHANGE(1.0),Indicateurs du changement climatique,I,A,Annuel,ST_ANOM,Anomalies des températures de surface,NC,Nouvelle-Calédonie,1855,,-0.8,,,,CELSIUS,Degré Celsius (°C),SE,Standard error,0.1,,N,National,,
DATAFLOW,SPC:DF_CLIMATE_CHANGE(1.0),Indicateurs du changement climatique,I,A,Annuel,ST_ANOM,Anomalies des températures de surface,NC,Nouvelle-Calédonie,1856,,-1.1,,,,CELSIUS,Degré Celsius (°C),SE,Standard error,0.2,,N,National,,
DATAFLOW,SPC:DF_CLIMATE_CHANGE(1.0),Indicateurs du changement climatique,I,A,Annuel,ST_ANOM,Anomalies des températures de surface,NC,Nouvelle-Calédonie,1857,,-0.3,,,,CELSIUS,Degré Celsius (°C),SE,Standard error,0.2,,N,National,,
DATAFLOW,SPC:DF_CLIMATE_CHANGE(1.0),Indicateurs du changement climatique,I,A,Annuel,ST_ANOM,Anomalies des températures de surface,NC,Nouvelle-Calédonie,1858,,-0.7,,,,CELSIUS,Degré Celsius (°C),SE,Standard error,0.1,,N,National,,
DATAFLOW,SPC:DF_CLIMATE_CHANGE(1.0),Indicateurs du changement climatique,I,A,Annuel,ST_ANOM,Anomalies des températures de surface,NC,Nouvelle-Calédonie,1859,,-0.2,,,,CELSIUS,Degré Celsius (°C),SE,Standard error,0.1,,N,National,,
DATAFLOW,SPC:DF_CLIMATE_CHANGE(1.0),Indicateurs du changement climatique,I,A,Annuel,ST_ANOM,Anomalies des températures de surface,NC,Nouvelle-Calédonie,1860,,-0.4,,,,CELSIUS,Degré Celsius (°C),SE,Standard error,0.1,,N,National,,
DATAFLOW,SPC:DF_CLIMATE_CHANGE(1.0),Indicateurs du changement climatique,I,A,Annuel,ST_ANOM,Anomalies des températures de surface,NC,Nouvelle-Calédonie,1861,,-0.6,,,,CELSIUS,Degré Celsius (°C),SE,Standard error,0.2,,N,National,,
DATAFLOW,SPC:DF_CLIMATE_CHANGE(1.0),Indicateurs du changement climatique,I,A,Annuel,ST_ANOM,Anomalies des températures de surface,NC,Nouvelle-Calédonie,1862,,-0.5,,,,CELSIUS,Degré Celsius (°C),SE,Standard error,0.1,,N,National,,
DATAFLOW,SPC:DF_CLIMATE_CHANGE(1.0),Indicateurs du changement climatique,I,A,Annuel,ST_ANOM,Anomalies des températures de surface,NC,Nouvelle-Calédonie,1863,,0.1,,,,CELSIUS,Degré Celsius (°C),SE,Standard error,0.2,,N,National,,
DATAFLOW,SPC:DF_CLIMATE_CHANGE(1.0),Indicateurs du changement climatique,I,A,Annuel,ST_ANOM,Anomalies des températures de surface,NC,Nouvelle-Calédonie,1864,,0.4,,,,CELSIUS,Degré Celsius (°C),SE,Standard error,0.2,,N,National,,
DATAFLOW,SPC:DF_CLIMATE_CHANGE(1.0),Indicateurs du changement climatique,I,A,Annuel,ST_ANOM,Anomalies des températures de surface,NC,Nouvelle-Calédonie,1865,,0.1,,,,CELSIUS,Degré Celsius (°C),SE,Standard error,0.1,,N,National,,
DATAFLOW,SPC:DF_CLIMATE_CHANGE(1.0),Indicateurs du changement climatique,I,A,Annuel,ST_ANOM,Anomalies des températures de surface,NC,Nouvelle-Calédonie,1866,,0.0,,,,CELSIUS,Degré Celsius (°C),SE,Standard error,0.2,,N,National,,
DATAFLOW,SPC:DF_CLIMATE_CHANGE(1.0),Indicateurs du changement climatique,I,A,Annuel,ST_ANOM,Anomalies des températures de surface,NC,Nouvelle-Calédonie,1867,,-0.1,,,,CELSIUS,Degré Celsius (°C),SE,Standard error,0.2,,N,National,,
DATAFLOW,SPC:DF_CLIMATE_CHANGE(1.0),Indicateurs du changement climatique,I,A,Annuel,ST_ANOM,Anomalies des températures de surface,NC,Nouvelle-Calédonie,1868,,-0.4,,,,CELSIUS,Degré Celsius (°C),SE,Standard error,0.2,,N,National,,
DATAFLOW,SPC:DF_CLIMATE_CHANGE(1.0),Indicateurs du changement climatique,I,A,Annuel,ST_ANOM,Anomalies des températures de surface,NC,Nouvelle-Calédonie,1869,,-0.1,,,,CELSIUS,Degré Celsius (°C),SE,Standard error,0.1,,N,National,,
DATAFLOW,SPC:DF_CLIMATE_CHANGE(1.0),Indicateurs du changement climatique,I,A,Annuel,ST_ANOM,Anomalies des températures de surface,NC,Nouvelle-Calédonie,1870,,0.1,,,,CELSIUS,Degré Celsius (°C),SE,Standard error,0.1,,N,National,,
DATAFLOW,SPC:DF_CLIMATE_CHANGE(1.0),Indicateurs du changement climatique,I,A,Annuel,ST_ANOM,Anomalies des températures de surface,NC,Nouvelle-Calédonie,1871,,-0.2,,,,CELSIUS,Degré Celsius (°C),SE,Standard error,0.1,,N,National,,
DATAFLOW,SPC:DF_CLIMATE_CHANGE(1.0),Indicateurs du changement climatique,I,A,Annuel,ST_ANOM,Anomalies des températures de surface,NC,Nouvelle-Calédonie,1872,,-0.1,,,,CELSIUS,Degré Celsius (°C),SE,Standard error,0.1,,N,National,,
DATAFLOW,SPC:DF_CLIMATE_CHANGE(1.0),Indicateurs du changement climatique,I,A,Annuel,ST_ANOM,Anomalies des températures de surface,NC,Nouvelle-Calédonie,1873,,-0.1,,,,CELSIUS,Degré Celsius (°C),SE,Standard error,0.1,,N,National,,
DATAFLOW,SPC:DF_CLIMATE_CHANGE(1.0),Indicateurs du changement climatique,I,A,Annuel,ST_ANOM,Anomalies des températures de surface,NC,Nouvelle-Calédonie,1874,,0.0,,,,CELSIUS,Degré Celsius (°C),SE,Standard error,0.1,,N,National,,
DATAFLOW,SPC:DF_CLIMATE_CHANGE(1.0),Indicateurs du changement climatique,I,A,Annuel,ST_ANOM,Anomalies des températures de surface,NC,Nouvelle-Calédonie,1875,,0.0,,,,CELSIUS,Degré Celsius (°C),SE,Standard error,0.2,,N,National,,
DATAFLOW,SPC:DF_CLIMATE_CHANGE(1.0),Indicateurs du changement climatique,I,A,Annuel,ST_ANOM,Anomalies des températures de surface,NC,Nouvelle-Calédonie,1876,,-0.1,,,,CELSIUS,Degré Celsius (°C),SE,Standard error,0.1,,N,National,,
DATAFLOW,SPC:DF_CLIMATE_CHANGE(1.0),Indicateurs du changement climatique,I,A,Annuel,ST_ANOM,Anomalies des températures de surface,NC,Nouvelle-Calédonie,1877,,-0.3,,,,CELSIUS,Degré Celsius (°C),SE,Standard error,0.1,,N,National,,
DATAFLOW,SPC:DF_CLIMATE_CHANGE(1.0),Indicateurs du changement climatique,I,A,Annuel,ST_ANOM,Anomalies des températures de surface,NC,Nouvelle-Calédonie,1878,,0.1,,,,CELSIUS,Degré Celsius (°C),SE,Standard error,0.1,,N,National,,
DATAFLOW,SPC:DF_CLIMATE_CHANGE(1.0),Indicateurs du changement climatique,I,A,Annuel,ST_ANOM,Anomalies des températures de surface,NC,Nouvelle-Calédonie,1879,,0.2,,,,CELSIUS,Degré Celsius (°C),SE,Standard error,0.1,,N,National,,
DATAFLOW,SPC:DF_CLIMATE_CHANGE(1.0),Indicateurs du changement climatique,I,A,Annuel,ST_ANOM,Anomalies des températures de surface,NC,Nouvelle-Calédonie,1880,,-0.2,,,,CELSIUS,Degré Celsius (°C),SE,Standard error,0.1,,N,National,,
DATAFLOW,SPC:DF_CLIMATE_CHANGE(1.0),Indicateurs du changement climatique,I,A,Annuel,ST_ANOM,Anomalies des températures de surface,NC,Nouvelle-Calédonie,1881,,-0.6,,,,CELSIUS,Degré Celsius (°C),SE,Standard error,0.1,,N,National,,
DATAFLOW,SPC:DF_CLIMATE_CHANGE(1.0),Indicateurs du changement climatique,I,A,Annuel,ST_ANOM,Anomalies des températures de surface,NC,Nouvelle-Calédonie,1882,,-0.3,,,,CELSIUS,Degré Celsius (°C),SE,Standard error,0.1,,N,National,,
DATAFLOW,SPC:DF_CLIMATE_CHANGE(1.0),Indicateurs du changement climatique,I,A,Annuel,ST_ANOM,Anomalies des températures de surface,NC,Nouvelle-Calédonie,1883,,-0.6,,,,CELSIUS,Degré Celsius (°C),SE,Standard error,0.1,,N,National,,
DATAFLOW,SPC:DF_CLIMATE_CHANGE(1.0),Indicateurs du changement climatique,I,A,Annuel,ST_ANOM,Anomalies des températures de surface,NC,Nouvelle-Calédonie,1884,,-1.1,,,,CELSIUS,Degré Celsius (°C),SE,Standard error,0.1,,N,National,,
DATAFLOW,SPC:DF_CLIMATE_CHANGE(1.0),Indicateurs du changement climatique,I,A,Annuel,ST_ANOM,Anomalies des températures de surface,NC,Nouvelle-Calédonie,1885,,-1.1,,,,CELSIUS,Degré Celsius (°C),SE,Standard error,0.1,,N,National,,
DATAFLOW,SPC:DF_CLIMATE_CHANGE(1.0),Indicateurs du changement climatique,I,A,Annuel,ST_ANOM,Anomalies des températures de surface,NC,Nouvelle-Calédonie,1886,,-0.5,,,,CELSIUS,Degré Celsius (°C),SE,Standard error,0.1,,N,National,,
DATAFLOW,SPC:DF_CLIMATE_CHANGE(1.0),Indicateurs du changement climatique,I,A,Annuel,ST_ANOM,Anomalies des températures de surface,NC,Nouvelle-Calédonie,1887,,-0.7,,,,CELSIUS,Degré Celsius (°C),SE,Standard error,0.1,,N,National,,
DATAFLOW,SPC:DF_CLIMATE_CHANGE(1.0),Indicateurs du changement climatique,I,A,Annuel,ST_ANOM,Anomalies des températures de surface,NC,Nouvelle-Calédonie,1888,,-1.0,,,,CELSIUS,Degré Celsius (°C),SE,Standard error,0.1,,N,National,,
DATAFLOW,SPC:DF_CLIMATE_CHANGE(1.0),Indicateurs du changement climatique,I,A,Annuel,ST_ANOM,Anomalies des températures de surface,NC,Nouvelle-Calédonie,1889,,-0.3,,,,CELSIUS,Degré Celsius (°C),SE,Standard error,0.1,,N,National,,
DATAFLOW,SPC:DF_CLIMATE_CHANGE(1.0),Indicateurs du changement climatique,I,A,Annuel,ST_ANOM,Anomalies des températures de surface,NC,Nouvelle-Calédonie,1890,,-0.2,,,,CELSIUS,Degré Celsius (°C),SE,Standard error,0.1,,N,National,,
DATAFLOW,SPC:DF_CLIMATE_CHANGE(1.0),Indicateurs du changement climatique,I,A,Annuel,ST_ANOM,Anomalies des températures de surface,NC,Nouvelle-Calédonie,1891,,-0.3,,,,CELSIUS,Degré Celsius (°C),SE,Standard error,0.1,,N,National,,
DATAFLOW,SPC:DF_CLIMATE_CHANGE(1.0),Indicateurs du changement climatique,I,A,Annuel,ST_ANOM,Anomalies des températures de surface,NC,Nouvelle-Calédonie,1892,,-0.4,,,,CELSIUS,Degré Celsius (°C),SE,Standard error,0.2,,N,National,,
DATAFLOW,SPC:DF_CLIMATE_CHANGE(1.0),Indicateurs du changement climatique,I,A,Annuel,ST_ANOM,Anomalies des températures de surface,NC,Nouvelle-Calédonie,1893,,0.6,,,,CELSIUS,Degré Celsius (°C),SE,Standard error,0.1,,N,National,,
DATAFLOW,SPC:DF_CLIMATE_CHANGE(1.0),Indicateurs du changement climatique,I,A,Annuel,ST_ANOM,Anomalies des températures de surface,NC,Nouvelle-Calédonie,1894,,-0.3,,,,CELSIUS,Degré Celsius (°C),SE,Standard error,0.1,,N,National,,
DATAFLOW,SPC:DF_CLIMATE_CHANGE(1.0),Indicateurs du changement climatique,I,A,Annuel,ST_ANOM,Anomalies des températures de surface,NC,Nouvelle-Calédonie,1895,,-0.5,,,,CELSIUS,Degré Celsius (°C),SE,Standard error,0.2,,N,National,,
DATAFLOW,SPC:DF_CLIMATE_CHANGE(1.0),Indicateurs du changement climatique,I,A,Annuel,ST_ANOM,Anomalies des températures de surface,NC,Nouvelle-Calédonie,1896,,-0.3,,,,CELSIUS,Degré Celsius (°C),SE,Standard error,0.1,,N,National,,
DATAFLOW,SPC:DF_CLIMATE_CHANGE(1.0),Indicateurs du changement climatique,I,A,Annuel,ST_ANOM,Anomalies des températures de surface,NC,Nouvelle-Calédonie,1897,,-0.2,,,,CELSIUS,Degré Celsius (°C),SE,Standard error,0.1,,N,National,,
DATAFLOW,SPC:DF_CLIMATE_CHANGE(1.0),Indicateurs du changement climatique,I,A,Annuel,ST_ANOM,Anomalies des températures de surface,NC,Nouvelle-Calédonie,1898,,-0.3,,,,CELSIUS,Degré Celsius (°C),SE,Standard error,0.1,,N,National,,
DATAFLOW,SPC:DF_CLIMATE_CHANGE(1.0),Indicateurs du changement climatique,I,A,Annuel,ST_ANOM,Anomalies des températures de surface,NC,Nouvelle-Calédonie,1899,,-0.8,,,,CELSIUS,Degré Celsius (°C),SE,Standard error,0.1,,N,National,,
DATAFLOW,SPC:DF_CLIMATE_CHANGE(1.0),Indicateurs du changement climatique,I,A,Annuel,ST_ANOM,Anomalies des températures de surface,NC,Nouvelle-Calédonie,1900,,-0.5,,,,CELSIUS,Degré Celsius (°C),SE,Standard error,0.1,,N,National,,
DATAFLOW,SPC:DF_CLIMATE_CHANGE(1.0),Indicateurs du changement climatique,I,A,Annuel,ST_ANOM,Anomalies des températures de surface,NC,Nouvelle-Calédonie,1901,,-0.9,,,,CELSIUS,Degré Celsius (°C),SE,Standard error,0.1,,N,National,,
DATAFLOW,SPC:DF_CLIMATE_CHANGE(1.0),Indicateurs du changement climatique,I,A,Annuel,ST_ANOM,Anomalies des températures de surface,NC,Nouvelle-Calédonie,1902,,-1.1,,,,CELSIUS,Degré Celsius (°C),SE,Standard error,0.1,,N,National,,
DATAFLOW,SPC:DF_CLIMATE_CHANGE(1.0),Indicateurs du changement climatique,I,A,Annuel,ST_ANOM,Anomalies des températures de surface,NC,Nouvelle-Calédonie,1903,,-0.9,,,,CELSIUS,Degré Celsius (°C),SE,Standard error,0.1,,N,National,,
DATAFLOW,SPC:DF_CLIMATE_CHANGE(1.0),Indicateurs du changement climatique,I,A,Annuel,ST_ANOM,Anomalies des températures de surface,NC,Nouvelle-Calédonie,1904,,-1.0,,,,CELSIUS,Degré Celsius (°C),SE,Standard error,0.1,,N,National,,
DATAFLOW,SPC:DF_CLIMATE_CHANGE(1.0),Indicateurs du changement climatique,I,A,Annuel,ST_ANOM,Anomalies des températures de surface,NC,Nouvelle-Calédonie,1905,,-1.2,,,,CELSIUS,Degré Celsius (°C),SE,Standard error,0.1,,N,National,,
DATAFLOW,SPC:DF_CLIMATE_CHANGE(1.0),Indicateurs du changement climatique,I,A,Annuel,ST_ANOM,Anomalies des températures de surface,NC,Nouvelle-Calédonie,1906,,-0.8,,,,CELSIUS,Degré Celsius (°C),SE,Standard error,0.1,,N,National,,
DATAFLOW,SPC:DF_CLIMATE_CHANGE(1.0),Indicateurs du changement climatique,I,A,Annuel,ST_ANOM,Anomalies des températures de surface,NC,Nouvelle-Calédonie,1907,,-0.4,,,,CELSIUS,Degré Celsius (°C),SE,Standard error,0.1,,N,National,,
DATAFLOW,SPC:DF_CLIMATE_CHANGE(1.0),Indicateurs du changement climatique,I,A,Annuel,ST_ANOM,Anomalies des températures de surface,NC,Nouvelle-Calédonie,1908,,-0.6,,,,CELSIUS,Degré Celsius (°C),SE,Standard error,0.1,,N,National,,
DATAFLOW,SPC:DF_CLIMATE_CHANGE(1.0),Indicateurs du changement climatique,I,A,Annuel,ST_ANOM,Anomalies des températures de surface,NC,Nouvelle-Calédonie,1909,,-0.5,,,,CELSIUS,Degré Celsius (°C),SE,Standard error,0.1,,N,National,,
DATAFLOW,SPC:DF_CLIMATE_CHANGE(1.0),Indicateurs du changement climatique,I,A,Annuel,ST_ANOM,Anomalies des températures de surface,NC,Nouvelle-Calédonie,1910,,-0.3,,,,CELSIUS,Degré Celsius (°C),SE,Standard error,0.0,,N,National,,
DATAFLOW,SPC:DF_CLIMATE_CHANGE(1.0),Indicateurs du changement climatique,I,A,Annuel,ST_ANOM,Anomalies des températures de surface,NC,Nouvelle-Calédonie,1911,,-0.7,,,,CELSIUS,Degré Celsius (°C),SE,Standard error,0.1,,N,National,,
DATAFLOW,SPC:DF_CLIMATE_CHANGE(1.0),Indicateurs du changement climatique,I,A,Annuel,ST_ANOM,Anomalies des températures de surface,NC,Nouvelle-Calédonie,1912,,-0.8,,,,CELSIUS,Degré Celsius (°C),SE,Standard error,0.0,,N,National,,
DATAFLOW,SPC:DF_CLIMATE_CHANGE(1.0),Indicateurs du changement climatique,I,A,Annuel,ST_ANOM,Anomalies des températures de surface,NC,Nouvelle-Calédonie,1913,,-0.9,,,,CELSIUS,Degré Celsius (°C),SE,Standard error,0.0,,N,National,,
DATAFLOW,SPC:DF_CLIMATE_CHANGE(1.0),Indicateurs du changement climatique,I,A,Annuel,ST_ANOM,Anomalies des températures de surface,NC,Nouvelle-Calédonie,1914,,-0.9,,,,CELSIUS,Degré Celsius (°C),SE,Standard error,0.1,,N,National,,
DATAFLOW,SPC:DF_CLIMATE_CHANGE(1.0),Indicateurs du changement climatique,I,A,Annuel,ST_ANOM,Anomalies des températures de surface,NC,Nouvelle-Calédonie,1915,,-0.5,,,,CELSIUS,Degré Celsius (°C),SE,Standard error,0.1,,N,National,,
DATAFLOW,SPC:DF_CLIMATE_CHANGE(1.0),Indicateurs du changement climatique,I,A,Annuel,ST_ANOM,Anomalies des températures de surface,NC,Nouvelle-Calédonie,1916,,-0.1,,,,CELSIUS,Degré Celsius (°C),SE,Standard error,0.1,,N,National,,
DATAFLOW,SPC:DF_CLIMATE_CHANGE(1.0),Indicateurs du changement climatique,I,A,Annuel,ST_ANOM,Anomalies des températures de surface,NC,Nouvelle-Calédonie,1917,,-0.3,,,,CELSIUS,Degré Celsius (°C),SE,Standard error,0.1,,N,National,,
DATAFLOW,SPC:DF_CLIMATE_CHANGE(1.0),Indicateurs du changement climatique,I,A,Annuel,ST_ANOM,Anomalies des températures de surface,NC,Nouvelle-Calédonie,1918,,-0.7,,,,CELSIUS,Degré Celsius (°C),SE,Standard error,0.1,,N,National,,
DATAFLOW,SPC:DF_CLIMATE_CHANGE(1.0),Indicateurs du changement climatique,I,A,Annuel,ST_ANOM,Anomalies des températures de surface,NC,Nouvelle-Calédonie,1919,,-0.6,,,,CELSIUS,Degré Celsius (°C),SE,Standard error,0.1,,N,National,,
DATAFLOW,SPC:DF_CLIMATE_CHANGE(1.0),Indicateurs du changement climatique,I,A,Annuel,ST_ANOM,Anomalies des températures de surface,NC,Nouvelle-Calédonie,1920,,-0.6,,,,CELSIUS,Degré Celsius (°C),SE,Standard error,0.1,,N,National,,
DATAFLOW,SPC:DF_CLIMATE_CHANGE(1.0),Indicateurs du changement climatique,I,A,Annuel,ST_ANOM,Anomalies des températures de surface,NC,Nouvelle-Calédonie,1921,,-0.7,,,,CELSIUS,Degré Celsius (°C),SE,Standard error,0.1,,N,National,,
DATAFLOW,SPC:DF_CLIMATE_CHANGE(1.0),Indicateurs du changement climatique,I,A,Annuel,ST_ANOM,Anomalies des températures de surface,NC,Nouvelle-Calédonie,1922,,-0.7,,,,CELSIUS,Degré Celsius (°C),SE,Standard error,0.1,,N,National,,
DATAFLOW,SPC:DF_CLIMATE_CHANGE(1.0),Indicateurs du changement climatique,I,A,Annuel,ST_ANOM,Anomalies des températures de surface,NC,Nouvelle-Calédonie,1923,,-0.7,,,,CELSIUS,Degré Celsius (°C),SE,Standard error,0.1,,N,National,,
DATAFLOW,SPC:DF_CLIMATE_CHANGE(1.0),Indicateurs du changement climatique,I,A,Annuel,ST_ANOM,Anomalies des températures de surface,NC,Nouvelle-Calédonie,1924,,-0.2,,,,CELSIUS,Degré Celsius (°C),SE,Standard error,0.1,,N,National,,
DATAFLOW,SPC:DF_CLIMATE_CHANGE(1.0),Indicateurs du changement climatique,I,A,Annuel,ST_ANOM,Anomalies des températures de surface,NC,Nouvelle-Calédonie,1925,,-0.9,,,,CELSIUS,Degré Celsius (°C),SE,Standard error,0.1,,N,National,,
DATAFLOW,SPC:DF_CLIMATE_CHANGE(1.0),Indicateurs du changement climatique,I,A,Annuel,ST_ANOM,Anomalies des températures de surface,NC,Nouvelle-Calédonie,1926,,-0.6,,,,CELSIUS,Degré Celsius (°C),SE,Standard error,0.1,,N,National,,
DATAFLOW,SPC:DF_CLIMATE_CHANGE(1.0),Indicateurs du changement climatique,I,A,Annuel,ST_ANOM,Anomalies des températures de surface,NC,Nouvelle-Calédonie,1927,,-0.5,,,,CELSIUS,Degré Celsius (°C),SE,Standard error,0.1,,N,National,,
DATAFLOW,SPC:DF_CLIMATE_CHANGE(1.0),Indicateurs du changement climatique,I,A,Annuel,ST_ANOM,Anomalies des températures de surface,NC,Nouvelle-Calédonie,1928,,-0.7,,,,CELSIUS,Degré Celsius (°C),SE,Standard error,0.1,,N,National,,
DATAFLOW,SPC:DF_CLIMATE_CHANGE(1.0),Indicateurs du changement climatique,I,A,Annuel,ST_ANOM,Anomalies des températures de surface,NC,Nouvelle-Calédonie,1929,,-0.7,,,,CELSIUS,Degré Celsius (°C),SE,Standard error,0.0,,N,National,,
DATAFLOW,SPC:DF_CLIMATE_CHANGE(1.0),Indicateurs du changement climatique,I,A,Annuel,ST_ANOM,Anomalies des températures de surface,NC,Nouvelle-Calédonie,1930,,-1.1,,,,CELSIUS,Degré Celsius (°C),SE,Standard error,0.1,,N,National,,
DATAFLOW,SPC:DF_CLIMATE_CHANGE(1.0),Indicateurs du changement climatique,I,A,Annuel,ST_ANOM,Anomalies des températures de surface,NC,Nouvelle-Calédonie,1931,,-0.7,,,,CELSIUS,Degré Celsius (°C),SE,Standard error,0.1,,N,National,,
DATAFLOW,SPC:DF_CLIMATE_CHANGE(1.0),Indicateurs du changement climatique,I,A,Annuel,ST_ANOM,Anomalies des températures de surface,NC,Nouvelle-Calédonie,1932,,-0.8,,,,CELSIUS,Degré Celsius (°C),SE,Standard error,0.1,,N,National,,
DATAFLOW,SPC:DF_CLIMATE_CHANGE(1.0),Indicateurs du changement climatique,I,A,Annuel,ST_ANOM,Anomalies des températures de surface,NC,Nouvelle-Calédonie,1933,,-0.4,,,,CELSIUS,Degré Celsius (°C),SE,Standard error,0.1,,N,National,,
DATAFLOW,SPC:DF_CLIMATE_CHANGE(1.0),Indicateurs du changement climatique,I,A,Annuel,ST_ANOM,Anomalies des températures de surface,NC,Nouvelle-Calédonie,1934,,-1.0,,,,CELSIUS,Degré Celsius (°C),SE,Standard error,0.1,,N,National,,
DATAFLOW,SPC:DF_CLIMATE_CHANGE(1.0),Indicateurs du changement climatique,I,A,Annuel,ST_ANOM,Anomalies des températures de surface,NC,Nouvelle-Calédonie,1935,,-0.5,,,,CELSIUS,Degré Celsius (°C),SE,Standard error,0.1,,N,National,,
DATAFLOW,SPC:DF_CLIMATE_CHANGE(1.0),Indicateurs du changement climatique,I,A,Annuel,ST_ANOM,Anomalies des températures de surface,NC,Nouvelle-Calédonie,1936,,-0.7,,,,CELSIUS,Degré Celsius (°C),SE,Standard error,0.1,,N,National,,
DATAFLOW,SPC:DF_CLIMATE_CHANGE(1.0),Indicateurs du changement climatique,I,A,Annuel,ST_ANOM,Anomalies des températures de surface,NC,Nouvelle-Calédonie,1937,,-0.7,,,,CELSIUS,Degré Celsius (°C),SE,Standard error,0.1,,N,National,,
DATAFLOW,SPC:DF_CLIMATE_CHANGE(1.0),Indicateurs du changement climatique,I,A,Annuel,ST_ANOM,Anomalies des températures de surface,NC,Nouvelle-Calédonie,1938,,-0.2,,,,CELSIUS,Degré Celsius (°C),SE,Standard error,0.1,,N,National,,
DATAFLOW,SPC:DF_CLIMATE_CHANGE(1.0),Indicateurs du changement climatique,I,A,Annuel,ST_ANOM,Anomalies des températures de surface,NC,Nouvelle-Calédonie,1939,,-0.7,,,,CELSIUS,Degré Celsius (°C),SE,Standard error,0.1,,N,National,,
DATAFLOW,SPC:DF_CLIMATE_CHANGE(1.0),Indicateurs du changement climatique,I,A,Annuel,ST_ANOM,Anomalies des températures de surface,NC,Nouvelle-Calédonie,1940,,-0.8,,,,CELSIUS,Degré Celsius (°C),SE,Standard error,0.1,,N,National,,
DATAFLOW,SPC:DF_CLIMATE_CHANGE(1.0),Indicateurs du changement climatique,I,A,Annuel,ST_ANOM,Anomalies des températures de surface,NC,Nouvelle-Calédonie,1941,,-0.6,,,,CELSIUS,Degré Celsius (°C),SE,Standard error,0.1,,N,National,,
DATAFLOW,SPC:DF_CLIMATE_CHANGE(1.0),Indicateurs du changement climatique,I,A,Annuel,ST_ANOM,Anomalies des températures de surface,NC,Nouvelle-Calédonie,1942,,-0.3,,,,CELSIUS,Degré Celsius (°C),SE,Standard error,0.1,,N,National,,
DATAFLOW,SPC:DF_CLIMATE_CHANGE(1.0),Indicateurs du changement climatique,I,A,Annuel,ST_ANOM,Anomalies des températures de surface,NC,Nouvelle-Calédonie,1943,,0.0,,,,CELSIUS,Degré Celsius (°C),SE,Standard error,0.1,,N,National,,
DATAFLOW,SPC:DF_CLIMATE_CHANGE(1.0),Indicateurs du changement climatique,I,A,Annuel,ST_ANOM,Anomalies des températures de surface,NC,Nouvelle-Calédonie,1944,,-0.1,,,,CELSIUS,Degré Celsius (°C),SE,Standard error,0.1,,N,National,,
DATAFLOW,SPC:DF_CLIMATE_CHANGE(1.0),Indicateurs du changement climatique,I,A,Annuel,ST_ANOM,Anomalies des températures de surface,NC,Nouvelle-Calédonie,1945,,-0.2,,,,CELSIUS,Degré Celsius (°C),SE,Standard error,0.1,,N,National,,
DATAFLOW,SPC:DF_CLIMATE_CHANGE(1.0),Indicateurs du changement climatique,I,A,Annuel,ST_ANOM,Anomalies des températures de surface,NC,Nouvelle-Calédonie,1946,,-0.5,,,,CELSIUS,Degré Celsius (°C),SE,Standard error,0.1,,N,National,,
DATAFLOW,SPC:DF_CLIMATE_CHANGE(1.0),Indicateurs du changement climatique,I,A,Annuel,ST_ANOM,Anomalies des températures de surface,NC,Nouvelle-Calédonie,1947,,-0.6,,,,CELSIUS,Degré Celsius (°C),SE,Standard error,0.1,,N,National,,
DATAFLOW,SPC:DF_CLIMATE_CHANGE(1.0),Indicateurs du changement climatique,I,A,Annuel,ST_ANOM,Anomalies des températures de surface,NC,Nouvelle-Calédonie,1948,,-0.4,,,,CELSIUS,Degré Celsius (°C),SE,Standard error,0.1,,N,National,,
DATAFLOW,SPC:DF_CLIMATE_CHANGE(1.0),Indicateurs du changement climatique,I,A,Annuel,ST_ANOM,Anomalies des températures de surface,NC,Nouvelle-Calédonie,1949,,-0.4,,,,CELSIUS,Degré Celsius (°C),SE,Standard error,0.0,,N,National,,
DATAFLOW,SPC:DF_CLIMATE_CHANGE(1.0),Indicateurs du changement climatique,I,A,Annuel,ST_ANOM,Anomalies des températures de surface,NC,Nouvelle-Calédonie,1950,,-0.2,,,,CELSIUS,Degré Celsius (°C),SE,Standard error,0.1,,N,National,,
DATAFLOW,SPC:DF_CLIMATE_CHANGE(1.0),Indicateurs du changement climatique,I,A,Annuel,ST_ANOM,Anomalies des températures de surface,NC,Nouvelle-Calédonie,1951,,-0.5,,,,CELSIUS,Degré Celsius (°C),SE,Standard error,0.1,,N,National,,
DATAFLOW,SPC:DF_CLIMATE_CHANGE(1.0),Indicateurs du changement climatique,I,A,Annuel,ST_ANOM,Anomalies des températures de surface,NC,Nouvelle-Calédonie,1952,,-0.2,,,,CELSIUS,Degré Celsius (°C),SE,Standard error,0.1,,N,National,,
DATAFLOW,SPC:DF_CLIMATE_CHANGE(1.0),Indicateurs du changement climatique,I,A,Annuel,ST_ANOM,Anomalies des températures de surface,NC,Nouvelle-Calédonie,1953,,-0.2,,,,CELSIUS,Degré Celsius (°C),SE,Standard error,0.1,,N,National,,
DATAFLOW,SPC:DF_CLIMATE_CHANGE(1.0),Indicateurs du changement climatique,I,A,Annuel,ST_ANOM,Anomalies des températures de surface,NC,Nouvelle-Calédonie,1954,,-0.5,,,,CELSIUS,Degré Celsius (°C),SE,Standard error,0.1,,N,National,,
DATAFLOW,SPC:DF_CLIMATE_CHANGE(1.0),Indicateurs du changement climatique,I,A,Annuel,ST_ANOM,Anomalies des températures de surface,NC,Nouvelle-Calédonie,1955,,-0.2,,,,CELSIUS,Degré Celsius (°C),SE,Standard error,0.1,,N,National,,
DATAFLOW,SPC:DF_CLIMATE_CHANGE(1.0),Indicateurs du changement climatique,I,A,Annuel,ST_ANOM,Anomalies des températures de surface,NC,Nouvelle-Calédonie,1956,,0.1,,,,CELSIUS,Degré Celsius (°C),SE,Standard error,0.1,,N,National,,
DATAFLOW,SPC:DF_CLIMATE_CHANGE(1.0),Indicateurs du changement climatique,I,A,Annuel,ST_ANOM,Anomalies des températures de surface,NC,Nouvelle-Calédonie,1957,,-0.4,,,,CELSIUS,Degré Celsius (°C),SE,Standard error,0.1,,N,National,,
DATAFLOW,SPC:DF_CLIMATE_CHANGE(1.0),Indicateurs du changement climatique,I,A,Annuel,ST_ANOM,Anomalies des températures de surface,NC,Nouvelle-Calédonie,1958,,-0.1,,,,CELSIUS,Degré Celsius (°C),SE,Standard error,0.1,,N,National,,
DATAFLOW,SPC:DF_CLIMATE_CHANGE(1.0),Indicateurs du changement climatique,I,A,Annuel,ST_ANOM,Anomalies des températures de surface,NC,Nouvelle-Calédonie,1959,,-0.4,,,,CELSIUS,Degré Celsius (°C),SE,Standard error,0.1,,N,National,,
DATAFLOW,SPC:DF_CLIMATE_CHANGE(1.0),Indicateurs du changement climatique,I,A,Annuel,ST_ANOM,Anomalies des températures de surface,NC,Nouvelle-Calédonie,1960,,-0.3,,,,CELSIUS,Degré Celsius (°C),SE,Standard error,0.1,,N,National,,
DATAFLOW,SPC:DF_CLIMATE_CHANGE(1.0),Indicateurs du changement climatique,I,A,Annuel,ST_ANOM,Anomalies des températures de surface,NC,Nouvelle-Calédonie,1961,,-0.5,,,,CELSIUS,Degré Celsius (°C),SE,Standard error,0.1,,N,National,,
DATAFLOW,SPC:DF_CLIMATE_CHANGE(1.0),Indicateurs du changement climatique,I,A,Annuel,ST_ANOM,Anomalies des températures de surface,NC,Nouvelle-Calédonie,1962,,-0.2,,,,CELSIUS,Degré Celsius (°C),SE,Standard error,0.1,,N,National,,
DATAFLOW,SPC:DF_CLIMATE_CHANGE(1.0),Indicateurs du changement climatique,I,A,Annuel,ST_ANOM,Anomalies des températures de surface,NC,Nouvelle-Calédonie,1963,,-0.5,,,,CELSIUS,Degré Celsius (°C),SE,Standard error,0.1,,N,National,,
DATAFLOW,SPC:DF_CLIMATE_CHANGE(1.0),Indicateurs du changement climatique,I,A,Annuel,ST_ANOM,Anomalies des températures de surface,NC,Nouvelle-Calédonie,1964,,-0.2,,,,CELSIUS,Degré Celsius (°C),SE,Standard error,0.1,,N,National,,
DATAFLOW,SPC:DF_CLIMATE_CHANGE(1.0),Indicateurs du changement climatique,I,A,Annuel,ST_ANOM,Anomalies des températures de surface,NC,Nouvelle-Calédonie,1965,,-0.8,,,,CELSIUS,Degré Celsius (°C),SE,Standard error,0.0,,N,National,,
DATAFLOW,SPC:DF_CLIMATE_CHANGE(1.0),Indicateurs du changement climatique,I,A,Annuel,ST_ANOM,Anomalies des températures de surface,NC,Nouvelle-Calédonie,1966,,-0.7,,,,CELSIUS,Degré Celsius (°C),SE,Standard error,0.1,,N,National,,
DATAFLOW,SPC:DF_CLIMATE_CHANGE(1.0),Indicateurs du changement climatique,I,A,Annuel,ST_ANOM,Anomalies des températures de surface,NC,Nouvelle-Calédonie,1967,,-0.3,,,,CELSIUS,Degré Celsius (°C),SE,Standard error,0.1,,N,National,,
DATAFLOW,SPC:DF_CLIMATE_CHANGE(1.0),Indicateurs du changement climatique,I,A,Annuel,ST_ANOM,Anomalies des températures de surface,NC,Nouvelle-Calédonie,1968,,-0.3,,,,CELSIUS,Degré Celsius (°C),SE,Standard error,0.1,,N,National,,
DATAFLOW,SPC:DF_CLIMATE_CHANGE(1.0),Indicateurs du changement climatique,I,A,Annuel,ST_ANOM,Anomalies des températures de surface,NC,Nouvelle-Calédonie,1969,,-0.5,,,,CELSIUS,Degré Celsius (°C),SE,Standard error,0.1,,N,National,,
DATAFLOW,SPC:DF_CLIMATE_CHANGE(1.0),Indicateurs du changement climatique,I,A,Annuel,ST_ANOM,Anomalies des températures de surface,NC,Nouvelle-Calédonie,1970,,0.1,,,,CELSIUS,Degré Celsius (°C),SE,Standard error,0.1,,N,National,,
DATAFLOW,SPC:DF_CLIMATE_CHANGE(1.0),Indicateurs du changement climatique,I,A,Annuel,ST_ANOM,Anomalies des températures de surface,NC,Nouvelle-Calédonie,1971,,0.1,,,,CELSIUS,Degré Celsius (°C),SE,Standard error,0.1,,N,National,,
DATAFLOW,SPC:DF_CLIMATE_CHANGE(1.0),Indicateurs du changement climatique,I,A,Annuel,ST_ANOM,Anomalies des températures de surface,NC,Nouvelle-Calédonie,1972,,-0.3,,,,CELSIUS,Degré Celsius (°C),SE,Standard error,0.1,,N,National,,
DATAFLOW,SPC:DF_CLIMATE_CHANGE(1.0),Indicateurs du changement climatique,I,A,Annuel,ST_ANOM,Anomalies des températures de surface,NC,Nouvelle-Calédonie,1973,,0.4,,,,CELSIUS,Degré Celsius (°C),SE,Standard error,0.1,,N,National,,
DATAFLOW,SPC:DF_CLIMATE_CHANGE(1.0),Indicateurs du changement climatique,I,A,Annuel,ST_ANOM,Anomalies des températures de surface,NC,Nouvelle-Calédonie,1974,,0.2,,,,CELSIUS,Degré Celsius (°C),SE,Standard error,0.1,,N,National,,
DATAFLOW,SPC:DF_CLIMATE_CHANGE(1.0),Indicateurs du changement climatique,I,A,Annuel,ST_ANOM,Anomalies des températures de surface,NC,Nouvelle-Calédonie,1975,,0.3,,,,CELSIUS,Degré Celsius (°C),SE,Standard error,0.1,,N,National,,
DATAFLOW,SPC:DF_CLIMATE_CHANGE(1.0),Indicateurs du changement climatique,I,A,Annuel,ST_ANOM,Anomalies des températures de surface,NC,Nouvelle-Calédonie,1976,,0.0,,,,CELSIUS,Degré Celsius (°C),SE,Standard error,0.1,,N,National,,
DATAFLOW,SPC:DF_CLIMATE_CHANGE(1.0),Indicateurs du changement climatique,I,A,Annuel,ST_ANOM,Anomalies des températures de surface,NC,Nouvelle-Calédonie,1977,,-0.5,,,,CELSIUS,Degré Celsius (°C),SE,Standard error,0.1,,N,National,,
DATAFLOW,SPC:DF_CLIMATE_CHANGE(1.0),Indicateurs du changement climatique,I,A,Annuel,ST_ANOM,Anomalies des températures de surface,NC,Nouvelle-Calédonie,1978,,-0.4,,,,CELSIUS,Degré Celsius (°C),SE,Standard error,0.1,,N,National,,
DATAFLOW,SPC:DF_CLIMATE_CHANGE(1.0),Indicateurs du changement climatique,I,A,Annuel,ST_ANOM,Anomalies des températures de surface,NC,Nouvelle-Calédonie,1979,,-0.2,,,,CELSIUS,Degré Celsius (°C),SE,Standard error,0.1,,N,National,,
DATAFLOW,SPC:DF_CLIMATE_CHANGE(1.0),Indicateurs du changement climatique,I,A,Annuel,ST_ANOM,Anomalies des températures de surface,NC,Nouvelle-Calédonie,1980,,-0.2,,,,CELSIUS,Degré Celsius (°C),SE,Standard error,0.1,,N,National,,
DATAFLOW,SPC:DF_CLIMATE_CHANGE(1.0),Indicateurs du changement climatique,I,A,Annuel,ST_ANOM,Anomalies des températures de surface,NC,Nouvelle-Calédonie,1981,,-0.1,,,,CELSIUS,Degré Celsius (°C),SE,Standard error,0.1,,N,National,,
DATAFLOW,SPC:DF_CLIMATE_CHANGE(1.0),Indicateurs du changement climatique,I,A,Annuel,ST_ANOM,Anomalies des températures de surface,NC,Nouvelle-Calédonie,1982,,-0.5,,,,CELSIUS,Degré Celsius (°C),SE,Standard error,0.1,,N,National,,
DATAFLOW,SPC:DF_CLIMATE_CHANGE(1.0),Indicateurs du changement climatique,I,A,Annuel,ST_ANOM,Anomalies des températures de surface,NC,Nouvelle-Calédonie,1983,,-0.1,,,,CELSIUS,Degré Celsius (°C),SE,Standard error,0.1,,N,National,,
DATAFLOW,SPC:DF_CLIMATE_CHANGE(1.0),Indicateurs du changement climatique,I,A,Annuel,ST_ANOM,Anomalies des températures de surface,NC,Nouvelle-Calédonie,1984,,0.0,,,,CELSIUS,Degré Celsius (°C),SE,Standard error,0.1,,N,National,,
DATAFLOW,SPC:DF_CLIMATE_CHANGE(1.0),Indicateurs du changement climatique,I,A,Annuel,ST_ANOM,Anomalies des températures de surface,NC,Nouvelle-Calédonie,1985,,-0.1,,,,CELSIUS,Degré Celsius (°C),SE,Standard error,0.1,,N,National,,
DATAFLOW,SPC:DF_CLIMATE_CHANGE(1.0),Indicateurs du changement climatique,I,A,Annuel,ST_ANOM,Anomalies des températures de surface,NC,Nouvelle-Calédonie,1986,,-0.1,,,,CELSIUS,Degré Celsius (°C),SE,Standard error,0.1,,N,National,,
DATAFLOW,SPC:DF_CLIMATE_CHANGE(1.0),Indicateurs du changement climatique,I,A,Annuel,ST_ANOM,Anomalies des températures de surface,NC,Nouvelle-Calédonie,1987,,-0.2,,,,CELSIUS,Degré Celsius (°C),SE,Standard error,0.1,,N,National,,
DATAFLOW,SPC:DF_CLIMATE_CHANGE(1.0),Indicateurs du changement climatique,I,A,Annuel,ST_ANOM,Anomalies des températures de surface,NC,Nouvelle-Calédonie,1988,,0.5,,,,CELSIUS,Degré Celsius (°C),SE,Standard error,0.1,,N,National,,
DATAFLOW,SPC:DF_CLIMATE_CHANGE(1.0),Indicateurs du changement climatique,I,A,Annuel,ST_ANOM,Anomalies des températures de surface,NC,Nouvelle-Calédonie,1989,,0.1,,,,CELSIUS,Degré Celsius (°C),SE,Standard error,0.1,,N,National,,
DATAFLOW,SPC:DF_CLIMATE_CHANGE(1.0),Indicateurs du changement climatique,I,A,Annuel,ST_ANOM,Anomalies des températures de surface,NC,Nouvelle-Calédonie,1990,,0.2,,,,CELSIUS,Degré Celsius (°C),SE,Standard error,0.1,,N,National,,
DATAFLOW,SPC:DF_CLIMATE_CHANGE(1.0),Indicateurs du changement climatique,I,A,Annuel,ST_ANOM,Anomalies des températures de surface,NC,Nouvelle-Calédonie,1991,,-0.5,,,,CELSIUS,Degré Celsius (°C),SE,Standard error,0.1,,N,National,,
DATAFLOW,SPC:DF_CLIMATE_CHANGE(1.0),Indicateurs du changement climatique,I,A,Annuel,ST_ANOM,Anomalies des températures de surface,NC,Nouvelle-Calédonie,1992,,-0.4,,,,CELSIUS,Degré Celsius (°C),SE,Standard error,0.1,,N,National,,
DATAFLOW,SPC:DF_CLIMATE_CHANGE(1.0),Indicateurs du changement climatique,I,A,Annuel,ST_ANOM,Anomalies des températures de surface,NC,Nouvelle-Calédonie,1993,,-0.5,,,,CELSIUS,Degré Celsius (°C),SE,Standard error,0.1,,N,National,,
DATAFLOW,SPC:DF_CLIMATE_CHANGE(1.0),Indicateurs du changement climatique,I,A,Annuel,ST_ANOM,Anomalies des températures de surface,NC,Nouvelle-Calédonie,1994,,-0.7,,,,CELSIUS,Degré Celsius (°C),SE,Standard error,0.1,,N,National,,
DATAFLOW,SPC:DF_CLIMATE_CHANGE(1.0),Indicateurs du changement climatique,I,A,Annuel,ST_ANOM,Anomalies des températures de surface,NC,Nouvelle-Calédonie,1995,,0.0,,,,CELSIUS,Degré Celsius (°C),SE,Standard error,0.1,,N,National,,
DATAFLOW,SPC:DF_CLIMATE_CHANGE(1.0),Indicateurs du changement climatique,I,A,Annuel,ST_ANOM,Anomalies des températures de surface,NC,Nouvelle-Calédonie,1996,,0.1,,,,CELSIUS,Degré Celsius (°C),SE,Standard error,0.1,,N,National,,
DATAFLOW,SPC:DF_CLIMATE_CHANGE(1.0),Indicateurs du changement climatique,I,A,Annuel,ST_ANOM,Anomalies des températures de surface,NC,Nouvelle-Calédonie,1997,,-0.1,,,,CELSIUS,Degré Celsius (°C),SE,Standard error,0.1,,N,National,,
DATAFLOW,SPC:DF_CLIMATE_CHANGE(1.0),Indicateurs du changement climatique,I,A,Annuel,ST_ANOM,Anomalies des températures de surface,NC,Nouvelle-Calédonie,1998,,0.9,,,,CELSIUS,Degré Celsius (°C),SE,Standard error,0.1,,N,National,,
DATAFLOW,SPC:DF_CLIMATE_CHANGE(1.0),Indicateurs du changement climatique,I,A,Annuel,ST_ANOM,Anomalies des températures de surface,NC,Nouvelle-Calédonie,1999,,0.2,,,,CELSIUS,Degré Celsius (°C),SE,Standard error,0.1,,N,National,,
DATAFLOW,SPC:DF_CLIMATE_CHANGE(1.0),Indicateurs du changement climatique,I,A,Annuel,ST_ANOM,Anomalies des températures de surface,NC,Nouvelle-Calédonie,2000,,-0.1,,,,CELSIUS,Degré Celsius (°C),SE,Standard error,0.1,,N,National,,
DATAFLOW,SPC:DF_CLIMATE_CHANGE(1.0),Indicateurs du changement climatique,I,A,Annuel,ST_ANOM,Anomalies des températures de surface,NC,Nouvelle-Calédonie,2001,,0.3,,,,CELSIUS,Degré Celsius (°C),SE,Standard error,0.1,,N,National,,
DATAFLOW,SPC:DF_CLIMATE_CHANGE(1.0),Indicateurs du changement climatique,I,A,Annuel,ST_ANOM,Anomalies des températures de surface,NC,Nouvelle-Calédonie,2002,,0.2,,,,CELSIUS,Degré Celsius (°C),SE,Standard error,0.1,,N,National,,
DATAFLOW,SPC:DF_CLIMATE_CHANGE(1.0),Indicateurs du changement climatique,I,A,Annuel,ST_ANOM,Anomalies des températures de surface,NC,Nouvelle-Calédonie,2003,,0.1,,,,CELSIUS,Degré Celsius (°C),SE,Standard error,0.1,,N,National,,
DATAFLOW,SPC:DF_CLIMATE_CHANGE(1.0),Indicateurs du changement climatique,I,A,Annuel,ST_ANOM,Anomalies des températures de surface,NC,Nouvelle-Calédonie,2004,,0.1,,,,CELSIUS,Degré Celsius (°C),SE,Standard error,0.1,,N,National,,
DATAFLOW,SPC:DF_CLIMATE_CHANGE(1.0),Indicateurs du changement climatique,I,A,Annuel,ST_ANOM,Anomalies des températures de surface,NC,Nouvelle-Calédonie,2005,,0.2,,,,CELSIUS,Degré Celsius (°C),SE,Standard error,0.0,,N,National,,
DATAFLOW,SPC:DF_CLIMATE_CHANGE(1.0),Indicateurs du changement climatique,I,A,Annuel,ST_ANOM,Anomalies des températures de surface,NC,Nouvelle-Calédonie,2006,,-0.1,,,,CELSIUS,Degré Celsius (°C),SE,Standard error,0.1,,N,National,,
DATAFLOW,SPC:DF_CLIMATE_CHANGE(1.0),Indicateurs du changement climatique,I,A,Annuel,ST_ANOM,Anomalies des températures de surface,NC,Nouvelle-Calédonie,2007,,0.1,,,,CELSIUS,Degré Celsius (°C),SE,Standard error,0.1,,N,National,,
DATAFLOW,SPC:DF_CLIMATE_CHANGE(1.0),Indicateurs du changement climatique,I,A,Annuel,ST_ANOM,Anomalies des températures de surface,NC,Nouvelle-Calédonie,2008,,0.4,,,,CELSIUS,Degré Celsius (°C),SE,Standard error,0.1,,N,National,,
DATAFLOW,SPC:DF_CLIMATE_CHANGE(1.0),Indicateurs du changement climatique,I,A,Annuel,ST_ANOM,Anomalies des températures de surface,NC,Nouvelle-Calédonie,2009,,0.1,,,,CELSIUS,Degré Celsius (°C),SE,Standard error,0.1,,N,National,,
DATAFLOW,SPC:DF_CLIMATE_CHANGE(1.0),Indicateurs du changement climatique,I,A,Annuel,ST_ANOM,Anomalies des températures de surface,NC,Nouvelle-Calédonie,2010,,0.4,,,,CELSIUS,Degré Celsius (°C),SE,Standard error,0.1,,N,National,,
DATAFLOW,SPC:DF_CLIMATE_CHANGE(1.0),Indicateurs du changement climatique,I,A,Annuel,ST_ANOM,Anomalies des températures de surface,NC,Nouvelle-Calédonie,2011,,0.4,,,,CELSIUS,Degré Celsius (°C),SE,Standard error,0.0,,N,National,,
DATAFLOW,SPC:DF_CLIMATE_CHANGE(1.0),Indicateurs du changement climatique,I,A,Annuel,ST_ANOM,Anomalies des températures de surface,NC,Nouvelle-Calédonie,2012,,0.0,,,,CELSIUS,Degré Celsius (°C),SE,Standard error,0.0,,N,National,,
DATAFLOW,SPC:DF_CLIMATE_CHANGE(1.0),Indicateurs du changement climatique,I,A,Annuel,ST_ANOM,Anomalies des températures de surface,NC,Nouvelle-Calédonie,2013,,0.2,,,,CELSIUS,Degré Celsius (°C),SE,Standard error,0.1,,N,National,,
DATAFLOW,SPC:DF_CLIMATE_CHANGE(1.0),Indicateurs du changement climatique,I,A,Annuel,ST_ANOM,Anomalies des températures de surface,NC,Nouvelle-Calédonie,2014,,0.1,,,,CELSIUS,Degré Celsius (°C),SE,Standard error,0.1,,N,National,,
DATAFLOW,SPC:DF_CLIMATE_CHANGE(1.0),Indicateurs du changement climatique,I,A,Annuel,ST_ANOM,Anomalies des températures de surface,NC,Nouvelle-Calédonie,2015,,0.0,,,,CELSIUS,Degré Celsius (°C),SE,Standard error,0.0,,N,National,,
DATAFLOW,SPC:DF_CLIMATE_CHANGE(1.0),Indicateurs du changement climatique,I,A,Annuel,ST_ANOM,Anomalies des températures de surface,NC,Nouvelle-Calédonie,2016,,0.7,,,,CELSIUS,Degré Celsius (°C),SE,Standard error,0.1,,N,National,,
DATAFLOW,SPC:DF_CLIMATE_CHANGE(1.0),Indicateurs du changement climatique,I,A,Annuel,ST_ANOM,Anomalies des températures de surface,NC,Nouvelle-Calédonie,2017,,0.5,,,,CELSIUS,Degré Celsius (°C),SE,Standard error,0.1,,N,National,,
DATAFLOW,SPC:DF_CLIMATE_CHANGE(1.0),Indicateurs du changement climatique,I,A,Annuel,ST_ANOM,Anomalies des températures de surface,NC,Nouvelle-Calédonie,2018,,0.3,,,,CELSIUS,Degré Celsius (°C),SE,Standard error,0.1,,N,National,,
DATAFLOW,SPC:DF_CLIMATE_CHANGE(1.0),Indicateurs du changement climatique,I,A,Annuel,ST_ANOM,Anomalies des températures de surface,NC,Nouvelle-Calédonie,2019,,0.2,,,,CELSIUS,Degré Celsius (°C),SE,Standard error,0.1,,N,National,,
DATAFLOW,SPC:DF_CLIMATE_CHANGE(1.0),Indicateurs du changement climatique,I,A,Annuel,ST_ANOM,Anomalies des températures de surface,NC,Nouvelle-Calédonie,2020,,0.4,,,,CELSIUS,Degré Celsius (°C),SE,Standard error,0.1,,N,National,,
DATAFLOW,SPC:DF_CLIMATE_CHANGE(1.0),Indicateurs du changement climatique,I,A,Annuel,ST_ANOM,Anomalies des températures de surface,NC,Nouvelle-Calédonie,2021,,0.4,,,,CELSIUS,Degré Celsius (°C),SE,Standard error,0.1,,N,National,,
DATAFLOW,SPC:DF_CLIMATE_CHANGE(1.0),Indicateurs du changement climatique,I,A,Annuel,ST_ANOM,Anomalies des températures de surface,NC,Nouvelle-Calédonie,2022,,1.1,,,,CELSIUS,Degré Celsius (°C),SE,Standard error,0.1,,N,National,,
DATAFLOW,SPC:DF_CLIMATE_CHANGE(1.0),Indicateurs du changement climatique,I,A,Annuel,ST_ANOM,Anomalies des températures de surface,NC,Nouvelle-Calédonie,2023,,0.3,,,,CELSIUS,Degré Celsius (°C),SE,Standard error,0.1,,N,National,,
DATAFLOW,SPC:DF_CLIMATE_CHANGE(1.0),Indicateurs du changement climatique,I,A,Annuel,ST_ANOM,Anomalies des températures de surface,NC,Nouvelle-Calédonie,2024,,0.6,,,,CELSIUS,Degré Celsius (°C),SE,Standard error,0.1,,N,National,,
DATAFLOW,SPC:DF_CLIMATE_CHANGE(1.0),Indicateurs du changement climatique,I,A,Annuel,ST_ANOM,Anomalies des températures de surface,NC,Nouvelle-Calédonie,2025,,0.7,,,,CELSIUS,Degré Celsius (°C),SE,Standard error,0.1,,N,National,,
DATAFLOW,SPC:DF_CLIMATE_CHANGE(1.0),Indicateurs du changement climatique,I,A,Annuel,ST_ANOM,Anomalies des températures de surface,MH,Îles Marshall,1850,,-0.1,,,,CELSIUS,Degré Celsius (°C),SE,Standard error,0.1,,N,National,,
DATAFLOW,SPC:DF_CLIMATE_CHANGE(1.0),Indicateurs du changement climatique,I,A,Annuel,ST_ANOM,Anomalies des températures de surface,MH,Îles Marshall,1851,,-0.4,,,,CELSIUS,Degré Celsius (°C),SE,Standard error,0.1,,N,National,,
DATAFLOW,SPC:DF_CLIMATE_CHANGE(1.0),Indicateurs du changement climatique,I,A,Annuel,ST_ANOM,Anomalies des températures de surface,MH,Îles Marshall,1852,,0.0,,,,CELSIUS,Degré Celsius (°C),SE,Standard error,0.1,,N,National,,
DATAFLOW,SPC:DF_CLIMATE_CHANGE(1.0),Indicateurs du changement climatique,I,A,Annuel,ST_ANOM,Anomalies des températures de surface,MH,Îles Marshall,1853,,-0.1,,,,CELSIUS,Degré Celsius (°C),SE,Standard error,0.1,,N,National,,
DATAFLOW,SPC:DF_CLIMATE_CHANGE(1.0),Indicateurs du changement climatique,I,A,Annuel,ST_ANOM,Anomalies des températures de surface,MH,Îles Marshall,1854,,-0.1,,,,CELSIUS,Degré Celsius (°C),SE,Standard error,0.0,,N,National,,
DATAFLOW,SPC:DF_CLIMATE_CHANGE(1.0),Indicateurs du changement climatique,I,A,Annuel,ST_ANOM,Anomalies des températures de surface,MH,Îles Marshall,1855,,-0.1,,,,CELSIUS,Degré Celsius (°C),SE,Standard error,0.1,,N,National,,
DATAFLOW,SPC:DF_CLIMATE_CHANGE(1.0),Indicateurs du changement climatique,I,A,Annuel,ST_ANOM,Anomalies des températures de surface,MH,Îles Marshall,1856,,-0.3,,,,CELSIUS,Degré Celsius (°C),SE,Standard error,0.1,,N,National,,
DATAFLOW,SPC:DF_CLIMATE_CHANGE(1.0),Indicateurs du changement climatique,I,A,Annuel,ST_ANOM,Anomalies des températures de surface,MH,Îles Marshall,1857,,-0.1,,,,CELSIUS,Degré Celsius (°C),SE,Standard error,0.1,,N,National,,
DATAFLOW,SPC:DF_CLIMATE_CHANGE(1.0),Indicateurs du changement climatique,I,A,Annuel,ST_ANOM,Anomalies des températures de surface,MH,Îles Marshall,1858,,-0.3,,,,CELSIUS,Degré Celsius (°C),SE,Standard error,0.1,,N,National,,
DATAFLOW,SPC:DF_CLIMATE_CHANGE(1.0),Indicateurs du changement climatique,I,A,Annuel,ST_ANOM,Anomalies des températures de surface,MH,Îles Marshall,1859,,0.1,,,,CELSIUS,Degré Celsius (°C),SE,Standard error,0.0,,N,National,,
DATAFLOW,SPC:DF_CLIMATE_CHANGE(1.0),Indicateurs du changement climatique,I,A,Annuel,ST_ANOM,Anomalies des températures de surface,MH,Îles Marshall,1860,,-0.2,,,,CELSIUS,Degré Celsius (°C),SE,Standard error,0.0,,N,National,,
DATAFLOW,SPC:DF_CLIMATE_CHANGE(1.0),Indicateurs du changement climatique,I,A,Annuel,ST_ANOM,Anomalies des températures de surface,MH,Îles Marshall,1861,,-0.4,,,,CELSIUS,Degré Celsius (°C),SE,Standard error,0.1,,N,National,,
DATAFLOW,SPC:DF_CLIMATE_CHANGE(1.0),Indicateurs du changement climatique,I,A,Annuel,ST_ANOM,Anomalies des températures de surface,MH,Îles Marshall,1862,,0.0,,,,CELSIUS,Degré Celsius (°C),SE,Standard error,0.0,,N,National,,
DATAFLOW,SPC:DF_CLIMATE_CHANGE(1.0),Indicateurs du changement climatique,I,A,Annuel,ST_ANOM,Anomalies des températures de surface,MH,Îles Marshall,1863,,0.0,,,,CELSIUS,Degré Celsius (°C),SE,Standard error,0.0,,N,National,,
DATAFLOW,SPC:DF_CLIMATE_CHANGE(1.0),Indicateurs du changement climatique,I,A,Annuel,ST_ANOM,Anomalies des températures de surface,MH,Îles Marshall,1864,,0.0,,,,CELSIUS,Degré Celsius (°C),SE,Standard error,0.0,,N,National,,
DATAFLOW,SPC:DF_CLIMATE_CHANGE(1.0),Indicateurs du changement climatique,I,A,Annuel,ST_ANOM,Anomalies des températures de surface,MH,Îles Marshall,1865,,-0.1,,,,CELSIUS,Degré Celsius (°C),SE,Standard error,0.0,,N,National,,
DATAFLOW,SPC:DF_CLIMATE_CHANGE(1.0),Indicateurs du changement climatique,I,A,Annuel,ST_ANOM,Anomalies des températures de surface,MH,Îles Marshall,1866,,-0.1,,,,CELSIUS,Degré Celsius (°C),SE,Standard error,0.0,,N,National,,
DATAFLOW,SPC:DF_CLIMATE_CHANGE(1.0),Indicateurs du changement climatique,I,A,Annuel,ST_ANOM,Anomalies des températures de surface,MH,Îles Marshall,1867,,-0.2,,,,CELSIUS,Degré Celsius (°C),SE,Standard error,0.1,,N,National,,
DATAFLOW,SPC:DF_CLIMATE_CHANGE(1.0),Indicateurs du changement climatique,I,A,Annuel,ST_ANOM,Anomalies des températures de surface,MH,Îles Marshall,1868,,-0.2,,,,CELSIUS,Degré Celsius (°C),SE,Standard error,0.1,,N,National,,
DATAFLOW,SPC:DF_CLIMATE_CHANGE(1.0),Indicateurs du changement climatique,I,A,Annuel,ST_ANOM,Anomalies des températures de surface,MH,Îles Marshall,1869,,-0.1,,,,CELSIUS,Degré Celsius (°C),SE,Standard error,0.1,,N,National,,
DATAFLOW,SPC:DF_CLIMATE_CHANGE(1.0),Indicateurs du changement climatique,I,A,Annuel,ST_ANOM,Anomalies des températures de surface,MH,Îles Marshall,1870,,-0.7,,,,CELSIUS,Degré Celsius (°C),SE,Standard error,0.1,,N,National,,
DATAFLOW,SPC:DF_CLIMATE_CHANGE(1.0),Indicateurs du changement climatique,I,A,Annuel,ST_ANOM,Anomalies des températures de surface,MH,Îles Marshall,1871,,-0.4,,,,CELSIUS,Degré Celsius (°C),SE,Standard error,0.0,,N,National,,
DATAFLOW,SPC:DF_CLIMATE_CHANGE(1.0),Indicateurs du changement climatique,I,A,Annuel,ST_ANOM,Anomalies des températures de surface,MH,Îles Marshall,1872,,-0.5,,,,CELSIUS,Degré Celsius (°C),SE,Standard error,0.0,,N,National,,
DATAFLOW,SPC:DF_CLIMATE_CHANGE(1.0),Indicateurs du changement climatique,I,A,Annuel,ST_ANOM,Anomalies des températures de surface,MH,Îles Marshall,1873,,-0.5,,,,CELSIUS,Degré Celsius (°C),SE,Standard error,0.0,,N,National,,
DATAFLOW,SPC:DF_CLIMATE_CHANGE(1.0),Indicateurs du changement climatique,I,A,Annuel,ST_ANOM,Anomalies des températures de surface,MH,Îles Marshall,1874,,-0.3,,,,CELSIUS,Degré Celsius (°C),SE,Standard error,0.1,,N,National,,
DATAFLOW,SPC:DF_CLIMATE_CHANGE(1.0),Indicateurs du changement climatique,I,A,Annuel,ST_ANOM,Anomalies des températures de surface,MH,Îles Marshall,1875,,-0.6,,,,CELSIUS,Degré Celsius (°C),SE,Standard error,0.0,,N,National,,
DATAFLOW,SPC:DF_CLIMATE_CHANGE(1.0),Indicateurs du changement climatique,I,A,Annuel,ST_ANOM,Anomalies des températures de surface,MH,Îles Marshall,1876,,-0.6,,,,CELSIUS,Degré Celsius (°C),SE,Standard error,0.1,,N,National,,
DATAFLOW,SPC:DF_CLIMATE_CHANGE(1.0),Indicateurs du changement climatique,I,A,Annuel,ST_ANOM,Anomalies des températures de surface,MH,Îles Marshall,1877,,-0.4,,,,CELSIUS,Degré Celsius (°C),SE,Standard error,0.0,,N,National,,
DATAFLOW,SPC:DF_CLIMATE_CHANGE(1.0),Indicateurs du changement climatique,I,A,Annuel,ST_ANOM,Anomalies des températures de surface,MH,Îles Marshall,1878,,-0.5,,,,CELSIUS,Degré Celsius (°C),SE,Standard error,0.0,,N,National,,
DATAFLOW,SPC:DF_CLIMATE_CHANGE(1.0),Indicateurs du changement climatique,I,A,Annuel,ST_ANOM,Anomalies des températures de surface,MH,Îles Marshall,1879,,-0.6,,,,CELSIUS,Degré Celsius (°C),SE,Standard error,0.0,,N,National,,
DATAFLOW,SPC:DF_CLIMATE_CHANGE(1.0),Indicateurs du changement climatique,I,A,Annuel,ST_ANOM,Anomalies des températures de surface,MH,Îles Marshall,1880,,-0.5,,,,CELSIUS,Degré Celsius (°C),SE,Standard error,0.0,,N,National,,
DATAFLOW,SPC:DF_CLIMATE_CHANGE(1.0),Indicateurs du changement climatique,I,A,Annuel,ST_ANOM,Anomalies des températures de surface,MH,Îles Marshall,1881,,-0.1,,,,CELSIUS,Degré Celsius (°C),SE,Standard error,0.1,,N,National,,
DATAFLOW,SPC:DF_CLIMATE_CHANGE(1.0),Indicateurs du changement climatique,I,A,Annuel,ST_ANOM,Anomalies des températures de surface,MH,Îles Marshall,1882,,0.1,,,,CELSIUS,Degré Celsius (°C),SE,Standard error,0.1,,N,National,,
DATAFLOW,SPC:DF_CLIMATE_CHANGE(1.0),Indicateurs du changement climatique,I,A,Annuel,ST_ANOM,Anomalies des températures de surface,MH,Îles Marshall,1883,,-0.1,,,,CELSIUS,Degré Celsius (°C),SE,Standard error,0.1,,N,National,,
DATAFLOW,SPC:DF_CLIMATE_CHANGE(1.0),Indicateurs du changement climatique,I,A,Annuel,ST_ANOM,Anomalies des températures de surface,MH,Îles Marshall,1884,,-0.2,,,,CELSIUS,Degré Celsius (°C),SE,Standard error,0.1,,N,National,,
DATAFLOW,SPC:DF_CLIMATE_CHANGE(1.0),Indicateurs du changement climatique,I,A,Annuel,ST_ANOM,Anomalies des températures de surface,MH,Îles Marshall,1885,,-0.4,,,,CELSIUS,Degré Celsius (°C),SE,Standard error,0.1,,N,National,,
DATAFLOW,SPC:DF_CLIMATE_CHANGE(1.0),Indicateurs du changement climatique,I,A,Annuel,ST_ANOM,Anomalies des températures de surface,MH,Îles Marshall,1886,,-0.4,,,,CELSIUS,Degré Celsius (°C),SE,Standard error,0.1,,N,National,,
DATAFLOW,SPC:DF_CLIMATE_CHANGE(1.0),Indicateurs du changement climatique,I,A,Annuel,ST_ANOM,Anomalies des températures de surface,MH,Îles Marshall,1887,,-0.5,,,,CELSIUS,Degré Celsius (°C),SE,Standard error,0.1,,N,National,,
DATAFLOW,SPC:DF_CLIMATE_CHANGE(1.0),Indicateurs du changement climatique,I,A,Annuel,ST_ANOM,Anomalies des températures de surface,MH,Îles Marshall,1888,,-0.4,,,,CELSIUS,Degré Celsius (°C),SE,Standard error,0.1,,N,National,,
DATAFLOW,SPC:DF_CLIMATE_CHANGE(1.0),Indicateurs du changement climatique,I,A,Annuel,ST_ANOM,Anomalies des températures de surface,MH,Îles Marshall,1889,,-0.6,,,,CELSIUS,Degré Celsius (°C),SE,Standard error,0.1,,N,National,,
DATAFLOW,SPC:DF_CLIMATE_CHANGE(1.0),Indicateurs du changement climatique,I,A,Annuel,ST_ANOM,Anomalies des températures de surface,MH,Îles Marshall,1890,,-0.4,,,,CELSIUS,Degré Celsius (°C),SE,Standard error,0.1,,N,National,,
DATAFLOW,SPC:DF_CLIMATE_CHANGE(1.0),Indicateurs du changement climatique,I,A,Annuel,ST_ANOM,Anomalies des températures de surface,MH,Îles Marshall,1891,,-0.1,,,,CELSIUS,Degré Celsius (°C),SE,Standard error,0.1,,N,National,,
DATAFLOW,SPC:DF_CLIMATE_CHANGE(1.0),Indicateurs du changement climatique,I,A,Annuel,ST_ANOM,Anomalies des températures de surface,MH,Îles Marshall,1892,,-0.3,,,,CELSIUS,Degré Celsius (°C),SE,Standard error,0.1,,N,National,,
DATAFLOW,SPC:DF_CLIMATE_CHANGE(1.0),Indicateurs du changement climatique,I,A,Annuel,ST_ANOM,Anomalies des températures de surface,MH,Îles Marshall,1893,,-0.2,,,,CELSIUS,Degré Celsius (°C),SE,Standard error,0.1,,N,National,,
DATAFLOW,SPC:DF_CLIMATE_CHANGE(1.0),Indicateurs du changement climatique,I,A,Annuel,ST_ANOM,Anomalies des températures de surface,MH,Îles Marshall,1894,,-0.2,,,,CELSIUS,Degré Celsius (°C),SE,Standard error,0.1,,N,National,,
DATAFLOW,SPC:DF_CLIMATE_CHANGE(1.0),Indicateurs du changement climatique,I,A,Annuel,ST_ANOM,Anomalies des températures de surface,MH,Îles Marshall,1895,,-0.2,,,,CELSIUS,Degré Celsius (°C),SE,Standard error,0.0,,N,National,,
DATAFLOW,SPC:DF_CLIMATE_CHANGE(1.0),Indicateurs du changement climatique,I,A,Annuel,ST_ANOM,Anomalies des températures de surface,MH,Îles Marshall,1896,,-0.4,,,,CELSIUS,Degré Celsius (°C),SE,Standard error,0.1,,N,National,,
DATAFLOW,SPC:DF_CLIMATE_CHANGE(1.0),Indicateurs du changement climatique,I,A,Annuel,ST_ANOM,Anomalies des températures de surface,MH,Îles Marshall,1897,,-0.3,,,,CELSIUS,Degré Celsius (°C),SE,Standard error,0.1,,N,National,,
DATAFLOW,SPC:DF_CLIMATE_CHANGE(1.0),Indicateurs du changement climatique,I,A,Annuel,ST_ANOM,Anomalies des températures de surface,MH,Îles Marshall,1898,,-0.5,,,,CELSIUS,Degré Celsius (°C),SE,Standard error,0.0,,N,National,,
DATAFLOW,SPC:DF_CLIMATE_CHANGE(1.0),Indicateurs du changement climatique,I,A,Annuel,ST_ANOM,Anomalies des températures de surface,MH,Îles Marshall,1899,,-0.3,,,,CELSIUS,Degré Celsius (°C),SE,Standard error,0.1,,N,National,,
DATAFLOW,SPC:DF_CLIMATE_CHANGE(1.0),Indicateurs du changement climatique,I,A,Annuel,ST_ANOM,Anomalies des températures de surface,MH,Îles Marshall,1900,,-0.2,,,,CELSIUS,Degré Celsius (°C),SE,Standard error,0.1,,N,National,,
DATAFLOW,SPC:DF_CLIMATE_CHANGE(1.0),Indicateurs du changement climatique,I,A,Annuel,ST_ANOM,Anomalies des températures de surface,MH,Îles Marshall,1901,,-0.1,,,,CELSIUS,Degré Celsius (°C),SE,Standard error,0.1,,N,National,,
DATAFLOW,SPC:DF_CLIMATE_CHANGE(1.0),Indicateurs du changement climatique,I,A,Annuel,ST_ANOM,Anomalies des températures de surface,MH,Îles Marshall,1902,,-0.5,,,,CELSIUS,Degré Celsius (°C),SE,Standard error,0.1,,N,National,,
DATAFLOW,SPC:DF_CLIMATE_CHANGE(1.0),Indicateurs du changement climatique,I,A,Annuel,ST_ANOM,Anomalies des températures de surface,MH,Îles Marshall,1903,,-0.3,,,,CELSIUS,Degré Celsius (°C),SE,Standard error,0.0,,N,National,,
DATAFLOW,SPC:DF_CLIMATE_CHANGE(1.0),Indicateurs du changement climatique,I,A,Annuel,ST_ANOM,Anomalies des températures de surface,MH,Îles Marshall,1904,,-0.4,,,,CELSIUS,Degré Celsius (°C),SE,Standard error,0.1,,N,National,,
DATAFLOW,SPC:DF_CLIMATE_CHANGE(1.0),Indicateurs du changement climatique,I,A,Annuel,ST_ANOM,Anomalies des températures de surface,MH,Îles Marshall,1905,,-0.4,,,,CELSIUS,Degré Celsius (°C),SE,Standard error,0.1,,N,National,,
DATAFLOW,SPC:DF_CLIMATE_CHANGE(1.0),Indicateurs du changement climatique,I,A,Annuel,ST_ANOM,Anomalies des températures de surface,MH,Îles Marshall,1906,,-0.5,,,,CELSIUS,Degré Celsius (°C),SE,Standard error,0.1,,N,National,,
DATAFLOW,SPC:DF_CLIMATE_CHANGE(1.0),Indicateurs du changement climatique,I,A,Annuel,ST_ANOM,Anomalies des températures de surface,MH,Îles Marshall,1907,,-0.2,,,,CELSIUS,Degré Celsius (°C),SE,Standard error,0.1,,N,National,,
DATAFLOW,SPC:DF_CLIMATE_CHANGE(1.0),Indicateurs du changement climatique,I,A,Annuel,ST_ANOM,Anomalies des températures de surface,MH,Îles Marshall,1908,,-0.7,,,,CELSIUS,Degré Celsius (°C),SE,Standard error,0.1,,N,National,,
DATAFLOW,SPC:DF_CLIMATE_CHANGE(1.0),Indicateurs du changement climatique,I,A,Annuel,ST_ANOM,Anomalies des températures de surface,MH,Îles Marshall,1909,,-0.6,,,,CELSIUS,Degré Celsius (°C),SE,Standard error,0.1,,N,National,,
DATAFLOW,SPC:DF_CLIMATE_CHANGE(1.0),Indicateurs du changement climatique,I,A,Annuel,ST_ANOM,Anomalies des températures de surface,MH,Îles Marshall,1910,,-0.8,,,,CELSIUS,Degré Celsius (°C),SE,Standard error,0.1,,N,National,,
DATAFLOW,SPC:DF_CLIMATE_CHANGE(1.0),Indicateurs du changement climatique,I,A,Annuel,ST_ANOM,Anomalies des températures de surface,MH,Îles Marshall,1911,,-0.6,,,,CELSIUS,Degré Celsius (°C),SE,Standard error,0.0,,N,National,,
DATAFLOW,SPC:DF_CLIMATE_CHANGE(1.0),Indicateurs du changement climatique,I,A,Annuel,ST_ANOM,Anomalies des températures de surface,MH,Îles Marshall,1912,,-0.6,,,,CELSIUS,Degré Celsius (°C),SE,Standard error,0.1,,N,National,,
DATAFLOW,SPC:DF_CLIMATE_CHANGE(1.0),Indicateurs du changement climatique,I,A,Annuel,ST_ANOM,Anomalies des températures de surface,MH,Îles Marshall,1913,,-0.7,,,,CELSIUS,Degré Celsius (°C),SE,Standard error,0.1,,N,National,,
DATAFLOW,SPC:DF_CLIMATE_CHANGE(1.0),Indicateurs du changement climatique,I,A,Annuel,ST_ANOM,Anomalies des températures de surface,MH,Îles Marshall,1914,,-0.5,,,,CELSIUS,Degré Celsius (°C),SE,Standard error,0.0,,N,National,,
DATAFLOW,SPC:DF_CLIMATE_CHANGE(1.0),Indicateurs du changement climatique,I,A,Annuel,ST_ANOM,Anomalies des températures de surface,MH,Îles Marshall,1915,,-0.6,,,,CELSIUS,Degré Celsius (°C),SE,Standard error,0.1,,N,National,,
DATAFLOW,SPC:DF_CLIMATE_CHANGE(1.0),Indicateurs du changement climatique,I,A,Annuel,ST_ANOM,Anomalies des températures de surface,MH,Îles Marshall,1916,,-1.1,,,,CELSIUS,Degré Celsius (°C),SE,Standard error,0.1,,N,National,,
DATAFLOW,SPC:DF_CLIMATE_CHANGE(1.0),Indicateurs du changement climatique,I,A,Annuel,ST_ANOM,Anomalies des températures de surface,MH,Îles Marshall,1917,,-1.4,,,,CELSIUS,Degré Celsius (°C),SE,Standard error,0.2,,N,National,,
DATAFLOW,SPC:DF_CLIMATE_CHANGE(1.0),Indicateurs du changement climatique,I,A,Annuel,ST_ANOM,Anomalies des températures de surface,MH,Îles Marshall,1918,,-0.5,,,,CELSIUS,Degré Celsius (°C),SE,Standard error,0.1,,N,National,,
DATAFLOW,SPC:DF_CLIMATE_CHANGE(1.0),Indicateurs du changement climatique,I,A,Annuel,ST_ANOM,Anomalies des températures de surface,MH,Îles Marshall,1919,,-0.9,,,,CELSIUS,Degré Celsius (°C),SE,Standard error,0.1,,N,National,,
DATAFLOW,SPC:DF_CLIMATE_CHANGE(1.0),Indicateurs du changement climatique,I,A,Annuel,ST_ANOM,Anomalies des températures de surface,MH,Îles Marshall,1920,,-0.5,,,,CELSIUS,Degré Celsius (°C),SE,Standard error,0.1,,N,National,,
DATAFLOW,SPC:DF_CLIMATE_CHANGE(1.0),Indicateurs du changement climatique,I,A,Annuel,ST_ANOM,Anomalies des températures de surface,MH,Îles Marshall,1921,,-0.4,,,,CELSIUS,Degré Celsius (°C),SE,Standard error,0.1,,N,National,,
DATAFLOW,SPC:DF_CLIMATE_CHANGE(1.0),Indicateurs du changement climatique,I,A,Annuel,ST_ANOM,Anomalies des températures de surface,MH,Îles Marshall,1922,,-0.4,,,,CELSIUS,Degré Celsius (°C),SE,Standard error,0.1,,N,National,,
DATAFLOW,SPC:DF_CLIMATE_CHANGE(1.0),Indicateurs du changement climatique,I,A,Annuel,ST_ANOM,Anomalies des températures de surface,MH,Îles Marshall,1923,,-0.3,,,,CELSIUS,Degré Celsius (°C),SE,Standard error,0.0,,N,National,,
DATAFLOW,SPC:DF_CLIMATE_CHANGE(1.0),Indicateurs du changement climatique,I,A,Annuel,ST_ANOM,Anomalies des températures de surface,MH,Îles Marshall,1924,,-0.3,,,,CELSIUS,Degré Celsius (°C),SE,Standard error,0.1,,N,National,,
DATAFLOW,SPC:DF_CLIMATE_CHANGE(1.0),Indicateurs du changement climatique,I,A,Annuel,ST_ANOM,Anomalies des températures de surface,MH,Îles Marshall,1925,,-0.5,,,,CELSIUS,Degré Celsius (°C),SE,Standard error,0.1,,N,National,,
DATAFLOW,SPC:DF_CLIMATE_CHANGE(1.0),Indicateurs du changement climatique,I,A,Annuel,ST_ANOM,Anomalies des températures de surface,MH,Îles Marshall,1926,,-0.3,,,,CELSIUS,Degré Celsius (°C),SE,Standard error,0.1,,N,National,,
DATAFLOW,SPC:DF_CLIMATE_CHANGE(1.0),Indicateurs du changement climatique,I,A,Annuel,ST_ANOM,Anomalies des températures de surface,MH,Îles Marshall,1927,,-0.5,,,,CELSIUS,Degré Celsius (°C),SE,Standard error,0.1,,N,National,,
DATAFLOW,SPC:DF_CLIMATE_CHANGE(1.0),Indicateurs du changement climatique,I,A,Annuel,ST_ANOM,Anomalies des températures de surface,MH,Îles Marshall,1928,,-0.3,,,,CELSIUS,Degré Celsius (°C),SE,Standard error,0.1,,N,National,,
DATAFLOW,SPC:DF_CLIMATE_CHANGE(1.0),Indicateurs du changement climatique,I,A,Annuel,ST_ANOM,Anomalies des températures de surface,MH,Îles Marshall,1929,,-0.2,,,,CELSIUS,Degré Celsius (°C),SE,Standard error,0.0,,N,National,,
DATAFLOW,SPC:DF_CLIMATE_CHANGE(1.0),Indicateurs du changement climatique,I,A,Annuel,ST_ANOM,Anomalies des températures de surface,MH,Îles Marshall,1930,,-0.3,,,,CELSIUS,Degré Celsius (°C),SE,Standard error,0.1,,N,National,,
DATAFLOW,SPC:DF_CLIMATE_CHANGE(1.0),Indicateurs du changement climatique,I,A,Annuel,ST_ANOM,Anomalies des températures de surface,MH,Îles Marshall,1931,,-0.4,,,,CELSIUS,Degré Celsius (°C),SE,Standard error,0.0,,N,National,,
DATAFLOW,SPC:DF_CLIMATE_CHANGE(1.0),Indicateurs du changement climatique,I,A,Annuel,ST_ANOM,Anomalies des températures de surface,MH,Îles Marshall,1932,,-0.5,,,,CELSIUS,Degré Celsius (°C),SE,Standard error,0.1,,N,National,,
DATAFLOW,SPC:DF_CLIMATE_CHANGE(1.0),Indicateurs du changement climatique,I,A,Annuel,ST_ANOM,Anomalies des températures de surface,MH,Îles Marshall,1933,,-0.7,,,,CELSIUS,Degré Celsius (°C),SE,Standard error,0.1,,N,National,,
DATAFLOW,SPC:DF_CLIMATE_CHANGE(1.0),Indicateurs du changement climatique,I,A,Annuel,ST_ANOM,Anomalies des températures de surface,MH,Îles Marshall,1934,,-0.5,,,,CELSIUS,Degré Celsius (°C),SE,Standard error,0.1,,N,National,,
DATAFLOW,SPC:DF_CLIMATE_CHANGE(1.0),Indicateurs du changement climatique,I,A,Annuel,ST_ANOM,Anomalies des températures de surface,MH,Îles Marshall,1935,,-0.3,,,,CELSIUS,Degré Celsius (°C),SE,Standard error,0.0,,N,National,,
DATAFLOW,SPC:DF_CLIMATE_CHANGE(1.0),Indicateurs du changement climatique,I,A,Annuel,ST_ANOM,Anomalies des températures de surface,MH,Îles Marshall,1936,,-0.3,,,,CELSIUS,Degré Celsius (°C),SE,Standard error,0.0,,N,National,,
DATAFLOW,SPC:DF_CLIMATE_CHANGE(1.0),Indicateurs du changement climatique,I,A,Annuel,ST_ANOM,Anomalies des températures de surface,MH,Îles Marshall,1937,,-0.4,,,,CELSIUS,Degré Celsius (°C),SE,Standard error,0.0,,N,National,,
DATAFLOW,SPC:DF_CLIMATE_CHANGE(1.0),Indicateurs du changement climatique,I,A,Annuel,ST_ANOM,Anomalies des températures de surface,MH,Îles Marshall,1938,,-0.5,,,,CELSIUS,Degré Celsius (°C),SE,Standard error,0.1,,N,National,,
DATAFLOW,SPC:DF_CLIMATE_CHANGE(1.0),Indicateurs du changement climatique,I,A,Annuel,ST_ANOM,Anomalies des températures de surface,MH,Îles Marshall,1939,,-0.3,,,,CELSIUS,Degré Celsius (°C),SE,Standard error,0.1,,N,National,,
DATAFLOW,SPC:DF_CLIMATE_CHANGE(1.0),Indicateurs du changement climatique,I,A,Annuel,ST_ANOM,Anomalies des températures de surface,MH,Îles Marshall,1940,,0.0,,,,CELSIUS,Degré Celsius (°C),SE,Standard error,0.0,,N,National,,
DATAFLOW,SPC:DF_CLIMATE_CHANGE(1.0),Indicateurs du changement climatique,I,A,Annuel,ST_ANOM,Anomalies des températures de surface,MH,Îles Marshall,1941,,0.1,,,,CELSIUS,Degré Celsius (°C),SE,Standard error,0.1,,N,National,,
DATAFLOW,SPC:DF_CLIMATE_CHANGE(1.0),Indicateurs du changement climatique,I,A,Annuel,ST_ANOM,Anomalies des températures de surface,MH,Îles Marshall,1942,,-0.1,,,,CELSIUS,Degré Celsius (°C),SE,Standard error,0.1,,N,National,,
DATAFLOW,SPC:DF_CLIMATE_CHANGE(1.0),Indicateurs du changement climatique,I,A,Annuel,ST_ANOM,Anomalies des températures de surface,MH,Îles Marshall,1943,,0.0,,,,CELSIUS,Degré Celsius (°C),SE,Standard error,0.1,,N,National,,
DATAFLOW,SPC:DF_CLIMATE_CHANGE(1.0),Indicateurs du changement climatique,I,A,Annuel,ST_ANOM,Anomalies des températures de surface,MH,Îles Marshall,1944,,0.1,,,,CELSIUS,Degré Celsius (°C),SE,Standard error,0.0,,N,National,,
DATAFLOW,SPC:DF_CLIMATE_CHANGE(1.0),Indicateurs du changement climatique,I,A,Annuel,ST_ANOM,Anomalies des températures de surface,MH,Îles Marshall,1945,,0.0,,,,CELSIUS,Degré Celsius (°C),SE,Standard error,0.1,,N,National,,
DATAFLOW,SPC:DF_CLIMATE_CHANGE(1.0),Indicateurs du changement climatique,I,A,Annuel,ST_ANOM,Anomalies des températures de surface,MH,Îles Marshall,1946,,0.2,,,,CELSIUS,Degré Celsius (°C),SE,Standard error,0.0,,N,National,,
DATAFLOW,SPC:DF_CLIMATE_CHANGE(1.0),Indicateurs du changement climatique,I,A,Annuel,ST_ANOM,Anomalies des températures de surface,MH,Îles Marshall,1947,,0.1,,,,CELSIUS,Degré Celsius (°C),SE,Standard error,0.0,,N,National,,
DATAFLOW,SPC:DF_CLIMATE_CHANGE(1.0),Indicateurs du changement climatique,I,A,Annuel,ST_ANOM,Anomalies des températures de surface,MH,Îles Marshall,1948,,-0.4,,,,CELSIUS,Degré Celsius (°C),SE,Standard error,0.2,,N,National,,
DATAFLOW,SPC:DF_CLIMATE_CHANGE(1.0),Indicateurs du changement climatique,I,A,Annuel,ST_ANOM,Anomalies des températures de surface,MH,Îles Marshall,1949,,-0.6,,,,CELSIUS,Degré Celsius (°C),SE,Standard error,0.1,,N,National,,
DATAFLOW,SPC:DF_CLIMATE_CHANGE(1.0),Indicateurs du changement climatique,I,A,Annuel,ST_ANOM,Anomalies des températures de surface,MH,Îles Marshall,1950,,-0.4,,,,CELSIUS,Degré Celsius (°C),SE,Standard error,0.1,,N,National,,
DATAFLOW,SPC:DF_CLIMATE_CHANGE(1.0),Indicateurs du changement climatique,I,A,Annuel,ST_ANOM,Anomalies des températures de surface,MH,Îles Marshall,1951,,-0.1,,,,CELSIUS,Degré Celsius (°C),SE,Standard error,0.1,,N,National,,
DATAFLOW,SPC:DF_CLIMATE_CHANGE(1.0),Indicateurs du changement climatique,I,A,Annuel,ST_ANOM,Anomalies des températures de surface,MH,Îles Marshall,1952,,-0.3,,,,CELSIUS,Degré Celsius (°C),SE,Standard error,0.1,,N,National,,
DATAFLOW,SPC:DF_CLIMATE_CHANGE(1.0),Indicateurs du changement climatique,I,A,Annuel,ST_ANOM,Anomalies des températures de surface,MH,Îles Marshall,1953,,-0.2,,,,CELSIUS,Degré Celsius (°C),SE,Standard error,0.0,,N,National,,
DATAFLOW,SPC:DF_CLIMATE_CHANGE(1.0),Indicateurs du changement climatique,I,A,Annuel,ST_ANOM,Anomalies des températures de surface,MH,Îles Marshall,1954,,-0.3,,,,CELSIUS,Degré Celsius (°C),SE,Standard error,0.0,,N,National,,
DATAFLOW,SPC:DF_CLIMATE_CHANGE(1.0),Indicateurs du changement climatique,I,A,Annuel,ST_ANOM,Anomalies des températures de surface,MH,Îles Marshall,1955,,-0.4,,,,CELSIUS,Degré Celsius (°C),SE,Standard error,0.1,,N,National,,
DATAFLOW,SPC:DF_CLIMATE_CHANGE(1.0),Indicateurs du changement climatique,I,A,Annuel,ST_ANOM,Anomalies des températures de surface,MH,Îles Marshall,1956,,-0.1,,,,CELSIUS,Degré Celsius (°C),SE,Standard error,0.1,,N,National,,
DATAFLOW,SPC:DF_CLIMATE_CHANGE(1.0),Indicateurs du changement climatique,I,A,Annuel,ST_ANOM,Anomalies des températures de surface,MH,Îles Marshall,1957,,-0.1,,,,CELSIUS,Degré Celsius (°C),SE,Standard error,0.1,,N,National,,
DATAFLOW,SPC:DF_CLIMATE_CHANGE(1.0),Indicateurs du changement climatique,I,A,Annuel,ST_ANOM,Anomalies des températures de surface,MH,Îles Marshall,1958,,0.1,,,,CELSIUS,Degré Celsius (°C),SE,Standard error,0.0,,N,National,,
DATAFLOW,SPC:DF_CLIMATE_CHANGE(1.0),Indicateurs du changement climatique,I,A,Annuel,ST_ANOM,Anomalies des températures de surface,MH,Îles Marshall,1959,,0.0,,,,CELSIUS,Degré Celsius (°C),SE,Standard error,0.1,,N,National,,
DATAFLOW,SPC:DF_CLIMATE_CHANGE(1.0),Indicateurs du changement climatique,I,A,Annuel,ST_ANOM,Anomalies des températures de surface,MH,Îles Marshall,1960,,-0.1,,,,CELSIUS,Degré Celsius (°C),SE,Standard error,0.0,,N,National,,
DATAFLOW,SPC:DF_CLIMATE_CHANGE(1.0),Indicateurs du changement climatique,I,A,Annuel,ST_ANOM,Anomalies des températures de surface,MH,Îles Marshall,1961,,-0.1,,,,CELSIUS,Degré Celsius (°C),SE,Standard error,0.0,,N,National,,
DATAFLOW,SPC:DF_CLIMATE_CHANGE(1.0),Indicateurs du changement climatique,I,A,Annuel,ST_ANOM,Anomalies des températures de surface,MH,Îles Marshall,1962,,0.1,,,,CELSIUS,Degré Celsius (°C),SE,Standard error,0.0,,N,National,,
DATAFLOW,SPC:DF_CLIMATE_CHANGE(1.0),Indicateurs du changement climatique,I,A,Annuel,ST_ANOM,Anomalies des températures de surface,MH,Îles Marshall,1963,,0.2,,,,CELSIUS,Degré Celsius (°C),SE,Standard error,0.0,,N,National,,
DATAFLOW,SPC:DF_CLIMATE_CHANGE(1.0),Indicateurs du changement climatique,I,A,Annuel,ST_ANOM,Anomalies des températures de surface,MH,Îles Marshall,1964,,-0.2,,,,CELSIUS,Degré Celsius (°C),SE,Standard error,0.1,,N,National,,
DATAFLOW,SPC:DF_CLIMATE_CHANGE(1.0),Indicateurs du changement climatique,I,A,Annuel,ST_ANOM,Anomalies des températures de surface,MH,Îles Marshall,1965,,-0.1,,,,CELSIUS,Degré Celsius (°C),SE,Standard error,0.0,,N,National,,
DATAFLOW,SPC:DF_CLIMATE_CHANGE(1.0),Indicateurs du changement climatique,I,A,Annuel,ST_ANOM,Anomalies des températures de surface,MH,Îles Marshall,1966,,0.2,,,,CELSIUS,Degré Celsius (°C),SE,Standard error,0.0,,N,National,,
DATAFLOW,SPC:DF_CLIMATE_CHANGE(1.0),Indicateurs du changement climatique,I,A,Annuel,ST_ANOM,Anomalies des températures de surface,MH,Îles Marshall,1967,,0.1,,,,CELSIUS,Degré Celsius (°C),SE,Standard error,0.0,,N,National,,
DATAFLOW,SPC:DF_CLIMATE_CHANGE(1.0),Indicateurs du changement climatique,I,A,Annuel,ST_ANOM,Anomalies des températures de surface,MH,Îles Marshall,1968,,0.2,,,,CELSIUS,Degré Celsius (°C),SE,Standard error,0.0,,N,National,,
DATAFLOW,SPC:DF_CLIMATE_CHANGE(1.0),Indicateurs du changement climatique,I,A,Annuel,ST_ANOM,Anomalies des températures de surface,MH,Îles Marshall,1969,,0.2,,,,CELSIUS,Degré Celsius (°C),SE,Standard error,0.0,,N,National,,
DATAFLOW,SPC:DF_CLIMATE_CHANGE(1.0),Indicateurs du changement climatique,I,A,Annuel,ST_ANOM,Anomalies des températures de surface,MH,Îles Marshall,1970,,-0.2,,,,CELSIUS,Degré Celsius (°C),SE,Standard error,0.1,,N,National,,
DATAFLOW,SPC:DF_CLIMATE_CHANGE(1.0),Indicateurs du changement climatique,I,A,Annuel,ST_ANOM,Anomalies des températures de surface,MH,Îles Marshall,1971,,-0.5,,,,CELSIUS,Degré Celsius (°C),SE,Standard error,0.0,,N,National,,
DATAFLOW,SPC:DF_CLIMATE_CHANGE(1.0),Indicateurs du changement climatique,I,A,Annuel,ST_ANOM,Anomalies des températures de surface,MH,Îles Marshall,1972,,-0.2,,,,CELSIUS,Degré Celsius (°C),SE,Standard error,0.0,,N,National,,
DATAFLOW,SPC:DF_CLIMATE_CHANGE(1.0),Indicateurs du changement climatique,I,A,Annuel,ST_ANOM,Anomalies des températures de surface,MH,Îles Marshall,1973,,-0.3,,,,CELSIUS,Degré Celsius (°C),SE,Standard error,0.0,,N,National,,
DATAFLOW,SPC:DF_CLIMATE_CHANGE(1.0),Indicateurs du changement climatique,I,A,Annuel,ST_ANOM,Anomalies des températures de surface,MH,Îles Marshall,1974,,-0.3,,,,CELSIUS,Degré Celsius (°C),SE,Standard error,0.1,,N,National,,
DATAFLOW,SPC:DF_CLIMATE_CHANGE(1.0),Indicateurs du changement climatique,I,A,Annuel,ST_ANOM,Anomalies des températures de surface,MH,Îles Marshall,1975,,-0.7,,,,CELSIUS,Degré Celsius (°C),SE,Standard error,0.1,,N,National,,
DATAFLOW,SPC:DF_CLIMATE_CHANGE(1.0),Indicateurs du changement climatique,I,A,Annuel,ST_ANOM,Anomalies des températures de surface,MH,Îles Marshall,1976,,-0.3,,,,CELSIUS,Degré Celsius (°C),SE,Standard error,0.0,,N,National,,
DATAFLOW,SPC:DF_CLIMATE_CHANGE(1.0),Indicateurs du changement climatique,I,A,Annuel,ST_ANOM,Anomalies des températures de surface,MH,Îles Marshall,1977,,-0.1,,,,CELSIUS,Degré Celsius (°C),SE,Standard error,0.0,,N,National,,
DATAFLOW,SPC:DF_CLIMATE_CHANGE(1.0),Indicateurs du changement climatique,I,A,Annuel,ST_ANOM,Anomalies des températures de surface,MH,Îles Marshall,1978,,0.0,,,,CELSIUS,Degré Celsius (°C),SE,Standard error,0.0,,N,National,,
DATAFLOW,SPC:DF_CLIMATE_CHANGE(1.0),Indicateurs du changement climatique,I,A,Annuel,ST_ANOM,Anomalies des températures de surface,MH,Îles Marshall,1979,,0.1,,,,CELSIUS,Degré Celsius (°C),SE,Standard error,0.0,,N,National,,
DATAFLOW,SPC:DF_CLIMATE_CHANGE(1.0),Indicateurs du changement climatique,I,A,Annuel,ST_ANOM,Anomalies des températures de surface,MH,Îles Marshall,1980,,0.2,,,,CELSIUS,Degré Celsius (°C),SE,Standard error,0.0,,N,National,,
DATAFLOW,SPC:DF_CLIMATE_CHANGE(1.0),Indicateurs du changement climatique,I,A,Annuel,ST_ANOM,Anomalies des températures de surface,MH,Îles Marshall,1981,,0.1,,,,CELSIUS,Degré Celsius (°C),SE,Standard error,0.1,,N,National,,
DATAFLOW,SPC:DF_CLIMATE_CHANGE(1.0),Indicateurs du changement climatique,I,A,Annuel,ST_ANOM,Anomalies des températures de surface,MH,Îles Marshall,1982,,0.1,,,,CELSIUS,Degré Celsius (°C),SE,Standard error,0.1,,N,National,,
DATAFLOW,SPC:DF_CLIMATE_CHANGE(1.0),Indicateurs du changement climatique,I,A,Annuel,ST_ANOM,Anomalies des températures de surface,MH,Îles Marshall,1983,,-0.2,,,,CELSIUS,Degré Celsius (°C),SE,Standard error,0.0,,N,National,,
DATAFLOW,SPC:DF_CLIMATE_CHANGE(1.0),Indicateurs du changement climatique,I,A,Annuel,ST_ANOM,Anomalies des températures de surface,MH,Îles Marshall,1984,,-0.1,,,,CELSIUS,Degré Celsius (°C),SE,Standard error,0.0,,N,National,,
DATAFLOW,SPC:DF_CLIMATE_CHANGE(1.0),Indicateurs du changement climatique,I,A,Annuel,ST_ANOM,Anomalies des températures de surface,MH,Îles Marshall,1985,,0.0,,,,CELSIUS,Degré Celsius (°C),SE,Standard error,0.0,,N,National,,
DATAFLOW,SPC:DF_CLIMATE_CHANGE(1.0),Indicateurs du changement climatique,I,A,Annuel,ST_ANOM,Anomalies des températures de surface,MH,Îles Marshall,1986,,0.2,,,,CELSIUS,Degré Celsius (°C),SE,Standard error,0.0,,N,National,,
DATAFLOW,SPC:DF_CLIMATE_CHANGE(1.0),Indicateurs du changement climatique,I,A,Annuel,ST_ANOM,Anomalies des températures de surface,MH,Îles Marshall,1987,,0.0,,,,CELSIUS,Degré Celsius (°C),SE,Standard error,0.1,,N,National,,
DATAFLOW,SPC:DF_CLIMATE_CHANGE(1.0),Indicateurs du changement climatique,I,A,Annuel,ST_ANOM,Anomalies des températures de surface,MH,Îles Marshall,1988,,0.0,,,,CELSIUS,Degré Celsius (°C),SE,Standard error,0.1,,N,National,,
DATAFLOW,SPC:DF_CLIMATE_CHANGE(1.0),Indicateurs du changement climatique,I,A,Annuel,ST_ANOM,Anomalies des températures de surface,MH,Îles Marshall,1989,,-0.1,,,,CELSIUS,Degré Celsius (°C),SE,Standard error,0.1,,N,National,,
DATAFLOW,SPC:DF_CLIMATE_CHANGE(1.0),Indicateurs du changement climatique,I,A,Annuel,ST_ANOM,Anomalies des températures de surface,MH,Îles Marshall,1990,,0.4,,,,CELSIUS,Degré Celsius (°C),SE,Standard error,0.0,,N,National,,
DATAFLOW,SPC:DF_CLIMATE_CHANGE(1.0),Indicateurs du changement climatique,I,A,Annuel,ST_ANOM,Anomalies des températures de surface,MH,Îles Marshall,1991,,0.3,,,,CELSIUS,Degré Celsius (°C),SE,Standard error,0.1,,N,National,,
DATAFLOW,SPC:DF_CLIMATE_CHANGE(1.0),Indicateurs du changement climatique,I,A,Annuel,ST_ANOM,Anomalies des températures de surface,MH,Îles Marshall,1992,,0.1,,,,CELSIUS,Degré Celsius (°C),SE,Standard error,0.1,,N,National,,
DATAFLOW,SPC:DF_CLIMATE_CHANGE(1.0),Indicateurs du changement climatique,I,A,Annuel,ST_ANOM,Anomalies des températures de surface,MH,Îles Marshall,1993,,0.0,,,,CELSIUS,Degré Celsius (°C),SE,Standard error,0.0,,N,National,,
DATAFLOW,SPC:DF_CLIMATE_CHANGE(1.0),Indicateurs du changement climatique,I,A,Annuel,ST_ANOM,Anomalies des températures de surface,MH,Îles Marshall,1994,,0.2,,,,CELSIUS,Degré Celsius (°C),SE,Standard error,0.0,,N,National,,
DATAFLOW,SPC:DF_CLIMATE_CHANGE(1.0),Indicateurs du changement climatique,I,A,Annuel,ST_ANOM,Anomalies des températures de surface,MH,Îles Marshall,1995,,0.3,,,,CELSIUS,Degré Celsius (°C),SE,Standard error,0.0,,N,National,,
DATAFLOW,SPC:DF_CLIMATE_CHANGE(1.0),Indicateurs du changement climatique,I,A,Annuel,ST_ANOM,Anomalies des températures de surface,MH,Îles Marshall,1996,,0.3,,,,CELSIUS,Degré Celsius (°C),SE,Standard error,0.0,,N,National,,
DATAFLOW,SPC:DF_CLIMATE_CHANGE(1.0),Indicateurs du changement climatique,I,A,Annuel,ST_ANOM,Anomalies des températures de surface,MH,Îles Marshall,1997,,0.3,,,,CELSIUS,Degré Celsius (°C),SE,Standard error,0.1,,N,National,,
DATAFLOW,SPC:DF_CLIMATE_CHANGE(1.0),Indicateurs du changement climatique,I,A,Annuel,ST_ANOM,Anomalies des températures de surface,MH,Îles Marshall,1998,,-0.3,,,,CELSIUS,Degré Celsius (°C),SE,Standard error,0.0,,N,National,,
DATAFLOW,SPC:DF_CLIMATE_CHANGE(1.0),Indicateurs du changement climatique,I,A,Annuel,ST_ANOM,Anomalies des températures de surface,MH,Îles Marshall,1999,,-0.3,,,,CELSIUS,Degré Celsius (°C),SE,Standard error,0.0,,N,National,,
DATAFLOW,SPC:DF_CLIMATE_CHANGE(1.0),Indicateurs du changement climatique,I,A,Annuel,ST_ANOM,Anomalies des températures de surface,MH,Îles Marshall,2000,,-0.1,,,,CELSIUS,Degré Celsius (°C),SE,Standard error,0.1,,N,National,,
DATAFLOW,SPC:DF_CLIMATE_CHANGE(1.0),Indicateurs du changement climatique,I,A,Annuel,ST_ANOM,Anomalies des températures de surface,MH,Îles Marshall,2001,,0.2,,,,CELSIUS,Degré Celsius (°C),SE,Standard error,0.1,,N,National,,
DATAFLOW,SPC:DF_CLIMATE_CHANGE(1.0),Indicateurs du changement climatique,I,A,Annuel,ST_ANOM,Anomalies des températures de surface,MH,Îles Marshall,2002,,0.4,,,,CELSIUS,Degré Celsius (°C),SE,Standard error,0.1,,N,National,,
DATAFLOW,SPC:DF_CLIMATE_CHANGE(1.0),Indicateurs du changement climatique,I,A,Annuel,ST_ANOM,Anomalies des températures de surface,MH,Îles Marshall,2003,,0.5,,,,CELSIUS,Degré Celsius (°C),SE,Standard error,0.0,,N,National,,
DATAFLOW,SPC:DF_CLIMATE_CHANGE(1.0),Indicateurs du changement climatique,I,A,Annuel,ST_ANOM,Anomalies des températures de surface,MH,Îles Marshall,2004,,0.6,,,,CELSIUS,Degré Celsius (°C),SE,Standard error,0.0,,N,National,,
DATAFLOW,SPC:DF_CLIMATE_CHANGE(1.0),Indicateurs du changement climatique,I,A,Annuel,ST_ANOM,Anomalies des températures de surface,MH,Îles Marshall,2005,,0.5,,,,CELSIUS,Degré Celsius (°C),SE,Standard error,0.0,,N,National,,
DATAFLOW,SPC:DF_CLIMATE_CHANGE(1.0),Indicateurs du changement climatique,I,A,Annuel,ST_ANOM,Anomalies des températures de surface,MH,Îles Marshall,2006,,0.4,,,,CELSIUS,Degré Celsius (°C),SE,Standard error,0.0,,N,National,,
DATAFLOW,SPC:DF_CLIMATE_CHANGE(1.0),Indicateurs du changement climatique,I,A,Annuel,ST_ANOM,Anomalies des températures de surface,MH,Îles Marshall,2007,,0.3,,,,CELSIUS,Degré Celsius (°C),SE,Standard error,0.1,,N,National,,
DATAFLOW,SPC:DF_CLIMATE_CHANGE(1.0),Indicateurs du changement climatique,I,A,Annuel,ST_ANOM,Anomalies des températures de surface,MH,Îles Marshall,2008,,-0.2,,,,CELSIUS,Degré Celsius (°C),SE,Standard error,0.0,,N,National,,
DATAFLOW,SPC:DF_CLIMATE_CHANGE(1.0),Indicateurs du changement climatique,I,A,Annuel,ST_ANOM,Anomalies des températures de surface,MH,Îles Marshall,2009,,0.4,,,,CELSIUS,Degré Celsius (°C),SE,Standard error,0.1,,N,National,,
DATAFLOW,SPC:DF_CLIMATE_CHANGE(1.0),Indicateurs du changement climatique,I,A,Annuel,ST_ANOM,Anomalies des températures de surface,MH,Îles Marshall,2010,,0.0,,,,CELSIUS,Degré Celsius (°C),SE,Standard error,0.1,,N,National,,
DATAFLOW,SPC:DF_CLIMATE_CHANGE(1.0),Indicateurs du changement climatique,I,A,Annuel,ST_ANOM,Anomalies des températures de surface,MH,Îles Marshall,2011,,0.2,,,,CELSIUS,Degré Celsius (°C),SE,Standard error,0.0,,N,National,,
DATAFLOW,SPC:DF_CLIMATE_CHANGE(1.0),Indicateurs du changement climatique,I,A,Annuel,ST_ANOM,Anomalies des températures de surface,MH,Îles Marshall,2012,,0.2,,,,CELSIUS,Degré Celsius (°C),SE,Standard error,0.1,,N,National,,
DATAFLOW,SPC:DF_CLIMATE_CHANGE(1.0),Indicateurs du changement climatique,I,A,Annuel,ST_ANOM,Anomalies des températures de surface,MH,Îles Marshall,2013,,0.4,,,,CELSIUS,Degré Celsius (°C),SE,Standard error,0.0,,N,National,,
DATAFLOW,SPC:DF_CLIMATE_CHANGE(1.0),Indicateurs du changement climatique,I,A,Annuel,ST_ANOM,Anomalies des températures de surface,MH,Îles Marshall,2014,,0.7,,,,CELSIUS,Degré Celsius (°C),SE,Standard error,0.0,,N,National,,
DATAFLOW,SPC:DF_CLIMATE_CHANGE(1.0),Indicateurs du changement climatique,I,A,Annuel,ST_ANOM,Anomalies des températures de surface,MH,Îles Marshall,2015,,0.7,,,,CELSIUS,Degré Celsius (°C),SE,Standard error,0.0,,N,National,,
DATAFLOW,SPC:DF_CLIMATE_CHANGE(1.0),Indicateurs du changement climatique,I,A,Annuel,ST_ANOM,Anomalies des températures de surface,MH,Îles Marshall,2016,,0.5,,,,CELSIUS,Degré Celsius (°C),SE,Standard error,0.0,,N,National,,
DATAFLOW,SPC:DF_CLIMATE_CHANGE(1.0),Indicateurs du changement climatique,I,A,Annuel,ST_ANOM,Anomalies des températures de surface,MH,Îles Marshall,2017,,0.6,,,,CELSIUS,Degré Celsius (°C),SE,Standard error,0.0,,N,National,,
DATAFLOW,SPC:DF_CLIMATE_CHANGE(1.0),Indicateurs du changement climatique,I,A,Annuel,ST_ANOM,Anomalies des températures de surface,MH,Îles Marshall,2018,,0.7,,,,CELSIUS,Degré Celsius (°C),SE,Standard error,0.1,,N,National,,
DATAFLOW,SPC:DF_CLIMATE_CHANGE(1.0),Indicateurs du changement climatique,I,A,Annuel,ST_ANOM,Anomalies des températures de surface,MH,Îles Marshall,2019,,0.7,,,,CELSIUS,Degré Celsius (°C),SE,Standard error,0.1,,N,National,,
DATAFLOW,SPC:DF_CLIMATE_CHANGE(1.0),Indicateurs du changement climatique,I,A,Annuel,ST_ANOM,Anomalies des températures de surface,MH,Îles Marshall,2020,,0.5,,,,CELSIUS,Degré Celsius (°C),SE,Standard error,0.1,,N,National,,
DATAFLOW,SPC:DF_CLIMATE_CHANGE(1.0),Indicateurs du changement climatique,I,A,Annuel,ST_ANOM,Anomalies des températures de surface,MH,Îles Marshall,2021,,0.3,,,,CELSIUS,Degré Celsius (°C),SE,Standard error,0.1,,N,National,,
DATAFLOW,SPC:DF_CLIMATE_CHANGE(1.0),Indicateurs du changement climatique,I,A,Annuel,ST_ANOM,Anomalies des températures de surface,MH,Îles Marshall,2022,,0.2,,,,CELSIUS,Degré Celsius (°C),SE,Standard error,0.1,,N,National,,
DATAFLOW,SPC:DF_CLIMATE_CHANGE(1.0),Indicateurs du changement climatique,I,A,Annuel,ST_ANOM,Anomalies des températures de surface,MH,Îles Marshall,2023,,0.6,,,,CELSIUS,Degré Celsius (°C),SE,Standard error,0.1,,N,National,,
DATAFLOW,SPC:DF_CLIMATE_CHANGE(1.0),Indicateurs du changement climatique,I,A,Annuel,ST_ANOM,Anomalies des températures de surface,MH,Îles Marshall,2024,,0.8,,,,CELSIUS,Degré Celsius (°C),SE,Standard error,0.0,,N,National,,
DATAFLOW,SPC:DF_CLIMATE_CHANGE(1.0),Indicateurs du changement climatique,I,A,Annuel,ST_ANOM,Anomalies des températures de surface,MH,Îles Marshall,2025,,0.4,,,,CELSIUS,Degré Celsius (°C),SE,Standard error,0.0,,N,National,,
DATAFLOW,SPC:DF_CLIMATE_CHANGE(1.0),Indicateurs du changement climatique,I,A,Annuel,ST_ANOM,Anomalies des températures de surface,PN,Pitcairn,1850,,0.1,,,,CELSIUS,Degré Celsius (°C),SE,Standard error,0.1,,N,National,,
DATAFLOW,SPC:DF_CLIMATE_CHANGE(1.0),Indicateurs du changement climatique,I,A,Annuel,ST_ANOM,Anomalies des températures de surface,PN,Pitcairn,1851,,-0.2,,,,CELSIUS,Degré Celsius (°C),SE,Standard error,0.1,,N,National,,
DATAFLOW,SPC:DF_CLIMATE_CHANGE(1.0),Indicateurs du changement climatique,I,A,Annuel,ST_ANOM,Anomalies des températures de surface,PN,Pitcairn,1852,,-0.1,,,,CELSIUS,Degré Celsius (°C),SE,Standard error,0.1,,N,National,,
DATAFLOW,SPC:DF_CLIMATE_CHANGE(1.0),Indicateurs du changement climatique,I,A,Annuel,ST_ANOM,Anomalies des températures de surface,PN,Pitcairn,1853,,-0.1,,,,CELSIUS,Degré Celsius (°C),SE,Standard error,0.1,,N,National,,
DATAFLOW,SPC:DF_CLIMATE_CHANGE(1.0),Indicateurs du changement climatique,I,A,Annuel,ST_ANOM,Anomalies des températures de surface,PN,Pitcairn,1854,,0.2,,,,CELSIUS,Degré Celsius (°C),SE,Standard error,0.2,,N,National,,
DATAFLOW,SPC:DF_CLIMATE_CHANGE(1.0),Indicateurs du changement climatique,I,A,Annuel,ST_ANOM,Anomalies des températures de surface,PN,Pitcairn,1855,,-0.4,,,,CELSIUS,Degré Celsius (°C),SE,Standard error,0.1,,N,National,,
DATAFLOW,SPC:DF_CLIMATE_CHANGE(1.0),Indicateurs du changement climatique,I,A,Annuel,ST_ANOM,Anomalies des températures de surface,PN,Pitcairn,1856,,0.0,,,,CELSIUS,Degré Celsius (°C),SE,Standard error,0.2,,N,National,,
DATAFLOW,SPC:DF_CLIMATE_CHANGE(1.0),Indicateurs du changement climatique,I,A,Annuel,ST_ANOM,Anomalies des températures de surface,PN,Pitcairn,1857,,0.2,,,,CELSIUS,Degré Celsius (°C),SE,Standard error,0.1,,N,National,,
DATAFLOW,SPC:DF_CLIMATE_CHANGE(1.0),Indicateurs du changement climatique,I,A,Annuel,ST_ANOM,Anomalies des températures de surface,PN,Pitcairn,1858,,-0.2,,,,CELSIUS,Degré Celsius (°C),SE,Standard error,0.2,,N,National,,
DATAFLOW,SPC:DF_CLIMATE_CHANGE(1.0),Indicateurs du changement climatique,I,A,Annuel,ST_ANOM,Anomalies des températures de surface,PN,Pitcairn,1859,,-0.3,,,,CELSIUS,Degré Celsius (°C),SE,Standard error,0.1,,N,National,,
DATAFLOW,SPC:DF_CLIMATE_CHANGE(1.0),Indicateurs du changement climatique,I,A,Annuel,ST_ANOM,Anomalies des températures de surface,PN,Pitcairn,1860,,-0.1,,,,CELSIUS,Degré Celsius (°C),SE,Standard error,0.1,,N,National,,
DATAFLOW,SPC:DF_CLIMATE_CHANGE(1.0),Indicateurs du changement climatique,I,A,Annuel,ST_ANOM,Anomalies des températures de surface,PN,Pitcairn,1861,,-0.2,,,,CELSIUS,Degré Celsius (°C),SE,Standard error,0.0,,N,National,,
DATAFLOW,SPC:DF_CLIMATE_CHANGE(1.0),Indicateurs du changement climatique,I,A,Annuel,ST_ANOM,Anomalies des températures de surface,PN,Pitcairn,1862,,-0.1,,,,CELSIUS,Degré Celsius (°C),SE,Standard error,0.0,,N,National,,
DATAFLOW,SPC:DF_CLIMATE_CHANGE(1.0),Indicateurs du changement climatique,I,A,Annuel,ST_ANOM,Anomalies des températures de surface,PN,Pitcairn,1863,,-0.2,,,,CELSIUS,Degré Celsius (°C),SE,Standard error,0.0,,N,National,,
DATAFLOW,SPC:DF_CLIMATE_CHANGE(1.0),Indicateurs du changement climatique,I,A,Annuel,ST_ANOM,Anomalies des températures de surface,PN,Pitcairn,1864,,-0.2,,,,CELSIUS,Degré Celsius (°C),SE,Standard error,0.0,,N,National,,
DATAFLOW,SPC:DF_CLIMATE_CHANGE(1.0),Indicateurs du changement climatique,I,A,Annuel,ST_ANOM,Anomalies des températures de surface,PN,Pitcairn,1865,,-0.2,,,,CELSIUS,Degré Celsius (°C),SE,Standard error,0.0,,N,National,,
DATAFLOW,SPC:DF_CLIMATE_CHANGE(1.0),Indicateurs du changement climatique,I,A,Annuel,ST_ANOM,Anomalies des températures de surface,PN,Pitcairn,1866,,-0.2,,,,CELSIUS,Degré Celsius (°C),SE,Standard error,0.0,,N,National,,
DATAFLOW,SPC:DF_CLIMATE_CHANGE(1.0),Indicateurs du changement climatique,I,A,Annuel,ST_ANOM,Anomalies des températures de surface,PN,Pitcairn,1867,,-0.2,,,,CELSIUS,Degré Celsius (°C),SE,Standard error,0.0,,N,National,,
DATAFLOW,SPC:DF_CLIMATE_CHANGE(1.0),Indicateurs du changement climatique,I,A,Annuel,ST_ANOM,Anomalies des températures de surface,PN,Pitcairn,1868,,0.1,,,,CELSIUS,Degré Celsius (°C),SE,Standard error,0.1,,N,National,,
DATAFLOW,SPC:DF_CLIMATE_CHANGE(1.0),Indicateurs du changement climatique,I,A,Annuel,ST_ANOM,Anomalies des températures de surface,PN,Pitcairn,1869,,-0.4,,,,CELSIUS,Degré Celsius (°C),SE,Standard error,0.0,,N,National,,
DATAFLOW,SPC:DF_CLIMATE_CHANGE(1.0),Indicateurs du changement climatique,I,A,Annuel,ST_ANOM,Anomalies des températures de surface,PN,Pitcairn,1870,,0.3,,,,CELSIUS,Degré Celsius (°C),SE,Standard error,0.1,,N,National,,
DATAFLOW,SPC:DF_CLIMATE_CHANGE(1.0),Indicateurs du changement climatique,I,A,Annuel,ST_ANOM,Anomalies des températures de surface,PN,Pitcairn,1871,,0.1,,,,CELSIUS,Degré Celsius (°C),SE,Standard error,0.1,,N,National,,
DATAFLOW,SPC:DF_CLIMATE_CHANGE(1.0),Indicateurs du changement climatique,I,A,Annuel,ST_ANOM,Anomalies des températures de surface,PN,Pitcairn,1872,,-0.5,,,,CELSIUS,Degré Celsius (°C),SE,Standard error,0.1,,N,National,,
DATAFLOW,SPC:DF_CLIMATE_CHANGE(1.0),Indicateurs du changement climatique,I,A,Annuel,ST_ANOM,Anomalies des températures de surface,PN,Pitcairn,1873,,-0.5,,,,CELSIUS,Degré Celsius (°C),SE,Standard error,0.1,,N,National,,
DATAFLOW,SPC:DF_CLIMATE_CHANGE(1.0),Indicateurs du changement climatique,I,A,Annuel,ST_ANOM,Anomalies des températures de surface,PN,Pitcairn,1874,,-0.3,,,,CELSIUS,Degré Celsius (°C),SE,Standard error,0.0,,N,National,,
DATAFLOW,SPC:DF_CLIMATE_CHANGE(1.0),Indicateurs du changement climatique,I,A,Annuel,ST_ANOM,Anomalies des températures de surface,PN,Pitcairn,1875,,-0.6,,,,CELSIUS,Degré Celsius (°C),SE,Standard error,0.0,,N,National,,
DATAFLOW,SPC:DF_CLIMATE_CHANGE(1.0),Indicateurs du changement climatique,I,A,Annuel,ST_ANOM,Anomalies des températures de surface,PN,Pitcairn,1876,,-0.6,,,,CELSIUS,Degré Celsius (°C),SE,Standard error,0.1,,N,National,,
DATAFLOW,SPC:DF_CLIMATE_CHANGE(1.0),Indicateurs du changement climatique,I,A,Annuel,ST_ANOM,Anomalies des températures de surface,PN,Pitcairn,1877,,-0.6,,,,CELSIUS,Degré Celsius (°C),SE,Standard error,0.1,,N,National,,
DATAFLOW,SPC:DF_CLIMATE_CHANGE(1.0),Indicateurs du changement climatique,I,A,Annuel,ST_ANOM,Anomalies des températures de surface,PN,Pitcairn,1878,,-0.4,,,,CELSIUS,Degré Celsius (°C),SE,Standard error,0.2,,N,National,,
DATAFLOW,SPC:DF_CLIMATE_CHANGE(1.0),Indicateurs du changement climatique,I,A,Annuel,ST_ANOM,Anomalies des températures de surface,PN,Pitcairn,1879,,-0.3,,,,CELSIUS,Degré Celsius (°C),SE,Standard error,0.1,,N,National,,
DATAFLOW,SPC:DF_CLIMATE_CHANGE(1.0),Indicateurs du changement climatique,I,A,Annuel,ST_ANOM,Anomalies des températures de surface,PN,Pitcairn,1880,,0.1,,,,CELSIUS,Degré Celsius (°C),SE,Standard error,0.1,,N,National,,
DATAFLOW,SPC:DF_CLIMATE_CHANGE(1.0),Indicateurs du changement climatique,I,A,Annuel,ST_ANOM,Anomalies des températures de surface,PN,Pitcairn,1881,,-0.1,,,,CELSIUS,Degré Celsius (°C),SE,Standard error,0.1,,N,National,,
DATAFLOW,SPC:DF_CLIMATE_CHANGE(1.0),Indicateurs du changement climatique,I,A,Annuel,ST_ANOM,Anomalies des températures de surface,PN,Pitcairn,1882,,0.0,,,,CELSIUS,Degré Celsius (°C),SE,Standard error,0.1,,N,National,,
DATAFLOW,SPC:DF_CLIMATE_CHANGE(1.0),Indicateurs du changement climatique,I,A,Annuel,ST_ANOM,Anomalies des températures de surface,PN,Pitcairn,1883,,-0.2,,,,CELSIUS,Degré Celsius (°C),SE,Standard error,0.1,,N,National,,
DATAFLOW,SPC:DF_CLIMATE_CHANGE(1.0),Indicateurs du changement climatique,I,A,Annuel,ST_ANOM,Anomalies des températures de surface,PN,Pitcairn,1884,,-0.2,,,,CELSIUS,Degré Celsius (°C),SE,Standard error,0.1,,N,National,,
DATAFLOW,SPC:DF_CLIMATE_CHANGE(1.0),Indicateurs du changement climatique,I,A,Annuel,ST_ANOM,Anomalies des températures de surface,PN,Pitcairn,1885,,-0.7,,,,CELSIUS,Degré Celsius (°C),SE,Standard error,0.1,,N,National,,
DATAFLOW,SPC:DF_CLIMATE_CHANGE(1.0),Indicateurs du changement climatique,I,A,Annuel,ST_ANOM,Anomalies des températures de surface,PN,Pitcairn,1886,,-0.5,,,,CELSIUS,Degré Celsius (°C),SE,Standard error,0.2,,N,National,,
DATAFLOW,SPC:DF_CLIMATE_CHANGE(1.0),Indicateurs du changement climatique,I,A,Annuel,ST_ANOM,Anomalies des températures de surface,PN,Pitcairn,1887,,0.1,,,,CELSIUS,Degré Celsius (°C),SE,Standard error,0.1,,N,National,,
DATAFLOW,SPC:DF_CLIMATE_CHANGE(1.0),Indicateurs du changement climatique,I,A,Annuel,ST_ANOM,Anomalies des températures de surface,PN,Pitcairn,1888,,-0.5,,,,CELSIUS,Degré Celsius (°C),SE,Standard error,0.1,,N,National,,
DATAFLOW,SPC:DF_CLIMATE_CHANGE(1.0),Indicateurs du changement climatique,I,A,Annuel,ST_ANOM,Anomalies des températures de surface,PN,Pitcairn,1889,,-0.4,,,,CELSIUS,Degré Celsius (°C),SE,Standard error,0.1,,N,National,,
DATAFLOW,SPC:DF_CLIMATE_CHANGE(1.0),Indicateurs du changement climatique,I,A,Annuel,ST_ANOM,Anomalies des températures de surface,PN,Pitcairn,1890,,-0.6,,,,CELSIUS,Degré Celsius (°C),SE,Standard error,0.1,,N,National,,
DATAFLOW,SPC:DF_CLIMATE_CHANGE(1.0),Indicateurs du changement climatique,I,A,Annuel,ST_ANOM,Anomalies des températures de surface,PN,Pitcairn,1891,,-0.5,,,,CELSIUS,Degré Celsius (°C),SE,Standard error,0.1,,N,National,,
DATAFLOW,SPC:DF_CLIMATE_CHANGE(1.0),Indicateurs du changement climatique,I,A,Annuel,ST_ANOM,Anomalies des températures de surface,PN,Pitcairn,1892,,-0.1,,,,CELSIUS,Degré Celsius (°C),SE,Standard error,0.1,,N,National,,
DATAFLOW,SPC:DF_CLIMATE_CHANGE(1.0),Indicateurs du changement climatique,I,A,Annuel,ST_ANOM,Anomalies des températures de surface,PN,Pitcairn,1893,,-0.1,,,,CELSIUS,Degré Celsius (°C),SE,Standard error,0.1,,N,National,,
DATAFLOW,SPC:DF_CLIMATE_CHANGE(1.0),Indicateurs du changement climatique,I,A,Annuel,ST_ANOM,Anomalies des températures de surface,PN,Pitcairn,1894,,-0.3,,,,CELSIUS,Degré Celsius (°C),SE,Standard error,0.1,,N,National,,
DATAFLOW,SPC:DF_CLIMATE_CHANGE(1.0),Indicateurs du changement climatique,I,A,Annuel,ST_ANOM,Anomalies des températures de surface,PN,Pitcairn,1895,,-0.3,,,,CELSIUS,Degré Celsius (°C),SE,Standard error,0.1,,N,National,,
DATAFLOW,SPC:DF_CLIMATE_CHANGE(1.0),Indicateurs du changement climatique,I,A,Annuel,ST_ANOM,Anomalies des températures de surface,PN,Pitcairn,1896,,-0.1,,,,CELSIUS,Degré Celsius (°C),SE,Standard error,0.1,,N,National,,
DATAFLOW,SPC:DF_CLIMATE_CHANGE(1.0),Indicateurs du changement climatique,I,A,Annuel,ST_ANOM,Anomalies des températures de surface,PN,Pitcairn,1897,,-0.1,,,,CELSIUS,Degré Celsius (°C),SE,Standard error,0.1,,N,National,,
DATAFLOW,SPC:DF_CLIMATE_CHANGE(1.0),Indicateurs du changement climatique,I,A,Annuel,ST_ANOM,Anomalies des températures de surface,PN,Pitcairn,1898,,-0.2,,,,CELSIUS,Degré Celsius (°C),SE,Standard error,0.1,,N,National,,
DATAFLOW,SPC:DF_CLIMATE_CHANGE(1.0),Indicateurs du changement climatique,I,A,Annuel,ST_ANOM,Anomalies des températures de surface,PN,Pitcairn,1899,,0.4,,,,CELSIUS,Degré Celsius (°C),SE,Standard error,0.1,,N,National,,
DATAFLOW,SPC:DF_CLIMATE_CHANGE(1.0),Indicateurs du changement climatique,I,A,Annuel,ST_ANOM,Anomalies des températures de surface,PN,Pitcairn,1900,,-0.1,,,,CELSIUS,Degré Celsius (°C),SE,Standard error,0.1,,N,National,,
DATAFLOW,SPC:DF_CLIMATE_CHANGE(1.0),Indicateurs du changement climatique,I,A,Annuel,ST_ANOM,Anomalies des températures de surface,PN,Pitcairn,1901,,-0.3,,,,CELSIUS,Degré Celsius (°C),SE,Standard error,0.1,,N,National,,
DATAFLOW,SPC:DF_CLIMATE_CHANGE(1.0),Indicateurs du changement climatique,I,A,Annuel,ST_ANOM,Anomalies des températures de surface,PN,Pitcairn,1902,,-0.1,,,,CELSIUS,Degré Celsius (°C),SE,Standard error,0.1,,N,National,,
DATAFLOW,SPC:DF_CLIMATE_CHANGE(1.0),Indicateurs du changement climatique,I,A,Annuel,ST_ANOM,Anomalies des températures de surface,PN,Pitcairn,1903,,-0.2,,,,CELSIUS,Degré Celsius (°C),SE,Standard error,0.1,,N,National,,
DATAFLOW,SPC:DF_CLIMATE_CHANGE(1.0),Indicateurs du changement climatique,I,A,Annuel,ST_ANOM,Anomalies des températures de surface,PN,Pitcairn,1904,,-0.4,,,,CELSIUS,Degré Celsius (°C),SE,Standard error,0.0,,N,National,,
DATAFLOW,SPC:DF_CLIMATE_CHANGE(1.0),Indicateurs du changement climatique,I,A,Annuel,ST_ANOM,Anomalies des températures de surface,PN,Pitcairn,1905,,-0.6,,,,CELSIUS,Degré Celsius (°C),SE,Standard error,0.1,,N,National,,
DATAFLOW,SPC:DF_CLIMATE_CHANGE(1.0),Indicateurs du changement climatique,I,A,Annuel,ST_ANOM,Anomalies des températures de surface,PN,Pitcairn,1906,,-0.4,,,,CELSIUS,Degré Celsius (°C),SE,Standard error,0.1,,N,National,,
DATAFLOW,SPC:DF_CLIMATE_CHANGE(1.0),Indicateurs du changement climatique,I,A,Annuel,ST_ANOM,Anomalies des températures de surface,PN,Pitcairn,1907,,-0.1,,,,CELSIUS,Degré Celsius (°C),SE,Standard error,0.1,,N,National,,
DATAFLOW,SPC:DF_CLIMATE_CHANGE(1.0),Indicateurs du changement climatique,I,A,Annuel,ST_ANOM,Anomalies des températures de surface,PN,Pitcairn,1908,,-0.2,,,,CELSIUS,Degré Celsius (°C),SE,Standard error,0.1,,N,National,,
DATAFLOW,SPC:DF_CLIMATE_CHANGE(1.0),Indicateurs du changement climatique,I,A,Annuel,ST_ANOM,Anomalies des températures de surface,PN,Pitcairn,1909,,-0.7,,,,CELSIUS,Degré Celsius (°C),SE,Standard error,0.1,,N,National,,
DATAFLOW,SPC:DF_CLIMATE_CHANGE(1.0),Indicateurs du changement climatique,I,A,Annuel,ST_ANOM,Anomalies des températures de surface,PN,Pitcairn,1910,,-0.7,,,,CELSIUS,Degré Celsius (°C),SE,Standard error,0.2,,N,National,,
DATAFLOW,SPC:DF_CLIMATE_CHANGE(1.0),Indicateurs du changement climatique,I,A,Annuel,ST_ANOM,Anomalies des températures de surface,PN,Pitcairn,1911,,-0.5,,,,CELSIUS,Degré Celsius (°C),SE,Standard error,0.1,,N,National,,
DATAFLOW,SPC:DF_CLIMATE_CHANGE(1.0),Indicateurs du changement climatique,I,A,Annuel,ST_ANOM,Anomalies des températures de surface,PN,Pitcairn,1912,,-0.8,,,,CELSIUS,Degré Celsius (°C),SE,Standard error,0.1,,N,National,,
DATAFLOW,SPC:DF_CLIMATE_CHANGE(1.0),Indicateurs du changement climatique,I,A,Annuel,ST_ANOM,Anomalies des températures de surface,PN,Pitcairn,1913,,-0.8,,,,CELSIUS,Degré Celsius (°C),SE,Standard error,0.0,,N,National,,
DATAFLOW,SPC:DF_CLIMATE_CHANGE(1.0),Indicateurs du changement climatique,I,A,Annuel,ST_ANOM,Anomalies des températures de surface,PN,Pitcairn,1914,,-0.9,,,,CELSIUS,Degré Celsius (°C),SE,Standard error,0.2,,N,National,,
DATAFLOW,SPC:DF_CLIMATE_CHANGE(1.0),Indicateurs du changement climatique,I,A,Annuel,ST_ANOM,Anomalies des températures de surface,PN,Pitcairn,1915,,-0.8,,,,CELSIUS,Degré Celsius (°C),SE,Standard error,0.1,,N,National,,
DATAFLOW,SPC:DF_CLIMATE_CHANGE(1.0),Indicateurs du changement climatique,I,A,Annuel,ST_ANOM,Anomalies des températures de surface,PN,Pitcairn,1916,,-0.2,,,,CELSIUS,Degré Celsius (°C),SE,Standard error,0.1,,N,National,,
DATAFLOW,SPC:DF_CLIMATE_CHANGE(1.0),Indicateurs du changement climatique,I,A,Annuel,ST_ANOM,Anomalies des températures de surface,PN,Pitcairn,1917,,-0.8,,,,CELSIUS,Degré Celsius (°C),SE,Standard error,0.3,,N,National,,
DATAFLOW,SPC:DF_CLIMATE_CHANGE(1.0),Indicateurs du changement climatique,I,A,Annuel,ST_ANOM,Anomalies des températures de surface,PN,Pitcairn,1918,,-0.1,,,,CELSIUS,Degré Celsius (°C),SE,Standard error,0.1,,N,National,,
DATAFLOW,SPC:DF_CLIMATE_CHANGE(1.0),Indicateurs du changement climatique,I,A,Annuel,ST_ANOM,Anomalies des températures de surface,PN,Pitcairn,1919,,-0.3,,,,CELSIUS,Degré Celsius (°C),SE,Standard error,0.1,,N,National,,
DATAFLOW,SPC:DF_CLIMATE_CHANGE(1.0),Indicateurs du changement climatique,I,A,Annuel,ST_ANOM,Anomalies des températures de surface,PN,Pitcairn,1920,,-0.2,,,,CELSIUS,Degré Celsius (°C),SE,Standard error,0.1,,N,National,,
DATAFLOW,SPC:DF_CLIMATE_CHANGE(1.0),Indicateurs du changement climatique,I,A,Annuel,ST_ANOM,Anomalies des températures de surface,PN,Pitcairn,1921,,-0.6,,,,CELSIUS,Degré Celsius (°C),SE,Standard error,0.1,,N,National,,
DATAFLOW,SPC:DF_CLIMATE_CHANGE(1.0),Indicateurs du changement climatique,I,A,Annuel,ST_ANOM,Anomalies des températures de surface,PN,Pitcairn,1922,,-0.4,,,,CELSIUS,Degré Celsius (°C),SE,Standard error,0.1,,N,National,,
DATAFLOW,SPC:DF_CLIMATE_CHANGE(1.0),Indicateurs du changement climatique,I,A,Annuel,ST_ANOM,Anomalies des températures de surface,PN,Pitcairn,1923,,-0.6,,,,CELSIUS,Degré Celsius (°C),SE,Standard error,0.1,,N,National,,
DATAFLOW,SPC:DF_CLIMATE_CHANGE(1.0),Indicateurs du changement climatique,I,A,Annuel,ST_ANOM,Anomalies des températures de surface,PN,Pitcairn,1924,,-0.8,,,,CELSIUS,Degré Celsius (°C),SE,Standard error,0.1,,N,National,,
DATAFLOW,SPC:DF_CLIMATE_CHANGE(1.0),Indicateurs du changement climatique,I,A,Annuel,ST_ANOM,Anomalies des températures de surface,PN,Pitcairn,1925,,-0.4,,,,CELSIUS,Degré Celsius (°C),SE,Standard error,0.1,,N,National,,
DATAFLOW,SPC:DF_CLIMATE_CHANGE(1.0),Indicateurs du changement climatique,I,A,Annuel,ST_ANOM,Anomalies des températures de surface,PN,Pitcairn,1926,,-0.4,,,,CELSIUS,Degré Celsius (°C),SE,Standard error,0.1,,N,National,,
DATAFLOW,SPC:DF_CLIMATE_CHANGE(1.0),Indicateurs du changement climatique,I,A,Annuel,ST_ANOM,Anomalies des températures de surface,PN,Pitcairn,1927,,-0.3,,,,CELSIUS,Degré Celsius (°C),SE,Standard error,0.1,,N,National,,
DATAFLOW,SPC:DF_CLIMATE_CHANGE(1.0),Indicateurs du changement climatique,I,A,Annuel,ST_ANOM,Anomalies des températures de surface,PN,Pitcairn,1928,,-0.3,,,,CELSIUS,Degré Celsius (°C),SE,Standard error,0.1,,N,National,,
DATAFLOW,SPC:DF_CLIMATE_CHANGE(1.0),Indicateurs du changement climatique,I,A,Annuel,ST_ANOM,Anomalies des températures de surface,PN,Pitcairn,1929,,-0.4,,,,CELSIUS,Degré Celsius (°C),SE,Standard error,0.0,,N,National,,
DATAFLOW,SPC:DF_CLIMATE_CHANGE(1.0),Indicateurs du changement climatique,I,A,Annuel,ST_ANOM,Anomalies des températures de surface,PN,Pitcairn,1930,,-0.4,,,,CELSIUS,Degré Celsius (°C),SE,Standard error,0.1,,N,National,,
DATAFLOW,SPC:DF_CLIMATE_CHANGE(1.0),Indicateurs du changement climatique,I,A,Annuel,ST_ANOM,Anomalies des températures de surface,PN,Pitcairn,1931,,-0.5,,,,CELSIUS,Degré Celsius (°C),SE,Standard error,0.1,,N,National,,
DATAFLOW,SPC:DF_CLIMATE_CHANGE(1.0),Indicateurs du changement climatique,I,A,Annuel,ST_ANOM,Anomalies des températures de surface,PN,Pitcairn,1932,,-0.2,,,,CELSIUS,Degré Celsius (°C),SE,Standard error,0.1,,N,National,,
DATAFLOW,SPC:DF_CLIMATE_CHANGE(1.0),Indicateurs du changement climatique,I,A,Annuel,ST_ANOM,Anomalies des températures de surface,PN,Pitcairn,1933,,0.1,,,,CELSIUS,Degré Celsius (°C),SE,Standard error,0.1,,N,National,,
DATAFLOW,SPC:DF_CLIMATE_CHANGE(1.0),Indicateurs du changement climatique,I,A,Annuel,ST_ANOM,Anomalies des températures de surface,PN,Pitcairn,1934,,-0.2,,,,CELSIUS,Degré Celsius (°C),SE,Standard error,0.1,,N,National,,
DATAFLOW,SPC:DF_CLIMATE_CHANGE(1.0),Indicateurs du changement climatique,I,A,Annuel,ST_ANOM,Anomalies des températures de surface,PN,Pitcairn,1935,,0.0,,,,CELSIUS,Degré Celsius (°C),SE,Standard error,0.1,,N,National,,
DATAFLOW,SPC:DF_CLIMATE_CHANGE(1.0),Indicateurs du changement climatique,I,A,Annuel,ST_ANOM,Anomalies des températures de surface,PN,Pitcairn,1936,,-0.4,,,,CELSIUS,Degré Celsius (°C),SE,Standard error,0.1,,N,National,,
DATAFLOW,SPC:DF_CLIMATE_CHANGE(1.0),Indicateurs du changement climatique,I,A,Annuel,ST_ANOM,Anomalies des températures de surface,PN,Pitcairn,1937,,-0.3,,,,CELSIUS,Degré Celsius (°C),SE,Standard error,0.1,,N,National,,
DATAFLOW,SPC:DF_CLIMATE_CHANGE(1.0),Indicateurs du changement climatique,I,A,Annuel,ST_ANOM,Anomalies des températures de surface,PN,Pitcairn,1938,,-0.4,,,,CELSIUS,Degré Celsius (°C),SE,Standard error,0.1,,N,National,,
DATAFLOW,SPC:DF_CLIMATE_CHANGE(1.0),Indicateurs du changement climatique,I,A,Annuel,ST_ANOM,Anomalies des températures de surface,PN,Pitcairn,1939,,0.0,,,,CELSIUS,Degré Celsius (°C),SE,Standard error,0.1,,N,National,,
DATAFLOW,SPC:DF_CLIMATE_CHANGE(1.0),Indicateurs du changement climatique,I,A,Annuel,ST_ANOM,Anomalies des températures de surface,PN,Pitcairn,1940,,-0.3,,,,CELSIUS,Degré Celsius (°C),SE,Standard error,0.2,,N,National,,
DATAFLOW,SPC:DF_CLIMATE_CHANGE(1.0),Indicateurs du changement climatique,I,A,Annuel,ST_ANOM,Anomalies des températures de surface,PN,Pitcairn,1941,,-0.3,,,,CELSIUS,Degré Celsius (°C),SE,Standard error,0.1,,N,National,,
DATAFLOW,SPC:DF_CLIMATE_CHANGE(1.0),Indicateurs du changement climatique,I,A,Annuel,ST_ANOM,Anomalies des températures de surface,PN,Pitcairn,1942,,-0.3,,,,CELSIUS,Degré Celsius (°C),SE,Standard error,0.1,,N,National,,
DATAFLOW,SPC:DF_CLIMATE_CHANGE(1.0),Indicateurs du changement climatique,I,A,Annuel,ST_ANOM,Anomalies des températures de surface,PN,Pitcairn,1943,,-0.2,,,,CELSIUS,Degré Celsius (°C),SE,Standard error,0.1,,N,National,,
DATAFLOW,SPC:DF_CLIMATE_CHANGE(1.0),Indicateurs du changement climatique,I,A,Annuel,ST_ANOM,Anomalies des températures de surface,PN,Pitcairn,1944,,0.1,,,,CELSIUS,Degré Celsius (°C),SE,Standard error,0.2,,N,National,,
DATAFLOW,SPC:DF_CLIMATE_CHANGE(1.0),Indicateurs du changement climatique,I,A,Annuel,ST_ANOM,Anomalies des températures de surface,PN,Pitcairn,1945,,-0.1,,,,CELSIUS,Degré Celsius (°C),SE,Standard error,0.1,,N,National,,
DATAFLOW,SPC:DF_CLIMATE_CHANGE(1.0),Indicateurs du changement climatique,I,A,Annuel,ST_ANOM,Anomalies des températures de surface,PN,Pitcairn,1946,,-0.3,,,,CELSIUS,Degré Celsius (°C),SE,Standard error,0.1,,N,National,,
DATAFLOW,SPC:DF_CLIMATE_CHANGE(1.0),Indicateurs du changement climatique,I,A,Annuel,ST_ANOM,Anomalies des températures de surface,PN,Pitcairn,1947,,-0.1,,,,CELSIUS,Degré Celsius (°C),SE,Standard error,0.1,,N,National,,
DATAFLOW,SPC:DF_CLIMATE_CHANGE(1.0),Indicateurs du changement climatique,I,A,Annuel,ST_ANOM,Anomalies des températures de surface,PN,Pitcairn,1948,,-0.3,,,,CELSIUS,Degré Celsius (°C),SE,Standard error,0.1,,N,National,,
DATAFLOW,SPC:DF_CLIMATE_CHANGE(1.0),Indicateurs du changement climatique,I,A,Annuel,ST_ANOM,Anomalies des températures de surface,PN,Pitcairn,1949,,-0.3,,,,CELSIUS,Degré Celsius (°C),SE,Standard error,0.1,,N,National,,
DATAFLOW,SPC:DF_CLIMATE_CHANGE(1.0),Indicateurs du changement climatique,I,A,Annuel,ST_ANOM,Anomalies des températures de surface,PN,Pitcairn,1950,,-0.3,,,,CELSIUS,Degré Celsius (°C),SE,Standard error,0.1,,N,National,,
DATAFLOW,SPC:DF_CLIMATE_CHANGE(1.0),Indicateurs du changement climatique,I,A,Annuel,ST_ANOM,Anomalies des températures de surface,PN,Pitcairn,1951,,-0.3,,,,CELSIUS,Degré Celsius (°C),SE,Standard error,0.1,,N,National,,
DATAFLOW,SPC:DF_CLIMATE_CHANGE(1.0),Indicateurs du changement climatique,I,A,Annuel,ST_ANOM,Anomalies des températures de surface,PN,Pitcairn,1952,,-0.2,,,,CELSIUS,Degré Celsius (°C),SE,Standard error,0.1,,N,National,,
DATAFLOW,SPC:DF_CLIMATE_CHANGE(1.0),Indicateurs du changement climatique,I,A,Annuel,ST_ANOM,Anomalies des températures de surface,PN,Pitcairn,1953,,-0.1,,,,CELSIUS,Degré Celsius (°C),SE,Standard error,0.1,,N,National,,
DATAFLOW,SPC:DF_CLIMATE_CHANGE(1.0),Indicateurs du changement climatique,I,A,Annuel,ST_ANOM,Anomalies des températures de surface,PN,Pitcairn,1954,,-0.3,,,,CELSIUS,Degré Celsius (°C),SE,Standard error,0.1,,N,National,,
DATAFLOW,SPC:DF_CLIMATE_CHANGE(1.0),Indicateurs du changement climatique,I,A,Annuel,ST_ANOM,Anomalies des températures de surface,PN,Pitcairn,1955,,-0.3,,,,CELSIUS,Degré Celsius (°C),SE,Standard error,0.1,,N,National,,
DATAFLOW,SPC:DF_CLIMATE_CHANGE(1.0),Indicateurs du changement climatique,I,A,Annuel,ST_ANOM,Anomalies des températures de surface,PN,Pitcairn,1956,,-0.2,,,,CELSIUS,Degré Celsius (°C),SE,Standard error,0.0,,N,National,,
DATAFLOW,SPC:DF_CLIMATE_CHANGE(1.0),Indicateurs du changement climatique,I,A,Annuel,ST_ANOM,Anomalies des températures de surface,PN,Pitcairn,1957,,0.0,,,,CELSIUS,Degré Celsius (°C),SE,Standard error,0.0,,N,National,,
DATAFLOW,SPC:DF_CLIMATE_CHANGE(1.0),Indicateurs du changement climatique,I,A,Annuel,ST_ANOM,Anomalies des températures de surface,PN,Pitcairn,1958,,-0.5,,,,CELSIUS,Degré Celsius (°C),SE,Standard error,0.1,,N,National,,
DATAFLOW,SPC:DF_CLIMATE_CHANGE(1.0),Indicateurs du changement climatique,I,A,Annuel,ST_ANOM,Anomalies des températures de surface,PN,Pitcairn,1959,,-0.4,,,,CELSIUS,Degré Celsius (°C),SE,Standard error,0.1,,N,National,,
DATAFLOW,SPC:DF_CLIMATE_CHANGE(1.0),Indicateurs du changement climatique,I,A,Annuel,ST_ANOM,Anomalies des températures de surface,PN,Pitcairn,1960,,-0.2,,,,CELSIUS,Degré Celsius (°C),SE,Standard error,0.1,,N,National,,
DATAFLOW,SPC:DF_CLIMATE_CHANGE(1.0),Indicateurs du changement climatique,I,A,Annuel,ST_ANOM,Anomalies des températures de surface,PN,Pitcairn,1961,,-0.1,,,,CELSIUS,Degré Celsius (°C),SE,Standard error,0.1,,N,National,,
DATAFLOW,SPC:DF_CLIMATE_CHANGE(1.0),Indicateurs du changement climatique,I,A,Annuel,ST_ANOM,Anomalies des températures de surface,PN,Pitcairn,1962,,-0.4,,,,CELSIUS,Degré Celsius (°C),SE,Standard error,0.1,,N,National,,
DATAFLOW,SPC:DF_CLIMATE_CHANGE(1.0),Indicateurs du changement climatique,I,A,Annuel,ST_ANOM,Anomalies des températures de surface,PN,Pitcairn,1963,,-0.5,,,,CELSIUS,Degré Celsius (°C),SE,Standard error,0.1,,N,National,,
DATAFLOW,SPC:DF_CLIMATE_CHANGE(1.0),Indicateurs du changement climatique,I,A,Annuel,ST_ANOM,Anomalies des températures de surface,PN,Pitcairn,1964,,-0.3,,,,CELSIUS,Degré Celsius (°C),SE,Standard error,0.1,,N,National,,
DATAFLOW,SPC:DF_CLIMATE_CHANGE(1.0),Indicateurs du changement climatique,I,A,Annuel,ST_ANOM,Anomalies des températures de surface,PN,Pitcairn,1965,,-0.3,,,,CELSIUS,Degré Celsius (°C),SE,Standard error,0.1,,N,National,,
DATAFLOW,SPC:DF_CLIMATE_CHANGE(1.0),Indicateurs du changement climatique,I,A,Annuel,ST_ANOM,Anomalies des températures de surface,PN,Pitcairn,1966,,-0.5,,,,CELSIUS,Degré Celsius (°C),SE,Standard error,0.1,,N,National,,
DATAFLOW,SPC:DF_CLIMATE_CHANGE(1.0),Indicateurs du changement climatique,I,A,Annuel,ST_ANOM,Anomalies des températures de surface,PN,Pitcairn,1967,,-0.2,,,,CELSIUS,Degré Celsius (°C),SE,Standard error,0.1,,N,National,,
DATAFLOW,SPC:DF_CLIMATE_CHANGE(1.0),Indicateurs du changement climatique,I,A,Annuel,ST_ANOM,Anomalies des températures de surface,PN,Pitcairn,1968,,-0.5,,,,CELSIUS,Degré Celsius (°C),SE,Standard error,0.1,,N,National,,
DATAFLOW,SPC:DF_CLIMATE_CHANGE(1.0),Indicateurs du changement climatique,I,A,Annuel,ST_ANOM,Anomalies des températures de surface,PN,Pitcairn,1969,,-0.3,,,,CELSIUS,Degré Celsius (°C),SE,Standard error,0.1,,N,National,,
DATAFLOW,SPC:DF_CLIMATE_CHANGE(1.0),Indicateurs du changement climatique,I,A,Annuel,ST_ANOM,Anomalies des températures de surface,PN,Pitcairn,1970,,-0.2,,,,CELSIUS,Degré Celsius (°C),SE,Standard error,0.1,,N,National,,
DATAFLOW,SPC:DF_CLIMATE_CHANGE(1.0),Indicateurs du changement climatique,I,A,Annuel,ST_ANOM,Anomalies des températures de surface,PN,Pitcairn,1971,,-0.1,,,,CELSIUS,Degré Celsius (°C),SE,Standard error,0.1,,N,National,,
DATAFLOW,SPC:DF_CLIMATE_CHANGE(1.0),Indicateurs du changement climatique,I,A,Annuel,ST_ANOM,Anomalies des températures de surface,PN,Pitcairn,1972,,-0.2,,,,CELSIUS,Degré Celsius (°C),SE,Standard error,0.1,,N,National,,
DATAFLOW,SPC:DF_CLIMATE_CHANGE(1.0),Indicateurs du changement climatique,I,A,Annuel,ST_ANOM,Anomalies des températures de surface,PN,Pitcairn,1973,,-0.1,,,,CELSIUS,Degré Celsius (°C),SE,Standard error,0.1,,N,National,,
DATAFLOW,SPC:DF_CLIMATE_CHANGE(1.0),Indicateurs du changement climatique,I,A,Annuel,ST_ANOM,Anomalies des températures de surface,PN,Pitcairn,1974,,-0.3,,,,CELSIUS,Degré Celsius (°C),SE,Standard error,0.1,,N,National,,
DATAFLOW,SPC:DF_CLIMATE_CHANGE(1.0),Indicateurs du changement climatique,I,A,Annuel,ST_ANOM,Anomalies des températures de surface,PN,Pitcairn,1975,,-0.3,,,,CELSIUS,Degré Celsius (°C),SE,Standard error,0.1,,N,National,,
DATAFLOW,SPC:DF_CLIMATE_CHANGE(1.0),Indicateurs du changement climatique,I,A,Annuel,ST_ANOM,Anomalies des températures de surface,PN,Pitcairn,1976,,-0.4,,,,CELSIUS,Degré Celsius (°C),SE,Standard error,0.0,,N,National,,
DATAFLOW,SPC:DF_CLIMATE_CHANGE(1.0),Indicateurs du changement climatique,I,A,Annuel,ST_ANOM,Anomalies des températures de surface,PN,Pitcairn,1977,,-0.5,,,,CELSIUS,Degré Celsius (°C),SE,Standard error,0.1,,N,National,,
DATAFLOW,SPC:DF_CLIMATE_CHANGE(1.0),Indicateurs du changement climatique,I,A,Annuel,ST_ANOM,Anomalies des températures de surface,PN,Pitcairn,1978,,-0.4,,,,CELSIUS,Degré Celsius (°C),SE,Standard error,0.1,,N,National,,
DATAFLOW,SPC:DF_CLIMATE_CHANGE(1.0),Indicateurs du changement climatique,I,A,Annuel,ST_ANOM,Anomalies des températures de surface,PN,Pitcairn,1979,,-0.5,,,,CELSIUS,Degré Celsius (°C),SE,Standard error,0.1,,N,National,,
DATAFLOW,SPC:DF_CLIMATE_CHANGE(1.0),Indicateurs du changement climatique,I,A,Annuel,ST_ANOM,Anomalies des températures de surface,PN,Pitcairn,1980,,-0.1,,,,CELSIUS,Degré Celsius (°C),SE,Standard error,0.1,,N,National,,
DATAFLOW,SPC:DF_CLIMATE_CHANGE(1.0),Indicateurs du changement climatique,I,A,Annuel,ST_ANOM,Anomalies des températures de surface,PN,Pitcairn,1981,,-0.1,,,,CELSIUS,Degré Celsius (°C),SE,Standard error,0.1,,N,National,,
DATAFLOW,SPC:DF_CLIMATE_CHANGE(1.0),Indicateurs du changement climatique,I,A,Annuel,ST_ANOM,Anomalies des températures de surface,PN,Pitcairn,1982,,0.0,,,,CELSIUS,Degré Celsius (°C),SE,Standard error,0.1,,N,National,,
DATAFLOW,SPC:DF_CLIMATE_CHANGE(1.0),Indicateurs du changement climatique,I,A,Annuel,ST_ANOM,Anomalies des températures de surface,PN,Pitcairn,1983,,-0.5,,,,CELSIUS,Degré Celsius (°C),SE,Standard error,0.1,,N,National,,
DATAFLOW,SPC:DF_CLIMATE_CHANGE(1.0),Indicateurs du changement climatique,I,A,Annuel,ST_ANOM,Anomalies des températures de surface,PN,Pitcairn,1984,,0.2,,,,CELSIUS,Degré Celsius (°C),SE,Standard error,0.1,,N,National,,
DATAFLOW,SPC:DF_CLIMATE_CHANGE(1.0),Indicateurs du changement climatique,I,A,Annuel,ST_ANOM,Anomalies des températures de surface,PN,Pitcairn,1985,,0.1,,,,CELSIUS,Degré Celsius (°C),SE,Standard error,0.1,,N,National,,
DATAFLOW,SPC:DF_CLIMATE_CHANGE(1.0),Indicateurs du changement climatique,I,A,Annuel,ST_ANOM,Anomalies des températures de surface,PN,Pitcairn,1986,,-0.1,,,,CELSIUS,Degré Celsius (°C),SE,Standard error,0.0,,N,National,,
DATAFLOW,SPC:DF_CLIMATE_CHANGE(1.0),Indicateurs du changement climatique,I,A,Annuel,ST_ANOM,Anomalies des températures de surface,PN,Pitcairn,1987,,0.0,,,,CELSIUS,Degré Celsius (°C),SE,Standard error,0.1,,N,National,,
DATAFLOW,SPC:DF_CLIMATE_CHANGE(1.0),Indicateurs du changement climatique,I,A,Annuel,ST_ANOM,Anomalies des températures de surface,PN,Pitcairn,1988,,-0.2,,,,CELSIUS,Degré Celsius (°C),SE,Standard error,0.1,,N,National,,
DATAFLOW,SPC:DF_CLIMATE_CHANGE(1.0),Indicateurs du changement climatique,I,A,Annuel,ST_ANOM,Anomalies des températures de surface,PN,Pitcairn,1989,,0.0,,,,CELSIUS,Degré Celsius (°C),SE,Standard error,0.1,,N,National,,
DATAFLOW,SPC:DF_CLIMATE_CHANGE(1.0),Indicateurs du changement climatique,I,A,Annuel,ST_ANOM,Anomalies des températures de surface,PN,Pitcairn,1990,,0.1,,,,CELSIUS,Degré Celsius (°C),SE,Standard error,0.1,,N,National,,
DATAFLOW,SPC:DF_CLIMATE_CHANGE(1.0),Indicateurs du changement climatique,I,A,Annuel,ST_ANOM,Anomalies des températures de surface,PN,Pitcairn,1991,,-0.1,,,,CELSIUS,Degré Celsius (°C),SE,Standard error,0.1,,N,National,,
DATAFLOW,SPC:DF_CLIMATE_CHANGE(1.0),Indicateurs du changement climatique,I,A,Annuel,ST_ANOM,Anomalies des températures de surface,PN,Pitcairn,1992,,-0.1,,,,CELSIUS,Degré Celsius (°C),SE,Standard error,0.1,,N,National,,
DATAFLOW,SPC:DF_CLIMATE_CHANGE(1.0),Indicateurs du changement climatique,I,A,Annuel,ST_ANOM,Anomalies des températures de surface,PN,Pitcairn,1993,,-0.4,,,,CELSIUS,Degré Celsius (°C),SE,Standard error,0.1,,N,National,,
DATAFLOW,SPC:DF_CLIMATE_CHANGE(1.0),Indicateurs du changement climatique,I,A,Annuel,ST_ANOM,Anomalies des températures de surface,PN,Pitcairn,1994,,0.0,,,,CELSIUS,Degré Celsius (°C),SE,Standard error,0.1,,N,National,,
DATAFLOW,SPC:DF_CLIMATE_CHANGE(1.0),Indicateurs du changement climatique,I,A,Annuel,ST_ANOM,Anomalies des températures de surface,PN,Pitcairn,1995,,0.3,,,,CELSIUS,Degré Celsius (°C),SE,Standard error,0.1,,N,National,,
DATAFLOW,SPC:DF_CLIMATE_CHANGE(1.0),Indicateurs du changement climatique,I,A,Annuel,ST_ANOM,Anomalies des températures de surface,PN,Pitcairn,1996,,-0.1,,,,CELSIUS,Degré Celsius (°C),SE,Standard error,0.0,,N,National,,
DATAFLOW,SPC:DF_CLIMATE_CHANGE(1.0),Indicateurs du changement climatique,I,A,Annuel,ST_ANOM,Anomalies des températures de surface,PN,Pitcairn,1997,,0.1,,,,CELSIUS,Degré Celsius (°C),SE,Standard error,0.0,,N,National,,
DATAFLOW,SPC:DF_CLIMATE_CHANGE(1.0),Indicateurs du changement climatique,I,A,Annuel,ST_ANOM,Anomalies des températures de surface,PN,Pitcairn,1998,,-0.2,,,,CELSIUS,Degré Celsius (°C),SE,Standard error,0.1,,N,National,,
DATAFLOW,SPC:DF_CLIMATE_CHANGE(1.0),Indicateurs du changement climatique,I,A,Annuel,ST_ANOM,Anomalies des températures de surface,PN,Pitcairn,1999,,0.4,,,,CELSIUS,Degré Celsius (°C),SE,Standard error,0.1,,N,National,,
DATAFLOW,SPC:DF_CLIMATE_CHANGE(1.0),Indicateurs du changement climatique,I,A,Annuel,ST_ANOM,Anomalies des températures de surface,PN,Pitcairn,2000,,0.3,,,,CELSIUS,Degré Celsius (°C),SE,Standard error,0.1,,N,National,,
DATAFLOW,SPC:DF_CLIMATE_CHANGE(1.0),Indicateurs du changement climatique,I,A,Annuel,ST_ANOM,Anomalies des températures de surface,PN,Pitcairn,2001,,0.5,,,,CELSIUS,Degré Celsius (°C),SE,Standard error,0.1,,N,National,,
DATAFLOW,SPC:DF_CLIMATE_CHANGE(1.0),Indicateurs du changement climatique,I,A,Annuel,ST_ANOM,Anomalies des températures de surface,PN,Pitcairn,2002,,0.8,,,,CELSIUS,Degré Celsius (°C),SE,Standard error,0.1,,N,National,,
DATAFLOW,SPC:DF_CLIMATE_CHANGE(1.0),Indicateurs du changement climatique,I,A,Annuel,ST_ANOM,Anomalies des températures de surface,PN,Pitcairn,2003,,0.1,,,,CELSIUS,Degré Celsius (°C),SE,Standard error,0.1,,N,National,,
DATAFLOW,SPC:DF_CLIMATE_CHANGE(1.0),Indicateurs du changement climatique,I,A,Annuel,ST_ANOM,Anomalies des températures de surface,PN,Pitcairn,2004,,0.0,,,,CELSIUS,Degré Celsius (°C),SE,Standard error,0.0,,N,National,,
DATAFLOW,SPC:DF_CLIMATE_CHANGE(1.0),Indicateurs du changement climatique,I,A,Annuel,ST_ANOM,Anomalies des températures de surface,PN,Pitcairn,2005,,0.1,,,,CELSIUS,Degré Celsius (°C),SE,Standard error,0.1,,N,National,,
DATAFLOW,SPC:DF_CLIMATE_CHANGE(1.0),Indicateurs du changement climatique,I,A,Annuel,ST_ANOM,Anomalies des températures de surface,PN,Pitcairn,2006,,0.4,,,,CELSIUS,Degré Celsius (°C),SE,Standard error,0.1,,N,National,,
DATAFLOW,SPC:DF_CLIMATE_CHANGE(1.0),Indicateurs du changement climatique,I,A,Annuel,ST_ANOM,Anomalies des températures de surface,PN,Pitcairn,2007,,0.2,,,,CELSIUS,Degré Celsius (°C),SE,Standard error,0.1,,N,National,,
DATAFLOW,SPC:DF_CLIMATE_CHANGE(1.0),Indicateurs du changement climatique,I,A,Annuel,ST_ANOM,Anomalies des températures de surface,PN,Pitcairn,2008,,0.0,,,,CELSIUS,Degré Celsius (°C),SE,Standard error,0.1,,N,National,,
DATAFLOW,SPC:DF_CLIMATE_CHANGE(1.0),Indicateurs du changement climatique,I,A,Annuel,ST_ANOM,Anomalies des températures de surface,PN,Pitcairn,2009,,0.1,,,,CELSIUS,Degré Celsius (°C),SE,Standard error,0.1,,N,National,,
DATAFLOW,SPC:DF_CLIMATE_CHANGE(1.0),Indicateurs du changement climatique,I,A,Annuel,ST_ANOM,Anomalies des températures de surface,PN,Pitcairn,2010,,0.1,,,,CELSIUS,Degré Celsius (°C),SE,Standard error,0.0,,N,National,,
DATAFLOW,SPC:DF_CLIMATE_CHANGE(1.0),Indicateurs du changement climatique,I,A,Annuel,ST_ANOM,Anomalies des températures de surface,PN,Pitcairn,2011,,0.1,,,,CELSIUS,Degré Celsius (°C),SE,Standard error,0.0,,N,National,,
DATAFLOW,SPC:DF_CLIMATE_CHANGE(1.0),Indicateurs du changement climatique,I,A,Annuel,ST_ANOM,Anomalies des températures de surface,PN,Pitcairn,2012,,0.1,,,,CELSIUS,Degré Celsius (°C),SE,Standard error,0.1,,N,National,,
DATAFLOW,SPC:DF_CLIMATE_CHANGE(1.0),Indicateurs du changement climatique,I,A,Annuel,ST_ANOM,Anomalies des températures de surface,PN,Pitcairn,2013,,0.0,,,,CELSIUS,Degré Celsius (°C),SE,Standard error,0.0,,N,National,,
DATAFLOW,SPC:DF_CLIMATE_CHANGE(1.0),Indicateurs du changement climatique,I,A,Annuel,ST_ANOM,Anomalies des températures de surface,PN,Pitcairn,2014,,-0.1,,,,CELSIUS,Degré Celsius (°C),SE,Standard error,0.1,,N,National,,
DATAFLOW,SPC:DF_CLIMATE_CHANGE(1.0),Indicateurs du changement climatique,I,A,Annuel,ST_ANOM,Anomalies des températures de surface,PN,Pitcairn,2015,,0.0,,,,CELSIUS,Degré Celsius (°C),SE,Standard error,0.1,,N,National,,
DATAFLOW,SPC:DF_CLIMATE_CHANGE(1.0),Indicateurs du changement climatique,I,A,Annuel,ST_ANOM,Anomalies des températures de surface,PN,Pitcairn,2016,,0.2,,,,CELSIUS,Degré Celsius (°C),SE,Standard error,0.1,,N,National,,
DATAFLOW,SPC:DF_CLIMATE_CHANGE(1.0),Indicateurs du changement climatique,I,A,Annuel,ST_ANOM,Anomalies des températures de surface,PN,Pitcairn,2017,,0.5,,,,CELSIUS,Degré Celsius (°C),SE,Standard error,0.1,,N,National,,
DATAFLOW,SPC:DF_CLIMATE_CHANGE(1.0),Indicateurs du changement climatique,I,A,Annuel,ST_ANOM,Anomalies des températures de surface,PN,Pitcairn,2018,,0.5,,,,CELSIUS,Degré Celsius (°C),SE,Standard error,0.1,,N,National,,
DATAFLOW,SPC:DF_CLIMATE_CHANGE(1.0),Indicateurs du changement climatique,I,A,Annuel,ST_ANOM,Anomalies des températures de surface,PN,Pitcairn,2019,,0.1,,,,CELSIUS,Degré Celsius (°C),SE,Standard error,0.1,,N,National,,
DATAFLOW,SPC:DF_CLIMATE_CHANGE(1.0),Indicateurs du changement climatique,I,A,Annuel,ST_ANOM,Anomalies des températures de surface,PN,Pitcairn,2020,,0.2,,,,CELSIUS,Degré Celsius (°C),SE,Standard error,0.1,,N,National,,
DATAFLOW,SPC:DF_CLIMATE_CHANGE(1.0),Indicateurs du changement climatique,I,A,Annuel,ST_ANOM,Anomalies des températures de surface,PN,Pitcairn,2021,,0.3,,,,CELSIUS,Degré Celsius (°C),SE,Standard error,0.1,,N,National,,
DATAFLOW,SPC:DF_CLIMATE_CHANGE(1.0),Indicateurs du changement climatique,I,A,Annuel,ST_ANOM,Anomalies des températures de surface,PN,Pitcairn,2022,,0.3,,,,CELSIUS,Degré Celsius (°C),SE,Standard error,0.0,,N,National,,
DATAFLOW,SPC:DF_CLIMATE_CHANGE(1.0),Indicateurs du changement climatique,I,A,Annuel,ST_ANOM,Anomalies des températures de surface,PN,Pitcairn,2023,,0.3,,,,CELSIUS,Degré Celsius (°C),SE,Standard error,0.1,,N,National,,
DATAFLOW,SPC:DF_CLIMATE_CHANGE(1.0),Indicateurs du changement climatique,I,A,Annuel,ST_ANOM,Anomalies des températures de surface,PN,Pitcairn,2024,,-0.1,,,,CELSIUS,Degré Celsius (°C),SE,Standard error,0.1,,N,National,,
DATAFLOW,SPC:DF_CLIMATE_CHANGE(1.0),Indicateurs du changement climatique,I,A,Annuel,ST_ANOM,Anomalies des températures de surface,PN,Pitcairn,2025,,0.6,,,,CELSIUS,Degré Celsius (°C),SE,Standard error,0.1,,N,National,,
DATAFLOW,SPC:DF_CLIMATE_CHANGE(1.0),Indicateurs du changement climatique,I,A,Annuel,ST_ANOM,Anomalies des températures de surface,PF,Polynésie Française,1850,,-0.6,,,,CELSIUS,Degré Celsius (°C),SE,Standard error,0.1,,N,National,,
DATAFLOW,SPC:DF_CLIMATE_CHANGE(1.0),Indicateurs du changement climatique,I,A,Annuel,ST_ANOM,Anomalies des températures de surface,PF,Polynésie Française,1851,,-0.3,,,,CELSIUS,Degré Celsius (°C),SE,Standard error,0.0,,N,National,,
DATAFLOW,SPC:DF_CLIMATE_CHANGE(1.0),Indicateurs du changement climatique,I,A,Annuel,ST_ANOM,Anomalies des températures de surface,PF,Polynésie Française,1852,,-0.4,,,,CELSIUS,Degré Celsius (°C),SE,Standard error,0.1,,N,National,,
DATAFLOW,SPC:DF_CLIMATE_CHANGE(1.0),Indicateurs du changement climatique,I,A,Annuel,ST_ANOM,Anomalies des températures de surface,PF,Polynésie Française,1853,,0.0,,,,CELSIUS,Degré Celsius (°C),SE,Standard error,0.2,,N,National,,
DATAFLOW,SPC:DF_CLIMATE_CHANGE(1.0),Indicateurs du changement climatique,I,A,Annuel,ST_ANOM,Anomalies des températures de surface,PF,Polynésie Française,1854,,0.1,,,,CELSIUS,Degré Celsius (°C),SE,Standard error,0.1,,N,National,,
DATAFLOW,SPC:DF_CLIMATE_CHANGE(1.0),Indicateurs du changement climatique,I,A,Annuel,ST_ANOM,Anomalies des températures de surface,PF,Polynésie Française,1855,,-0.2,,,,CELSIUS,Degré Celsius (°C),SE,Standard error,0.1,,N,National,,
DATAFLOW,SPC:DF_CLIMATE_CHANGE(1.0),Indicateurs du changement climatique,I,A,Annuel,ST_ANOM,Anomalies des températures de surface,PF,Polynésie Française,1856,,-0.3,,,,CELSIUS,Degré Celsius (°C),SE,Standard error,0.2,,N,National,,
DATAFLOW,SPC:DF_CLIMATE_CHANGE(1.0),Indicateurs du changement climatique,I,A,Annuel,ST_ANOM,Anomalies des températures de surface,PF,Polynésie Française,1857,,-0.7,,,,CELSIUS,Degré Celsius (°C),SE,Standard error,0.1,,N,National,,
DATAFLOW,SPC:DF_CLIMATE_CHANGE(1.0),Indicateurs du changement climatique,I,A,Annuel,ST_ANOM,Anomalies des températures de surface,PF,Polynésie Française,1858,,0.0,,,,CELSIUS,Degré Celsius (°C),SE,Standard error,0.1,,N,National,,
DATAFLOW,SPC:DF_CLIMATE_CHANGE(1.0),Indicateurs du changement climatique,I,A,Annuel,ST_ANOM,Anomalies des températures de surface,PF,Polynésie Française,1859,,0.0,,,,CELSIUS,Degré Celsius (°C),SE,Standard error,0.1,,N,National,,
DATAFLOW,SPC:DF_CLIMATE_CHANGE(1.0),Indicateurs du changement climatique,I,A,Annuel,ST_ANOM,Anomalies des températures de surface,PF,Polynésie Française,1860,,-0.3,,,,CELSIUS,Degré Celsius (°C),SE,Standard error,0.1,,N,National,,
DATAFLOW,SPC:DF_CLIMATE_CHANGE(1.0),Indicateurs du changement climatique,I,A,Annuel,ST_ANOM,Anomalies des températures de surface,PF,Polynésie Française,1861,,-0.7,,,,CELSIUS,Degré Celsius (°C),SE,Standard error,0.1,,N,National,,
DATAFLOW,SPC:DF_CLIMATE_CHANGE(1.0),Indicateurs du changement climatique,I,A,Annuel,ST_ANOM,Anomalies des températures de surface,PF,Polynésie Française,1862,,-0.8,,,,CELSIUS,Degré Celsius (°C),SE,Standard error,0.0,,N,National,,
DATAFLOW,SPC:DF_CLIMATE_CHANGE(1.0),Indicateurs du changement climatique,I,A,Annuel,ST_ANOM,Anomalies des températures de surface,PF,Polynésie Française,1863,,-0.6,,,,CELSIUS,Degré Celsius (°C),SE,Standard error,0.0,,N,National,,
DATAFLOW,SPC:DF_CLIMATE_CHANGE(1.0),Indicateurs du changement climatique,I,A,Annuel,ST_ANOM,Anomalies des températures de surface,PF,Polynésie Française,1864,,-0.4,,,,CELSIUS,Degré Celsius (°C),SE,Standard error,0.0,,N,National,,
DATAFLOW,SPC:DF_CLIMATE_CHANGE(1.0),Indicateurs du changement climatique,I,A,Annuel,ST_ANOM,Anomalies des températures de surface,PF,Polynésie Française,1865,,-0.4,,,,CELSIUS,Degré Celsius (°C),SE,Standard error,0.0,,N,National,,
DATAFLOW,SPC:DF_CLIMATE_CHANGE(1.0),Indicateurs du changement climatique,I,A,Annuel,ST_ANOM,Anomalies des températures de surface,PF,Polynésie Française,1866,,-0.4,,,,CELSIUS,Degré Celsius (°C),SE,Standard error,0.0,,N,National,,
DATAFLOW,SPC:DF_CLIMATE_CHANGE(1.0),Indicateurs du changement climatique,I,A,Annuel,ST_ANOM,Anomalies des températures de surface,PF,Polynésie Française,1867,,-0.5,,,,CELSIUS,Degré Celsius (°C),SE,Standard error,0.0,,N,National,,
DATAFLOW,SPC:DF_CLIMATE_CHANGE(1.0),Indicateurs du changement climatique,I,A,Annuel,ST_ANOM,Anomalies des températures de surface,PF,Polynésie Française,1868,,-0.4,,,,CELSIUS,Degré Celsius (°C),SE,Standard error,0.1,,N,National,,
DATAFLOW,SPC:DF_CLIMATE_CHANGE(1.0),Indicateurs du changement climatique,I,A,Annuel,ST_ANOM,Anomalies des températures de surface,PF,Polynésie Française,1869,,-0.6,,,,CELSIUS,Degré Celsius (°C),SE,Standard error,0.0,,N,National,,
DATAFLOW,SPC:DF_CLIMATE_CHANGE(1.0),Indicateurs du changement climatique,I,A,Annuel,ST_ANOM,Anomalies des températures de surface,PF,Polynésie Française,1870,,-0.6,,,,CELSIUS,Degré Celsius (°C),SE,Standard error,0.1,,N,National,,
DATAFLOW,SPC:DF_CLIMATE_CHANGE(1.0),Indicateurs du changement climatique,I,A,Annuel,ST_ANOM,Anomalies des températures de surface,PF,Polynésie Française,1871,,-0.4,,,,CELSIUS,Degré Celsius (°C),SE,Standard error,0.0,,N,National,,
DATAFLOW,SPC:DF_CLIMATE_CHANGE(1.0),Indicateurs du changement climatique,I,A,Annuel,ST_ANOM,Anomalies des températures de surface,PF,Polynésie Française,1872,,-0.5,,,,CELSIUS,Degré Celsius (°C),SE,Standard error,0.1,,N,National,,
DATAFLOW,SPC:DF_CLIMATE_CHANGE(1.0),Indicateurs du changement climatique,I,A,Annuel,ST_ANOM,Anomalies des températures de surface,PF,Polynésie Française,1873,,-1.1,,,,CELSIUS,Degré Celsius (°C),SE,Standard error,0.1,,N,National,,
DATAFLOW,SPC:DF_CLIMATE_CHANGE(1.0),Indicateurs du changement climatique,I,A,Annuel,ST_ANOM,Anomalies des températures de surface,PF,Polynésie Française,1874,,-0.9,,,,CELSIUS,Degré Celsius (°C),SE,Standard error,0.1,,N,National,,
DATAFLOW,SPC:DF_CLIMATE_CHANGE(1.0),Indicateurs du changement climatique,I,A,Annuel,ST_ANOM,Anomalies des températures de surface,PF,Polynésie Française,1875,,-0.8,,,,CELSIUS,Degré Celsius (°C),SE,Standard error,0.1,,N,National,,
DATAFLOW,SPC:DF_CLIMATE_CHANGE(1.0),Indicateurs du changement climatique,I,A,Annuel,ST_ANOM,Anomalies des températures de surface,PF,Polynésie Française,1876,,-0.7,,,,CELSIUS,Degré Celsius (°C),SE,Standard error,0.1,,N,National,,
DATAFLOW,SPC:DF_CLIMATE_CHANGE(1.0),Indicateurs du changement climatique,I,A,Annuel,ST_ANOM,Anomalies des températures de surface,PF,Polynésie Française,1877,,0.0,,,,CELSIUS,Degré Celsius (°C),SE,Standard error,0.1,,N,National,,
DATAFLOW,SPC:DF_CLIMATE_CHANGE(1.0),Indicateurs du changement climatique,I,A,Annuel,ST_ANOM,Anomalies des températures de surface,PF,Polynésie Française,1878,,-0.1,,,,CELSIUS,Degré Celsius (°C),SE,Standard error,0.1,,N,National,,
DATAFLOW,SPC:DF_CLIMATE_CHANGE(1.0),Indicateurs du changement climatique,I,A,Annuel,ST_ANOM,Anomalies des températures de surface,PF,Polynésie Française,1879,,-0.6,,,,CELSIUS,Degré Celsius (°C),SE,Standard error,0.1,,N,National,,
DATAFLOW,SPC:DF_CLIMATE_CHANGE(1.0),Indicateurs du changement climatique,I,A,Annuel,ST_ANOM,Anomalies des températures de surface,PF,Polynésie Française,1880,,-0.4,,,,CELSIUS,Degré Celsius (°C),SE,Standard error,0.1,,N,National,,
DATAFLOW,SPC:DF_CLIMATE_CHANGE(1.0),Indicateurs du changement climatique,I,A,Annuel,ST_ANOM,Anomalies des températures de surface,PF,Polynésie Française,1881,,-0.1,,,,CELSIUS,Degré Celsius (°C),SE,Standard error,0.1,,N,National,,
DATAFLOW,SPC:DF_CLIMATE_CHANGE(1.0),Indicateurs du changement climatique,I,A,Annuel,ST_ANOM,Anomalies des températures de surface,PF,Polynésie Française,1882,,-0.2,,,,CELSIUS,Degré Celsius (°C),SE,Standard error,0.1,,N,National,,
DATAFLOW,SPC:DF_CLIMATE_CHANGE(1.0),Indicateurs du changement climatique,I,A,Annuel,ST_ANOM,Anomalies des températures de surface,PF,Polynésie Française,1883,,-0.5,,,,CELSIUS,Degré Celsius (°C),SE,Standard error,0.1,,N,National,,
DATAFLOW,SPC:DF_CLIMATE_CHANGE(1.0),Indicateurs du changement climatique,I,A,Annuel,ST_ANOM,Anomalies des températures de surface,PF,Polynésie Française,1884,,-0.5,,,,CELSIUS,Degré Celsius (°C),SE,Standard error,0.1,,N,National,,
DATAFLOW,SPC:DF_CLIMATE_CHANGE(1.0),Indicateurs du changement climatique,I,A,Annuel,ST_ANOM,Anomalies des températures de surface,PF,Polynésie Française,1885,,-0.5,,,,CELSIUS,Degré Celsius (°C),SE,Standard error,0.1,,N,National,,
DATAFLOW,SPC:DF_CLIMATE_CHANGE(1.0),Indicateurs du changement climatique,I,A,Annuel,ST_ANOM,Anomalies des températures de surface,PF,Polynésie Française,1886,,-0.8,,,,CELSIUS,Degré Celsius (°C),SE,Standard error,0.1,,N,National,,
DATAFLOW,SPC:DF_CLIMATE_CHANGE(1.0),Indicateurs du changement climatique,I,A,Annuel,ST_ANOM,Anomalies des températures de surface,PF,Polynésie Française,1887,,-0.6,,,,CELSIUS,Degré Celsius (°C),SE,Standard error,0.1,,N,National,,
DATAFLOW,SPC:DF_CLIMATE_CHANGE(1.0),Indicateurs du changement climatique,I,A,Annuel,ST_ANOM,Anomalies des températures de surface,PF,Polynésie Française,1888,,0.1,,,,CELSIUS,Degré Celsius (°C),SE,Standard error,0.1,,N,National,,
DATAFLOW,SPC:DF_CLIMATE_CHANGE(1.0),Indicateurs du changement climatique,I,A,Annuel,ST_ANOM,Anomalies des températures de surface,PF,Polynésie Française,1889,,0.1,,,,CELSIUS,Degré Celsius (°C),SE,Standard error,0.1,,N,National,,
DATAFLOW,SPC:DF_CLIMATE_CHANGE(1.0),Indicateurs du changement climatique,I,A,Annuel,ST_ANOM,Anomalies des températures de surface,PF,Polynésie Française,1890,,-1.3,,,,CELSIUS,Degré Celsius (°C),SE,Standard error,0.1,,N,National,,
DATAFLOW,SPC:DF_CLIMATE_CHANGE(1.0),Indicateurs du changement climatique,I,A,Annuel,ST_ANOM,Anomalies des températures de surface,PF,Polynésie Française,1891,,-0.7,,,,CELSIUS,Degré Celsius (°C),SE,Standard error,0.1,,N,National,,
DATAFLOW,SPC:DF_CLIMATE_CHANGE(1.0),Indicateurs du changement climatique,I,A,Annuel,ST_ANOM,Anomalies des températures de surface,PF,Polynésie Française,1892,,-0.5,,,,CELSIUS,Degré Celsius (°C),SE,Standard error,0.1,,N,National,,
DATAFLOW,SPC:DF_CLIMATE_CHANGE(1.0),Indicateurs du changement climatique,I,A,Annuel,ST_ANOM,Anomalies des températures de surface,PF,Polynésie Française,1893,,-1.1,,,,CELSIUS,Degré Celsius (°C),SE,Standard error,0.1,,N,National,,
DATAFLOW,SPC:DF_CLIMATE_CHANGE(1.0),Indicateurs du changement climatique,I,A,Annuel,ST_ANOM,Anomalies des températures de surface,PF,Polynésie Française,1894,,-0.4,,,,CELSIUS,Degré Celsius (°C),SE,Standard error,0.1,,N,National,,
DATAFLOW,SPC:DF_CLIMATE_CHANGE(1.0),Indicateurs du changement climatique,I,A,Annuel,ST_ANOM,Anomalies des températures de surface,PF,Polynésie Française,1895,,-0.3,,,,CELSIUS,Degré Celsius (°C),SE,Standard error,0.1,,N,National,,
DATAFLOW,SPC:DF_CLIMATE_CHANGE(1.0),Indicateurs du changement climatique,I,A,Annuel,ST_ANOM,Anomalies des températures de surface,PF,Polynésie Française,1896,,0.2,,,,CELSIUS,Degré Celsius (°C),SE,Standard error,0.1,,N,National,,
DATAFLOW,SPC:DF_CLIMATE_CHANGE(1.0),Indicateurs du changement climatique,I,A,Annuel,ST_ANOM,Anomalies des températures de surface,PF,Polynésie Française,1897,,0.4,,,,CELSIUS,Degré Celsius (°C),SE,Standard error,0.1,,N,National,,
DATAFLOW,SPC:DF_CLIMATE_CHANGE(1.0),Indicateurs du changement climatique,I,A,Annuel,ST_ANOM,Anomalies des températures de surface,PF,Polynésie Française,1898,,-0.2,,,,CELSIUS,Degré Celsius (°C),SE,Standard error,0.1,,N,National,,
DATAFLOW,SPC:DF_CLIMATE_CHANGE(1.0),Indicateurs du changement climatique,I,A,Annuel,ST_ANOM,Anomalies des températures de surface,PF,Polynésie Française,1899,,0.0,,,,CELSIUS,Degré Celsius (°C),SE,Standard error,0.1,,N,National,,
DATAFLOW,SPC:DF_CLIMATE_CHANGE(1.0),Indicateurs du changement climatique,I,A,Annuel,ST_ANOM,Anomalies des températures de surface,PF,Polynésie Française,1900,,0.6,,,,CELSIUS,Degré Celsius (°C),SE,Standard error,0.1,,N,National,,
DATAFLOW,SPC:DF_CLIMATE_CHANGE(1.0),Indicateurs du changement climatique,I,A,Annuel,ST_ANOM,Anomalies des températures de surface,PF,Polynésie Française,1901,,0.5,,,,CELSIUS,Degré Celsius (°C),SE,Standard error,0.2,,N,National,,
DATAFLOW,SPC:DF_CLIMATE_CHANGE(1.0),Indicateurs du changement climatique,I,A,Annuel,ST_ANOM,Anomalies des températures de surface,PF,Polynésie Française,1902,,0.4,,,,CELSIUS,Degré Celsius (°C),SE,Standard error,0.1,,N,National,,
DATAFLOW,SPC:DF_CLIMATE_CHANGE(1.0),Indicateurs du changement climatique,I,A,Annuel,ST_ANOM,Anomalies des températures de surface,PF,Polynésie Française,1903,,0.0,,,,CELSIUS,Degré Celsius (°C),SE,Standard error,0.2,,N,National,,
DATAFLOW,SPC:DF_CLIMATE_CHANGE(1.0),Indicateurs du changement climatique,I,A,Annuel,ST_ANOM,Anomalies des températures de surface,PF,Polynésie Française,1904,,-0.7,,,,CELSIUS,Degré Celsius (°C),SE,Standard error,0.2,,N,National,,
DATAFLOW,SPC:DF_CLIMATE_CHANGE(1.0),Indicateurs du changement climatique,I,A,Annuel,ST_ANOM,Anomalies des températures de surface,PF,Polynésie Française,1905,,0.0,,,,CELSIUS,Degré Celsius (°C),SE,Standard error,0.0,,N,National,,
DATAFLOW,SPC:DF_CLIMATE_CHANGE(1.0),Indicateurs du changement climatique,I,A,Annuel,ST_ANOM,Anomalies des températures de surface,PF,Polynésie Française,1906,,0.1,,,,CELSIUS,Degré Celsius (°C),SE,Standard error,0.1,,N,National,,
DATAFLOW,SPC:DF_CLIMATE_CHANGE(1.0),Indicateurs du changement climatique,I,A,Annuel,ST_ANOM,Anomalies des températures de surface,PF,Polynésie Française,1907,,-0.4,,,,CELSIUS,Degré Celsius (°C),SE,Standard error,0.1,,N,National,,
DATAFLOW,SPC:DF_CLIMATE_CHANGE(1.0),Indicateurs du changement climatique,I,A,Annuel,ST_ANOM,Anomalies des températures de surface,PF,Polynésie Française,1908,,-0.3,,,,CELSIUS,Degré Celsius (°C),SE,Standard error,0.1,,N,National,,
DATAFLOW,SPC:DF_CLIMATE_CHANGE(1.0),Indicateurs du changement climatique,I,A,Annuel,ST_ANOM,Anomalies des températures de surface,PF,Polynésie Française,1909,,-1.1,,,,CELSIUS,Degré Celsius (°C),SE,Standard error,0.1,,N,National,,
DATAFLOW,SPC:DF_CLIMATE_CHANGE(1.0),Indicateurs du changement climatique,I,A,Annuel,ST_ANOM,Anomalies des températures de surface,PF,Polynésie Française,1910,,-1.1,,,,CELSIUS,Degré Celsius (°C),SE,Standard error,0.1,,N,National,,
DATAFLOW,SPC:DF_CLIMATE_CHANGE(1.0),Indicateurs du changement climatique,I,A,Annuel,ST_ANOM,Anomalies des températures de surface,PF,Polynésie Française,1911,,-0.7,,,,CELSIUS,Degré Celsius (°C),SE,Standard error,0.1,,N,National,,
DATAFLOW,SPC:DF_CLIMATE_CHANGE(1.0),Indicateurs du changement climatique,I,A,Annuel,ST_ANOM,Anomalies des températures de surface,PF,Polynésie Française,1912,,-0.3,,,,CELSIUS,Degré Celsius (°C),SE,Standard error,0.1,,N,National,,
DATAFLOW,SPC:DF_CLIMATE_CHANGE(1.0),Indicateurs du changement climatique,I,A,Annuel,ST_ANOM,Anomalies des températures de surface,PF,Polynésie Française,1913,,-0.3,,,,CELSIUS,Degré Celsius (°C),SE,Standard error,0.1,,N,National,,
DATAFLOW,SPC:DF_CLIMATE_CHANGE(1.0),Indicateurs du changement climatique,I,A,Annuel,ST_ANOM,Anomalies des températures de surface,PF,Polynésie Française,1914,,-0.3,,,,CELSIUS,Degré Celsius (°C),SE,Standard error,0.1,,N,National,,
DATAFLOW,SPC:DF_CLIMATE_CHANGE(1.0),Indicateurs du changement climatique,I,A,Annuel,ST_ANOM,Anomalies des températures de surface,PF,Polynésie Française,1915,,0.1,,,,CELSIUS,Degré Celsius (°C),SE,Standard error,0.1,,N,National,,
DATAFLOW,SPC:DF_CLIMATE_CHANGE(1.0),Indicateurs du changement climatique,I,A,Annuel,ST_ANOM,Anomalies des températures de surface,PF,Polynésie Française,1916,,-0.4,,,,CELSIUS,Degré Celsius (°C),SE,Standard error,0.2,,N,National,,
DATAFLOW,SPC:DF_CLIMATE_CHANGE(1.0),Indicateurs du changement climatique,I,A,Annuel,ST_ANOM,Anomalies des températures de surface,PF,Polynésie Française,1917,,-1.2,,,,CELSIUS,Degré Celsius (°C),SE,Standard error,0.1,,N,National,,
DATAFLOW,SPC:DF_CLIMATE_CHANGE(1.0),Indicateurs du changement climatique,I,A,Annuel,ST_ANOM,Anomalies des températures de surface,PF,Polynésie Française,1918,,-0.5,,,,CELSIUS,Degré Celsius (°C),SE,Standard error,0.1,,N,National,,
DATAFLOW,SPC:DF_CLIMATE_CHANGE(1.0),Indicateurs du changement climatique,I,A,Annuel,ST_ANOM,Anomalies des températures de surface,PF,Polynésie Française,1919,,-0.2,,,,CELSIUS,Degré Celsius (°C),SE,Standard error,0.0,,N,National,,
DATAFLOW,SPC:DF_CLIMATE_CHANGE(1.0),Indicateurs du changement climatique,I,A,Annuel,ST_ANOM,Anomalies des températures de surface,PF,Polynésie Française,1920,,0.0,,,,CELSIUS,Degré Celsius (°C),SE,Standard error,0.1,,N,National,,
DATAFLOW,SPC:DF_CLIMATE_CHANGE(1.0),Indicateurs du changement climatique,I,A,Annuel,ST_ANOM,Anomalies des températures de surface,PF,Polynésie Française,1921,,-0.6,,,,CELSIUS,Degré Celsius (°C),SE,Standard error,0.2,,N,National,,
DATAFLOW,SPC:DF_CLIMATE_CHANGE(1.0),Indicateurs du changement climatique,I,A,Annuel,ST_ANOM,Anomalies des températures de surface,PF,Polynésie Française,1922,,-0.4,,,,CELSIUS,Degré Celsius (°C),SE,Standard error,0.1,,N,National,,
DATAFLOW,SPC:DF_CLIMATE_CHANGE(1.0),Indicateurs du changement climatique,I,A,Annuel,ST_ANOM,Anomalies des températures de surface,PF,Polynésie Française,1923,,-0.5,,,,CELSIUS,Degré Celsius (°C),SE,Standard error,0.0,,N,National,,
DATAFLOW,SPC:DF_CLIMATE_CHANGE(1.0),Indicateurs du changement climatique,I,A,Annuel,ST_ANOM,Anomalies des températures de surface,PF,Polynésie Française,1924,,-0.5,,,,CELSIUS,Degré Celsius (°C),SE,Standard error,0.1,,N,National,,
DATAFLOW,SPC:DF_CLIMATE_CHANGE(1.0),Indicateurs du changement climatique,I,A,Annuel,ST_ANOM,Anomalies des températures de surface,PF,Polynésie Française,1925,,-0.5,,,,CELSIUS,Degré Celsius (°C),SE,Standard error,0.1,,N,National,,
DATAFLOW,SPC:DF_CLIMATE_CHANGE(1.0),Indicateurs du changement climatique,I,A,Annuel,ST_ANOM,Anomalies des températures de surface,PF,Polynésie Française,1926,,0.0,,,,CELSIUS,Degré Celsius (°C),SE,Standard error,0.1,,N,National,,
DATAFLOW,SPC:DF_CLIMATE_CHANGE(1.0),Indicateurs du changement climatique,I,A,Annuel,ST_ANOM,Anomalies des températures de surface,PF,Polynésie Française,1927,,-0.3,,,,CELSIUS,Degré Celsius (°C),SE,Standard error,0.0,,N,National,,
DATAFLOW,SPC:DF_CLIMATE_CHANGE(1.0),Indicateurs du changement climatique,I,A,Annuel,ST_ANOM,Anomalies des températures de surface,PF,Polynésie Française,1928,,-0.3,,,,CELSIUS,Degré Celsius (°C),SE,Standard error,0.0,,N,National,,
DATAFLOW,SPC:DF_CLIMATE_CHANGE(1.0),Indicateurs du changement climatique,I,A,Annuel,ST_ANOM,Anomalies des températures de surface,PF,Polynésie Française,1929,,-0.3,,,,CELSIUS,Degré Celsius (°C),SE,Standard error,0.0,,N,National,,
DATAFLOW,SPC:DF_CLIMATE_CHANGE(1.0),Indicateurs du changement climatique,I,A,Annuel,ST_ANOM,Anomalies des températures de surface,PF,Polynésie Française,1930,,-0.1,,,,CELSIUS,Degré Celsius (°C),SE,Standard error,0.1,,N,National,,
DATAFLOW,SPC:DF_CLIMATE_CHANGE(1.0),Indicateurs du changement climatique,I,A,Annuel,ST_ANOM,Anomalies des températures de surface,PF,Polynésie Française,1931,,0.1,,,,CELSIUS,Degré Celsius (°C),SE,Standard error,0.1,,N,National,,
DATAFLOW,SPC:DF_CLIMATE_CHANGE(1.0),Indicateurs du changement climatique,I,A,Annuel,ST_ANOM,Anomalies des températures de surface,PF,Polynésie Française,1932,,0.0,,,,CELSIUS,Degré Celsius (°C),SE,Standard error,0.0,,N,National,,
DATAFLOW,SPC:DF_CLIMATE_CHANGE(1.0),Indicateurs du changement climatique,I,A,Annuel,ST_ANOM,Anomalies des températures de surface,PF,Polynésie Française,1933,,-0.5,,,,CELSIUS,Degré Celsius (°C),SE,Standard error,0.1,,N,National,,
DATAFLOW,SPC:DF_CLIMATE_CHANGE(1.0),Indicateurs du changement climatique,I,A,Annuel,ST_ANOM,Anomalies des températures de surface,PF,Polynésie Française,1934,,-0.5,,,,CELSIUS,Degré Celsius (°C),SE,Standard error,0.0,,N,National,,
DATAFLOW,SPC:DF_CLIMATE_CHANGE(1.0),Indicateurs du changement climatique,I,A,Annuel,ST_ANOM,Anomalies des températures de surface,PF,Polynésie Française,1935,,-0.5,,,,CELSIUS,Degré Celsius (°C),SE,Standard error,0.1,,N,National,,
DATAFLOW,SPC:DF_CLIMATE_CHANGE(1.0),Indicateurs du changement climatique,I,A,Annuel,ST_ANOM,Anomalies des températures de surface,PF,Polynésie Française,1936,,-0.6,,,,CELSIUS,Degré Celsius (°C),SE,Standard error,0.0,,N,National,,
DATAFLOW,SPC:DF_CLIMATE_CHANGE(1.0),Indicateurs du changement climatique,I,A,Annuel,ST_ANOM,Anomalies des températures de surface,PF,Polynésie Française,1937,,-0.4,,,,CELSIUS,Degré Celsius (°C),SE,Standard error,0.1,,N,National,,
DATAFLOW,SPC:DF_CLIMATE_CHANGE(1.0),Indicateurs du changement climatique,I,A,Annuel,ST_ANOM,Anomalies des températures de surface,PF,Polynésie Française,1938,,-0.7,,,,CELSIUS,Degré Celsius (°C),SE,Standard error,0.1,,N,National,,
DATAFLOW,SPC:DF_CLIMATE_CHANGE(1.0),Indicateurs du changement climatique,I,A,Annuel,ST_ANOM,Anomalies des températures de surface,PF,Polynésie Française,1939,,-0.7,,,,CELSIUS,Degré Celsius (°C),SE,Standard error,0.1,,N,National,,
DATAFLOW,SPC:DF_CLIMATE_CHANGE(1.0),Indicateurs du changement climatique,I,A,Annuel,ST_ANOM,Anomalies des températures de surface,PF,Polynésie Française,1940,,0.3,,,,CELSIUS,Degré Celsius (°C),SE,Standard error,0.1,,N,National,,
DATAFLOW,SPC:DF_CLIMATE_CHANGE(1.0),Indicateurs du changement climatique,I,A,Annuel,ST_ANOM,Anomalies des températures de surface,PF,Polynésie Française,1941,,0.2,,,,CELSIUS,Degré Celsius (°C),SE,Standard error,0.1,,N,National,,
DATAFLOW,SPC:DF_CLIMATE_CHANGE(1.0),Indicateurs du changement climatique,I,A,Annuel,ST_ANOM,Anomalies des températures de surface,PF,Polynésie Française,1942,,-0.1,,,,CELSIUS,Degré Celsius (°C),SE,Standard error,0.1,,N,National,,
DATAFLOW,SPC:DF_CLIMATE_CHANGE(1.0),Indicateurs du changement climatique,I,A,Annuel,ST_ANOM,Anomalies des températures de surface,PF,Polynésie Française,1943,,-0.2,,,,CELSIUS,Degré Celsius (°C),SE,Standard error,0.1,,N,National,,
DATAFLOW,SPC:DF_CLIMATE_CHANGE(1.0),Indicateurs du changement climatique,I,A,Annuel,ST_ANOM,Anomalies des températures de surface,PF,Polynésie Française,1944,,0.2,,,,CELSIUS,Degré Celsius (°C),SE,Standard error,0.1,,N,National,,
DATAFLOW,SPC:DF_CLIMATE_CHANGE(1.0),Indicateurs du changement climatique,I,A,Annuel,ST_ANOM,Anomalies des températures de surface,PF,Polynésie Française,1945,,0.2,,,,CELSIUS,Degré Celsius (°C),SE,Standard error,0.1,,N,National,,
DATAFLOW,SPC:DF_CLIMATE_CHANGE(1.0),Indicateurs du changement climatique,I,A,Annuel,ST_ANOM,Anomalies des températures de surface,PF,Polynésie Française,1946,,-0.2,,,,CELSIUS,Degré Celsius (°C),SE,Standard error,0.1,,N,National,,
DATAFLOW,SPC:DF_CLIMATE_CHANGE(1.0),Indicateurs du changement climatique,I,A,Annuel,ST_ANOM,Anomalies des températures de surface,PF,Polynésie Française,1947,,-0.1,,,,CELSIUS,Degré Celsius (°C),SE,Standard error,0.1,,N,National,,
DATAFLOW,SPC:DF_CLIMATE_CHANGE(1.0),Indicateurs du changement climatique,I,A,Annuel,ST_ANOM,Anomalies des températures de surface,PF,Polynésie Française,1948,,0.0,,,,CELSIUS,Degré Celsius (°C),SE,Standard error,0.1,,N,National,,
DATAFLOW,SPC:DF_CLIMATE_CHANGE(1.0),Indicateurs du changement climatique,I,A,Annuel,ST_ANOM,Anomalies des températures de surface,PF,Polynésie Française,1949,,0.2,,,,CELSIUS,Degré Celsius (°C),SE,Standard error,0.1,,N,National,,
DATAFLOW,SPC:DF_CLIMATE_CHANGE(1.0),Indicateurs du changement climatique,I,A,Annuel,ST_ANOM,Anomalies des températures de surface,PF,Polynésie Française,1950,,-0.6,,,,CELSIUS,Degré Celsius (°C),SE,Standard error,0.1,,N,National,,
DATAFLOW,SPC:DF_CLIMATE_CHANGE(1.0),Indicateurs du changement climatique,I,A,Annuel,ST_ANOM,Anomalies des températures de surface,PF,Polynésie Française,1951,,-0.2,,,,CELSIUS,Degré Celsius (°C),SE,Standard error,0.1,,N,National,,
DATAFLOW,SPC:DF_CLIMATE_CHANGE(1.0),Indicateurs du changement climatique,I,A,Annuel,ST_ANOM,Anomalies des températures de surface,PF,Polynésie Française,1952,,0.2,,,,CELSIUS,Degré Celsius (°C),SE,Standard error,0.0,,N,National,,
DATAFLOW,SPC:DF_CLIMATE_CHANGE(1.0),Indicateurs du changement climatique,I,A,Annuel,ST_ANOM,Anomalies des températures de surface,PF,Polynésie Française,1953,,0.2,,,,CELSIUS,Degré Celsius (°C),SE,Standard error,0.1,,N,National,,
DATAFLOW,SPC:DF_CLIMATE_CHANGE(1.0),Indicateurs du changement climatique,I,A,Annuel,ST_ANOM,Anomalies des températures de surface,PF,Polynésie Française,1954,,-0.2,,,,CELSIUS,Degré Celsius (°C),SE,Standard error,0.1,,N,National,,
DATAFLOW,SPC:DF_CLIMATE_CHANGE(1.0),Indicateurs du changement climatique,I,A,Annuel,ST_ANOM,Anomalies des températures de surface,PF,Polynésie Française,1955,,-0.8,,,,CELSIUS,Degré Celsius (°C),SE,Standard error,0.1,,N,National,,
DATAFLOW,SPC:DF_CLIMATE_CHANGE(1.0),Indicateurs du changement climatique,I,A,Annuel,ST_ANOM,Anomalies des températures de surface,PF,Polynésie Française,1956,,-0.8,,,,CELSIUS,Degré Celsius (°C),SE,Standard error,0.0,,N,National,,
DATAFLOW,SPC:DF_CLIMATE_CHANGE(1.0),Indicateurs du changement climatique,I,A,Annuel,ST_ANOM,Anomalies des températures de surface,PF,Polynésie Française,1957,,0.0,,,,CELSIUS,Degré Celsius (°C),SE,Standard error,0.1,,N,National,,
DATAFLOW,SPC:DF_CLIMATE_CHANGE(1.0),Indicateurs du changement climatique,I,A,Annuel,ST_ANOM,Anomalies des températures de surface,PF,Polynésie Française,1958,,0.1,,,,CELSIUS,Degré Celsius (°C),SE,Standard error,0.1,,N,National,,
DATAFLOW,SPC:DF_CLIMATE_CHANGE(1.0),Indicateurs du changement climatique,I,A,Annuel,ST_ANOM,Anomalies des températures de surface,PF,Polynésie Française,1959,,0.0,,,,CELSIUS,Degré Celsius (°C),SE,Standard error,0.1,,N,National,,
DATAFLOW,SPC:DF_CLIMATE_CHANGE(1.0),Indicateurs du changement climatique,I,A,Annuel,ST_ANOM,Anomalies des températures de surface,PF,Polynésie Française,1960,,0.0,,,,CELSIUS,Degré Celsius (°C),SE,Standard error,0.0,,N,National,,
DATAFLOW,SPC:DF_CLIMATE_CHANGE(1.0),Indicateurs du changement climatique,I,A,Annuel,ST_ANOM,Anomalies des températures de surface,PF,Polynésie Française,1961,,-0.2,,,,CELSIUS,Degré Celsius (°C),SE,Standard error,0.1,,N,National,,
DATAFLOW,SPC:DF_CLIMATE_CHANGE(1.0),Indicateurs du changement climatique,I,A,Annuel,ST_ANOM,Anomalies des températures de surface,PF,Polynésie Française,1962,,-0.4,,,,CELSIUS,Degré Celsius (°C),SE,Standard error,0.0,,N,National,,
DATAFLOW,SPC:DF_CLIMATE_CHANGE(1.0),Indicateurs du changement climatique,I,A,Annuel,ST_ANOM,Anomalies des températures de surface,PF,Polynésie Française,1963,,-0.1,,,,CELSIUS,Degré Celsius (°C),SE,Standard error,0.0,,N,National,,
DATAFLOW,SPC:DF_CLIMATE_CHANGE(1.0),Indicateurs du changement climatique,I,A,Annuel,ST_ANOM,Anomalies des températures de surface,PF,Polynésie Française,1964,,-0.3,,,,CELSIUS,Degré Celsius (°C),SE,Standard error,0.1,,N,National,,
DATAFLOW,SPC:DF_CLIMATE_CHANGE(1.0),Indicateurs du changement climatique,I,A,Annuel,ST_ANOM,Anomalies des températures de surface,PF,Polynésie Française,1965,,-0.1,,,,CELSIUS,Degré Celsius (°C),SE,Standard error,0.1,,N,National,,
DATAFLOW,SPC:DF_CLIMATE_CHANGE(1.0),Indicateurs du changement climatique,I,A,Annuel,ST_ANOM,Anomalies des températures de surface,PF,Polynésie Française,1966,,0.0,,,,CELSIUS,Degré Celsius (°C),SE,Standard error,0.1,,N,National,,
DATAFLOW,SPC:DF_CLIMATE_CHANGE(1.0),Indicateurs du changement climatique,I,A,Annuel,ST_ANOM,Anomalies des températures de surface,PF,Polynésie Française,1967,,-0.5,,,,CELSIUS,Degré Celsius (°C),SE,Standard error,0.1,,N,National,,
DATAFLOW,SPC:DF_CLIMATE_CHANGE(1.0),Indicateurs du changement climatique,I,A,Annuel,ST_ANOM,Anomalies des températures de surface,PF,Polynésie Française,1968,,-0.5,,,,CELSIUS,Degré Celsius (°C),SE,Standard error,0.1,,N,National,,
DATAFLOW,SPC:DF_CLIMATE_CHANGE(1.0),Indicateurs du changement climatique,I,A,Annuel,ST_ANOM,Anomalies des températures de surface,PF,Polynésie Française,1969,,0.2,,,,CELSIUS,Degré Celsius (°C),SE,Standard error,0.0,,N,National,,
DATAFLOW,SPC:DF_CLIMATE_CHANGE(1.0),Indicateurs du changement climatique,I,A,Annuel,ST_ANOM,Anomalies des températures de surface,PF,Polynésie Française,1970,,-0.2,,,,CELSIUS,Degré Celsius (°C),SE,Standard error,0.1,,N,National,,
DATAFLOW,SPC:DF_CLIMATE_CHANGE(1.0),Indicateurs du changement climatique,I,A,Annuel,ST_ANOM,Anomalies des températures de surface,PF,Polynésie Française,1971,,-0.8,,,,CELSIUS,Degré Celsius (°C),SE,Standard error,0.1,,N,National,,
DATAFLOW,SPC:DF_CLIMATE_CHANGE(1.0),Indicateurs du changement climatique,I,A,Annuel,ST_ANOM,Anomalies des températures de surface,PF,Polynésie Française,1972,,-0.2,,,,CELSIUS,Degré Celsius (°C),SE,Standard error,0.1,,N,National,,
DATAFLOW,SPC:DF_CLIMATE_CHANGE(1.0),Indicateurs du changement climatique,I,A,Annuel,ST_ANOM,Anomalies des températures de surface,PF,Polynésie Française,1973,,0.1,,,,CELSIUS,Degré Celsius (°C),SE,Standard error,0.1,,N,National,,
DATAFLOW,SPC:DF_CLIMATE_CHANGE(1.0),Indicateurs du changement climatique,I,A,Annuel,ST_ANOM,Anomalies des températures de surface,PF,Polynésie Française,1974,,-0.9,,,,CELSIUS,Degré Celsius (°C),SE,Standard error,0.0,,N,National,,
DATAFLOW,SPC:DF_CLIMATE_CHANGE(1.0),Indicateurs du changement climatique,I,A,Annuel,ST_ANOM,Anomalies des températures de surface,PF,Polynésie Française,1975,,-0.8,,,,CELSIUS,Degré Celsius (°C),SE,Standard error,0.1,,N,National,,
DATAFLOW,SPC:DF_CLIMATE_CHANGE(1.0),Indicateurs du changement climatique,I,A,Annuel,ST_ANOM,Anomalies des températures de surface,PF,Polynésie Française,1976,,-0.7,,,,CELSIUS,Degré Celsius (°C),SE,Standard error,0.1,,N,National,,
DATAFLOW,SPC:DF_CLIMATE_CHANGE(1.0),Indicateurs du changement climatique,I,A,Annuel,ST_ANOM,Anomalies des températures de surface,PF,Polynésie Française,1977,,0.1,,,,CELSIUS,Degré Celsius (°C),SE,Standard error,0.1,,N,National,,
DATAFLOW,SPC:DF_CLIMATE_CHANGE(1.0),Indicateurs du changement climatique,I,A,Annuel,ST_ANOM,Anomalies des températures de surface,PF,Polynésie Française,1978,,-0.2,,,,CELSIUS,Degré Celsius (°C),SE,Standard error,0.1,,N,National,,
DATAFLOW,SPC:DF_CLIMATE_CHANGE(1.0),Indicateurs du changement climatique,I,A,Annuel,ST_ANOM,Anomalies des températures de surface,PF,Polynésie Française,1979,,-0.2,,,,CELSIUS,Degré Celsius (°C),SE,Standard error,0.1,,N,National,,
DATAFLOW,SPC:DF_CLIMATE_CHANGE(1.0),Indicateurs du changement climatique,I,A,Annuel,ST_ANOM,Anomalies des températures de surface,PF,Polynésie Française,1980,,0.0,,,,CELSIUS,Degré Celsius (°C),SE,Standard error,0.0,,N,National,,
DATAFLOW,SPC:DF_CLIMATE_CHANGE(1.0),Indicateurs du changement climatique,I,A,Annuel,ST_ANOM,Anomalies des températures de surface,PF,Polynésie Française,1981,,-0.4,,,,CELSIUS,Degré Celsius (°C),SE,Standard error,0.1,,N,National,,
DATAFLOW,SPC:DF_CLIMATE_CHANGE(1.0),Indicateurs du changement climatique,I,A,Annuel,ST_ANOM,Anomalies des températures de surface,PF,Polynésie Française,1982,,0.2,,,,CELSIUS,Degré Celsius (°C),SE,Standard error,0.0,,N,National,,
DATAFLOW,SPC:DF_CLIMATE_CHANGE(1.0),Indicateurs du changement climatique,I,A,Annuel,ST_ANOM,Anomalies des températures de surface,PF,Polynésie Française,1983,,0.0,,,,CELSIUS,Degré Celsius (°C),SE,Standard error,0.1,,N,National,,
DATAFLOW,SPC:DF_CLIMATE_CHANGE(1.0),Indicateurs du changement climatique,I,A,Annuel,ST_ANOM,Anomalies des températures de surface,PF,Polynésie Française,1984,,0.1,,,,CELSIUS,Degré Celsius (°C),SE,Standard error,0.1,,N,National,,
DATAFLOW,SPC:DF_CLIMATE_CHANGE(1.0),Indicateurs du changement climatique,I,A,Annuel,ST_ANOM,Anomalies des températures de surface,PF,Polynésie Française,1985,,-0.2,,,,CELSIUS,Degré Celsius (°C),SE,Standard error,0.0,,N,National,,
DATAFLOW,SPC:DF_CLIMATE_CHANGE(1.0),Indicateurs du changement climatique,I,A,Annuel,ST_ANOM,Anomalies des températures de surface,PF,Polynésie Française,1986,,-0.1,,,,CELSIUS,Degré Celsius (°C),SE,Standard error,0.1,,N,National,,
DATAFLOW,SPC:DF_CLIMATE_CHANGE(1.0),Indicateurs du changement climatique,I,A,Annuel,ST_ANOM,Anomalies des températures de surface,PF,Polynésie Française,1987,,0.4,,,,CELSIUS,Degré Celsius (°C),SE,Standard error,0.0,,N,National,,
DATAFLOW,SPC:DF_CLIMATE_CHANGE(1.0),Indicateurs du changement climatique,I,A,Annuel,ST_ANOM,Anomalies des températures de surface,PF,Polynésie Française,1988,,0.1,,,,CELSIUS,Degré Celsius (°C),SE,Standard error,0.1,,N,National,,
DATAFLOW,SPC:DF_CLIMATE_CHANGE(1.0),Indicateurs du changement climatique,I,A,Annuel,ST_ANOM,Anomalies des températures de surface,PF,Polynésie Française,1989,,-0.3,,,,CELSIUS,Degré Celsius (°C),SE,Standard error,0.0,,N,National,,
DATAFLOW,SPC:DF_CLIMATE_CHANGE(1.0),Indicateurs du changement climatique,I,A,Annuel,ST_ANOM,Anomalies des températures de surface,PF,Polynésie Française,1990,,-0.1,,,,CELSIUS,Degré Celsius (°C),SE,Standard error,0.1,,N,National,,
DATAFLOW,SPC:DF_CLIMATE_CHANGE(1.0),Indicateurs du changement climatique,I,A,Annuel,ST_ANOM,Anomalies des températures de surface,PF,Polynésie Française,1991,,0.4,,,,CELSIUS,Degré Celsius (°C),SE,Standard error,0.0,,N,National,,
DATAFLOW,SPC:DF_CLIMATE_CHANGE(1.0),Indicateurs du changement climatique,I,A,Annuel,ST_ANOM,Anomalies des températures de surface,PF,Polynésie Française,1992,,0.3,,,,CELSIUS,Degré Celsius (°C),SE,Standard error,0.0,,N,National,,
DATAFLOW,SPC:DF_CLIMATE_CHANGE(1.0),Indicateurs du changement climatique,I,A,Annuel,ST_ANOM,Anomalies des températures de surface,PF,Polynésie Française,1993,,0.2,,,,CELSIUS,Degré Celsius (°C),SE,Standard error,0.0,,N,National,,
DATAFLOW,SPC:DF_CLIMATE_CHANGE(1.0),Indicateurs du changement climatique,I,A,Annuel,ST_ANOM,Anomalies des températures de surface,PF,Polynésie Française,1994,,0.4,,,,CELSIUS,Degré Celsius (°C),SE,Standard error,0.1,,N,National,,
DATAFLOW,SPC:DF_CLIMATE_CHANGE(1.0),Indicateurs du changement climatique,I,A,Annuel,ST_ANOM,Anomalies des températures de surface,PF,Polynésie Française,1995,,0.2,,,,CELSIUS,Degré Celsius (°C),SE,Standard error,0.1,,N,National,,
DATAFLOW,SPC:DF_CLIMATE_CHANGE(1.0),Indicateurs du changement climatique,I,A,Annuel,ST_ANOM,Anomalies des températures de surface,PF,Polynésie Française,1996,,-0.1,,,,CELSIUS,Degré Celsius (°C),SE,Standard error,0.0,,N,National,,
DATAFLOW,SPC:DF_CLIMATE_CHANGE(1.0),Indicateurs du changement climatique,I,A,Annuel,ST_ANOM,Anomalies des températures de surface,PF,Polynésie Française,1997,,0.1,,,,CELSIUS,Degré Celsius (°C),SE,Standard error,0.1,,N,National,,
DATAFLOW,SPC:DF_CLIMATE_CHANGE(1.0),Indicateurs du changement climatique,I,A,Annuel,ST_ANOM,Anomalies des températures de surface,PF,Polynésie Française,1998,,0.3,,,,CELSIUS,Degré Celsius (°C),SE,Standard error,0.1,,N,National,,
DATAFLOW,SPC:DF_CLIMATE_CHANGE(1.0),Indicateurs du changement climatique,I,A,Annuel,ST_ANOM,Anomalies des températures de surface,PF,Polynésie Française,1999,,0.1,,,,CELSIUS,Degré Celsius (°C),SE,Standard error,0.0,,N,National,,
DATAFLOW,SPC:DF_CLIMATE_CHANGE(1.0),Indicateurs du changement climatique,I,A,Annuel,ST_ANOM,Anomalies des températures de surface,PF,Polynésie Française,2000,,0.0,,,,CELSIUS,Degré Celsius (°C),SE,Standard error,0.0,,N,National,,
DATAFLOW,SPC:DF_CLIMATE_CHANGE(1.0),Indicateurs du changement climatique,I,A,Annuel,ST_ANOM,Anomalies des températures de surface,PF,Polynésie Française,2001,,0.2,,,,CELSIUS,Degré Celsius (°C),SE,Standard error,0.0,,N,National,,
DATAFLOW,SPC:DF_CLIMATE_CHANGE(1.0),Indicateurs du changement climatique,I,A,Annuel,ST_ANOM,Anomalies des températures de surface,PF,Polynésie Française,2002,,0.4,,,,CELSIUS,Degré Celsius (°C),SE,Standard error,0.1,,N,National,,
DATAFLOW,SPC:DF_CLIMATE_CHANGE(1.0),Indicateurs du changement climatique,I,A,Annuel,ST_ANOM,Anomalies des températures de surface,PF,Polynésie Française,2003,,0.5,,,,CELSIUS,Degré Celsius (°C),SE,Standard error,0.0,,N,National,,
DATAFLOW,SPC:DF_CLIMATE_CHANGE(1.0),Indicateurs du changement climatique,I,A,Annuel,ST_ANOM,Anomalies des températures de surface,PF,Polynésie Française,2004,,0.4,,,,CELSIUS,Degré Celsius (°C),SE,Standard error,0.1,,N,National,,
DATAFLOW,SPC:DF_CLIMATE_CHANGE(1.0),Indicateurs du changement climatique,I,A,Annuel,ST_ANOM,Anomalies des températures de surface,PF,Polynésie Française,2005,,0.4,,,,CELSIUS,Degré Celsius (°C),SE,Standard error,0.1,,N,National,,
DATAFLOW,SPC:DF_CLIMATE_CHANGE(1.0),Indicateurs du changement climatique,I,A,Annuel,ST_ANOM,Anomalies des températures de surface,PF,Polynésie Française,2006,,0.4,,,,CELSIUS,Degré Celsius (°C),SE,Standard error,0.0,,N,National,,
DATAFLOW,SPC:DF_CLIMATE_CHANGE(1.0),Indicateurs du changement climatique,I,A,Annuel,ST_ANOM,Anomalies des températures de surface,PF,Polynésie Française,2007,,0.4,,,,CELSIUS,Degré Celsius (°C),SE,Standard error,0.1,,N,National,,
DATAFLOW,SPC:DF_CLIMATE_CHANGE(1.0),Indicateurs du changement climatique,I,A,Annuel,ST_ANOM,Anomalies des températures de surface,PF,Polynésie Française,2008,,-0.1,,,,CELSIUS,Degré Celsius (°C),SE,Standard error,0.1,,N,National,,
DATAFLOW,SPC:DF_CLIMATE_CHANGE(1.0),Indicateurs du changement climatique,I,A,Annuel,ST_ANOM,Anomalies des températures de surface,PF,Polynésie Française,2009,,0.4,,,,CELSIUS,Degré Celsius (°C),SE,Standard error,0.1,,N,National,,
DATAFLOW,SPC:DF_CLIMATE_CHANGE(1.0),Indicateurs du changement climatique,I,A,Annuel,ST_ANOM,Anomalies des températures de surface,PF,Polynésie Française,2010,,0.3,,,,CELSIUS,Degré Celsius (°C),SE,Standard error,0.1,,N,National,,
DATAFLOW,SPC:DF_CLIMATE_CHANGE(1.0),Indicateurs du changement climatique,I,A,Annuel,ST_ANOM,Anomalies des températures de surface,PF,Polynésie Française,2011,,-0.5,,,,CELSIUS,Degré Celsius (°C),SE,Standard error,0.1,,N,National,,
DATAFLOW,SPC:DF_CLIMATE_CHANGE(1.0),Indicateurs du changement climatique,I,A,Annuel,ST_ANOM,Anomalies des températures de surface,PF,Polynésie Française,2012,,0.4,,,,CELSIUS,Degré Celsius (°C),SE,Standard error,0.1,,N,National,,
DATAFLOW,SPC:DF_CLIMATE_CHANGE(1.0),Indicateurs du changement climatique,I,A,Annuel,ST_ANOM,Anomalies des températures de surface,PF,Polynésie Française,2013,,0.3,,,,CELSIUS,Degré Celsius (°C),SE,Standard error,0.0,,N,National,,
DATAFLOW,SPC:DF_CLIMATE_CHANGE(1.0),Indicateurs du changement climatique,I,A,Annuel,ST_ANOM,Anomalies des températures de surface,PF,Polynésie Française,2014,,0.2,,,,CELSIUS,Degré Celsius (°C),SE,Standard error,0.0,,N,National,,
DATAFLOW,SPC:DF_CLIMATE_CHANGE(1.0),Indicateurs du changement climatique,I,A,Annuel,ST_ANOM,Anomalies des températures de surface,PF,Polynésie Française,2015,,0.4,,,,CELSIUS,Degré Celsius (°C),SE,Standard error,0.1,,N,National,,
DATAFLOW,SPC:DF_CLIMATE_CHANGE(1.0),Indicateurs du changement climatique,I,A,Annuel,ST_ANOM,Anomalies des températures de surface,PF,Polynésie Française,2016,,0.9,,,,CELSIUS,Degré Celsius (°C),SE,Standard error,0.1,,N,National,,
DATAFLOW,SPC:DF_CLIMATE_CHANGE(1.0),Indicateurs du changement climatique,I,A,Annuel,ST_ANOM,Anomalies des températures de surface,PF,Polynésie Française,2017,,0.6,,,,CELSIUS,Degré Celsius (°C),SE,Standard error,0.1,,N,National,,
DATAFLOW,SPC:DF_CLIMATE_CHANGE(1.0),Indicateurs du changement climatique,I,A,Annuel,ST_ANOM,Anomalies des températures de surface,PF,Polynésie Française,2018,,0.2,,,,CELSIUS,Degré Celsius (°C),SE,Standard error,0.1,,N,National,,
DATAFLOW,SPC:DF_CLIMATE_CHANGE(1.0),Indicateurs du changement climatique,I,A,Annuel,ST_ANOM,Anomalies des températures de surface,PF,Polynésie Française,2019,,0.6,,,,CELSIUS,Degré Celsius (°C),SE,Standard error,0.0,,N,National,,
DATAFLOW,SPC:DF_CLIMATE_CHANGE(1.0),Indicateurs du changement climatique,I,A,Annuel,ST_ANOM,Anomalies des températures de surface,PF,Polynésie Française,2020,,0.5,,,,CELSIUS,Degré Celsius (°C),SE,Standard error,0.1,,N,National,,
DATAFLOW,SPC:DF_CLIMATE_CHANGE(1.0),Indicateurs du changement climatique,I,A,Annuel,ST_ANOM,Anomalies des températures de surface,PF,Polynésie Française,2021,,0.1,,,,CELSIUS,Degré Celsius (°C),SE,Standard error,0.0,,N,National,,
DATAFLOW,SPC:DF_CLIMATE_CHANGE(1.0),Indicateurs du changement climatique,I,A,Annuel,ST_ANOM,Anomalies des températures de surface,PF,Polynésie Française,2022,,-0.3,,,,CELSIUS,Degré Celsius (°C),SE,Standard error,0.0,,N,National,,
DATAFLOW,SPC:DF_CLIMATE_CHANGE(1.0),Indicateurs du changement climatique,I,A,Annuel,ST_ANOM,Anomalies des températures de surface,PF,Polynésie Française,2023,,0.5,,,,CELSIUS,Degré Celsius (°C),SE,Standard error,0.1,,N,National,,
DATAFLOW,SPC:DF_CLIMATE_CHANGE(1.0),Indicateurs du changement climatique,I,A,Annuel,ST_ANOM,Anomalies des températures de surface,PF,Polynésie Française,2024,,0.7,,,,CELSIUS,Degré Celsius (°C),SE,Standard error,0.1,,N,National,,
DATAFLOW,SPC:DF_CLIMATE_CHANGE(1.0),Indicateurs du changement climatique,I,A,Annuel,ST_ANOM,Anomalies des températures de surface,PF,Polynésie Française,2025,,0.5,,,,CELSIUS,Degré Celsius (°C),SE,Standard error,0.1,,N,National,,
DATAFLOW,SPC:DF_CLIMATE_CHANGE(1.0),Indicateurs du changement climatique,I,A,Annuel,ST_ANOM,Anomalies des températures de surface,MP,Îles Mariannes Du Nord,1850,,-0.4,,,,CELSIUS,Degré Celsius (°C),SE,Standard error,0.1,,N,National,,
DATAFLOW,SPC:DF_CLIMATE_CHANGE(1.0),Indicateurs du changement climatique,I,A,Annuel,ST_ANOM,Anomalies des températures de surface,MP,Îles Mariannes Du Nord,1851,,0.2,,,,CELSIUS,Degré Celsius (°C),SE,Standard error,0.1,,N,National,,
DATAFLOW,SPC:DF_CLIMATE_CHANGE(1.0),Indicateurs du changement climatique,I,A,Annuel,ST_ANOM,Anomalies des températures de surface,MP,Îles Mariannes Du Nord,1852,,0.1,,,,CELSIUS,Degré Celsius (°C),SE,Standard error,0.1,,N,National,,
DATAFLOW,SPC:DF_CLIMATE_CHANGE(1.0),Indicateurs du changement climatique,I,A,Annuel,ST_ANOM,Anomalies des températures de surface,MP,Îles Mariannes Du Nord,1853,,-0.2,,,,CELSIUS,Degré Celsius (°C),SE,Standard error,0.1,,N,National,,
DATAFLOW,SPC:DF_CLIMATE_CHANGE(1.0),Indicateurs du changement climatique,I,A,Annuel,ST_ANOM,Anomalies des températures de surface,MP,Îles Mariannes Du Nord,1854,,-0.1,,,,CELSIUS,Degré Celsius (°C),SE,Standard error,0.1,,N,National,,
DATAFLOW,SPC:DF_CLIMATE_CHANGE(1.0),Indicateurs du changement climatique,I,A,Annuel,ST_ANOM,Anomalies des températures de surface,MP,Îles Mariannes Du Nord,1855,,-0.6,,,,CELSIUS,Degré Celsius (°C),SE,Standard error,0.1,,N,National,,
DATAFLOW,SPC:DF_CLIMATE_CHANGE(1.0),Indicateurs du changement climatique,I,A,Annuel,ST_ANOM,Anomalies des températures de surface,MP,Îles Mariannes Du Nord,1856,,-0.3,,,,CELSIUS,Degré Celsius (°C),SE,Standard error,0.1,,N,National,,
DATAFLOW,SPC:DF_CLIMATE_CHANGE(1.0),Indicateurs du changement climatique,I,A,Annuel,ST_ANOM,Anomalies des températures de surface,MP,Îles Mariannes Du Nord,1857,,-0.1,,,,CELSIUS,Degré Celsius (°C),SE,Standard error,0.2,,N,National,,
DATAFLOW,SPC:DF_CLIMATE_CHANGE(1.0),Indicateurs du changement climatique,I,A,Annuel,ST_ANOM,Anomalies des températures de surface,MP,Îles Mariannes Du Nord,1858,,-0.5,,,,CELSIUS,Degré Celsius (°C),SE,Standard error,0.1,,N,National,,
DATAFLOW,SPC:DF_CLIMATE_CHANGE(1.0),Indicateurs du changement climatique,I,A,Annuel,ST_ANOM,Anomalies des températures de surface,MP,Îles Mariannes Du Nord,1859,,0.1,,,,CELSIUS,Degré Celsius (°C),SE,Standard error,0.1,,N,National,,
DATAFLOW,SPC:DF_CLIMATE_CHANGE(1.0),Indicateurs du changement climatique,I,A,Annuel,ST_ANOM,Anomalies des températures de surface,MP,Îles Mariannes Du Nord,1860,,-0.3,,,,CELSIUS,Degré Celsius (°C),SE,Standard error,0.1,,N,National,,
DATAFLOW,SPC:DF_CLIMATE_CHANGE(1.0),Indicateurs du changement climatique,I,A,Annuel,ST_ANOM,Anomalies des températures de surface,MP,Îles Mariannes Du Nord,1861,,-0.6,,,,CELSIUS,Degré Celsius (°C),SE,Standard error,0.1,,N,National,,
DATAFLOW,SPC:DF_CLIMATE_CHANGE(1.0),Indicateurs du changement climatique,I,A,Annuel,ST_ANOM,Anomalies des températures de surface,MP,Îles Mariannes Du Nord,1862,,-0.6,,,,CELSIUS,Degré Celsius (°C),SE,Standard error,0.1,,N,National,,
DATAFLOW,SPC:DF_CLIMATE_CHANGE(1.0),Indicateurs du changement climatique,I,A,Annuel,ST_ANOM,Anomalies des températures de surface,MP,Îles Mariannes Du Nord,1863,,-0.4,,,,CELSIUS,Degré Celsius (°C),SE,Standard error,0.1,,N,National,,
DATAFLOW,SPC:DF_CLIMATE_CHANGE(1.0),Indicateurs du changement climatique,I,A,Annuel,ST_ANOM,Anomalies des températures de surface,MP,Îles Mariannes Du Nord,1864,,-0.4,,,,CELSIUS,Degré Celsius (°C),SE,Standard error,0.1,,N,National,,
DATAFLOW,SPC:DF_CLIMATE_CHANGE(1.0),Indicateurs du changement climatique,I,A,Annuel,ST_ANOM,Anomalies des températures de surface,MP,Îles Mariannes Du Nord,1865,,-0.1,,,,CELSIUS,Degré Celsius (°C),SE,Standard error,0.1,,N,National,,
DATAFLOW,SPC:DF_CLIMATE_CHANGE(1.0),Indicateurs du changement climatique,I,A,Annuel,ST_ANOM,Anomalies des températures de surface,MP,Îles Mariannes Du Nord,1866,,-0.1,,,,CELSIUS,Degré Celsius (°C),SE,Standard error,0.1,,N,National,,
DATAFLOW,SPC:DF_CLIMATE_CHANGE(1.0),Indicateurs du changement climatique,I,A,Annuel,ST_ANOM,Anomalies des températures de surface,MP,Îles Mariannes Du Nord,1867,,-0.3,,,,CELSIUS,Degré Celsius (°C),SE,Standard error,0.2,,N,National,,
DATAFLOW,SPC:DF_CLIMATE_CHANGE(1.0),Indicateurs du changement climatique,I,A,Annuel,ST_ANOM,Anomalies des températures de surface,MP,Îles Mariannes Du Nord,1868,,-0.3,,,,CELSIUS,Degré Celsius (°C),SE,Standard error,0.1,,N,National,,
DATAFLOW,SPC:DF_CLIMATE_CHANGE(1.0),Indicateurs du changement climatique,I,A,Annuel,ST_ANOM,Anomalies des températures de surface,MP,Îles Mariannes Du Nord,1869,,0.2,,,,CELSIUS,Degré Celsius (°C),SE,Standard error,0.1,,N,National,,
DATAFLOW,SPC:DF_CLIMATE_CHANGE(1.0),Indicateurs du changement climatique,I,A,Annuel,ST_ANOM,Anomalies des températures de surface,MP,Îles Mariannes Du Nord,1870,,0.3,,,,CELSIUS,Degré Celsius (°C),SE,Standard error,0.2,,N,National,,
DATAFLOW,SPC:DF_CLIMATE_CHANGE(1.0),Indicateurs du changement climatique,I,A,Annuel,ST_ANOM,Anomalies des températures de surface,MP,Îles Mariannes Du Nord,1871,,-0.2,,,,CELSIUS,Degré Celsius (°C),SE,Standard error,0.1,,N,National,,
DATAFLOW,SPC:DF_CLIMATE_CHANGE(1.0),Indicateurs du changement climatique,I,A,Annuel,ST_ANOM,Anomalies des températures de surface,MP,Îles Mariannes Du Nord,1872,,0.0,,,,CELSIUS,Degré Celsius (°C),SE,Standard error,0.0,,N,National,,
DATAFLOW,SPC:DF_CLIMATE_CHANGE(1.0),Indicateurs du changement climatique,I,A,Annuel,ST_ANOM,Anomalies des températures de surface,MP,Îles Mariannes Du Nord,1873,,0.0,,,,CELSIUS,Degré Celsius (°C),SE,Standard error,0.1,,N,National,,
DATAFLOW,SPC:DF_CLIMATE_CHANGE(1.0),Indicateurs du changement climatique,I,A,Annuel,ST_ANOM,Anomalies des températures de surface,MP,Îles Mariannes Du Nord,1874,,-0.2,,,,CELSIUS,Degré Celsius (°C),SE,Standard error,0.1,,N,National,,
DATAFLOW,SPC:DF_CLIMATE_CHANGE(1.0),Indicateurs du changement climatique,I,A,Annuel,ST_ANOM,Anomalies des températures de surface,MP,Îles Mariannes Du Nord,1875,,-0.1,,,,CELSIUS,Degré Celsius (°C),SE,Standard error,0.1,,N,National,,
DATAFLOW,SPC:DF_CLIMATE_CHANGE(1.0),Indicateurs du changement climatique,I,A,Annuel,ST_ANOM,Anomalies des températures de surface,MP,Îles Mariannes Du Nord,1876,,0.1,,,,CELSIUS,Degré Celsius (°C),SE,Standard error,0.1,,N,National,,
DATAFLOW,SPC:DF_CLIMATE_CHANGE(1.0),Indicateurs du changement climatique,I,A,Annuel,ST_ANOM,Anomalies des températures de surface,MP,Îles Mariannes Du Nord,1877,,-0.1,,,,CELSIUS,Degré Celsius (°C),SE,Standard error,0.1,,N,National,,
DATAFLOW,SPC:DF_CLIMATE_CHANGE(1.0),Indicateurs du changement climatique,I,A,Annuel,ST_ANOM,Anomalies des températures de surface,MP,Îles Mariannes Du Nord,1878,,0.4,,,,CELSIUS,Degré Celsius (°C),SE,Standard error,0.1,,N,National,,
DATAFLOW,SPC:DF_CLIMATE_CHANGE(1.0),Indicateurs du changement climatique,I,A,Annuel,ST_ANOM,Anomalies des températures de surface,MP,Îles Mariannes Du Nord,1879,,0.1,,,,CELSIUS,Degré Celsius (°C),SE,Standard error,0.1,,N,National,,
DATAFLOW,SPC:DF_CLIMATE_CHANGE(1.0),Indicateurs du changement climatique,I,A,Annuel,ST_ANOM,Anomalies des températures de surface,MP,Îles Mariannes Du Nord,1880,,-0.8,,,,CELSIUS,Degré Celsius (°C),SE,Standard error,0.2,,N,National,,
DATAFLOW,SPC:DF_CLIMATE_CHANGE(1.0),Indicateurs du changement climatique,I,A,Annuel,ST_ANOM,Anomalies des températures de surface,MP,Îles Mariannes Du Nord,1881,,-0.1,,,,CELSIUS,Degré Celsius (°C),SE,Standard error,0.1,,N,National,,
DATAFLOW,SPC:DF_CLIMATE_CHANGE(1.0),Indicateurs du changement climatique,I,A,Annuel,ST_ANOM,Anomalies des températures de surface,MP,Îles Mariannes Du Nord,1882,,-0.1,,,,CELSIUS,Degré Celsius (°C),SE,Standard error,0.2,,N,National,,
DATAFLOW,SPC:DF_CLIMATE_CHANGE(1.0),Indicateurs du changement climatique,I,A,Annuel,ST_ANOM,Anomalies des températures de surface,MP,Îles Mariannes Du Nord,1883,,-0.6,,,,CELSIUS,Degré Celsius (°C),SE,Standard error,0.2,,N,National,,
DATAFLOW,SPC:DF_CLIMATE_CHANGE(1.0),Indicateurs du changement climatique,I,A,Annuel,ST_ANOM,Anomalies des températures de surface,MP,Îles Mariannes Du Nord,1884,,-0.4,,,,CELSIUS,Degré Celsius (°C),SE,Standard error,0.1,,N,National,,
DATAFLOW,SPC:DF_CLIMATE_CHANGE(1.0),Indicateurs du changement climatique,I,A,Annuel,ST_ANOM,Anomalies des températures de surface,MP,Îles Mariannes Du Nord,1885,,-0.8,,,,CELSIUS,Degré Celsius (°C),SE,Standard error,0.1,,N,National,,
DATAFLOW,SPC:DF_CLIMATE_CHANGE(1.0),Indicateurs du changement climatique,I,A,Annuel,ST_ANOM,Anomalies des températures de surface,MP,Îles Mariannes Du Nord,1886,,-0.4,,,,CELSIUS,Degré Celsius (°C),SE,Standard error,0.1,,N,National,,
DATAFLOW,SPC:DF_CLIMATE_CHANGE(1.0),Indicateurs du changement climatique,I,A,Annuel,ST_ANOM,Anomalies des températures de surface,MP,Îles Mariannes Du Nord,1887,,0.1,,,,CELSIUS,Degré Celsius (°C),SE,Standard error,0.1,,N,National,,
DATAFLOW,SPC:DF_CLIMATE_CHANGE(1.0),Indicateurs du changement climatique,I,A,Annuel,ST_ANOM,Anomalies des températures de surface,MP,Îles Mariannes Du Nord,1888,,0.0,,,,CELSIUS,Degré Celsius (°C),SE,Standard error,0.1,,N,National,,
DATAFLOW,SPC:DF_CLIMATE_CHANGE(1.0),Indicateurs du changement climatique,I,A,Annuel,ST_ANOM,Anomalies des températures de surface,MP,Îles Mariannes Du Nord,1889,,0.1,,,,CELSIUS,Degré Celsius (°C),SE,Standard error,0.1,,N,National,,
DATAFLOW,SPC:DF_CLIMATE_CHANGE(1.0),Indicateurs du changement climatique,I,A,Annuel,ST_ANOM,Anomalies des températures de surface,MP,Îles Mariannes Du Nord,1890,,0.1,,,,CELSIUS,Degré Celsius (°C),SE,Standard error,0.1,,N,National,,
DATAFLOW,SPC:DF_CLIMATE_CHANGE(1.0),Indicateurs du changement climatique,I,A,Annuel,ST_ANOM,Anomalies des températures de surface,MP,Îles Mariannes Du Nord,1891,,0.1,,,,CELSIUS,Degré Celsius (°C),SE,Standard error,0.0,,N,National,,
DATAFLOW,SPC:DF_CLIMATE_CHANGE(1.0),Indicateurs du changement climatique,I,A,Annuel,ST_ANOM,Anomalies des températures de surface,MP,Îles Mariannes Du Nord,1892,,0.3,,,,CELSIUS,Degré Celsius (°C),SE,Standard error,0.1,,N,National,,
DATAFLOW,SPC:DF_CLIMATE_CHANGE(1.0),Indicateurs du changement climatique,I,A,Annuel,ST_ANOM,Anomalies des températures de surface,MP,Îles Mariannes Du Nord,1893,,-0.2,,,,CELSIUS,Degré Celsius (°C),SE,Standard error,0.1,,N,National,,
DATAFLOW,SPC:DF_CLIMATE_CHANGE(1.0),Indicateurs du changement climatique,I,A,Annuel,ST_ANOM,Anomalies des températures de surface,MP,Îles Mariannes Du Nord,1894,,0.0,,,,CELSIUS,Degré Celsius (°C),SE,Standard error,0.1,,N,National,,
DATAFLOW,SPC:DF_CLIMATE_CHANGE(1.0),Indicateurs du changement climatique,I,A,Annuel,ST_ANOM,Anomalies des températures de surface,MP,Îles Mariannes Du Nord,1895,,0.1,,,,CELSIUS,Degré Celsius (°C),SE,Standard error,0.1,,N,National,,
DATAFLOW,SPC:DF_CLIMATE_CHANGE(1.0),Indicateurs du changement climatique,I,A,Annuel,ST_ANOM,Anomalies des températures de surface,MP,Îles Mariannes Du Nord,1896,,0.3,,,,CELSIUS,Degré Celsius (°C),SE,Standard error,0.1,,N,National,,
DATAFLOW,SPC:DF_CLIMATE_CHANGE(1.0),Indicateurs du changement climatique,I,A,Annuel,ST_ANOM,Anomalies des températures de surface,MP,Îles Mariannes Du Nord,1897,,0.6,,,,CELSIUS,Degré Celsius (°C),SE,Standard error,0.1,,N,National,,
DATAFLOW,SPC:DF_CLIMATE_CHANGE(1.0),Indicateurs du changement climatique,I,A,Annuel,ST_ANOM,Anomalies des températures de surface,MP,Îles Mariannes Du Nord,1898,,0.2,,,,CELSIUS,Degré Celsius (°C),SE,Standard error,0.1,,N,National,,
DATAFLOW,SPC:DF_CLIMATE_CHANGE(1.0),Indicateurs du changement climatique,I,A,Annuel,ST_ANOM,Anomalies des températures de surface,MP,Îles Mariannes Du Nord,1899,,-0.5,,,,CELSIUS,Degré Celsius (°C),SE,Standard error,0.1,,N,National,,
DATAFLOW,SPC:DF_CLIMATE_CHANGE(1.0),Indicateurs du changement climatique,I,A,Annuel,ST_ANOM,Anomalies des températures de surface,MP,Îles Mariannes Du Nord,1900,,-0.1,,,,CELSIUS,Degré Celsius (°C),SE,Standard error,0.2,,N,National,,
DATAFLOW,SPC:DF_CLIMATE_CHANGE(1.0),Indicateurs du changement climatique,I,A,Annuel,ST_ANOM,Anomalies des températures de surface,MP,Îles Mariannes Du Nord,1901,,0.0,,,,CELSIUS,Degré Celsius (°C),SE,Standard error,0.1,,N,National,,
DATAFLOW,SPC:DF_CLIMATE_CHANGE(1.0),Indicateurs du changement climatique,I,A,Annuel,ST_ANOM,Anomalies des températures de surface,MP,Îles Mariannes Du Nord,1902,,-0.3,,,,CELSIUS,Degré Celsius (°C),SE,Standard error,0.1,,N,National,,
DATAFLOW,SPC:DF_CLIMATE_CHANGE(1.0),Indicateurs du changement climatique,I,A,Annuel,ST_ANOM,Anomalies des températures de surface,MP,Îles Mariannes Du Nord,1903,,-0.7,,,,CELSIUS,Degré Celsius (°C),SE,Standard error,0.1,,N,National,,
DATAFLOW,SPC:DF_CLIMATE_CHANGE(1.0),Indicateurs du changement climatique,I,A,Annuel,ST_ANOM,Anomalies des températures de surface,MP,Îles Mariannes Du Nord,1904,,-0.6,,,,CELSIUS,Degré Celsius (°C),SE,Standard error,0.2,,N,National,,
DATAFLOW,SPC:DF_CLIMATE_CHANGE(1.0),Indicateurs du changement climatique,I,A,Annuel,ST_ANOM,Anomalies des températures de surface,MP,Îles Mariannes Du Nord,1905,,-0.5,,,,CELSIUS,Degré Celsius (°C),SE,Standard error,0.1,,N,National,,
DATAFLOW,SPC:DF_CLIMATE_CHANGE(1.0),Indicateurs du changement climatique,I,A,Annuel,ST_ANOM,Anomalies des températures de surface,MP,Îles Mariannes Du Nord,1906,,-0.3,,,,CELSIUS,Degré Celsius (°C),SE,Standard error,0.1,,N,National,,
DATAFLOW,SPC:DF_CLIMATE_CHANGE(1.0),Indicateurs du changement climatique,I,A,Annuel,ST_ANOM,Anomalies des températures de surface,MP,Îles Mariannes Du Nord,1907,,-0.5,,,,CELSIUS,Degré Celsius (°C),SE,Standard error,0.1,,N,National,,
DATAFLOW,SPC:DF_CLIMATE_CHANGE(1.0),Indicateurs du changement climatique,I,A,Annuel,ST_ANOM,Anomalies des températures de surface,MP,Îles Mariannes Du Nord,1908,,-0.3,,,,CELSIUS,Degré Celsius (°C),SE,Standard error,0.1,,N,National,,
DATAFLOW,SPC:DF_CLIMATE_CHANGE(1.0),Indicateurs du changement climatique,I,A,Annuel,ST_ANOM,Anomalies des températures de surface,MP,Îles Mariannes Du Nord,1909,,-0.4,,,,CELSIUS,Degré Celsius (°C),SE,Standard error,0.1,,N,National,,
DATAFLOW,SPC:DF_CLIMATE_CHANGE(1.0),Indicateurs du changement climatique,I,A,Annuel,ST_ANOM,Anomalies des températures de surface,MP,Îles Mariannes Du Nord,1910,,-0.2,,,,CELSIUS,Degré Celsius (°C),SE,Standard error,0.1,,N,National,,
DATAFLOW,SPC:DF_CLIMATE_CHANGE(1.0),Indicateurs du changement climatique,I,A,Annuel,ST_ANOM,Anomalies des températures de surface,MP,Îles Mariannes Du Nord,1911,,-0.6,,,,CELSIUS,Degré Celsius (°C),SE,Standard error,0.2,,N,National,,
DATAFLOW,SPC:DF_CLIMATE_CHANGE(1.0),Indicateurs du changement climatique,I,A,Annuel,ST_ANOM,Anomalies des températures de surface,MP,Îles Mariannes Du Nord,1912,,-0.6,,,,CELSIUS,Degré Celsius (°C),SE,Standard error,0.0,,N,National,,
DATAFLOW,SPC:DF_CLIMATE_CHANGE(1.0),Indicateurs du changement climatique,I,A,Annuel,ST_ANOM,Anomalies des températures de surface,MP,Îles Mariannes Du Nord,1913,,-0.6,,,,CELSIUS,Degré Celsius (°C),SE,Standard error,0.0,,N,National,,
DATAFLOW,SPC:DF_CLIMATE_CHANGE(1.0),Indicateurs du changement climatique,I,A,Annuel,ST_ANOM,Anomalies des températures de surface,MP,Îles Mariannes Du Nord,1914,,-0.7,,,,CELSIUS,Degré Celsius (°C),SE,Standard error,0.1,,N,National,,
DATAFLOW,SPC:DF_CLIMATE_CHANGE(1.0),Indicateurs du changement climatique,I,A,Annuel,ST_ANOM,Anomalies des températures de surface,MP,Îles Mariannes Du Nord,1915,,-0.5,,,,CELSIUS,Degré Celsius (°C),SE,Standard error,0.1,,N,National,,
DATAFLOW,SPC:DF_CLIMATE_CHANGE(1.0),Indicateurs du changement climatique,I,A,Annuel,ST_ANOM,Anomalies des températures de surface,MP,Îles Mariannes Du Nord,1916,,-0.4,,,,CELSIUS,Degré Celsius (°C),SE,Standard error,0.1,,N,National,,
DATAFLOW,SPC:DF_CLIMATE_CHANGE(1.0),Indicateurs du changement climatique,I,A,Annuel,ST_ANOM,Anomalies des températures de surface,MP,Îles Mariannes Du Nord,1917,,-0.5,,,,CELSIUS,Degré Celsius (°C),SE,Standard error,0.1,,N,National,,
DATAFLOW,SPC:DF_CLIMATE_CHANGE(1.0),Indicateurs du changement climatique,I,A,Annuel,ST_ANOM,Anomalies des températures de surface,MP,Îles Mariannes Du Nord,1918,,-0.7,,,,CELSIUS,Degré Celsius (°C),SE,Standard error,0.1,,N,National,,
DATAFLOW,SPC:DF_CLIMATE_CHANGE(1.0),Indicateurs du changement climatique,I,A,Annuel,ST_ANOM,Anomalies des températures de surface,MP,Îles Mariannes Du Nord,1919,,-0.6,,,,CELSIUS,Degré Celsius (°C),SE,Standard error,0.1,,N,National,,
DATAFLOW,SPC:DF_CLIMATE_CHANGE(1.0),Indicateurs du changement climatique,I,A,Annuel,ST_ANOM,Anomalies des températures de surface,MP,Îles Mariannes Du Nord,1920,,-0.8,,,,CELSIUS,Degré Celsius (°C),SE,Standard error,0.1,,N,National,,
DATAFLOW,SPC:DF_CLIMATE_CHANGE(1.0),Indicateurs du changement climatique,I,A,Annuel,ST_ANOM,Anomalies des températures de surface,MP,Îles Mariannes Du Nord,1921,,-0.2,,,,CELSIUS,Degré Celsius (°C),SE,Standard error,0.0,,N,National,,
DATAFLOW,SPC:DF_CLIMATE_CHANGE(1.0),Indicateurs du changement climatique,I,A,Annuel,ST_ANOM,Anomalies des températures de surface,MP,Îles Mariannes Du Nord,1922,,-0.3,,,,CELSIUS,Degré Celsius (°C),SE,Standard error,0.1,,N,National,,
DATAFLOW,SPC:DF_CLIMATE_CHANGE(1.0),Indicateurs du changement climatique,I,A,Annuel,ST_ANOM,Anomalies des températures de surface,MP,Îles Mariannes Du Nord,1923,,-0.7,,,,CELSIUS,Degré Celsius (°C),SE,Standard error,0.1,,N,National,,
DATAFLOW,SPC:DF_CLIMATE_CHANGE(1.0),Indicateurs du changement climatique,I,A,Annuel,ST_ANOM,Anomalies des températures de surface,MP,Îles Mariannes Du Nord,1924,,-0.3,,,,CELSIUS,Degré Celsius (°C),SE,Standard error,0.1,,N,National,,
DATAFLOW,SPC:DF_CLIMATE_CHANGE(1.0),Indicateurs du changement climatique,I,A,Annuel,ST_ANOM,Anomalies des températures de surface,MP,Îles Mariannes Du Nord,1925,,-0.4,,,,CELSIUS,Degré Celsius (°C),SE,Standard error,0.1,,N,National,,
DATAFLOW,SPC:DF_CLIMATE_CHANGE(1.0),Indicateurs du changement climatique,I,A,Annuel,ST_ANOM,Anomalies des températures de surface,MP,Îles Mariannes Du Nord,1926,,-0.3,,,,CELSIUS,Degré Celsius (°C),SE,Standard error,0.1,,N,National,,
DATAFLOW,SPC:DF_CLIMATE_CHANGE(1.0),Indicateurs du changement climatique,I,A,Annuel,ST_ANOM,Anomalies des températures de surface,MP,Îles Mariannes Du Nord,1927,,-0.2,,,,CELSIUS,Degré Celsius (°C),SE,Standard error,0.1,,N,National,,
DATAFLOW,SPC:DF_CLIMATE_CHANGE(1.0),Indicateurs du changement climatique,I,A,Annuel,ST_ANOM,Anomalies des températures de surface,MP,Îles Mariannes Du Nord,1928,,-0.6,,,,CELSIUS,Degré Celsius (°C),SE,Standard error,0.1,,N,National,,
DATAFLOW,SPC:DF_CLIMATE_CHANGE(1.0),Indicateurs du changement climatique,I,A,Annuel,ST_ANOM,Anomalies des températures de surface,MP,Îles Mariannes Du Nord,1929,,-0.4,,,,CELSIUS,Degré Celsius (°C),SE,Standard error,0.1,,N,National,,
DATAFLOW,SPC:DF_CLIMATE_CHANGE(1.0),Indicateurs du changement climatique,I,A,Annuel,ST_ANOM,Anomalies des températures de surface,MP,Îles Mariannes Du Nord,1930,,-0.5,,,,CELSIUS,Degré Celsius (°C),SE,Standard error,0.1,,N,National,,
DATAFLOW,SPC:DF_CLIMATE_CHANGE(1.0),Indicateurs du changement climatique,I,A,Annuel,ST_ANOM,Anomalies des températures de surface,MP,Îles Mariannes Du Nord,1931,,-0.2,,,,CELSIUS,Degré Celsius (°C),SE,Standard error,0.1,,N,National,,
DATAFLOW,SPC:DF_CLIMATE_CHANGE(1.0),Indicateurs du changement climatique,I,A,Annuel,ST_ANOM,Anomalies des températures de surface,MP,Îles Mariannes Du Nord,1932,,-0.5,,,,CELSIUS,Degré Celsius (°C),SE,Standard error,0.0,,N,National,,
DATAFLOW,SPC:DF_CLIMATE_CHANGE(1.0),Indicateurs du changement climatique,I,A,Annuel,ST_ANOM,Anomalies des températures de surface,MP,Îles Mariannes Du Nord,1933,,-0.4,,,,CELSIUS,Degré Celsius (°C),SE,Standard error,0.1,,N,National,,
DATAFLOW,SPC:DF_CLIMATE_CHANGE(1.0),Indicateurs du changement climatique,I,A,Annuel,ST_ANOM,Anomalies des températures de surface,MP,Îles Mariannes Du Nord,1934,,-0.4,,,,CELSIUS,Degré Celsius (°C),SE,Standard error,0.1,,N,National,,
DATAFLOW,SPC:DF_CLIMATE_CHANGE(1.0),Indicateurs du changement climatique,I,A,Annuel,ST_ANOM,Anomalies des températures de surface,MP,Îles Mariannes Du Nord,1935,,-0.4,,,,CELSIUS,Degré Celsius (°C),SE,Standard error,0.1,,N,National,,
DATAFLOW,SPC:DF_CLIMATE_CHANGE(1.0),Indicateurs du changement climatique,I,A,Annuel,ST_ANOM,Anomalies des températures de surface,MP,Îles Mariannes Du Nord,1936,,-0.4,,,,CELSIUS,Degré Celsius (°C),SE,Standard error,0.1,,N,National,,
DATAFLOW,SPC:DF_CLIMATE_CHANGE(1.0),Indicateurs du changement climatique,I,A,Annuel,ST_ANOM,Anomalies des températures de surface,MP,Îles Mariannes Du Nord,1937,,-0.3,,,,CELSIUS,Degré Celsius (°C),SE,Standard error,0.0,,N,National,,
DATAFLOW,SPC:DF_CLIMATE_CHANGE(1.0),Indicateurs du changement climatique,I,A,Annuel,ST_ANOM,Anomalies des températures de surface,MP,Îles Mariannes Du Nord,1938,,-0.2,,,,CELSIUS,Degré Celsius (°C),SE,Standard error,0.0,,N,National,,
DATAFLOW,SPC:DF_CLIMATE_CHANGE(1.0),Indicateurs du changement climatique,I,A,Annuel,ST_ANOM,Anomalies des températures de surface,MP,Îles Mariannes Du Nord,1939,,-0.3,,,,CELSIUS,Degré Celsius (°C),SE,Standard error,0.1,,N,National,,
DATAFLOW,SPC:DF_CLIMATE_CHANGE(1.0),Indicateurs du changement climatique,I,A,Annuel,ST_ANOM,Anomalies des températures de surface,MP,Îles Mariannes Du Nord,1940,,-0.4,,,,CELSIUS,Degré Celsius (°C),SE,Standard error,0.1,,N,National,,
DATAFLOW,SPC:DF_CLIMATE_CHANGE(1.0),Indicateurs du changement climatique,I,A,Annuel,ST_ANOM,Anomalies des températures de surface,MP,Îles Mariannes Du Nord,1941,,0.0,,,,CELSIUS,Degré Celsius (°C),SE,Standard error,0.0,,N,National,,
DATAFLOW,SPC:DF_CLIMATE_CHANGE(1.0),Indicateurs du changement climatique,I,A,Annuel,ST_ANOM,Anomalies des températures de surface,MP,Îles Mariannes Du Nord,1942,,-0.2,,,,CELSIUS,Degré Celsius (°C),SE,Standard error,0.1,,N,National,,
DATAFLOW,SPC:DF_CLIMATE_CHANGE(1.0),Indicateurs du changement climatique,I,A,Annuel,ST_ANOM,Anomalies des températures de surface,MP,Îles Mariannes Du Nord,1943,,0.1,,,,CELSIUS,Degré Celsius (°C),SE,Standard error,0.2,,N,National,,
DATAFLOW,SPC:DF_CLIMATE_CHANGE(1.0),Indicateurs du changement climatique,I,A,Annuel,ST_ANOM,Anomalies des températures de surface,MP,Îles Mariannes Du Nord,1944,,0.2,,,,CELSIUS,Degré Celsius (°C),SE,Standard error,0.1,,N,National,,
DATAFLOW,SPC:DF_CLIMATE_CHANGE(1.0),Indicateurs du changement climatique,I,A,Annuel,ST_ANOM,Anomalies des températures de surface,MP,Îles Mariannes Du Nord,1945,,0.4,,,,CELSIUS,Degré Celsius (°C),SE,Standard error,0.1,,N,National,,
DATAFLOW,SPC:DF_CLIMATE_CHANGE(1.0),Indicateurs du changement climatique,I,A,Annuel,ST_ANOM,Anomalies des températures de surface,MP,Îles Mariannes Du Nord,1946,,0.3,,,,CELSIUS,Degré Celsius (°C),SE,Standard error,0.1,,N,National,,
DATAFLOW,SPC:DF_CLIMATE_CHANGE(1.0),Indicateurs du changement climatique,I,A,Annuel,ST_ANOM,Anomalies des températures de surface,MP,Îles Mariannes Du Nord,1947,,0.0,,,,CELSIUS,Degré Celsius (°C),SE,Standard error,0.1,,N,National,,
DATAFLOW,SPC:DF_CLIMATE_CHANGE(1.0),Indicateurs du changement climatique,I,A,Annuel,ST_ANOM,Anomalies des températures de surface,MP,Îles Mariannes Du Nord,1948,,-0.1,,,,CELSIUS,Degré Celsius (°C),SE,Standard error,0.1,,N,National,,
DATAFLOW,SPC:DF_CLIMATE_CHANGE(1.0),Indicateurs du changement climatique,I,A,Annuel,ST_ANOM,Anomalies des températures de surface,MP,Îles Mariannes Du Nord,1949,,-0.1,,,,CELSIUS,Degré Celsius (°C),SE,Standard error,0.1,,N,National,,
DATAFLOW,SPC:DF_CLIMATE_CHANGE(1.0),Indicateurs du changement climatique,I,A,Annuel,ST_ANOM,Anomalies des températures de surface,MP,Îles Mariannes Du Nord,1950,,0.0,,,,CELSIUS,Degré Celsius (°C),SE,Standard error,0.1,,N,National,,
DATAFLOW,SPC:DF_CLIMATE_CHANGE(1.0),Indicateurs du changement climatique,I,A,Annuel,ST_ANOM,Anomalies des températures de surface,MP,Îles Mariannes Du Nord,1951,,0.1,,,,CELSIUS,Degré Celsius (°C),SE,Standard error,0.1,,N,National,,
DATAFLOW,SPC:DF_CLIMATE_CHANGE(1.0),Indicateurs du changement climatique,I,A,Annuel,ST_ANOM,Anomalies des températures de surface,MP,Îles Mariannes Du Nord,1952,,0.0,,,,CELSIUS,Degré Celsius (°C),SE,Standard error,0.0,,N,National,,
DATAFLOW,SPC:DF_CLIMATE_CHANGE(1.0),Indicateurs du changement climatique,I,A,Annuel,ST_ANOM,Anomalies des températures de surface,MP,Îles Mariannes Du Nord,1953,,0.0,,,,CELSIUS,Degré Celsius (°C),SE,Standard error,0.0,,N,National,,
DATAFLOW,SPC:DF_CLIMATE_CHANGE(1.0),Indicateurs du changement climatique,I,A,Annuel,ST_ANOM,Anomalies des températures de surface,MP,Îles Mariannes Du Nord,1954,,0.0,,,,CELSIUS,Degré Celsius (°C),SE,Standard error,0.0,,N,National,,
DATAFLOW,SPC:DF_CLIMATE_CHANGE(1.0),Indicateurs du changement climatique,I,A,Annuel,ST_ANOM,Anomalies des températures de surface,MP,Îles Mariannes Du Nord,1955,,-0.2,,,,CELSIUS,Degré Celsius (°C),SE,Standard error,0.1,,N,National,,
DATAFLOW,SPC:DF_CLIMATE_CHANGE(1.0),Indicateurs du changement climatique,I,A,Annuel,ST_ANOM,Anomalies des températures de surface,MP,Îles Mariannes Du Nord,1956,,-0.3,,,,CELSIUS,Degré Celsius (°C),SE,Standard error,0.0,,N,National,,
DATAFLOW,SPC:DF_CLIMATE_CHANGE(1.0),Indicateurs du changement climatique,I,A,Annuel,ST_ANOM,Anomalies des températures de surface,MP,Îles Mariannes Du Nord,1957,,-0.3,,,,CELSIUS,Degré Celsius (°C),SE,Standard error,0.1,,N,National,,
DATAFLOW,SPC:DF_CLIMATE_CHANGE(1.0),Indicateurs du changement climatique,I,A,Annuel,ST_ANOM,Anomalies des températures de surface,MP,Îles Mariannes Du Nord,1958,,-0.3,,,,CELSIUS,Degré Celsius (°C),SE,Standard error,0.0,,N,National,,
DATAFLOW,SPC:DF_CLIMATE_CHANGE(1.0),Indicateurs du changement climatique,I,A,Annuel,ST_ANOM,Anomalies des températures de surface,MP,Îles Mariannes Du Nord,1959,,-0.2,,,,CELSIUS,Degré Celsius (°C),SE,Standard error,0.1,,N,National,,
DATAFLOW,SPC:DF_CLIMATE_CHANGE(1.0),Indicateurs du changement climatique,I,A,Annuel,ST_ANOM,Anomalies des températures de surface,MP,Îles Mariannes Du Nord,1960,,0.0,,,,CELSIUS,Degré Celsius (°C),SE,Standard error,0.1,,N,National,,
DATAFLOW,SPC:DF_CLIMATE_CHANGE(1.0),Indicateurs du changement climatique,I,A,Annuel,ST_ANOM,Anomalies des températures de surface,MP,Îles Mariannes Du Nord,1961,,0.0,,,,CELSIUS,Degré Celsius (°C),SE,Standard error,0.1,,N,National,,
DATAFLOW,SPC:DF_CLIMATE_CHANGE(1.0),Indicateurs du changement climatique,I,A,Annuel,ST_ANOM,Anomalies des températures de surface,MP,Îles Mariannes Du Nord,1962,,-0.2,,,,CELSIUS,Degré Celsius (°C),SE,Standard error,0.0,,N,National,,
DATAFLOW,SPC:DF_CLIMATE_CHANGE(1.0),Indicateurs du changement climatique,I,A,Annuel,ST_ANOM,Anomalies des températures de surface,MP,Îles Mariannes Du Nord,1963,,-0.2,,,,CELSIUS,Degré Celsius (°C),SE,Standard error,0.1,,N,National,,
DATAFLOW,SPC:DF_CLIMATE_CHANGE(1.0),Indicateurs du changement climatique,I,A,Annuel,ST_ANOM,Anomalies des températures de surface,MP,Îles Mariannes Du Nord,1964,,-0.1,,,,CELSIUS,Degré Celsius (°C),SE,Standard error,0.0,,N,National,,
DATAFLOW,SPC:DF_CLIMATE_CHANGE(1.0),Indicateurs du changement climatique,I,A,Annuel,ST_ANOM,Anomalies des températures de surface,MP,Îles Mariannes Du Nord,1965,,-0.4,,,,CELSIUS,Degré Celsius (°C),SE,Standard error,0.1,,N,National,,
DATAFLOW,SPC:DF_CLIMATE_CHANGE(1.0),Indicateurs du changement climatique,I,A,Annuel,ST_ANOM,Anomalies des températures de surface,MP,Îles Mariannes Du Nord,1966,,-0.1,,,,CELSIUS,Degré Celsius (°C),SE,Standard error,0.1,,N,National,,
DATAFLOW,SPC:DF_CLIMATE_CHANGE(1.0),Indicateurs du changement climatique,I,A,Annuel,ST_ANOM,Anomalies des températures de surface,MP,Îles Mariannes Du Nord,1967,,-0.1,,,,CELSIUS,Degré Celsius (°C),SE,Standard error,0.0,,N,National,,
DATAFLOW,SPC:DF_CLIMATE_CHANGE(1.0),Indicateurs du changement climatique,I,A,Annuel,ST_ANOM,Anomalies des températures de surface,MP,Îles Mariannes Du Nord,1968,,-0.2,,,,CELSIUS,Degré Celsius (°C),SE,Standard error,0.1,,N,National,,
DATAFLOW,SPC:DF_CLIMATE_CHANGE(1.0),Indicateurs du changement climatique,I,A,Annuel,ST_ANOM,Anomalies des températures de surface,MP,Îles Mariannes Du Nord,1969,,0.0,,,,CELSIUS,Degré Celsius (°C),SE,Standard error,0.1,,N,National,,
DATAFLOW,SPC:DF_CLIMATE_CHANGE(1.0),Indicateurs du changement climatique,I,A,Annuel,ST_ANOM,Anomalies des températures de surface,MP,Îles Mariannes Du Nord,1970,,0.1,,,,CELSIUS,Degré Celsius (°C),SE,Standard error,0.0,,N,National,,
DATAFLOW,SPC:DF_CLIMATE_CHANGE(1.0),Indicateurs du changement climatique,I,A,Annuel,ST_ANOM,Anomalies des températures de surface,MP,Îles Mariannes Du Nord,1971,,0.0,,,,CELSIUS,Degré Celsius (°C),SE,Standard error,0.1,,N,National,,
DATAFLOW,SPC:DF_CLIMATE_CHANGE(1.0),Indicateurs du changement climatique,I,A,Annuel,ST_ANOM,Anomalies des températures de surface,MP,Îles Mariannes Du Nord,1972,,-0.6,,,,CELSIUS,Degré Celsius (°C),SE,Standard error,0.1,,N,National,,
DATAFLOW,SPC:DF_CLIMATE_CHANGE(1.0),Indicateurs du changement climatique,I,A,Annuel,ST_ANOM,Anomalies des températures de surface,MP,Îles Mariannes Du Nord,1973,,-0.1,,,,CELSIUS,Degré Celsius (°C),SE,Standard error,0.1,,N,National,,
DATAFLOW,SPC:DF_CLIMATE_CHANGE(1.0),Indicateurs du changement climatique,I,A,Annuel,ST_ANOM,Anomalies des températures de surface,MP,Îles Mariannes Du Nord,1974,,-0.1,,,,CELSIUS,Degré Celsius (°C),SE,Standard error,0.1,,N,National,,
DATAFLOW,SPC:DF_CLIMATE_CHANGE(1.0),Indicateurs du changement climatique,I,A,Annuel,ST_ANOM,Anomalies des températures de surface,MP,Îles Mariannes Du Nord,1975,,0.0,,,,CELSIUS,Degré Celsius (°C),SE,Standard error,0.1,,N,National,,
DATAFLOW,SPC:DF_CLIMATE_CHANGE(1.0),Indicateurs du changement climatique,I,A,Annuel,ST_ANOM,Anomalies des températures de surface,MP,Îles Mariannes Du Nord,1976,,-0.1,,,,CELSIUS,Degré Celsius (°C),SE,Standard error,0.1,,N,National,,
DATAFLOW,SPC:DF_CLIMATE_CHANGE(1.0),Indicateurs du changement climatique,I,A,Annuel,ST_ANOM,Anomalies des températures de surface,MP,Îles Mariannes Du Nord,1977,,-0.2,,,,CELSIUS,Degré Celsius (°C),SE,Standard error,0.1,,N,National,,
DATAFLOW,SPC:DF_CLIMATE_CHANGE(1.0),Indicateurs du changement climatique,I,A,Annuel,ST_ANOM,Anomalies des températures de surface,MP,Îles Mariannes Du Nord,1978,,-0.1,,,,CELSIUS,Degré Celsius (°C),SE,Standard error,0.0,,N,National,,
DATAFLOW,SPC:DF_CLIMATE_CHANGE(1.0),Indicateurs du changement climatique,I,A,Annuel,ST_ANOM,Anomalies des températures de surface,MP,Îles Mariannes Du Nord,1979,,-0.2,,,,CELSIUS,Degré Celsius (°C),SE,Standard error,0.1,,N,National,,
DATAFLOW,SPC:DF_CLIMATE_CHANGE(1.0),Indicateurs du changement climatique,I,A,Annuel,ST_ANOM,Anomalies des températures de surface,MP,Îles Mariannes Du Nord,1980,,-0.1,,,,CELSIUS,Degré Celsius (°C),SE,Standard error,0.1,,N,National,,
DATAFLOW,SPC:DF_CLIMATE_CHANGE(1.0),Indicateurs du changement climatique,I,A,Annuel,ST_ANOM,Anomalies des températures de surface,MP,Îles Mariannes Du Nord,1981,,0.1,,,,CELSIUS,Degré Celsius (°C),SE,Standard error,0.1,,N,National,,
DATAFLOW,SPC:DF_CLIMATE_CHANGE(1.0),Indicateurs du changement climatique,I,A,Annuel,ST_ANOM,Anomalies des températures de surface,MP,Îles Mariannes Du Nord,1982,,-0.2,,,,CELSIUS,Degré Celsius (°C),SE,Standard error,0.1,,N,National,,
DATAFLOW,SPC:DF_CLIMATE_CHANGE(1.0),Indicateurs du changement climatique,I,A,Annuel,ST_ANOM,Anomalies des températures de surface,MP,Îles Mariannes Du Nord,1983,,-0.2,,,,CELSIUS,Degré Celsius (°C),SE,Standard error,0.1,,N,National,,
DATAFLOW,SPC:DF_CLIMATE_CHANGE(1.0),Indicateurs du changement climatique,I,A,Annuel,ST_ANOM,Anomalies des températures de surface,MP,Îles Mariannes Du Nord,1984,,0.1,,,,CELSIUS,Degré Celsius (°C),SE,Standard error,0.0,,N,National,,
DATAFLOW,SPC:DF_CLIMATE_CHANGE(1.0),Indicateurs du changement climatique,I,A,Annuel,ST_ANOM,Anomalies des températures de surface,MP,Îles Mariannes Du Nord,1985,,-0.1,,,,CELSIUS,Degré Celsius (°C),SE,Standard error,0.0,,N,National,,
DATAFLOW,SPC:DF_CLIMATE_CHANGE(1.0),Indicateurs du changement climatique,I,A,Annuel,ST_ANOM,Anomalies des températures de surface,MP,Îles Mariannes Du Nord,1986,,-0.1,,,,CELSIUS,Degré Celsius (°C),SE,Standard error,0.1,,N,National,,
DATAFLOW,SPC:DF_CLIMATE_CHANGE(1.0),Indicateurs du changement climatique,I,A,Annuel,ST_ANOM,Anomalies des températures de surface,MP,Îles Mariannes Du Nord,1987,,0.0,,,,CELSIUS,Degré Celsius (°C),SE,Standard error,0.0,,N,National,,
DATAFLOW,SPC:DF_CLIMATE_CHANGE(1.0),Indicateurs du changement climatique,I,A,Annuel,ST_ANOM,Anomalies des températures de surface,MP,Îles Mariannes Du Nord,1988,,0.5,,,,CELSIUS,Degré Celsius (°C),SE,Standard error,0.0,,N,National,,
DATAFLOW,SPC:DF_CLIMATE_CHANGE(1.0),Indicateurs du changement climatique,I,A,Annuel,ST_ANOM,Anomalies des températures de surface,MP,Îles Mariannes Du Nord,1989,,0.1,,,,CELSIUS,Degré Celsius (°C),SE,Standard error,0.1,,N,National,,
DATAFLOW,SPC:DF_CLIMATE_CHANGE(1.0),Indicateurs du changement climatique,I,A,Annuel,ST_ANOM,Anomalies des températures de surface,MP,Îles Mariannes Du Nord,1990,,-0.2,,,,CELSIUS,Degré Celsius (°C),SE,Standard error,0.0,,N,National,,
DATAFLOW,SPC:DF_CLIMATE_CHANGE(1.0),Indicateurs du changement climatique,I,A,Annuel,ST_ANOM,Anomalies des températures de surface,MP,Îles Mariannes Du Nord,1991,,-0.2,,,,CELSIUS,Degré Celsius (°C),SE,Standard error,0.1,,N,National,,
DATAFLOW,SPC:DF_CLIMATE_CHANGE(1.0),Indicateurs du changement climatique,I,A,Annuel,ST_ANOM,Anomalies des températures de surface,MP,Îles Mariannes Du Nord,1992,,-0.3,,,,CELSIUS,Degré Celsius (°C),SE,Standard error,0.1,,N,National,,
DATAFLOW,SPC:DF_CLIMATE_CHANGE(1.0),Indicateurs du changement climatique,I,A,Annuel,ST_ANOM,Anomalies des températures de surface,MP,Îles Mariannes Du Nord,1993,,-0.3,,,,CELSIUS,Degré Celsius (°C),SE,Standard error,0.1,,N,National,,
DATAFLOW,SPC:DF_CLIMATE_CHANGE(1.0),Indicateurs du changement climatique,I,A,Annuel,ST_ANOM,Anomalies des températures de surface,MP,Îles Mariannes Du Nord,1994,,-0.1,,,,CELSIUS,Degré Celsius (°C),SE,Standard error,0.1,,N,National,,
DATAFLOW,SPC:DF_CLIMATE_CHANGE(1.0),Indicateurs du changement climatique,I,A,Annuel,ST_ANOM,Anomalies des températures de surface,MP,Îles Mariannes Du Nord,1995,,0.0,,,,CELSIUS,Degré Celsius (°C),SE,Standard error,0.1,,N,National,,
DATAFLOW,SPC:DF_CLIMATE_CHANGE(1.0),Indicateurs du changement climatique,I,A,Annuel,ST_ANOM,Anomalies des températures de surface,MP,Îles Mariannes Du Nord,1996,,0.3,,,,CELSIUS,Degré Celsius (°C),SE,Standard error,0.1,,N,National,,
DATAFLOW,SPC:DF_CLIMATE_CHANGE(1.0),Indicateurs du changement climatique,I,A,Annuel,ST_ANOM,Anomalies des températures de surface,MP,Îles Mariannes Du Nord,1997,,0.0,,,,CELSIUS,Degré Celsius (°C),SE,Standard error,0.0,,N,National,,
DATAFLOW,SPC:DF_CLIMATE_CHANGE(1.0),Indicateurs du changement climatique,I,A,Annuel,ST_ANOM,Anomalies des températures de surface,MP,Îles Mariannes Du Nord,1998,,0.2,,,,CELSIUS,Degré Celsius (°C),SE,Standard error,0.1,,N,National,,
DATAFLOW,SPC:DF_CLIMATE_CHANGE(1.0),Indicateurs du changement climatique,I,A,Annuel,ST_ANOM,Anomalies des températures de surface,MP,Îles Mariannes Du Nord,1999,,0.6,,,,CELSIUS,Degré Celsius (°C),SE,Standard error,0.1,,N,National,,
DATAFLOW,SPC:DF_CLIMATE_CHANGE(1.0),Indicateurs du changement climatique,I,A,Annuel,ST_ANOM,Anomalies des températures de surface,MP,Îles Mariannes Du Nord,2000,,0.4,,,,CELSIUS,Degré Celsius (°C),SE,Standard error,0.1,,N,National,,
DATAFLOW,SPC:DF_CLIMATE_CHANGE(1.0),Indicateurs du changement climatique,I,A,Annuel,ST_ANOM,Anomalies des températures de surface,MP,Îles Mariannes Du Nord,2001,,0.6,,,,CELSIUS,Degré Celsius (°C),SE,Standard error,0.1,,N,National,,
DATAFLOW,SPC:DF_CLIMATE_CHANGE(1.0),Indicateurs du changement climatique,I,A,Annuel,ST_ANOM,Anomalies des températures de surface,MP,Îles Mariannes Du Nord,2002,,0.3,,,,CELSIUS,Degré Celsius (°C),SE,Standard error,0.1,,N,National,,
DATAFLOW,SPC:DF_CLIMATE_CHANGE(1.0),Indicateurs du changement climatique,I,A,Annuel,ST_ANOM,Anomalies des températures de surface,MP,Îles Mariannes Du Nord,2003,,0.3,,,,CELSIUS,Degré Celsius (°C),SE,Standard error,0.1,,N,National,,
DATAFLOW,SPC:DF_CLIMATE_CHANGE(1.0),Indicateurs du changement climatique,I,A,Annuel,ST_ANOM,Anomalies des températures de surface,MP,Îles Mariannes Du Nord,2004,,0.1,,,,CELSIUS,Degré Celsius (°C),SE,Standard error,0.1,,N,National,,
DATAFLOW,SPC:DF_CLIMATE_CHANGE(1.0),Indicateurs du changement climatique,I,A,Annuel,ST_ANOM,Anomalies des températures de surface,MP,Îles Mariannes Du Nord,2005,,0.2,,,,CELSIUS,Degré Celsius (°C),SE,Standard error,0.0,,N,National,,
DATAFLOW,SPC:DF_CLIMATE_CHANGE(1.0),Indicateurs du changement climatique,I,A,Annuel,ST_ANOM,Anomalies des températures de surface,MP,Îles Mariannes Du Nord,2006,,0.1,,,,CELSIUS,Degré Celsius (°C),SE,Standard error,0.1,,N,National,,
DATAFLOW,SPC:DF_CLIMATE_CHANGE(1.0),Indicateurs du changement climatique,I,A,Annuel,ST_ANOM,Anomalies des températures de surface,MP,Îles Mariannes Du Nord,2007,,0.4,,,,CELSIUS,Degré Celsius (°C),SE,Standard error,0.1,,N,National,,
DATAFLOW,SPC:DF_CLIMATE_CHANGE(1.0),Indicateurs du changement climatique,I,A,Annuel,ST_ANOM,Anomalies des températures de surface,MP,Îles Mariannes Du Nord,2008,,0.6,,,,CELSIUS,Degré Celsius (°C),SE,Standard error,0.1,,N,National,,
DATAFLOW,SPC:DF_CLIMATE_CHANGE(1.0),Indicateurs du changement climatique,I,A,Annuel,ST_ANOM,Anomalies des températures de surface,MP,Îles Mariannes Du Nord,2009,,0.4,,,,CELSIUS,Degré Celsius (°C),SE,Standard error,0.1,,N,National,,
DATAFLOW,SPC:DF_CLIMATE_CHANGE(1.0),Indicateurs du changement climatique,I,A,Annuel,ST_ANOM,Anomalies des températures de surface,MP,Îles Mariannes Du Nord,2010,,0.2,,,,CELSIUS,Degré Celsius (°C),SE,Standard error,0.0,,N,National,,
DATAFLOW,SPC:DF_CLIMATE_CHANGE(1.0),Indicateurs du changement climatique,I,A,Annuel,ST_ANOM,Anomalies des températures de surface,MP,Îles Mariannes Du Nord,2011,,0.3,,,,CELSIUS,Degré Celsius (°C),SE,Standard error,0.1,,N,National,,
DATAFLOW,SPC:DF_CLIMATE_CHANGE(1.0),Indicateurs du changement climatique,I,A,Annuel,ST_ANOM,Anomalies des températures de surface,MP,Îles Mariannes Du Nord,2012,,0.2,,,,CELSIUS,Degré Celsius (°C),SE,Standard error,0.1,,N,National,,
DATAFLOW,SPC:DF_CLIMATE_CHANGE(1.0),Indicateurs du changement climatique,I,A,Annuel,ST_ANOM,Anomalies des températures de surface,MP,Îles Mariannes Du Nord,2013,,0.4,,,,CELSIUS,Degré Celsius (°C),SE,Standard error,0.1,,N,National,,
DATAFLOW,SPC:DF_CLIMATE_CHANGE(1.0),Indicateurs du changement climatique,I,A,Annuel,ST_ANOM,Anomalies des températures de surface,MP,Îles Mariannes Du Nord,2014,,0.4,,,,CELSIUS,Degré Celsius (°C),SE,Standard error,0.1,,N,National,,
DATAFLOW,SPC:DF_CLIMATE_CHANGE(1.0),Indicateurs du changement climatique,I,A,Annuel,ST_ANOM,Anomalies des températures de surface,MP,Îles Mariannes Du Nord,2015,,0.2,,,,CELSIUS,Degré Celsius (°C),SE,Standard error,0.1,,N,National,,
DATAFLOW,SPC:DF_CLIMATE_CHANGE(1.0),Indicateurs du changement climatique,I,A,Annuel,ST_ANOM,Anomalies des températures de surface,MP,Îles Mariannes Du Nord,2016,,0.5,,,,CELSIUS,Degré Celsius (°C),SE,Standard error,0.1,,N,National,,
DATAFLOW,SPC:DF_CLIMATE_CHANGE(1.0),Indicateurs du changement climatique,I,A,Annuel,ST_ANOM,Anomalies des températures de surface,MP,Îles Mariannes Du Nord,2017,,0.8,,,,CELSIUS,Degré Celsius (°C),SE,Standard error,0.1,,N,National,,
DATAFLOW,SPC:DF_CLIMATE_CHANGE(1.0),Indicateurs du changement climatique,I,A,Annuel,ST_ANOM,Anomalies des températures de surface,MP,Îles Mariannes Du Nord,2018,,0.6,,,,CELSIUS,Degré Celsius (°C),SE,Standard error,0.1,,N,National,,
DATAFLOW,SPC:DF_CLIMATE_CHANGE(1.0),Indicateurs du changement climatique,I,A,Annuel,ST_ANOM,Anomalies des températures de surface,MP,Îles Mariannes Du Nord,2019,,0.7,,,,CELSIUS,Degré Celsius (°C),SE,Standard error,0.0,,N,National,,
DATAFLOW,SPC:DF_CLIMATE_CHANGE(1.0),Indicateurs du changement climatique,I,A,Annuel,ST_ANOM,Anomalies des températures de surface,MP,Îles Mariannes Du Nord,2020,,0.8,,,,CELSIUS,Degré Celsius (°C),SE,Standard error,0.1,,N,National,,
DATAFLOW,SPC:DF_CLIMATE_CHANGE(1.0),Indicateurs du changement climatique,I,A,Annuel,ST_ANOM,Anomalies des températures de surface,MP,Îles Mariannes Du Nord,2021,,0.8,,,,CELSIUS,Degré Celsius (°C),SE,Standard error,0.1,,N,National,,
DATAFLOW,SPC:DF_CLIMATE_CHANGE(1.0),Indicateurs du changement climatique,I,A,Annuel,ST_ANOM,Anomalies des températures de surface,MP,Îles Mariannes Du Nord,2022,,0.7,,,,CELSIUS,Degré Celsius (°C),SE,Standard error,0.0,,N,National,,
DATAFLOW,SPC:DF_CLIMATE_CHANGE(1.0),Indicateurs du changement climatique,I,A,Annuel,ST_ANOM,Anomalies des températures de surface,MP,Îles Mariannes Du Nord,2023,,0.6,,,,CELSIUS,Degré Celsius (°C),SE,Standard error,0.0,,N,National,,
DATAFLOW,SPC:DF_CLIMATE_CHANGE(1.0),Indicateurs du changement climatique,I,A,Annuel,ST_ANOM,Anomalies des températures de surface,MP,Îles Mariannes Du Nord,2024,,0.6,,,,CELSIUS,Degré Celsius (°C),SE,Standard error,0.1,,N,National,,
DATAFLOW,SPC:DF_CLIMATE_CHANGE(1.0),Indicateurs du changement climatique,I,A,Annuel,ST_ANOM,Anomalies des températures de surface,MP,Îles Mariannes Du Nord,2025,,0.9,,,,CELSIUS,Degré Celsius (°C),SE,Standard error,0.1,,N,National,,
DATAFLOW,SPC:DF_CLIMATE_CHANGE(1.0),Indicateurs du changement climatique,I,A,Annuel,ST_ANOM,Anomalies des températures de surface,GU,Guam,1850,,-0.2,,,,CELSIUS,Degré Celsius (°C),SE,Standard error,0.1,,N,National,,
DATAFLOW,SPC:DF_CLIMATE_CHANGE(1.0),Indicateurs du changement climatique,I,A,Annuel,ST_ANOM,Anomalies des températures de surface,GU,Guam,1851,,0.1,,,,CELSIUS,Degré Celsius (°C),SE,Standard error,0.1,,N,National,,
DATAFLOW,SPC:DF_CLIMATE_CHANGE(1.0),Indicateurs du changement climatique,I,A,Annuel,ST_ANOM,Anomalies des températures de surface,GU,Guam,1852,,0.0,,,,CELSIUS,Degré Celsius (°C),SE,Standard error,0.1,,N,National,,
DATAFLOW,SPC:DF_CLIMATE_CHANGE(1.0),Indicateurs du changement climatique,I,A,Annuel,ST_ANOM,Anomalies des températures de surface,GU,Guam,1853,,-0.2,,,,CELSIUS,Degré Celsius (°C),SE,Standard error,0.1,,N,National,,
DATAFLOW,SPC:DF_CLIMATE_CHANGE(1.0),Indicateurs du changement climatique,I,A,Annuel,ST_ANOM,Anomalies des températures de surface,GU,Guam,1854,,-0.2,,,,CELSIUS,Degré Celsius (°C),SE,Standard error,0.1,,N,National,,
DATAFLOW,SPC:DF_CLIMATE_CHANGE(1.0),Indicateurs du changement climatique,I,A,Annuel,ST_ANOM,Anomalies des températures de surface,GU,Guam,1855,,-0.6,,,,CELSIUS,Degré Celsius (°C),SE,Standard error,0.1,,N,National,,
DATAFLOW,SPC:DF_CLIMATE_CHANGE(1.0),Indicateurs du changement climatique,I,A,Annuel,ST_ANOM,Anomalies des températures de surface,GU,Guam,1856,,-0.3,,,,CELSIUS,Degré Celsius (°C),SE,Standard error,0.0,,N,National,,
DATAFLOW,SPC:DF_CLIMATE_CHANGE(1.0),Indicateurs du changement climatique,I,A,Annuel,ST_ANOM,Anomalies des températures de surface,GU,Guam,1857,,-0.1,,,,CELSIUS,Degré Celsius (°C),SE,Standard error,0.1,,N,National,,
DATAFLOW,SPC:DF_CLIMATE_CHANGE(1.0),Indicateurs du changement climatique,I,A,Annuel,ST_ANOM,Anomalies des températures de surface,GU,Guam,1858,,-0.6,,,,CELSIUS,Degré Celsius (°C),SE,Standard error,0.1,,N,National,,
DATAFLOW,SPC:DF_CLIMATE_CHANGE(1.0),Indicateurs du changement climatique,I,A,Annuel,ST_ANOM,Anomalies des températures de surface,GU,Guam,1859,,0.0,,,,CELSIUS,Degré Celsius (°C),SE,Standard error,0.1,,N,National,,
DATAFLOW,SPC:DF_CLIMATE_CHANGE(1.0),Indicateurs du changement climatique,I,A,Annuel,ST_ANOM,Anomalies des températures de surface,GU,Guam,1860,,-0.4,,,,CELSIUS,Degré Celsius (°C),SE,Standard error,0.1,,N,National,,
DATAFLOW,SPC:DF_CLIMATE_CHANGE(1.0),Indicateurs du changement climatique,I,A,Annuel,ST_ANOM,Anomalies des températures de surface,GU,Guam,1861,,-0.7,,,,CELSIUS,Degré Celsius (°C),SE,Standard error,0.1,,N,National,,
DATAFLOW,SPC:DF_CLIMATE_CHANGE(1.0),Indicateurs du changement climatique,I,A,Annuel,ST_ANOM,Anomalies des températures de surface,GU,Guam,1862,,-0.6,,,,CELSIUS,Degré Celsius (°C),SE,Standard error,0.1,,N,National,,
DATAFLOW,SPC:DF_CLIMATE_CHANGE(1.0),Indicateurs du changement climatique,I,A,Annuel,ST_ANOM,Anomalies des températures de surface,GU,Guam,1863,,-0.3,,,,CELSIUS,Degré Celsius (°C),SE,Standard error,0.1,,N,National,,
DATAFLOW,SPC:DF_CLIMATE_CHANGE(1.0),Indicateurs du changement climatique,I,A,Annuel,ST_ANOM,Anomalies des températures de surface,GU,Guam,1864,,-0.2,,,,CELSIUS,Degré Celsius (°C),SE,Standard error,0.1,,N,National,,
DATAFLOW,SPC:DF_CLIMATE_CHANGE(1.0),Indicateurs du changement climatique,I,A,Annuel,ST_ANOM,Anomalies des températures de surface,GU,Guam,1865,,-0.1,,,,CELSIUS,Degré Celsius (°C),SE,Standard error,0.0,,N,National,,
DATAFLOW,SPC:DF_CLIMATE_CHANGE(1.0),Indicateurs du changement climatique,I,A,Annuel,ST_ANOM,Anomalies des températures de surface,GU,Guam,1866,,0.0,,,,CELSIUS,Degré Celsius (°C),SE,Standard error,0.1,,N,National,,
DATAFLOW,SPC:DF_CLIMATE_CHANGE(1.0),Indicateurs du changement climatique,I,A,Annuel,ST_ANOM,Anomalies des températures de surface,GU,Guam,1867,,-0.2,,,,CELSIUS,Degré Celsius (°C),SE,Standard error,0.1,,N,National,,
DATAFLOW,SPC:DF_CLIMATE_CHANGE(1.0),Indicateurs du changement climatique,I,A,Annuel,ST_ANOM,Anomalies des températures de surface,GU,Guam,1868,,-0.2,,,,CELSIUS,Degré Celsius (°C),SE,Standard error,0.1,,N,National,,
DATAFLOW,SPC:DF_CLIMATE_CHANGE(1.0),Indicateurs du changement climatique,I,A,Annuel,ST_ANOM,Anomalies des températures de surface,GU,Guam,1869,,0.1,,,,CELSIUS,Degré Celsius (°C),SE,Standard error,0.1,,N,National,,
DATAFLOW,SPC:DF_CLIMATE_CHANGE(1.0),Indicateurs du changement climatique,I,A,Annuel,ST_ANOM,Anomalies des températures de surface,GU,Guam,1870,,0.1,,,,CELSIUS,Degré Celsius (°C),SE,Standard error,0.1,,N,National,,
DATAFLOW,SPC:DF_CLIMATE_CHANGE(1.0),Indicateurs du changement climatique,I,A,Annuel,ST_ANOM,Anomalies des températures de surface,GU,Guam,1871,,-0.1,,,,CELSIUS,Degré Celsius (°C),SE,Standard error,0.1,,N,National,,
DATAFLOW,SPC:DF_CLIMATE_CHANGE(1.0),Indicateurs du changement climatique,I,A,Annuel,ST_ANOM,Anomalies des températures de surface,GU,Guam,1872,,0.0,,,,CELSIUS,Degré Celsius (°C),SE,Standard error,0.1,,N,National,,
DATAFLOW,SPC:DF_CLIMATE_CHANGE(1.0),Indicateurs du changement climatique,I,A,Annuel,ST_ANOM,Anomalies des températures de surface,GU,Guam,1873,,0.1,,,,CELSIUS,Degré Celsius (°C),SE,Standard error,0.1,,N,National,,
DATAFLOW,SPC:DF_CLIMATE_CHANGE(1.0),Indicateurs du changement climatique,I,A,Annuel,ST_ANOM,Anomalies des températures de surface,GU,Guam,1874,,-0.1,,,,CELSIUS,Degré Celsius (°C),SE,Standard error,0.1,,N,National,,
DATAFLOW,SPC:DF_CLIMATE_CHANGE(1.0),Indicateurs du changement climatique,I,A,Annuel,ST_ANOM,Anomalies des températures de surface,GU,Guam,1875,,-0.2,,,,CELSIUS,Degré Celsius (°C),SE,Standard error,0.1,,N,National,,
DATAFLOW,SPC:DF_CLIMATE_CHANGE(1.0),Indicateurs du changement climatique,I,A,Annuel,ST_ANOM,Anomalies des températures de surface,GU,Guam,1876,,0.1,,,,CELSIUS,Degré Celsius (°C),SE,Standard error,0.1,,N,National,,
DATAFLOW,SPC:DF_CLIMATE_CHANGE(1.0),Indicateurs du changement climatique,I,A,Annuel,ST_ANOM,Anomalies des températures de surface,GU,Guam,1877,,-0.1,,,,CELSIUS,Degré Celsius (°C),SE,Standard error,0.1,,N,National,,
DATAFLOW,SPC:DF_CLIMATE_CHANGE(1.0),Indicateurs du changement climatique,I,A,Annuel,ST_ANOM,Anomalies des températures de surface,GU,Guam,1878,,0.2,,,,CELSIUS,Degré Celsius (°C),SE,Standard error,0.1,,N,National,,
DATAFLOW,SPC:DF_CLIMATE_CHANGE(1.0),Indicateurs du changement climatique,I,A,Annuel,ST_ANOM,Anomalies des températures de surface,GU,Guam,1879,,-0.1,,,,CELSIUS,Degré Celsius (°C),SE,Standard error,0.1,,N,National,,
DATAFLOW,SPC:DF_CLIMATE_CHANGE(1.0),Indicateurs du changement climatique,I,A,Annuel,ST_ANOM,Anomalies des températures de surface,GU,Guam,1880,,-0.5,,,,CELSIUS,Degré Celsius (°C),SE,Standard error,0.1,,N,National,,
DATAFLOW,SPC:DF_CLIMATE_CHANGE(1.0),Indicateurs du changement climatique,I,A,Annuel,ST_ANOM,Anomalies des températures de surface,GU,Guam,1881,,-0.1,,,,CELSIUS,Degré Celsius (°C),SE,Standard error,0.1,,N,National,,
DATAFLOW,SPC:DF_CLIMATE_CHANGE(1.0),Indicateurs du changement climatique,I,A,Annuel,ST_ANOM,Anomalies des températures de surface,GU,Guam,1882,,-0.2,,,,CELSIUS,Degré Celsius (°C),SE,Standard error,0.1,,N,National,,
DATAFLOW,SPC:DF_CLIMATE_CHANGE(1.0),Indicateurs du changement climatique,I,A,Annuel,ST_ANOM,Anomalies des températures de surface,GU,Guam,1883,,-0.5,,,,CELSIUS,Degré Celsius (°C),SE,Standard error,0.1,,N,National,,
DATAFLOW,SPC:DF_CLIMATE_CHANGE(1.0),Indicateurs du changement climatique,I,A,Annuel,ST_ANOM,Anomalies des températures de surface,GU,Guam,1884,,-0.7,,,,CELSIUS,Degré Celsius (°C),SE,Standard error,0.1,,N,National,,
DATAFLOW,SPC:DF_CLIMATE_CHANGE(1.0),Indicateurs du changement climatique,I,A,Annuel,ST_ANOM,Anomalies des températures de surface,GU,Guam,1885,,-0.7,,,,CELSIUS,Degré Celsius (°C),SE,Standard error,0.1,,N,National,,
DATAFLOW,SPC:DF_CLIMATE_CHANGE(1.0),Indicateurs du changement climatique,I,A,Annuel,ST_ANOM,Anomalies des températures de surface,GU,Guam,1886,,-0.4,,,,CELSIUS,Degré Celsius (°C),SE,Standard error,0.1,,N,National,,
DATAFLOW,SPC:DF_CLIMATE_CHANGE(1.0),Indicateurs du changement climatique,I,A,Annuel,ST_ANOM,Anomalies des températures de surface,GU,Guam,1887,,0.0,,,,CELSIUS,Degré Celsius (°C),SE,Standard error,0.1,,N,National,,
DATAFLOW,SPC:DF_CLIMATE_CHANGE(1.0),Indicateurs du changement climatique,I,A,Annuel,ST_ANOM,Anomalies des températures de surface,GU,Guam,1888,,-0.2,,,,CELSIUS,Degré Celsius (°C),SE,Standard error,0.1,,N,National,,
DATAFLOW,SPC:DF_CLIMATE_CHANGE(1.0),Indicateurs du changement climatique,I,A,Annuel,ST_ANOM,Anomalies des températures de surface,GU,Guam,1889,,0.0,,,,CELSIUS,Degré Celsius (°C),SE,Standard error,0.1,,N,National,,
DATAFLOW,SPC:DF_CLIMATE_CHANGE(1.0),Indicateurs du changement climatique,I,A,Annuel,ST_ANOM,Anomalies des températures de surface,GU,Guam,1890,,0.0,,,,CELSIUS,Degré Celsius (°C),SE,Standard error,0.1,,N,National,,
DATAFLOW,SPC:DF_CLIMATE_CHANGE(1.0),Indicateurs du changement climatique,I,A,Annuel,ST_ANOM,Anomalies des températures de surface,GU,Guam,1891,,0.3,,,,CELSIUS,Degré Celsius (°C),SE,Standard error,0.1,,N,National,,
DATAFLOW,SPC:DF_CLIMATE_CHANGE(1.0),Indicateurs du changement climatique,I,A,Annuel,ST_ANOM,Anomalies des températures de surface,GU,Guam,1892,,0.2,,,,CELSIUS,Degré Celsius (°C),SE,Standard error,0.1,,N,National,,
DATAFLOW,SPC:DF_CLIMATE_CHANGE(1.0),Indicateurs du changement climatique,I,A,Annuel,ST_ANOM,Anomalies des températures de surface,GU,Guam,1893,,0.0,,,,CELSIUS,Degré Celsius (°C),SE,Standard error,0.1,,N,National,,
DATAFLOW,SPC:DF_CLIMATE_CHANGE(1.0),Indicateurs du changement climatique,I,A,Annuel,ST_ANOM,Anomalies des températures de surface,GU,Guam,1894,,-0.1,,,,CELSIUS,Degré Celsius (°C),SE,Standard error,0.1,,N,National,,
DATAFLOW,SPC:DF_CLIMATE_CHANGE(1.0),Indicateurs du changement climatique,I,A,Annuel,ST_ANOM,Anomalies des températures de surface,GU,Guam,1895,,0.0,,,,CELSIUS,Degré Celsius (°C),SE,Standard error,0.0,,N,National,,
DATAFLOW,SPC:DF_CLIMATE_CHANGE(1.0),Indicateurs du changement climatique,I,A,Annuel,ST_ANOM,Anomalies des températures de surface,GU,Guam,1896,,-0.1,,,,CELSIUS,Degré Celsius (°C),SE,Standard error,0.1,,N,National,,
DATAFLOW,SPC:DF_CLIMATE_CHANGE(1.0),Indicateurs du changement climatique,I,A,Annuel,ST_ANOM,Anomalies des températures de surface,GU,Guam,1897,,0.3,,,,CELSIUS,Degré Celsius (°C),SE,Standard error,0.1,,N,National,,
DATAFLOW,SPC:DF_CLIMATE_CHANGE(1.0),Indicateurs du changement climatique,I,A,Annuel,ST_ANOM,Anomalies des températures de surface,GU,Guam,1898,,0.0,,,,CELSIUS,Degré Celsius (°C),SE,Standard error,0.1,,N,National,,
DATAFLOW,SPC:DF_CLIMATE_CHANGE(1.0),Indicateurs du changement climatique,I,A,Annuel,ST_ANOM,Anomalies des températures de surface,GU,Guam,1899,,-0.4,,,,CELSIUS,Degré Celsius (°C),SE,Standard error,0.1,,N,National,,
DATAFLOW,SPC:DF_CLIMATE_CHANGE(1.0),Indicateurs du changement climatique,I,A,Annuel,ST_ANOM,Anomalies des températures de surface,GU,Guam,1900,,-0.1,,,,CELSIUS,Degré Celsius (°C),SE,Standard error,0.1,,N,National,,
DATAFLOW,SPC:DF_CLIMATE_CHANGE(1.0),Indicateurs du changement climatique,I,A,Annuel,ST_ANOM,Anomalies des températures de surface,GU,Guam,1901,,-0.1,,,,CELSIUS,Degré Celsius (°C),SE,Standard error,0.0,,N,National,,
DATAFLOW,SPC:DF_CLIMATE_CHANGE(1.0),Indicateurs du changement climatique,I,A,Annuel,ST_ANOM,Anomalies des températures de surface,GU,Guam,1902,,-0.4,,,,CELSIUS,Degré Celsius (°C),SE,Standard error,0.1,,N,National,,
DATAFLOW,SPC:DF_CLIMATE_CHANGE(1.0),Indicateurs du changement climatique,I,A,Annuel,ST_ANOM,Anomalies des températures de surface,GU,Guam,1903,,-0.7,,,,CELSIUS,Degré Celsius (°C),SE,Standard error,0.1,,N,National,,
DATAFLOW,SPC:DF_CLIMATE_CHANGE(1.0),Indicateurs du changement climatique,I,A,Annuel,ST_ANOM,Anomalies des températures de surface,GU,Guam,1904,,-0.6,,,,CELSIUS,Degré Celsius (°C),SE,Standard error,0.1,,N,National,,
DATAFLOW,SPC:DF_CLIMATE_CHANGE(1.0),Indicateurs du changement climatique,I,A,Annuel,ST_ANOM,Anomalies des températures de surface,GU,Guam,1905,,-0.7,,,,CELSIUS,Degré Celsius (°C),SE,Standard error,0.0,,N,National,,
DATAFLOW,SPC:DF_CLIMATE_CHANGE(1.0),Indicateurs du changement climatique,I,A,Annuel,ST_ANOM,Anomalies des températures de surface,GU,Guam,1906,,-0.5,,,,CELSIUS,Degré Celsius (°C),SE,Standard error,0.1,,N,National,,
DATAFLOW,SPC:DF_CLIMATE_CHANGE(1.0),Indicateurs du changement climatique,I,A,Annuel,ST_ANOM,Anomalies des températures de surface,GU,Guam,1907,,-0.4,,,,CELSIUS,Degré Celsius (°C),SE,Standard error,0.1,,N,National,,
DATAFLOW,SPC:DF_CLIMATE_CHANGE(1.0),Indicateurs du changement climatique,I,A,Annuel,ST_ANOM,Anomalies des températures de surface,GU,Guam,1908,,-0.3,,,,CELSIUS,Degré Celsius (°C),SE,Standard error,0.1,,N,National,,
DATAFLOW,SPC:DF_CLIMATE_CHANGE(1.0),Indicateurs du changement climatique,I,A,Annuel,ST_ANOM,Anomalies des températures de surface,GU,Guam,1909,,-0.4,,,,CELSIUS,Degré Celsius (°C),SE,Standard error,0.1,,N,National,,
DATAFLOW,SPC:DF_CLIMATE_CHANGE(1.0),Indicateurs du changement climatique,I,A,Annuel,ST_ANOM,Anomalies des températures de surface,GU,Guam,1910,,-0.2,,,,CELSIUS,Degré Celsius (°C),SE,Standard error,0.0,,N,National,,
DATAFLOW,SPC:DF_CLIMATE_CHANGE(1.0),Indicateurs du changement climatique,I,A,Annuel,ST_ANOM,Anomalies des températures de surface,GU,Guam,1911,,-0.6,,,,CELSIUS,Degré Celsius (°C),SE,Standard error,0.1,,N,National,,
DATAFLOW,SPC:DF_CLIMATE_CHANGE(1.0),Indicateurs du changement climatique,I,A,Annuel,ST_ANOM,Anomalies des températures de surface,GU,Guam,1912,,-0.7,,,,CELSIUS,Degré Celsius (°C),SE,Standard error,0.0,,N,National,,
DATAFLOW,SPC:DF_CLIMATE_CHANGE(1.0),Indicateurs du changement climatique,I,A,Annuel,ST_ANOM,Anomalies des températures de surface,GU,Guam,1913,,-0.7,,,,CELSIUS,Degré Celsius (°C),SE,Standard error,0.0,,N,National,,
DATAFLOW,SPC:DF_CLIMATE_CHANGE(1.0),Indicateurs du changement climatique,I,A,Annuel,ST_ANOM,Anomalies des températures de surface,GU,Guam,1914,,-0.7,,,,CELSIUS,Degré Celsius (°C),SE,Standard error,0.0,,N,National,,
DATAFLOW,SPC:DF_CLIMATE_CHANGE(1.0),Indicateurs du changement climatique,I,A,Annuel,ST_ANOM,Anomalies des températures de surface,GU,Guam,1915,,-0.5,,,,CELSIUS,Degré Celsius (°C),SE,Standard error,0.1,,N,National,,
DATAFLOW,SPC:DF_CLIMATE_CHANGE(1.0),Indicateurs du changement climatique,I,A,Annuel,ST_ANOM,Anomalies des températures de surface,GU,Guam,1916,,-0.4,,,,CELSIUS,Degré Celsius (°C),SE,Standard error,0.1,,N,National,,
DATAFLOW,SPC:DF_CLIMATE_CHANGE(1.0),Indicateurs du changement climatique,I,A,Annuel,ST_ANOM,Anomalies des températures de surface,GU,Guam,1917,,-0.4,,,,CELSIUS,Degré Celsius (°C),SE,Standard error,0.1,,N,National,,
DATAFLOW,SPC:DF_CLIMATE_CHANGE(1.0),Indicateurs du changement climatique,I,A,Annuel,ST_ANOM,Anomalies des températures de surface,GU,Guam,1918,,-0.8,,,,CELSIUS,Degré Celsius (°C),SE,Standard error,0.1,,N,National,,
DATAFLOW,SPC:DF_CLIMATE_CHANGE(1.0),Indicateurs du changement climatique,I,A,Annuel,ST_ANOM,Anomalies des températures de surface,GU,Guam,1919,,-0.9,,,,CELSIUS,Degré Celsius (°C),SE,Standard error,0.1,,N,National,,
DATAFLOW,SPC:DF_CLIMATE_CHANGE(1.0),Indicateurs du changement climatique,I,A,Annuel,ST_ANOM,Anomalies des températures de surface,GU,Guam,1920,,-0.8,,,,CELSIUS,Degré Celsius (°C),SE,Standard error,0.1,,N,National,,
DATAFLOW,SPC:DF_CLIMATE_CHANGE(1.0),Indicateurs du changement climatique,I,A,Annuel,ST_ANOM,Anomalies des températures de surface,GU,Guam,1921,,-0.1,,,,CELSIUS,Degré Celsius (°C),SE,Standard error,0.0,,N,National,,
DATAFLOW,SPC:DF_CLIMATE_CHANGE(1.0),Indicateurs du changement climatique,I,A,Annuel,ST_ANOM,Anomalies des températures de surface,GU,Guam,1922,,-0.2,,,,CELSIUS,Degré Celsius (°C),SE,Standard error,0.1,,N,National,,
DATAFLOW,SPC:DF_CLIMATE_CHANGE(1.0),Indicateurs du changement climatique,I,A,Annuel,ST_ANOM,Anomalies des températures de surface,GU,Guam,1923,,-0.6,,,,CELSIUS,Degré Celsius (°C),SE,Standard error,0.1,,N,National,,
DATAFLOW,SPC:DF_CLIMATE_CHANGE(1.0),Indicateurs du changement climatique,I,A,Annuel,ST_ANOM,Anomalies des températures de surface,GU,Guam,1924,,-0.4,,,,CELSIUS,Degré Celsius (°C),SE,Standard error,0.1,,N,National,,
DATAFLOW,SPC:DF_CLIMATE_CHANGE(1.0),Indicateurs du changement climatique,I,A,Annuel,ST_ANOM,Anomalies des températures de surface,GU,Guam,1925,,-0.2,,,,CELSIUS,Degré Celsius (°C),SE,Standard error,0.0,,N,National,,
DATAFLOW,SPC:DF_CLIMATE_CHANGE(1.0),Indicateurs du changement climatique,I,A,Annuel,ST_ANOM,Anomalies des températures de surface,GU,Guam,1926,,-0.3,,,,CELSIUS,Degré Celsius (°C),SE,Standard error,0.0,,N,National,,
DATAFLOW,SPC:DF_CLIMATE_CHANGE(1.0),Indicateurs du changement climatique,I,A,Annuel,ST_ANOM,Anomalies des températures de surface,GU,Guam,1927,,-0.1,,,,CELSIUS,Degré Celsius (°C),SE,Standard error,0.1,,N,National,,
DATAFLOW,SPC:DF_CLIMATE_CHANGE(1.0),Indicateurs du changement climatique,I,A,Annuel,ST_ANOM,Anomalies des températures de surface,GU,Guam,1928,,-0.4,,,,CELSIUS,Degré Celsius (°C),SE,Standard error,0.1,,N,National,,
DATAFLOW,SPC:DF_CLIMATE_CHANGE(1.0),Indicateurs du changement climatique,I,A,Annuel,ST_ANOM,Anomalies des températures de surface,GU,Guam,1929,,-0.4,,,,CELSIUS,Degré Celsius (°C),SE,Standard error,0.1,,N,National,,
DATAFLOW,SPC:DF_CLIMATE_CHANGE(1.0),Indicateurs du changement climatique,I,A,Annuel,ST_ANOM,Anomalies des températures de surface,GU,Guam,1930,,-0.6,,,,CELSIUS,Degré Celsius (°C),SE,Standard error,0.1,,N,National,,
DATAFLOW,SPC:DF_CLIMATE_CHANGE(1.0),Indicateurs du changement climatique,I,A,Annuel,ST_ANOM,Anomalies des températures de surface,GU,Guam,1931,,-0.3,,,,CELSIUS,Degré Celsius (°C),SE,Standard error,0.1,,N,National,,
DATAFLOW,SPC:DF_CLIMATE_CHANGE(1.0),Indicateurs du changement climatique,I,A,Annuel,ST_ANOM,Anomalies des températures de surface,GU,Guam,1932,,-0.5,,,,CELSIUS,Degré Celsius (°C),SE,Standard error,0.0,,N,National,,
DATAFLOW,SPC:DF_CLIMATE_CHANGE(1.0),Indicateurs du changement climatique,I,A,Annuel,ST_ANOM,Anomalies des températures de surface,GU,Guam,1933,,-0.4,,,,CELSIUS,Degré Celsius (°C),SE,Standard error,0.0,,N,National,,
DATAFLOW,SPC:DF_CLIMATE_CHANGE(1.0),Indicateurs du changement climatique,I,A,Annuel,ST_ANOM,Anomalies des températures de surface,GU,Guam,1934,,-0.3,,,,CELSIUS,Degré Celsius (°C),SE,Standard error,0.1,,N,National,,
DATAFLOW,SPC:DF_CLIMATE_CHANGE(1.0),Indicateurs du changement climatique,I,A,Annuel,ST_ANOM,Anomalies des températures de surface,GU,Guam,1935,,-0.4,,,,CELSIUS,Degré Celsius (°C),SE,Standard error,0.0,,N,National,,
DATAFLOW,SPC:DF_CLIMATE_CHANGE(1.0),Indicateurs du changement climatique,I,A,Annuel,ST_ANOM,Anomalies des températures de surface,GU,Guam,1936,,-0.4,,,,CELSIUS,Degré Celsius (°C),SE,Standard error,0.1,,N,National,,
DATAFLOW,SPC:DF_CLIMATE_CHANGE(1.0),Indicateurs du changement climatique,I,A,Annuel,ST_ANOM,Anomalies des températures de surface,GU,Guam,1937,,-0.3,,,,CELSIUS,Degré Celsius (°C),SE,Standard error,0.1,,N,National,,
DATAFLOW,SPC:DF_CLIMATE_CHANGE(1.0),Indicateurs du changement climatique,I,A,Annuel,ST_ANOM,Anomalies des températures de surface,GU,Guam,1938,,-0.2,,,,CELSIUS,Degré Celsius (°C),SE,Standard error,0.0,,N,National,,
DATAFLOW,SPC:DF_CLIMATE_CHANGE(1.0),Indicateurs du changement climatique,I,A,Annuel,ST_ANOM,Anomalies des températures de surface,GU,Guam,1939,,-0.2,,,,CELSIUS,Degré Celsius (°C),SE,Standard error,0.1,,N,National,,
DATAFLOW,SPC:DF_CLIMATE_CHANGE(1.0),Indicateurs du changement climatique,I,A,Annuel,ST_ANOM,Anomalies des températures de surface,GU,Guam,1940,,-0.4,,,,CELSIUS,Degré Celsius (°C),SE,Standard error,0.0,,N,National,,
DATAFLOW,SPC:DF_CLIMATE_CHANGE(1.0),Indicateurs du changement climatique,I,A,Annuel,ST_ANOM,Anomalies des températures de surface,GU,Guam,1941,,-0.4,,,,CELSIUS,Degré Celsius (°C),SE,Standard error,0.0,,N,National,,
DATAFLOW,SPC:DF_CLIMATE_CHANGE(1.0),Indicateurs du changement climatique,I,A,Annuel,ST_ANOM,Anomalies des températures de surface,GU,Guam,1942,,-0.4,,,,CELSIUS,Degré Celsius (°C),SE,Standard error,0.1,,N,National,,
DATAFLOW,SPC:DF_CLIMATE_CHANGE(1.0),Indicateurs du changement climatique,I,A,Annuel,ST_ANOM,Anomalies des températures de surface,GU,Guam,1943,,0.2,,,,CELSIUS,Degré Celsius (°C),SE,Standard error,0.1,,N,National,,
DATAFLOW,SPC:DF_CLIMATE_CHANGE(1.0),Indicateurs du changement climatique,I,A,Annuel,ST_ANOM,Anomalies des températures de surface,GU,Guam,1944,,0.2,,,,CELSIUS,Degré Celsius (°C),SE,Standard error,0.0,,N,National,,
DATAFLOW,SPC:DF_CLIMATE_CHANGE(1.0),Indicateurs du changement climatique,I,A,Annuel,ST_ANOM,Anomalies des températures de surface,GU,Guam,1945,,0.3,,,,CELSIUS,Degré Celsius (°C),SE,Standard error,0.0,,N,National,,
DATAFLOW,SPC:DF_CLIMATE_CHANGE(1.0),Indicateurs du changement climatique,I,A,Annuel,ST_ANOM,Anomalies des températures de surface,GU,Guam,1946,,0.2,,,,CELSIUS,Degré Celsius (°C),SE,Standard error,0.1,,N,National,,
DATAFLOW,SPC:DF_CLIMATE_CHANGE(1.0),Indicateurs du changement climatique,I,A,Annuel,ST_ANOM,Anomalies des températures de surface,GU,Guam,1947,,0.0,,,,CELSIUS,Degré Celsius (°C),SE,Standard error,0.1,,N,National,,
DATAFLOW,SPC:DF_CLIMATE_CHANGE(1.0),Indicateurs du changement climatique,I,A,Annuel,ST_ANOM,Anomalies des températures de surface,GU,Guam,1948,,-0.2,,,,CELSIUS,Degré Celsius (°C),SE,Standard error,0.0,,N,National,,
DATAFLOW,SPC:DF_CLIMATE_CHANGE(1.0),Indicateurs du changement climatique,I,A,Annuel,ST_ANOM,Anomalies des températures de surface,GU,Guam,1949,,-0.2,,,,CELSIUS,Degré Celsius (°C),SE,Standard error,0.1,,N,National,,
DATAFLOW,SPC:DF_CLIMATE_CHANGE(1.0),Indicateurs du changement climatique,I,A,Annuel,ST_ANOM,Anomalies des températures de surface,GU,Guam,1950,,-0.1,,,,CELSIUS,Degré Celsius (°C),SE,Standard error,0.1,,N,National,,
DATAFLOW,SPC:DF_CLIMATE_CHANGE(1.0),Indicateurs du changement climatique,I,A,Annuel,ST_ANOM,Anomalies des températures de surface,GU,Guam,1951,,-0.1,,,,CELSIUS,Degré Celsius (°C),SE,Standard error,0.1,,N,National,,
DATAFLOW,SPC:DF_CLIMATE_CHANGE(1.0),Indicateurs du changement climatique,I,A,Annuel,ST_ANOM,Anomalies des températures de surface,GU,Guam,1952,,-0.2,,,,CELSIUS,Degré Celsius (°C),SE,Standard error,0.0,,N,National,,
DATAFLOW,SPC:DF_CLIMATE_CHANGE(1.0),Indicateurs du changement climatique,I,A,Annuel,ST_ANOM,Anomalies des températures de surface,GU,Guam,1953,,-0.1,,,,CELSIUS,Degré Celsius (°C),SE,Standard error,0.0,,N,National,,
DATAFLOW,SPC:DF_CLIMATE_CHANGE(1.0),Indicateurs du changement climatique,I,A,Annuel,ST_ANOM,Anomalies des températures de surface,GU,Guam,1954,,-0.2,,,,CELSIUS,Degré Celsius (°C),SE,Standard error,0.0,,N,National,,
DATAFLOW,SPC:DF_CLIMATE_CHANGE(1.0),Indicateurs du changement climatique,I,A,Annuel,ST_ANOM,Anomalies des températures de surface,GU,Guam,1955,,-0.3,,,,CELSIUS,Degré Celsius (°C),SE,Standard error,0.1,,N,National,,
DATAFLOW,SPC:DF_CLIMATE_CHANGE(1.0),Indicateurs du changement climatique,I,A,Annuel,ST_ANOM,Anomalies des températures de surface,GU,Guam,1956,,-0.3,,,,CELSIUS,Degré Celsius (°C),SE,Standard error,0.0,,N,National,,
DATAFLOW,SPC:DF_CLIMATE_CHANGE(1.0),Indicateurs du changement climatique,I,A,Annuel,ST_ANOM,Anomalies des températures de surface,GU,Guam,1957,,-0.3,,,,CELSIUS,Degré Celsius (°C),SE,Standard error,0.0,,N,National,,
DATAFLOW,SPC:DF_CLIMATE_CHANGE(1.0),Indicateurs du changement climatique,I,A,Annuel,ST_ANOM,Anomalies des températures de surface,GU,Guam,1958,,-0.5,,,,CELSIUS,Degré Celsius (°C),SE,Standard error,0.0,,N,National,,
DATAFLOW,SPC:DF_CLIMATE_CHANGE(1.0),Indicateurs du changement climatique,I,A,Annuel,ST_ANOM,Anomalies des températures de surface,GU,Guam,1959,,-0.3,,,,CELSIUS,Degré Celsius (°C),SE,Standard error,0.1,,N,National,,
DATAFLOW,SPC:DF_CLIMATE_CHANGE(1.0),Indicateurs du changement climatique,I,A,Annuel,ST_ANOM,Anomalies des températures de surface,GU,Guam,1960,,-0.1,,,,CELSIUS,Degré Celsius (°C),SE,Standard error,0.0,,N,National,,
DATAFLOW,SPC:DF_CLIMATE_CHANGE(1.0),Indicateurs du changement climatique,I,A,Annuel,ST_ANOM,Anomalies des températures de surface,GU,Guam,1961,,-0.2,,,,CELSIUS,Degré Celsius (°C),SE,Standard error,0.1,,N,National,,
DATAFLOW,SPC:DF_CLIMATE_CHANGE(1.0),Indicateurs du changement climatique,I,A,Annuel,ST_ANOM,Anomalies des températures de surface,GU,Guam,1962,,-0.2,,,,CELSIUS,Degré Celsius (°C),SE,Standard error,0.0,,N,National,,
DATAFLOW,SPC:DF_CLIMATE_CHANGE(1.0),Indicateurs du changement climatique,I,A,Annuel,ST_ANOM,Anomalies des températures de surface,GU,Guam,1963,,-0.2,,,,CELSIUS,Degré Celsius (°C),SE,Standard error,0.0,,N,National,,
DATAFLOW,SPC:DF_CLIMATE_CHANGE(1.0),Indicateurs du changement climatique,I,A,Annuel,ST_ANOM,Anomalies des températures de surface,GU,Guam,1964,,-0.1,,,,CELSIUS,Degré Celsius (°C),SE,Standard error,0.0,,N,National,,
DATAFLOW,SPC:DF_CLIMATE_CHANGE(1.0),Indicateurs du changement climatique,I,A,Annuel,ST_ANOM,Anomalies des températures de surface,GU,Guam,1965,,-0.4,,,,CELSIUS,Degré Celsius (°C),SE,Standard error,0.1,,N,National,,
DATAFLOW,SPC:DF_CLIMATE_CHANGE(1.0),Indicateurs du changement climatique,I,A,Annuel,ST_ANOM,Anomalies des températures de surface,GU,Guam,1966,,-0.3,,,,CELSIUS,Degré Celsius (°C),SE,Standard error,0.1,,N,National,,
DATAFLOW,SPC:DF_CLIMATE_CHANGE(1.0),Indicateurs du changement climatique,I,A,Annuel,ST_ANOM,Anomalies des températures de surface,GU,Guam,1967,,-0.3,,,,CELSIUS,Degré Celsius (°C),SE,Standard error,0.1,,N,National,,
DATAFLOW,SPC:DF_CLIMATE_CHANGE(1.0),Indicateurs du changement climatique,I,A,Annuel,ST_ANOM,Anomalies des températures de surface,GU,Guam,1968,,-0.2,,,,CELSIUS,Degré Celsius (°C),SE,Standard error,0.0,,N,National,,
DATAFLOW,SPC:DF_CLIMATE_CHANGE(1.0),Indicateurs du changement climatique,I,A,Annuel,ST_ANOM,Anomalies des températures de surface,GU,Guam,1969,,-0.1,,,,CELSIUS,Degré Celsius (°C),SE,Standard error,0.1,,N,National,,
DATAFLOW,SPC:DF_CLIMATE_CHANGE(1.0),Indicateurs du changement climatique,I,A,Annuel,ST_ANOM,Anomalies des températures de surface,GU,Guam,1970,,0.0,,,,CELSIUS,Degré Celsius (°C),SE,Standard error,0.0,,N,National,,
DATAFLOW,SPC:DF_CLIMATE_CHANGE(1.0),Indicateurs du changement climatique,I,A,Annuel,ST_ANOM,Anomalies des températures de surface,GU,Guam,1971,,0.0,,,,CELSIUS,Degré Celsius (°C),SE,Standard error,0.1,,N,National,,
DATAFLOW,SPC:DF_CLIMATE_CHANGE(1.0),Indicateurs du changement climatique,I,A,Annuel,ST_ANOM,Anomalies des températures de surface,GU,Guam,1972,,-0.6,,,,CELSIUS,Degré Celsius (°C),SE,Standard error,0.0,,N,National,,
DATAFLOW,SPC:DF_CLIMATE_CHANGE(1.0),Indicateurs du changement climatique,I,A,Annuel,ST_ANOM,Anomalies des températures de surface,GU,Guam,1973,,-0.2,,,,CELSIUS,Degré Celsius (°C),SE,Standard error,0.1,,N,National,,
DATAFLOW,SPC:DF_CLIMATE_CHANGE(1.0),Indicateurs du changement climatique,I,A,Annuel,ST_ANOM,Anomalies des températures de surface,GU,Guam,1974,,-0.1,,,,CELSIUS,Degré Celsius (°C),SE,Standard error,0.1,,N,National,,
DATAFLOW,SPC:DF_CLIMATE_CHANGE(1.0),Indicateurs du changement climatique,I,A,Annuel,ST_ANOM,Anomalies des températures de surface,GU,Guam,1975,,-0.1,,,,CELSIUS,Degré Celsius (°C),SE,Standard error,0.0,,N,National,,
DATAFLOW,SPC:DF_CLIMATE_CHANGE(1.0),Indicateurs du changement climatique,I,A,Annuel,ST_ANOM,Anomalies des températures de surface,GU,Guam,1976,,-0.2,,,,CELSIUS,Degré Celsius (°C),SE,Standard error,0.1,,N,National,,
DATAFLOW,SPC:DF_CLIMATE_CHANGE(1.0),Indicateurs du changement climatique,I,A,Annuel,ST_ANOM,Anomalies des températures de surface,GU,Guam,1977,,-0.2,,,,CELSIUS,Degré Celsius (°C),SE,Standard error,0.0,,N,National,,
DATAFLOW,SPC:DF_CLIMATE_CHANGE(1.0),Indicateurs du changement climatique,I,A,Annuel,ST_ANOM,Anomalies des températures de surface,GU,Guam,1978,,-0.2,,,,CELSIUS,Degré Celsius (°C),SE,Standard error,0.0,,N,National,,
DATAFLOW,SPC:DF_CLIMATE_CHANGE(1.0),Indicateurs du changement climatique,I,A,Annuel,ST_ANOM,Anomalies des températures de surface,GU,Guam,1979,,-0.2,,,,CELSIUS,Degré Celsius (°C),SE,Standard error,0.0,,N,National,,
DATAFLOW,SPC:DF_CLIMATE_CHANGE(1.0),Indicateurs du changement climatique,I,A,Annuel,ST_ANOM,Anomalies des températures de surface,GU,Guam,1980,,-0.2,,,,CELSIUS,Degré Celsius (°C),SE,Standard error,0.0,,N,National,,
DATAFLOW,SPC:DF_CLIMATE_CHANGE(1.0),Indicateurs du changement climatique,I,A,Annuel,ST_ANOM,Anomalies des températures de surface,GU,Guam,1981,,0.1,,,,CELSIUS,Degré Celsius (°C),SE,Standard error,0.1,,N,National,,
DATAFLOW,SPC:DF_CLIMATE_CHANGE(1.0),Indicateurs du changement climatique,I,A,Annuel,ST_ANOM,Anomalies des températures de surface,GU,Guam,1982,,-0.1,,,,CELSIUS,Degré Celsius (°C),SE,Standard error,0.1,,N,National,,
DATAFLOW,SPC:DF_CLIMATE_CHANGE(1.0),Indicateurs du changement climatique,I,A,Annuel,ST_ANOM,Anomalies des températures de surface,GU,Guam,1983,,-0.2,,,,CELSIUS,Degré Celsius (°C),SE,Standard error,0.1,,N,National,,
DATAFLOW,SPC:DF_CLIMATE_CHANGE(1.0),Indicateurs du changement climatique,I,A,Annuel,ST_ANOM,Anomalies des températures de surface,GU,Guam,1984,,0.2,,,,CELSIUS,Degré Celsius (°C),SE,Standard error,0.1,,N,National,,
DATAFLOW,SPC:DF_CLIMATE_CHANGE(1.0),Indicateurs du changement climatique,I,A,Annuel,ST_ANOM,Anomalies des températures de surface,GU,Guam,1985,,0.0,,,,CELSIUS,Degré Celsius (°C),SE,Standard error,0.0,,N,National,,
DATAFLOW,SPC:DF_CLIMATE_CHANGE(1.0),Indicateurs du changement climatique,I,A,Annuel,ST_ANOM,Anomalies des températures de surface,GU,Guam,1986,,0.0,,,,CELSIUS,Degré Celsius (°C),SE,Standard error,0.1,,N,National,,
DATAFLOW,SPC:DF_CLIMATE_CHANGE(1.0),Indicateurs du changement climatique,I,A,Annuel,ST_ANOM,Anomalies des températures de surface,GU,Guam,1987,,-0.1,,,,CELSIUS,Degré Celsius (°C),SE,Standard error,0.0,,N,National,,
DATAFLOW,SPC:DF_CLIMATE_CHANGE(1.0),Indicateurs du changement climatique,I,A,Annuel,ST_ANOM,Anomalies des températures de surface,GU,Guam,1988,,0.3,,,,CELSIUS,Degré Celsius (°C),SE,Standard error,0.0,,N,National,,
DATAFLOW,SPC:DF_CLIMATE_CHANGE(1.0),Indicateurs du changement climatique,I,A,Annuel,ST_ANOM,Anomalies des températures de surface,GU,Guam,1989,,0.2,,,,CELSIUS,Degré Celsius (°C),SE,Standard error,0.1,,N,National,,
DATAFLOW,SPC:DF_CLIMATE_CHANGE(1.0),Indicateurs du changement climatique,I,A,Annuel,ST_ANOM,Anomalies des températures de surface,GU,Guam,1990,,-0.1,,,,CELSIUS,Degré Celsius (°C),SE,Standard error,0.0,,N,National,,
DATAFLOW,SPC:DF_CLIMATE_CHANGE(1.0),Indicateurs du changement climatique,I,A,Annuel,ST_ANOM,Anomalies des températures de surface,GU,Guam,1991,,-0.2,,,,CELSIUS,Degré Celsius (°C),SE,Standard error,0.1,,N,National,,
DATAFLOW,SPC:DF_CLIMATE_CHANGE(1.0),Indicateurs du changement climatique,I,A,Annuel,ST_ANOM,Anomalies des températures de surface,GU,Guam,1992,,-0.4,,,,CELSIUS,Degré Celsius (°C),SE,Standard error,0.0,,N,National,,
DATAFLOW,SPC:DF_CLIMATE_CHANGE(1.0),Indicateurs du changement climatique,I,A,Annuel,ST_ANOM,Anomalies des températures de surface,GU,Guam,1993,,-0.3,,,,CELSIUS,Degré Celsius (°C),SE,Standard error,0.1,,N,National,,
DATAFLOW,SPC:DF_CLIMATE_CHANGE(1.0),Indicateurs du changement climatique,I,A,Annuel,ST_ANOM,Anomalies des températures de surface,GU,Guam,1994,,0.0,,,,CELSIUS,Degré Celsius (°C),SE,Standard error,0.1,,N,National,,
DATAFLOW,SPC:DF_CLIMATE_CHANGE(1.0),Indicateurs du changement climatique,I,A,Annuel,ST_ANOM,Anomalies des températures de surface,GU,Guam,1995,,0.2,,,,CELSIUS,Degré Celsius (°C),SE,Standard error,0.1,,N,National,,
DATAFLOW,SPC:DF_CLIMATE_CHANGE(1.0),Indicateurs du changement climatique,I,A,Annuel,ST_ANOM,Anomalies des températures de surface,GU,Guam,1996,,0.4,,,,CELSIUS,Degré Celsius (°C),SE,Standard error,0.0,,N,National,,
DATAFLOW,SPC:DF_CLIMATE_CHANGE(1.0),Indicateurs du changement climatique,I,A,Annuel,ST_ANOM,Anomalies des températures de surface,GU,Guam,1997,,0.0,,,,CELSIUS,Degré Celsius (°C),SE,Standard error,0.0,,N,National,,
DATAFLOW,SPC:DF_CLIMATE_CHANGE(1.0),Indicateurs du changement climatique,I,A,Annuel,ST_ANOM,Anomalies des températures de surface,GU,Guam,1998,,0.2,,,,CELSIUS,Degré Celsius (°C),SE,Standard error,0.1,,N,National,,
DATAFLOW,SPC:DF_CLIMATE_CHANGE(1.0),Indicateurs du changement climatique,I,A,Annuel,ST_ANOM,Anomalies des températures de surface,GU,Guam,1999,,0.4,,,,CELSIUS,Degré Celsius (°C),SE,Standard error,0.1,,N,National,,
DATAFLOW,SPC:DF_CLIMATE_CHANGE(1.0),Indicateurs du changement climatique,I,A,Annuel,ST_ANOM,Anomalies des températures de surface,GU,Guam,2000,,0.4,,,,CELSIUS,Degré Celsius (°C),SE,Standard error,0.0,,N,National,,
DATAFLOW,SPC:DF_CLIMATE_CHANGE(1.0),Indicateurs du changement climatique,I,A,Annuel,ST_ANOM,Anomalies des températures de surface,GU,Guam,2001,,0.5,,,,CELSIUS,Degré Celsius (°C),SE,Standard error,0.1,,N,National,,
DATAFLOW,SPC:DF_CLIMATE_CHANGE(1.0),Indicateurs du changement climatique,I,A,Annuel,ST_ANOM,Anomalies des températures de surface,GU,Guam,2002,,0.3,,,,CELSIUS,Degré Celsius (°C),SE,Standard error,0.1,,N,National,,
DATAFLOW,SPC:DF_CLIMATE_CHANGE(1.0),Indicateurs du changement climatique,I,A,Annuel,ST_ANOM,Anomalies des températures de surface,GU,Guam,2003,,0.3,,,,CELSIUS,Degré Celsius (°C),SE,Standard error,0.0,,N,National,,
DATAFLOW,SPC:DF_CLIMATE_CHANGE(1.0),Indicateurs du changement climatique,I,A,Annuel,ST_ANOM,Anomalies des températures de surface,GU,Guam,2004,,0.1,,,,CELSIUS,Degré Celsius (°C),SE,Standard error,0.1,,N,National,,
DATAFLOW,SPC:DF_CLIMATE_CHANGE(1.0),Indicateurs du changement climatique,I,A,Annuel,ST_ANOM,Anomalies des températures de surface,GU,Guam,2005,,0.2,,,,CELSIUS,Degré Celsius (°C),SE,Standard error,0.1,,N,National,,
DATAFLOW,SPC:DF_CLIMATE_CHANGE(1.0),Indicateurs du changement climatique,I,A,Annuel,ST_ANOM,Anomalies des températures de surface,GU,Guam,2006,,0.1,,,,CELSIUS,Degré Celsius (°C),SE,Standard error,0.1,,N,National,,
DATAFLOW,SPC:DF_CLIMATE_CHANGE(1.0),Indicateurs du changement climatique,I,A,Annuel,ST_ANOM,Anomalies des températures de surface,GU,Guam,2007,,0.4,,,,CELSIUS,Degré Celsius (°C),SE,Standard error,0.1,,N,National,,
DATAFLOW,SPC:DF_CLIMATE_CHANGE(1.0),Indicateurs du changement climatique,I,A,Annuel,ST_ANOM,Anomalies des températures de surface,GU,Guam,2008,,0.5,,,,CELSIUS,Degré Celsius (°C),SE,Standard error,0.0,,N,National,,
DATAFLOW,SPC:DF_CLIMATE_CHANGE(1.0),Indicateurs du changement climatique,I,A,Annuel,ST_ANOM,Anomalies des températures de surface,GU,Guam,2009,,0.4,,,,CELSIUS,Degré Celsius (°C),SE,Standard error,0.1,,N,National,,
DATAFLOW,SPC:DF_CLIMATE_CHANGE(1.0),Indicateurs du changement climatique,I,A,Annuel,ST_ANOM,Anomalies des températures de surface,GU,Guam,2010,,0.3,,,,CELSIUS,Degré Celsius (°C),SE,Standard error,0.1,,N,National,,
DATAFLOW,SPC:DF_CLIMATE_CHANGE(1.0),Indicateurs du changement climatique,I,A,Annuel,ST_ANOM,Anomalies des températures de surface,GU,Guam,2011,,0.5,,,,CELSIUS,Degré Celsius (°C),SE,Standard error,0.1,,N,National,,
DATAFLOW,SPC:DF_CLIMATE_CHANGE(1.0),Indicateurs du changement climatique,I,A,Annuel,ST_ANOM,Anomalies des températures de surface,GU,Guam,2012,,0.4,,,,CELSIUS,Degré Celsius (°C),SE,Standard error,0.1,,N,National,,
DATAFLOW,SPC:DF_CLIMATE_CHANGE(1.0),Indicateurs du changement climatique,I,A,Annuel,ST_ANOM,Anomalies des températures de surface,GU,Guam,2013,,0.5,,,,CELSIUS,Degré Celsius (°C),SE,Standard error,0.0,,N,National,,
DATAFLOW,SPC:DF_CLIMATE_CHANGE(1.0),Indicateurs du changement climatique,I,A,Annuel,ST_ANOM,Anomalies des températures de surface,GU,Guam,2014,,0.5,,,,CELSIUS,Degré Celsius (°C),SE,Standard error,0.0,,N,National,,
DATAFLOW,SPC:DF_CLIMATE_CHANGE(1.0),Indicateurs du changement climatique,I,A,Annuel,ST_ANOM,Anomalies des températures de surface,GU,Guam,2015,,0.2,,,,CELSIUS,Degré Celsius (°C),SE,Standard error,0.0,,N,National,,
DATAFLOW,SPC:DF_CLIMATE_CHANGE(1.0),Indicateurs du changement climatique,I,A,Annuel,ST_ANOM,Anomalies des températures de surface,GU,Guam,2016,,0.4,,,,CELSIUS,Degré Celsius (°C),SE,Standard error,0.1,,N,National,,
DATAFLOW,SPC:DF_CLIMATE_CHANGE(1.0),Indicateurs du changement climatique,I,A,Annuel,ST_ANOM,Anomalies des températures de surface,GU,Guam,2017,,0.8,,,,CELSIUS,Degré Celsius (°C),SE,Standard error,0.0,,N,National,,
DATAFLOW,SPC:DF_CLIMATE_CHANGE(1.0),Indicateurs du changement climatique,I,A,Annuel,ST_ANOM,Anomalies des températures de surface,GU,Guam,2018,,0.6,,,,CELSIUS,Degré Celsius (°C),SE,Standard error,0.1,,N,National,,
DATAFLOW,SPC:DF_CLIMATE_CHANGE(1.0),Indicateurs du changement climatique,I,A,Annuel,ST_ANOM,Anomalies des températures de surface,GU,Guam,2019,,0.6,,,,CELSIUS,Degré Celsius (°C),SE,Standard error,0.1,,N,National,,
DATAFLOW,SPC:DF_CLIMATE_CHANGE(1.0),Indicateurs du changement climatique,I,A,Annuel,ST_ANOM,Anomalies des températures de surface,GU,Guam,2020,,0.7,,,,CELSIUS,Degré Celsius (°C),SE,Standard error,0.1,,N,National,,
DATAFLOW,SPC:DF_CLIMATE_CHANGE(1.0),Indicateurs du changement climatique,I,A,Annuel,ST_ANOM,Anomalies des températures de surface,GU,Guam,2021,,0.8,,,,CELSIUS,Degré Celsius (°C),SE,Standard error,0.1,,N,National,,
DATAFLOW,SPC:DF_CLIMATE_CHANGE(1.0),Indicateurs du changement climatique,I,A,Annuel,ST_ANOM,Anomalies des températures de surface,GU,Guam,2022,,0.7,,,,CELSIUS,Degré Celsius (°C),SE,Standard error,0.0,,N,National,,
DATAFLOW,SPC:DF_CLIMATE_CHANGE(1.0),Indicateurs du changement climatique,I,A,Annuel,ST_ANOM,Anomalies des températures de surface,GU,Guam,2023,,0.7,,,,CELSIUS,Degré Celsius (°C),SE,Standard error,0.0,,N,National,,
DATAFLOW,SPC:DF_CLIMATE_CHANGE(1.0),Indicateurs du changement climatique,I,A,Annuel,ST_ANOM,Anomalies des températures de surface,GU,Guam,2024,,0.6,,,,CELSIUS,Degré Celsius (°C),SE,Standard error,0.1,,N,National,,
DATAFLOW,SPC:DF_CLIMATE_CHANGE(1.0),Indicateurs du changement climatique,I,A,Annuel,ST_ANOM,Anomalies des températures de surface,GU,Guam,2025,,0.9,,,,CELSIUS,Degré Celsius (°C),SE,Standard error,0.1,,N,National,,
DATAFLOW,SPC:DF_CLIMATE_CHANGE(1.0),Indicateurs du changement climatique,I,A,Annuel,ST_ANOM,Anomalies des températures de surface,PW,Palaos,1850,,0.0,,,,CELSIUS,Degré Celsius (°C),SE,Standard error,0.1,,N,National,,
DATAFLOW,SPC:DF_CLIMATE_CHANGE(1.0),Indicateurs du changement climatique,I,A,Annuel,ST_ANOM,Anomalies des températures de surface,PW,Palaos,1851,,0.0,,,,CELSIUS,Degré Celsius (°C),SE,Standard error,0.0,,N,National,,
DATAFLOW,SPC:DF_CLIMATE_CHANGE(1.0),Indicateurs du changement climatique,I,A,Annuel,ST_ANOM,Anomalies des températures de surface,PW,Palaos,1852,,0.0,,,,CELSIUS,Degré Celsius (°C),SE,Standard error,0.1,,N,National,,
DATAFLOW,SPC:DF_CLIMATE_CHANGE(1.0),Indicateurs du changement climatique,I,A,Annuel,ST_ANOM,Anomalies des températures de surface,PW,Palaos,1853,,0.1,,,,CELSIUS,Degré Celsius (°C),SE,Standard error,0.1,,N,National,,
DATAFLOW,SPC:DF_CLIMATE_CHANGE(1.0),Indicateurs du changement climatique,I,A,Annuel,ST_ANOM,Anomalies des températures de surface,PW,Palaos,1854,,0.2,,,,CELSIUS,Degré Celsius (°C),SE,Standard error,0.2,,N,National,,
DATAFLOW,SPC:DF_CLIMATE_CHANGE(1.0),Indicateurs du changement climatique,I,A,Annuel,ST_ANOM,Anomalies des températures de surface,PW,Palaos,1855,,-0.5,,,,CELSIUS,Degré Celsius (°C),SE,Standard error,0.1,,N,National,,
DATAFLOW,SPC:DF_CLIMATE_CHANGE(1.0),Indicateurs du changement climatique,I,A,Annuel,ST_ANOM,Anomalies des températures de surface,PW,Palaos,1856,,0.0,,,,CELSIUS,Degré Celsius (°C),SE,Standard error,0.0,,N,National,,
DATAFLOW,SPC:DF_CLIMATE_CHANGE(1.0),Indicateurs du changement climatique,I,A,Annuel,ST_ANOM,Anomalies des températures de surface,PW,Palaos,1857,,-0.1,,,,CELSIUS,Degré Celsius (°C),SE,Standard error,0.1,,N,National,,
DATAFLOW,SPC:DF_CLIMATE_CHANGE(1.0),Indicateurs du changement climatique,I,A,Annuel,ST_ANOM,Anomalies des températures de surface,PW,Palaos,1858,,-0.6,,,,CELSIUS,Degré Celsius (°C),SE,Standard error,0.1,,N,National,,
DATAFLOW,SPC:DF_CLIMATE_CHANGE(1.0),Indicateurs du changement climatique,I,A,Annuel,ST_ANOM,Anomalies des températures de surface,PW,Palaos,1859,,0.1,,,,CELSIUS,Degré Celsius (°C),SE,Standard error,0.1,,N,National,,
DATAFLOW,SPC:DF_CLIMATE_CHANGE(1.0),Indicateurs du changement climatique,I,A,Annuel,ST_ANOM,Anomalies des températures de surface,PW,Palaos,1860,,-0.1,,,,CELSIUS,Degré Celsius (°C),SE,Standard error,0.1,,N,National,,
DATAFLOW,SPC:DF_CLIMATE_CHANGE(1.0),Indicateurs du changement climatique,I,A,Annuel,ST_ANOM,Anomalies des températures de surface,PW,Palaos,1861,,-0.6,,,,CELSIUS,Degré Celsius (°C),SE,Standard error,0.1,,N,National,,
DATAFLOW,SPC:DF_CLIMATE_CHANGE(1.0),Indicateurs du changement climatique,I,A,Annuel,ST_ANOM,Anomalies des températures de surface,PW,Palaos,1862,,-0.7,,,,CELSIUS,Degré Celsius (°C),SE,Standard error,0.1,,N,National,,
DATAFLOW,SPC:DF_CLIMATE_CHANGE(1.0),Indicateurs du changement climatique,I,A,Annuel,ST_ANOM,Anomalies des températures de surface,PW,Palaos,1863,,-0.1,,,,CELSIUS,Degré Celsius (°C),SE,Standard error,0.1,,N,National,,
DATAFLOW,SPC:DF_CLIMATE_CHANGE(1.0),Indicateurs du changement climatique,I,A,Annuel,ST_ANOM,Anomalies des températures de surface,PW,Palaos,1864,,-0.1,,,,CELSIUS,Degré Celsius (°C),SE,Standard error,0.1,,N,National,,
DATAFLOW,SPC:DF_CLIMATE_CHANGE(1.0),Indicateurs du changement climatique,I,A,Annuel,ST_ANOM,Anomalies des températures de surface,PW,Palaos,1865,,0.0,,,,CELSIUS,Degré Celsius (°C),SE,Standard error,0.1,,N,National,,
DATAFLOW,SPC:DF_CLIMATE_CHANGE(1.0),Indicateurs du changement climatique,I,A,Annuel,ST_ANOM,Anomalies des températures de surface,PW,Palaos,1866,,-0.1,,,,CELSIUS,Degré Celsius (°C),SE,Standard error,0.1,,N,National,,
DATAFLOW,SPC:DF_CLIMATE_CHANGE(1.0),Indicateurs du changement climatique,I,A,Annuel,ST_ANOM,Anomalies des températures de surface,PW,Palaos,1867,,-0.2,,,,CELSIUS,Degré Celsius (°C),SE,Standard error,0.1,,N,National,,
DATAFLOW,SPC:DF_CLIMATE_CHANGE(1.0),Indicateurs du changement climatique,I,A,Annuel,ST_ANOM,Anomalies des températures de surface,PW,Palaos,1868,,-0.2,,,,CELSIUS,Degré Celsius (°C),SE,Standard error,0.2,,N,National,,
DATAFLOW,SPC:DF_CLIMATE_CHANGE(1.0),Indicateurs du changement climatique,I,A,Annuel,ST_ANOM,Anomalies des températures de surface,PW,Palaos,1869,,0.3,,,,CELSIUS,Degré Celsius (°C),SE,Standard error,0.1,,N,National,,
DATAFLOW,SPC:DF_CLIMATE_CHANGE(1.0),Indicateurs du changement climatique,I,A,Annuel,ST_ANOM,Anomalies des températures de surface,PW,Palaos,1870,,0.2,,,,CELSIUS,Degré Celsius (°C),SE,Standard error,0.1,,N,National,,
DATAFLOW,SPC:DF_CLIMATE_CHANGE(1.0),Indicateurs du changement climatique,I,A,Annuel,ST_ANOM,Anomalies des températures de surface,PW,Palaos,1871,,-0.1,,,,CELSIUS,Degré Celsius (°C),SE,Standard error,0.1,,N,National,,
DATAFLOW,SPC:DF_CLIMATE_CHANGE(1.0),Indicateurs du changement climatique,I,A,Annuel,ST_ANOM,Anomalies des températures de surface,PW,Palaos,1872,,0.1,,,,CELSIUS,Degré Celsius (°C),SE,Standard error,0.1,,N,National,,
DATAFLOW,SPC:DF_CLIMATE_CHANGE(1.0),Indicateurs du changement climatique,I,A,Annuel,ST_ANOM,Anomalies des températures de surface,PW,Palaos,1873,,0.3,,,,CELSIUS,Degré Celsius (°C),SE,Standard error,0.0,,N,National,,
DATAFLOW,SPC:DF_CLIMATE_CHANGE(1.0),Indicateurs du changement climatique,I,A,Annuel,ST_ANOM,Anomalies des températures de surface,PW,Palaos,1874,,0.0,,,,CELSIUS,Degré Celsius (°C),SE,Standard error,0.0,,N,National,,
DATAFLOW,SPC:DF_CLIMATE_CHANGE(1.0),Indicateurs du changement climatique,I,A,Annuel,ST_ANOM,Anomalies des températures de surface,PW,Palaos,1875,,-0.2,,,,CELSIUS,Degré Celsius (°C),SE,Standard error,0.1,,N,National,,
DATAFLOW,SPC:DF_CLIMATE_CHANGE(1.0),Indicateurs du changement climatique,I,A,Annuel,ST_ANOM,Anomalies des températures de surface,PW,Palaos,1876,,0.0,,,,CELSIUS,Degré Celsius (°C),SE,Standard error,0.1,,N,National,,
DATAFLOW,SPC:DF_CLIMATE_CHANGE(1.0),Indicateurs du changement climatique,I,A,Annuel,ST_ANOM,Anomalies des températures de surface,PW,Palaos,1877,,0.0,,,,CELSIUS,Degré Celsius (°C),SE,Standard error,0.1,,N,National,,
DATAFLOW,SPC:DF_CLIMATE_CHANGE(1.0),Indicateurs du changement climatique,I,A,Annuel,ST_ANOM,Anomalies des températures de surface,PW,Palaos,1878,,0.4,,,,CELSIUS,Degré Celsius (°C),SE,Standard error,0.1,,N,National,,
DATAFLOW,SPC:DF_CLIMATE_CHANGE(1.0),Indicateurs du changement climatique,I,A,Annuel,ST_ANOM,Anomalies des températures de surface,PW,Palaos,1879,,0.0,,,,CELSIUS,Degré Celsius (°C),SE,Standard error,0.1,,N,National,,
DATAFLOW,SPC:DF_CLIMATE_CHANGE(1.0),Indicateurs du changement climatique,I,A,Annuel,ST_ANOM,Anomalies des températures de surface,PW,Palaos,1880,,-0.2,,,,CELSIUS,Degré Celsius (°C),SE,Standard error,0.1,,N,National,,
DATAFLOW,SPC:DF_CLIMATE_CHANGE(1.0),Indicateurs du changement climatique,I,A,Annuel,ST_ANOM,Anomalies des températures de surface,PW,Palaos,1881,,-0.1,,,,CELSIUS,Degré Celsius (°C),SE,Standard error,0.1,,N,National,,
DATAFLOW,SPC:DF_CLIMATE_CHANGE(1.0),Indicateurs du changement climatique,I,A,Annuel,ST_ANOM,Anomalies des températures de surface,PW,Palaos,1882,,-0.1,,,,CELSIUS,Degré Celsius (°C),SE,Standard error,0.1,,N,National,,
DATAFLOW,SPC:DF_CLIMATE_CHANGE(1.0),Indicateurs du changement climatique,I,A,Annuel,ST_ANOM,Anomalies des températures de surface,PW,Palaos,1883,,-0.6,,,,CELSIUS,Degré Celsius (°C),SE,Standard error,0.1,,N,National,,
DATAFLOW,SPC:DF_CLIMATE_CHANGE(1.0),Indicateurs du changement climatique,I,A,Annuel,ST_ANOM,Anomalies des températures de surface,PW,Palaos,1884,,-1.0,,,,CELSIUS,Degré Celsius (°C),SE,Standard error,0.1,,N,National,,
DATAFLOW,SPC:DF_CLIMATE_CHANGE(1.0),Indicateurs du changement climatique,I,A,Annuel,ST_ANOM,Anomalies des températures de surface,PW,Palaos,1885,,-0.5,,,,CELSIUS,Degré Celsius (°C),SE,Standard error,0.1,,N,National,,
DATAFLOW,SPC:DF_CLIMATE_CHANGE(1.0),Indicateurs du changement climatique,I,A,Annuel,ST_ANOM,Anomalies des températures de surface,PW,Palaos,1886,,-0.2,,,,CELSIUS,Degré Celsius (°C),SE,Standard error,0.1,,N,National,,
DATAFLOW,SPC:DF_CLIMATE_CHANGE(1.0),Indicateurs du changement climatique,I,A,Annuel,ST_ANOM,Anomalies des températures de surface,PW,Palaos,1887,,0.1,,,,CELSIUS,Degré Celsius (°C),SE,Standard error,0.1,,N,National,,
DATAFLOW,SPC:DF_CLIMATE_CHANGE(1.0),Indicateurs du changement climatique,I,A,Annuel,ST_ANOM,Anomalies des températures de surface,PW,Palaos,1888,,0.0,,,,CELSIUS,Degré Celsius (°C),SE,Standard error,0.1,,N,National,,
DATAFLOW,SPC:DF_CLIMATE_CHANGE(1.0),Indicateurs du changement climatique,I,A,Annuel,ST_ANOM,Anomalies des températures de surface,PW,Palaos,1889,,0.3,,,,CELSIUS,Degré Celsius (°C),SE,Standard error,0.1,,N,National,,
DATAFLOW,SPC:DF_CLIMATE_CHANGE(1.0),Indicateurs du changement climatique,I,A,Annuel,ST_ANOM,Anomalies des températures de surface,PW,Palaos,1890,,0.1,,,,CELSIUS,Degré Celsius (°C),SE,Standard error,0.1,,N,National,,
DATAFLOW,SPC:DF_CLIMATE_CHANGE(1.0),Indicateurs du changement climatique,I,A,Annuel,ST_ANOM,Anomalies des températures de surface,PW,Palaos,1891,,0.2,,,,CELSIUS,Degré Celsius (°C),SE,Standard error,0.1,,N,National,,
DATAFLOW,SPC:DF_CLIMATE_CHANGE(1.0),Indicateurs du changement climatique,I,A,Annuel,ST_ANOM,Anomalies des températures de surface,PW,Palaos,1892,,0.0,,,,CELSIUS,Degré Celsius (°C),SE,Standard error,0.1,,N,National,,
DATAFLOW,SPC:DF_CLIMATE_CHANGE(1.0),Indicateurs du changement climatique,I,A,Annuel,ST_ANOM,Anomalies des températures de surface,PW,Palaos,1893,,-0.1,,,,CELSIUS,Degré Celsius (°C),SE,Standard error,0.1,,N,National,,
DATAFLOW,SPC:DF_CLIMATE_CHANGE(1.0),Indicateurs du changement climatique,I,A,Annuel,ST_ANOM,Anomalies des températures de surface,PW,Palaos,1894,,-0.2,,,,CELSIUS,Degré Celsius (°C),SE,Standard error,0.0,,N,National,,
DATAFLOW,SPC:DF_CLIMATE_CHANGE(1.0),Indicateurs du changement climatique,I,A,Annuel,ST_ANOM,Anomalies des températures de surface,PW,Palaos,1895,,-0.1,,,,CELSIUS,Degré Celsius (°C),SE,Standard error,0.1,,N,National,,
DATAFLOW,SPC:DF_CLIMATE_CHANGE(1.0),Indicateurs du changement climatique,I,A,Annuel,ST_ANOM,Anomalies des températures de surface,PW,Palaos,1896,,-0.3,,,,CELSIUS,Degré Celsius (°C),SE,Standard error,0.1,,N,National,,
DATAFLOW,SPC:DF_CLIMATE_CHANGE(1.0),Indicateurs du changement climatique,I,A,Annuel,ST_ANOM,Anomalies des températures de surface,PW,Palaos,1897,,0.3,,,,CELSIUS,Degré Celsius (°C),SE,Standard error,0.1,,N,National,,
DATAFLOW,SPC:DF_CLIMATE_CHANGE(1.0),Indicateurs du changement climatique,I,A,Annuel,ST_ANOM,Anomalies des températures de surface,PW,Palaos,1898,,-0.1,,,,CELSIUS,Degré Celsius (°C),SE,Standard error,0.1,,N,National,,
DATAFLOW,SPC:DF_CLIMATE_CHANGE(1.0),Indicateurs du changement climatique,I,A,Annuel,ST_ANOM,Anomalies des températures de surface,PW,Palaos,1899,,-0.4,,,,CELSIUS,Degré Celsius (°C),SE,Standard error,0.1,,N,National,,
DATAFLOW,SPC:DF_CLIMATE_CHANGE(1.0),Indicateurs du changement climatique,I,A,Annuel,ST_ANOM,Anomalies des températures de surface,PW,Palaos,1900,,-0.1,,,,CELSIUS,Degré Celsius (°C),SE,Standard error,0.1,,N,National,,
DATAFLOW,SPC:DF_CLIMATE_CHANGE(1.0),Indicateurs du changement climatique,I,A,Annuel,ST_ANOM,Anomalies des températures de surface,PW,Palaos,1901,,-0.4,,,,CELSIUS,Degré Celsius (°C),SE,Standard error,0.1,,N,National,,
DATAFLOW,SPC:DF_CLIMATE_CHANGE(1.0),Indicateurs du changement climatique,I,A,Annuel,ST_ANOM,Anomalies des températures de surface,PW,Palaos,1902,,-0.6,,,,CELSIUS,Degré Celsius (°C),SE,Standard error,0.1,,N,National,,
DATAFLOW,SPC:DF_CLIMATE_CHANGE(1.0),Indicateurs du changement climatique,I,A,Annuel,ST_ANOM,Anomalies des températures de surface,PW,Palaos,1903,,-0.5,,,,CELSIUS,Degré Celsius (°C),SE,Standard error,0.1,,N,National,,
DATAFLOW,SPC:DF_CLIMATE_CHANGE(1.0),Indicateurs du changement climatique,I,A,Annuel,ST_ANOM,Anomalies des températures de surface,PW,Palaos,1904,,-0.7,,,,CELSIUS,Degré Celsius (°C),SE,Standard error,0.1,,N,National,,
DATAFLOW,SPC:DF_CLIMATE_CHANGE(1.0),Indicateurs du changement climatique,I,A,Annuel,ST_ANOM,Anomalies des températures de surface,PW,Palaos,1905,,-0.8,,,,CELSIUS,Degré Celsius (°C),SE,Standard error,0.1,,N,National,,
DATAFLOW,SPC:DF_CLIMATE_CHANGE(1.0),Indicateurs du changement climatique,I,A,Annuel,ST_ANOM,Anomalies des températures de surface,PW,Palaos,1906,,-0.4,,,,CELSIUS,Degré Celsius (°C),SE,Standard error,0.1,,N,National,,
DATAFLOW,SPC:DF_CLIMATE_CHANGE(1.0),Indicateurs du changement climatique,I,A,Annuel,ST_ANOM,Anomalies des températures de surface,PW,Palaos,1907,,-0.5,,,,CELSIUS,Degré Celsius (°C),SE,Standard error,0.1,,N,National,,
DATAFLOW,SPC:DF_CLIMATE_CHANGE(1.0),Indicateurs du changement climatique,I,A,Annuel,ST_ANOM,Anomalies des températures de surface,PW,Palaos,1908,,-0.3,,,,CELSIUS,Degré Celsius (°C),SE,Standard error,0.1,,N,National,,
DATAFLOW,SPC:DF_CLIMATE_CHANGE(1.0),Indicateurs du changement climatique,I,A,Annuel,ST_ANOM,Anomalies des températures de surface,PW,Palaos,1909,,-0.4,,,,CELSIUS,Degré Celsius (°C),SE,Standard error,0.1,,N,National,,
DATAFLOW,SPC:DF_CLIMATE_CHANGE(1.0),Indicateurs du changement climatique,I,A,Annuel,ST_ANOM,Anomalies des températures de surface,PW,Palaos,1910,,-0.3,,,,CELSIUS,Degré Celsius (°C),SE,Standard error,0.1,,N,National,,
DATAFLOW,SPC:DF_CLIMATE_CHANGE(1.0),Indicateurs du changement climatique,I,A,Annuel,ST_ANOM,Anomalies des températures de surface,PW,Palaos,1911,,-0.6,,,,CELSIUS,Degré Celsius (°C),SE,Standard error,0.1,,N,National,,
DATAFLOW,SPC:DF_CLIMATE_CHANGE(1.0),Indicateurs du changement climatique,I,A,Annuel,ST_ANOM,Anomalies des températures de surface,PW,Palaos,1912,,-0.7,,,,CELSIUS,Degré Celsius (°C),SE,Standard error,0.0,,N,National,,
DATAFLOW,SPC:DF_CLIMATE_CHANGE(1.0),Indicateurs du changement climatique,I,A,Annuel,ST_ANOM,Anomalies des températures de surface,PW,Palaos,1913,,-0.8,,,,CELSIUS,Degré Celsius (°C),SE,Standard error,0.1,,N,National,,
DATAFLOW,SPC:DF_CLIMATE_CHANGE(1.0),Indicateurs du changement climatique,I,A,Annuel,ST_ANOM,Anomalies des températures de surface,PW,Palaos,1914,,-0.6,,,,CELSIUS,Degré Celsius (°C),SE,Standard error,0.1,,N,National,,
DATAFLOW,SPC:DF_CLIMATE_CHANGE(1.0),Indicateurs du changement climatique,I,A,Annuel,ST_ANOM,Anomalies des températures de surface,PW,Palaos,1915,,-0.3,,,,CELSIUS,Degré Celsius (°C),SE,Standard error,0.1,,N,National,,
DATAFLOW,SPC:DF_CLIMATE_CHANGE(1.0),Indicateurs du changement climatique,I,A,Annuel,ST_ANOM,Anomalies des températures de surface,PW,Palaos,1916,,-0.2,,,,CELSIUS,Degré Celsius (°C),SE,Standard error,0.1,,N,National,,
DATAFLOW,SPC:DF_CLIMATE_CHANGE(1.0),Indicateurs du changement climatique,I,A,Annuel,ST_ANOM,Anomalies des températures de surface,PW,Palaos,1917,,-0.3,,,,CELSIUS,Degré Celsius (°C),SE,Standard error,0.1,,N,National,,
DATAFLOW,SPC:DF_CLIMATE_CHANGE(1.0),Indicateurs du changement climatique,I,A,Annuel,ST_ANOM,Anomalies des températures de surface,PW,Palaos,1918,,-1.0,,,,CELSIUS,Degré Celsius (°C),SE,Standard error,0.1,,N,National,,
DATAFLOW,SPC:DF_CLIMATE_CHANGE(1.0),Indicateurs du changement climatique,I,A,Annuel,ST_ANOM,Anomalies des températures de surface,PW,Palaos,1919,,-0.7,,,,CELSIUS,Degré Celsius (°C),SE,Standard error,0.1,,N,National,,
DATAFLOW,SPC:DF_CLIMATE_CHANGE(1.0),Indicateurs du changement climatique,I,A,Annuel,ST_ANOM,Anomalies des températures de surface,PW,Palaos,1920,,-0.7,,,,CELSIUS,Degré Celsius (°C),SE,Standard error,0.1,,N,National,,
DATAFLOW,SPC:DF_CLIMATE_CHANGE(1.0),Indicateurs du changement climatique,I,A,Annuel,ST_ANOM,Anomalies des températures de surface,PW,Palaos,1921,,-0.1,,,,CELSIUS,Degré Celsius (°C),SE,Standard error,0.0,,N,National,,
DATAFLOW,SPC:DF_CLIMATE_CHANGE(1.0),Indicateurs du changement climatique,I,A,Annuel,ST_ANOM,Anomalies des températures de surface,PW,Palaos,1922,,-0.2,,,,CELSIUS,Degré Celsius (°C),SE,Standard error,0.1,,N,National,,
DATAFLOW,SPC:DF_CLIMATE_CHANGE(1.0),Indicateurs du changement climatique,I,A,Annuel,ST_ANOM,Anomalies des températures de surface,PW,Palaos,1923,,-0.5,,,,CELSIUS,Degré Celsius (°C),SE,Standard error,0.1,,N,National,,
DATAFLOW,SPC:DF_CLIMATE_CHANGE(1.0),Indicateurs du changement climatique,I,A,Annuel,ST_ANOM,Anomalies des températures de surface,PW,Palaos,1924,,-0.4,,,,CELSIUS,Degré Celsius (°C),SE,Standard error,0.1,,N,National,,
DATAFLOW,SPC:DF_CLIMATE_CHANGE(1.0),Indicateurs du changement climatique,I,A,Annuel,ST_ANOM,Anomalies des températures de surface,PW,Palaos,1925,,-0.3,,,,CELSIUS,Degré Celsius (°C),SE,Standard error,0.0,,N,National,,
DATAFLOW,SPC:DF_CLIMATE_CHANGE(1.0),Indicateurs du changement climatique,I,A,Annuel,ST_ANOM,Anomalies des températures de surface,PW,Palaos,1926,,-0.4,,,,CELSIUS,Degré Celsius (°C),SE,Standard error,0.0,,N,National,,
DATAFLOW,SPC:DF_CLIMATE_CHANGE(1.0),Indicateurs du changement climatique,I,A,Annuel,ST_ANOM,Anomalies des températures de surface,PW,Palaos,1927,,-0.2,,,,CELSIUS,Degré Celsius (°C),SE,Standard error,0.1,,N,National,,
DATAFLOW,SPC:DF_CLIMATE_CHANGE(1.0),Indicateurs du changement climatique,I,A,Annuel,ST_ANOM,Anomalies des températures de surface,PW,Palaos,1928,,-0.4,,,,CELSIUS,Degré Celsius (°C),SE,Standard error,0.1,,N,National,,
DATAFLOW,SPC:DF_CLIMATE_CHANGE(1.0),Indicateurs du changement climatique,I,A,Annuel,ST_ANOM,Anomalies des températures de surface,PW,Palaos,1929,,-0.6,,,,CELSIUS,Degré Celsius (°C),SE,Standard error,0.1,,N,National,,
DATAFLOW,SPC:DF_CLIMATE_CHANGE(1.0),Indicateurs du changement climatique,I,A,Annuel,ST_ANOM,Anomalies des températures de surface,PW,Palaos,1930,,-0.5,,,,CELSIUS,Degré Celsius (°C),SE,Standard error,0.1,,N,National,,
DATAFLOW,SPC:DF_CLIMATE_CHANGE(1.0),Indicateurs du changement climatique,I,A,Annuel,ST_ANOM,Anomalies des températures de surface,PW,Palaos,1931,,-0.3,,,,CELSIUS,Degré Celsius (°C),SE,Standard error,0.0,,N,National,,
DATAFLOW,SPC:DF_CLIMATE_CHANGE(1.0),Indicateurs du changement climatique,I,A,Annuel,ST_ANOM,Anomalies des températures de surface,PW,Palaos,1932,,-0.5,,,,CELSIUS,Degré Celsius (°C),SE,Standard error,0.0,,N,National,,
DATAFLOW,SPC:DF_CLIMATE_CHANGE(1.0),Indicateurs du changement climatique,I,A,Annuel,ST_ANOM,Anomalies des températures de surface,PW,Palaos,1933,,-0.4,,,,CELSIUS,Degré Celsius (°C),SE,Standard error,0.0,,N,National,,
DATAFLOW,SPC:DF_CLIMATE_CHANGE(1.0),Indicateurs du changement climatique,I,A,Annuel,ST_ANOM,Anomalies des températures de surface,PW,Palaos,1934,,-0.5,,,,CELSIUS,Degré Celsius (°C),SE,Standard error,0.1,,N,National,,
DATAFLOW,SPC:DF_CLIMATE_CHANGE(1.0),Indicateurs du changement climatique,I,A,Annuel,ST_ANOM,Anomalies des températures de surface,PW,Palaos,1935,,-0.6,,,,CELSIUS,Degré Celsius (°C),SE,Standard error,0.0,,N,National,,
DATAFLOW,SPC:DF_CLIMATE_CHANGE(1.0),Indicateurs du changement climatique,I,A,Annuel,ST_ANOM,Anomalies des températures de surface,PW,Palaos,1936,,-0.5,,,,CELSIUS,Degré Celsius (°C),SE,Standard error,0.0,,N,National,,
DATAFLOW,SPC:DF_CLIMATE_CHANGE(1.0),Indicateurs du changement climatique,I,A,Annuel,ST_ANOM,Anomalies des températures de surface,PW,Palaos,1937,,-0.3,,,,CELSIUS,Degré Celsius (°C),SE,Standard error,0.1,,N,National,,
DATAFLOW,SPC:DF_CLIMATE_CHANGE(1.0),Indicateurs du changement climatique,I,A,Annuel,ST_ANOM,Anomalies des températures de surface,PW,Palaos,1938,,-0.3,,,,CELSIUS,Degré Celsius (°C),SE,Standard error,0.1,,N,National,,
DATAFLOW,SPC:DF_CLIMATE_CHANGE(1.0),Indicateurs du changement climatique,I,A,Annuel,ST_ANOM,Anomalies des températures de surface,PW,Palaos,1939,,-0.3,,,,CELSIUS,Degré Celsius (°C),SE,Standard error,0.0,,N,National,,
DATAFLOW,SPC:DF_CLIMATE_CHANGE(1.0),Indicateurs du changement climatique,I,A,Annuel,ST_ANOM,Anomalies des températures de surface,PW,Palaos,1940,,-0.4,,,,CELSIUS,Degré Celsius (°C),SE,Standard error,0.1,,N,National,,
DATAFLOW,SPC:DF_CLIMATE_CHANGE(1.0),Indicateurs du changement climatique,I,A,Annuel,ST_ANOM,Anomalies des températures de surface,PW,Palaos,1941,,-0.3,,,,CELSIUS,Degré Celsius (°C),SE,Standard error,0.1,,N,National,,
DATAFLOW,SPC:DF_CLIMATE_CHANGE(1.0),Indicateurs du changement climatique,I,A,Annuel,ST_ANOM,Anomalies des températures de surface,PW,Palaos,1942,,-0.2,,,,CELSIUS,Degré Celsius (°C),SE,Standard error,0.1,,N,National,,
DATAFLOW,SPC:DF_CLIMATE_CHANGE(1.0),Indicateurs du changement climatique,I,A,Annuel,ST_ANOM,Anomalies des températures de surface,PW,Palaos,1943,,0.1,,,,CELSIUS,Degré Celsius (°C),SE,Standard error,0.1,,N,National,,
DATAFLOW,SPC:DF_CLIMATE_CHANGE(1.0),Indicateurs du changement climatique,I,A,Annuel,ST_ANOM,Anomalies des températures de surface,PW,Palaos,1944,,0.1,,,,CELSIUS,Degré Celsius (°C),SE,Standard error,0.1,,N,National,,
DATAFLOW,SPC:DF_CLIMATE_CHANGE(1.0),Indicateurs du changement climatique,I,A,Annuel,ST_ANOM,Anomalies des températures de surface,PW,Palaos,1945,,0.3,,,,CELSIUS,Degré Celsius (°C),SE,Standard error,0.1,,N,National,,
DATAFLOW,SPC:DF_CLIMATE_CHANGE(1.0),Indicateurs du changement climatique,I,A,Annuel,ST_ANOM,Anomalies des températures de surface,PW,Palaos,1946,,0.2,,,,CELSIUS,Degré Celsius (°C),SE,Standard error,0.2,,N,National,,
DATAFLOW,SPC:DF_CLIMATE_CHANGE(1.0),Indicateurs du changement climatique,I,A,Annuel,ST_ANOM,Anomalies des températures de surface,PW,Palaos,1947,,-0.1,,,,CELSIUS,Degré Celsius (°C),SE,Standard error,0.1,,N,National,,
DATAFLOW,SPC:DF_CLIMATE_CHANGE(1.0),Indicateurs du changement climatique,I,A,Annuel,ST_ANOM,Anomalies des températures de surface,PW,Palaos,1948,,-0.3,,,,CELSIUS,Degré Celsius (°C),SE,Standard error,0.1,,N,National,,
DATAFLOW,SPC:DF_CLIMATE_CHANGE(1.0),Indicateurs du changement climatique,I,A,Annuel,ST_ANOM,Anomalies des températures de surface,PW,Palaos,1949,,-0.4,,,,CELSIUS,Degré Celsius (°C),SE,Standard error,0.1,,N,National,,
DATAFLOW,SPC:DF_CLIMATE_CHANGE(1.0),Indicateurs du changement climatique,I,A,Annuel,ST_ANOM,Anomalies des températures de surface,PW,Palaos,1950,,-0.2,,,,CELSIUS,Degré Celsius (°C),SE,Standard error,0.1,,N,National,,
DATAFLOW,SPC:DF_CLIMATE_CHANGE(1.0),Indicateurs du changement climatique,I,A,Annuel,ST_ANOM,Anomalies des températures de surface,PW,Palaos,1951,,-0.3,,,,CELSIUS,Degré Celsius (°C),SE,Standard error,0.1,,N,National,,
DATAFLOW,SPC:DF_CLIMATE_CHANGE(1.0),Indicateurs du changement climatique,I,A,Annuel,ST_ANOM,Anomalies des températures de surface,PW,Palaos,1952,,-0.4,,,,CELSIUS,Degré Celsius (°C),SE,Standard error,0.1,,N,National,,
DATAFLOW,SPC:DF_CLIMATE_CHANGE(1.0),Indicateurs du changement climatique,I,A,Annuel,ST_ANOM,Anomalies des températures de surface,PW,Palaos,1953,,-0.2,,,,CELSIUS,Degré Celsius (°C),SE,Standard error,0.1,,N,National,,
DATAFLOW,SPC:DF_CLIMATE_CHANGE(1.0),Indicateurs du changement climatique,I,A,Annuel,ST_ANOM,Anomalies des températures de surface,PW,Palaos,1954,,-0.1,,,,CELSIUS,Degré Celsius (°C),SE,Standard error,0.1,,N,National,,
DATAFLOW,SPC:DF_CLIMATE_CHANGE(1.0),Indicateurs du changement climatique,I,A,Annuel,ST_ANOM,Anomalies des températures de surface,PW,Palaos,1955,,-0.3,,,,CELSIUS,Degré Celsius (°C),SE,Standard error,0.1,,N,National,,
DATAFLOW,SPC:DF_CLIMATE_CHANGE(1.0),Indicateurs du changement climatique,I,A,Annuel,ST_ANOM,Anomalies des températures de surface,PW,Palaos,1956,,-0.3,,,,CELSIUS,Degré Celsius (°C),SE,Standard error,0.1,,N,National,,
DATAFLOW,SPC:DF_CLIMATE_CHANGE(1.0),Indicateurs du changement climatique,I,A,Annuel,ST_ANOM,Anomalies des températures de surface,PW,Palaos,1957,,-0.2,,,,CELSIUS,Degré Celsius (°C),SE,Standard error,0.0,,N,National,,
DATAFLOW,SPC:DF_CLIMATE_CHANGE(1.0),Indicateurs du changement climatique,I,A,Annuel,ST_ANOM,Anomalies des températures de surface,PW,Palaos,1958,,-0.5,,,,CELSIUS,Degré Celsius (°C),SE,Standard error,0.0,,N,National,,
DATAFLOW,SPC:DF_CLIMATE_CHANGE(1.0),Indicateurs du changement climatique,I,A,Annuel,ST_ANOM,Anomalies des températures de surface,PW,Palaos,1959,,-0.4,,,,CELSIUS,Degré Celsius (°C),SE,Standard error,0.0,,N,National,,
DATAFLOW,SPC:DF_CLIMATE_CHANGE(1.0),Indicateurs du changement climatique,I,A,Annuel,ST_ANOM,Anomalies des températures de surface,PW,Palaos,1960,,-0.1,,,,CELSIUS,Degré Celsius (°C),SE,Standard error,0.0,,N,National,,
DATAFLOW,SPC:DF_CLIMATE_CHANGE(1.0),Indicateurs du changement climatique,I,A,Annuel,ST_ANOM,Anomalies des températures de surface,PW,Palaos,1961,,-0.3,,,,CELSIUS,Degré Celsius (°C),SE,Standard error,0.1,,N,National,,
DATAFLOW,SPC:DF_CLIMATE_CHANGE(1.0),Indicateurs du changement climatique,I,A,Annuel,ST_ANOM,Anomalies des températures de surface,PW,Palaos,1962,,-0.3,,,,CELSIUS,Degré Celsius (°C),SE,Standard error,0.0,,N,National,,
DATAFLOW,SPC:DF_CLIMATE_CHANGE(1.0),Indicateurs du changement climatique,I,A,Annuel,ST_ANOM,Anomalies des températures de surface,PW,Palaos,1963,,-0.4,,,,CELSIUS,Degré Celsius (°C),SE,Standard error,0.0,,N,National,,
DATAFLOW,SPC:DF_CLIMATE_CHANGE(1.0),Indicateurs du changement climatique,I,A,Annuel,ST_ANOM,Anomalies des températures de surface,PW,Palaos,1964,,-0.1,,,,CELSIUS,Degré Celsius (°C),SE,Standard error,0.0,,N,National,,
DATAFLOW,SPC:DF_CLIMATE_CHANGE(1.0),Indicateurs du changement climatique,I,A,Annuel,ST_ANOM,Anomalies des températures de surface,PW,Palaos,1965,,-0.5,,,,CELSIUS,Degré Celsius (°C),SE,Standard error,0.1,,N,National,,
DATAFLOW,SPC:DF_CLIMATE_CHANGE(1.0),Indicateurs du changement climatique,I,A,Annuel,ST_ANOM,Anomalies des températures de surface,PW,Palaos,1966,,-0.4,,,,CELSIUS,Degré Celsius (°C),SE,Standard error,0.1,,N,National,,
DATAFLOW,SPC:DF_CLIMATE_CHANGE(1.0),Indicateurs du changement climatique,I,A,Annuel,ST_ANOM,Anomalies des températures de surface,PW,Palaos,1967,,-0.5,,,,CELSIUS,Degré Celsius (°C),SE,Standard error,0.1,,N,National,,
DATAFLOW,SPC:DF_CLIMATE_CHANGE(1.0),Indicateurs du changement climatique,I,A,Annuel,ST_ANOM,Anomalies des températures de surface,PW,Palaos,1968,,-0.3,,,,CELSIUS,Degré Celsius (°C),SE,Standard error,0.1,,N,National,,
DATAFLOW,SPC:DF_CLIMATE_CHANGE(1.0),Indicateurs du changement climatique,I,A,Annuel,ST_ANOM,Anomalies des températures de surface,PW,Palaos,1969,,-0.2,,,,CELSIUS,Degré Celsius (°C),SE,Standard error,0.1,,N,National,,
DATAFLOW,SPC:DF_CLIMATE_CHANGE(1.0),Indicateurs du changement climatique,I,A,Annuel,ST_ANOM,Anomalies des températures de surface,PW,Palaos,1970,,0.0,,,,CELSIUS,Degré Celsius (°C),SE,Standard error,0.0,,N,National,,
DATAFLOW,SPC:DF_CLIMATE_CHANGE(1.0),Indicateurs du changement climatique,I,A,Annuel,ST_ANOM,Anomalies des températures de surface,PW,Palaos,1971,,-0.2,,,,CELSIUS,Degré Celsius (°C),SE,Standard error,0.1,,N,National,,
DATAFLOW,SPC:DF_CLIMATE_CHANGE(1.0),Indicateurs du changement climatique,I,A,Annuel,ST_ANOM,Anomalies des températures de surface,PW,Palaos,1972,,-0.4,,,,CELSIUS,Degré Celsius (°C),SE,Standard error,0.1,,N,National,,
DATAFLOW,SPC:DF_CLIMATE_CHANGE(1.0),Indicateurs du changement climatique,I,A,Annuel,ST_ANOM,Anomalies des températures de surface,PW,Palaos,1973,,-0.1,,,,CELSIUS,Degré Celsius (°C),SE,Standard error,0.1,,N,National,,
DATAFLOW,SPC:DF_CLIMATE_CHANGE(1.0),Indicateurs du changement climatique,I,A,Annuel,ST_ANOM,Anomalies des températures de surface,PW,Palaos,1974,,-0.2,,,,CELSIUS,Degré Celsius (°C),SE,Standard error,0.1,,N,National,,
DATAFLOW,SPC:DF_CLIMATE_CHANGE(1.0),Indicateurs du changement climatique,I,A,Annuel,ST_ANOM,Anomalies des températures de surface,PW,Palaos,1975,,-0.2,,,,CELSIUS,Degré Celsius (°C),SE,Standard error,0.1,,N,National,,
DATAFLOW,SPC:DF_CLIMATE_CHANGE(1.0),Indicateurs du changement climatique,I,A,Annuel,ST_ANOM,Anomalies des températures de surface,PW,Palaos,1976,,-0.4,,,,CELSIUS,Degré Celsius (°C),SE,Standard error,0.1,,N,National,,
DATAFLOW,SPC:DF_CLIMATE_CHANGE(1.0),Indicateurs du changement climatique,I,A,Annuel,ST_ANOM,Anomalies des températures de surface,PW,Palaos,1977,,-0.2,,,,CELSIUS,Degré Celsius (°C),SE,Standard error,0.0,,N,National,,
DATAFLOW,SPC:DF_CLIMATE_CHANGE(1.0),Indicateurs du changement climatique,I,A,Annuel,ST_ANOM,Anomalies des températures de surface,PW,Palaos,1978,,-0.1,,,,CELSIUS,Degré Celsius (°C),SE,Standard error,0.1,,N,National,,
DATAFLOW,SPC:DF_CLIMATE_CHANGE(1.0),Indicateurs du changement climatique,I,A,Annuel,ST_ANOM,Anomalies des températures de surface,PW,Palaos,1979,,-0.2,,,,CELSIUS,Degré Celsius (°C),SE,Standard error,0.1,,N,National,,
DATAFLOW,SPC:DF_CLIMATE_CHANGE(1.0),Indicateurs du changement climatique,I,A,Annuel,ST_ANOM,Anomalies des températures de surface,PW,Palaos,1980,,-0.3,,,,CELSIUS,Degré Celsius (°C),SE,Standard error,0.0,,N,National,,
DATAFLOW,SPC:DF_CLIMATE_CHANGE(1.0),Indicateurs du changement climatique,I,A,Annuel,ST_ANOM,Anomalies des températures de surface,PW,Palaos,1981,,0.1,,,,CELSIUS,Degré Celsius (°C),SE,Standard error,0.1,,N,National,,
DATAFLOW,SPC:DF_CLIMATE_CHANGE(1.0),Indicateurs du changement climatique,I,A,Annuel,ST_ANOM,Anomalies des températures de surface,PW,Palaos,1982,,-0.1,,,,CELSIUS,Degré Celsius (°C),SE,Standard error,0.1,,N,National,,
DATAFLOW,SPC:DF_CLIMATE_CHANGE(1.0),Indicateurs du changement climatique,I,A,Annuel,ST_ANOM,Anomalies des températures de surface,PW,Palaos,1983,,-0.1,,,,CELSIUS,Degré Celsius (°C),SE,Standard error,0.1,,N,National,,
DATAFLOW,SPC:DF_CLIMATE_CHANGE(1.0),Indicateurs du changement climatique,I,A,Annuel,ST_ANOM,Anomalies des températures de surface,PW,Palaos,1984,,0.0,,,,CELSIUS,Degré Celsius (°C),SE,Standard error,0.1,,N,National,,
DATAFLOW,SPC:DF_CLIMATE_CHANGE(1.0),Indicateurs du changement climatique,I,A,Annuel,ST_ANOM,Anomalies des températures de surface,PW,Palaos,1985,,0.0,,,,CELSIUS,Degré Celsius (°C),SE,Standard error,0.1,,N,National,,
DATAFLOW,SPC:DF_CLIMATE_CHANGE(1.0),Indicateurs du changement climatique,I,A,Annuel,ST_ANOM,Anomalies des températures de surface,PW,Palaos,1986,,-0.1,,,,CELSIUS,Degré Celsius (°C),SE,Standard error,0.1,,N,National,,
DATAFLOW,SPC:DF_CLIMATE_CHANGE(1.0),Indicateurs du changement climatique,I,A,Annuel,ST_ANOM,Anomalies des températures de surface,PW,Palaos,1987,,-0.1,,,,CELSIUS,Degré Celsius (°C),SE,Standard error,0.1,,N,National,,
DATAFLOW,SPC:DF_CLIMATE_CHANGE(1.0),Indicateurs du changement climatique,I,A,Annuel,ST_ANOM,Anomalies des températures de surface,PW,Palaos,1988,,0.3,,,,CELSIUS,Degré Celsius (°C),SE,Standard error,0.1,,N,National,,
DATAFLOW,SPC:DF_CLIMATE_CHANGE(1.0),Indicateurs du changement climatique,I,A,Annuel,ST_ANOM,Anomalies des températures de surface,PW,Palaos,1989,,0.2,,,,CELSIUS,Degré Celsius (°C),SE,Standard error,0.1,,N,National,,
DATAFLOW,SPC:DF_CLIMATE_CHANGE(1.0),Indicateurs du changement climatique,I,A,Annuel,ST_ANOM,Anomalies des températures de surface,PW,Palaos,1990,,-0.2,,,,CELSIUS,Degré Celsius (°C),SE,Standard error,0.1,,N,National,,
DATAFLOW,SPC:DF_CLIMATE_CHANGE(1.0),Indicateurs du changement climatique,I,A,Annuel,ST_ANOM,Anomalies des températures de surface,PW,Palaos,1991,,-0.4,,,,CELSIUS,Degré Celsius (°C),SE,Standard error,0.0,,N,National,,
DATAFLOW,SPC:DF_CLIMATE_CHANGE(1.0),Indicateurs du changement climatique,I,A,Annuel,ST_ANOM,Anomalies des températures de surface,PW,Palaos,1992,,-0.2,,,,CELSIUS,Degré Celsius (°C),SE,Standard error,0.1,,N,National,,
DATAFLOW,SPC:DF_CLIMATE_CHANGE(1.0),Indicateurs du changement climatique,I,A,Annuel,ST_ANOM,Anomalies des températures de surface,PW,Palaos,1993,,-0.3,,,,CELSIUS,Degré Celsius (°C),SE,Standard error,0.1,,N,National,,
DATAFLOW,SPC:DF_CLIMATE_CHANGE(1.0),Indicateurs du changement climatique,I,A,Annuel,ST_ANOM,Anomalies des températures de surface,PW,Palaos,1994,,-0.1,,,,CELSIUS,Degré Celsius (°C),SE,Standard error,0.1,,N,National,,
DATAFLOW,SPC:DF_CLIMATE_CHANGE(1.0),Indicateurs du changement climatique,I,A,Annuel,ST_ANOM,Anomalies des températures de surface,PW,Palaos,1995,,0.2,,,,CELSIUS,Degré Celsius (°C),SE,Standard error,0.1,,N,National,,
DATAFLOW,SPC:DF_CLIMATE_CHANGE(1.0),Indicateurs du changement climatique,I,A,Annuel,ST_ANOM,Anomalies des températures de surface,PW,Palaos,1996,,0.3,,,,CELSIUS,Degré Celsius (°C),SE,Standard error,0.1,,N,National,,
DATAFLOW,SPC:DF_CLIMATE_CHANGE(1.0),Indicateurs du changement climatique,I,A,Annuel,ST_ANOM,Anomalies des températures de surface,PW,Palaos,1997,,0.0,,,,CELSIUS,Degré Celsius (°C),SE,Standard error,0.1,,N,National,,
DATAFLOW,SPC:DF_CLIMATE_CHANGE(1.0),Indicateurs du changement climatique,I,A,Annuel,ST_ANOM,Anomalies des températures de surface,PW,Palaos,1998,,0.4,,,,CELSIUS,Degré Celsius (°C),SE,Standard error,0.2,,N,National,,
DATAFLOW,SPC:DF_CLIMATE_CHANGE(1.0),Indicateurs du changement climatique,I,A,Annuel,ST_ANOM,Anomalies des températures de surface,PW,Palaos,1999,,0.3,,,,CELSIUS,Degré Celsius (°C),SE,Standard error,0.1,,N,National,,
DATAFLOW,SPC:DF_CLIMATE_CHANGE(1.0),Indicateurs du changement climatique,I,A,Annuel,ST_ANOM,Anomalies des températures de surface,PW,Palaos,2000,,0.3,,,,CELSIUS,Degré Celsius (°C),SE,Standard error,0.1,,N,National,,
DATAFLOW,SPC:DF_CLIMATE_CHANGE(1.0),Indicateurs du changement climatique,I,A,Annuel,ST_ANOM,Anomalies des températures de surface,PW,Palaos,2001,,0.3,,,,CELSIUS,Degré Celsius (°C),SE,Standard error,0.1,,N,National,,
DATAFLOW,SPC:DF_CLIMATE_CHANGE(1.0),Indicateurs du changement climatique,I,A,Annuel,ST_ANOM,Anomalies des températures de surface,PW,Palaos,2002,,0.1,,,,CELSIUS,Degré Celsius (°C),SE,Standard error,0.1,,N,National,,
DATAFLOW,SPC:DF_CLIMATE_CHANGE(1.0),Indicateurs du changement climatique,I,A,Annuel,ST_ANOM,Anomalies des températures de surface,PW,Palaos,2003,,0.1,,,,CELSIUS,Degré Celsius (°C),SE,Standard error,0.0,,N,National,,
DATAFLOW,SPC:DF_CLIMATE_CHANGE(1.0),Indicateurs du changement climatique,I,A,Annuel,ST_ANOM,Anomalies des températures de surface,PW,Palaos,2004,,0.0,,,,CELSIUS,Degré Celsius (°C),SE,Standard error,0.1,,N,National,,
DATAFLOW,SPC:DF_CLIMATE_CHANGE(1.0),Indicateurs du changement climatique,I,A,Annuel,ST_ANOM,Anomalies des températures de surface,PW,Palaos,2005,,0.2,,,,CELSIUS,Degré Celsius (°C),SE,Standard error,0.1,,N,National,,
DATAFLOW,SPC:DF_CLIMATE_CHANGE(1.0),Indicateurs du changement climatique,I,A,Annuel,ST_ANOM,Anomalies des températures de surface,PW,Palaos,2006,,0.2,,,,CELSIUS,Degré Celsius (°C),SE,Standard error,0.1,,N,National,,
DATAFLOW,SPC:DF_CLIMATE_CHANGE(1.0),Indicateurs du changement climatique,I,A,Annuel,ST_ANOM,Anomalies des températures de surface,PW,Palaos,2007,,0.2,,,,CELSIUS,Degré Celsius (°C),SE,Standard error,0.0,,N,National,,
DATAFLOW,SPC:DF_CLIMATE_CHANGE(1.0),Indicateurs du changement climatique,I,A,Annuel,ST_ANOM,Anomalies des températures de surface,PW,Palaos,2008,,0.2,,,,CELSIUS,Degré Celsius (°C),SE,Standard error,0.1,,N,National,,
DATAFLOW,SPC:DF_CLIMATE_CHANGE(1.0),Indicateurs du changement climatique,I,A,Annuel,ST_ANOM,Anomalies des températures de surface,PW,Palaos,2009,,0.3,,,,CELSIUS,Degré Celsius (°C),SE,Standard error,0.1,,N,National,,
DATAFLOW,SPC:DF_CLIMATE_CHANGE(1.0),Indicateurs du changement climatique,I,A,Annuel,ST_ANOM,Anomalies des températures de surface,PW,Palaos,2010,,0.7,,,,CELSIUS,Degré Celsius (°C),SE,Standard error,0.1,,N,National,,
DATAFLOW,SPC:DF_CLIMATE_CHANGE(1.0),Indicateurs du changement climatique,I,A,Annuel,ST_ANOM,Anomalies des températures de surface,PW,Palaos,2011,,0.4,,,,CELSIUS,Degré Celsius (°C),SE,Standard error,0.1,,N,National,,
DATAFLOW,SPC:DF_CLIMATE_CHANGE(1.0),Indicateurs du changement climatique,I,A,Annuel,ST_ANOM,Anomalies des températures de surface,PW,Palaos,2012,,0.4,,,,CELSIUS,Degré Celsius (°C),SE,Standard error,0.1,,N,National,,
DATAFLOW,SPC:DF_CLIMATE_CHANGE(1.0),Indicateurs du changement climatique,I,A,Annuel,ST_ANOM,Anomalies des températures de surface,PW,Palaos,2013,,0.6,,,,CELSIUS,Degré Celsius (°C),SE,Standard error,0.1,,N,National,,
DATAFLOW,SPC:DF_CLIMATE_CHANGE(1.0),Indicateurs du changement climatique,I,A,Annuel,ST_ANOM,Anomalies des températures de surface,PW,Palaos,2014,,0.5,,,,CELSIUS,Degré Celsius (°C),SE,Standard error,0.1,,N,National,,
DATAFLOW,SPC:DF_CLIMATE_CHANGE(1.0),Indicateurs du changement climatique,I,A,Annuel,ST_ANOM,Anomalies des températures de surface,PW,Palaos,2015,,0.2,,,,CELSIUS,Degré Celsius (°C),SE,Standard error,0.1,,N,National,,
DATAFLOW,SPC:DF_CLIMATE_CHANGE(1.0),Indicateurs du changement climatique,I,A,Annuel,ST_ANOM,Anomalies des températures de surface,PW,Palaos,2016,,0.6,,,,CELSIUS,Degré Celsius (°C),SE,Standard error,0.0,,N,National,,
DATAFLOW,SPC:DF_CLIMATE_CHANGE(1.0),Indicateurs du changement climatique,I,A,Annuel,ST_ANOM,Anomalies des températures de surface,PW,Palaos,2017,,0.7,,,,CELSIUS,Degré Celsius (°C),SE,Standard error,0.1,,N,National,,
DATAFLOW,SPC:DF_CLIMATE_CHANGE(1.0),Indicateurs du changement climatique,I,A,Annuel,ST_ANOM,Anomalies des températures de surface,PW,Palaos,2018,,0.5,,,,CELSIUS,Degré Celsius (°C),SE,Standard error,0.1,,N,National,,
DATAFLOW,SPC:DF_CLIMATE_CHANGE(1.0),Indicateurs du changement climatique,I,A,Annuel,ST_ANOM,Anomalies des températures de surface,PW,Palaos,2019,,0.3,,,,CELSIUS,Degré Celsius (°C),SE,Standard error,0.1,,N,National,,
DATAFLOW,SPC:DF_CLIMATE_CHANGE(1.0),Indicateurs du changement climatique,I,A,Annuel,ST_ANOM,Anomalies des températures de surface,PW,Palaos,2020,,0.8,,,,CELSIUS,Degré Celsius (°C),SE,Standard error,0.1,,N,National,,
DATAFLOW,SPC:DF_CLIMATE_CHANGE(1.0),Indicateurs du changement climatique,I,A,Annuel,ST_ANOM,Anomalies des températures de surface,PW,Palaos,2021,,0.8,,,,CELSIUS,Degré Celsius (°C),SE,Standard error,0.1,,N,National,,
DATAFLOW,SPC:DF_CLIMATE_CHANGE(1.0),Indicateurs du changement climatique,I,A,Annuel,ST_ANOM,Anomalies des températures de surface,PW,Palaos,2022,,0.8,,,,CELSIUS,Degré Celsius (°C),SE,Standard error,0.1,,N,National,,
DATAFLOW,SPC:DF_CLIMATE_CHANGE(1.0),Indicateurs du changement climatique,I,A,Annuel,ST_ANOM,Anomalies des températures de surface,PW,Palaos,2023,,0.8,,,,CELSIUS,Degré Celsius (°C),SE,Standard error,0.1,,N,National,,
DATAFLOW,SPC:DF_CLIMATE_CHANGE(1.0),Indicateurs du changement climatique,I,A,Annuel,ST_ANOM,Anomalies des températures de surface,PW,Palaos,2024,,0.9,,,,CELSIUS,Degré Celsius (°C),SE,Standard error,0.1,,N,National,,
DATAFLOW,SPC:DF_CLIMATE_CHANGE(1.0),Indicateurs du changement climatique,I,A,Annuel,ST_ANOM,Anomalies des températures de surface,PW,Palaos,2025,,0.9,,,,CELSIUS,Degré Celsius (°C),SE,Standard error,0.1,,N,National,,
DATAFLOW,SPC:DF_CLIMATE_CHANGE(1.0),Indicateurs du changement climatique,I,A,Annuel,ST_ANOM,Anomalies des températures de surface,VU,Vanuatu,1850,,-0.4,,,,CELSIUS,Degré Celsius (°C),SE,Standard error,0.1,,N,National,,
DATAFLOW,SPC:DF_CLIMATE_CHANGE(1.0),Indicateurs du changement climatique,I,A,Annuel,ST_ANOM,Anomalies des températures de surface,VU,Vanuatu,1851,,0.0,,,,CELSIUS,Degré Celsius (°C),SE,Standard error,0.1,,N,National,,
DATAFLOW,SPC:DF_CLIMATE_CHANGE(1.0),Indicateurs du changement climatique,I,A,Annuel,ST_ANOM,Anomalies des températures de surface,VU,Vanuatu,1852,,-0.3,,,,CELSIUS,Degré Celsius (°C),SE,Standard error,0.0,,N,National,,
DATAFLOW,SPC:DF_CLIMATE_CHANGE(1.0),Indicateurs du changement climatique,I,A,Annuel,ST_ANOM,Anomalies des températures de surface,VU,Vanuatu,1853,,-0.6,,,,CELSIUS,Degré Celsius (°C),SE,Standard error,0.2,,N,National,,
DATAFLOW,SPC:DF_CLIMATE_CHANGE(1.0),Indicateurs du changement climatique,I,A,Annuel,ST_ANOM,Anomalies des températures de surface,VU,Vanuatu,1854,,-0.9,,,,CELSIUS,Degré Celsius (°C),SE,Standard error,0.1,,N,National,,
DATAFLOW,SPC:DF_CLIMATE_CHANGE(1.0),Indicateurs du changement climatique,I,A,Annuel,ST_ANOM,Anomalies des températures de surface,VU,Vanuatu,1855,,-0.7,,,,CELSIUS,Degré Celsius (°C),SE,Standard error,0.1,,N,National,,
DATAFLOW,SPC:DF_CLIMATE_CHANGE(1.0),Indicateurs du changement climatique,I,A,Annuel,ST_ANOM,Anomalies des températures de surface,VU,Vanuatu,1856,,-1.0,,,,CELSIUS,Degré Celsius (°C),SE,Standard error,0.1,,N,National,,
DATAFLOW,SPC:DF_CLIMATE_CHANGE(1.0),Indicateurs du changement climatique,I,A,Annuel,ST_ANOM,Anomalies des températures de surface,VU,Vanuatu,1857,,-0.1,,,,CELSIUS,Degré Celsius (°C),SE,Standard error,0.1,,N,National,,
DATAFLOW,SPC:DF_CLIMATE_CHANGE(1.0),Indicateurs du changement climatique,I,A,Annuel,ST_ANOM,Anomalies des températures de surface,VU,Vanuatu,1858,,-0.5,,,,CELSIUS,Degré Celsius (°C),SE,Standard error,0.1,,N,National,,
DATAFLOW,SPC:DF_CLIMATE_CHANGE(1.0),Indicateurs du changement climatique,I,A,Annuel,ST_ANOM,Anomalies des températures de surface,VU,Vanuatu,1859,,-0.3,,,,CELSIUS,Degré Celsius (°C),SE,Standard error,0.0,,N,National,,
DATAFLOW,SPC:DF_CLIMATE_CHANGE(1.0),Indicateurs du changement climatique,I,A,Annuel,ST_ANOM,Anomalies des températures de surface,VU,Vanuatu,1860,,-0.5,,,,CELSIUS,Degré Celsius (°C),SE,Standard error,0.1,,N,National,,
DATAFLOW,SPC:DF_CLIMATE_CHANGE(1.0),Indicateurs du changement climatique,I,A,Annuel,ST_ANOM,Anomalies des températures de surface,VU,Vanuatu,1861,,-0.6,,,,CELSIUS,Degré Celsius (°C),SE,Standard error,0.2,,N,National,,
DATAFLOW,SPC:DF_CLIMATE_CHANGE(1.0),Indicateurs du changement climatique,I,A,Annuel,ST_ANOM,Anomalies des températures de surface,VU,Vanuatu,1862,,-0.3,,,,CELSIUS,Degré Celsius (°C),SE,Standard error,0.1,,N,National,,
DATAFLOW,SPC:DF_CLIMATE_CHANGE(1.0),Indicateurs du changement climatique,I,A,Annuel,ST_ANOM,Anomalies des températures de surface,VU,Vanuatu,1863,,0.0,,,,CELSIUS,Degré Celsius (°C),SE,Standard error,0.1,,N,National,,
DATAFLOW,SPC:DF_CLIMATE_CHANGE(1.0),Indicateurs du changement climatique,I,A,Annuel,ST_ANOM,Anomalies des températures de surface,VU,Vanuatu,1864,,0.1,,,,CELSIUS,Degré Celsius (°C),SE,Standard error,0.1,,N,National,,
DATAFLOW,SPC:DF_CLIMATE_CHANGE(1.0),Indicateurs du changement climatique,I,A,Annuel,ST_ANOM,Anomalies des températures de surface,VU,Vanuatu,1865,,-0.1,,,,CELSIUS,Degré Celsius (°C),SE,Standard error,0.1,,N,National,,
DATAFLOW,SPC:DF_CLIMATE_CHANGE(1.0),Indicateurs du changement climatique,I,A,Annuel,ST_ANOM,Anomalies des températures de surface,VU,Vanuatu,1866,,0.0,,,,CELSIUS,Degré Celsius (°C),SE,Standard error,0.1,,N,National,,
DATAFLOW,SPC:DF_CLIMATE_CHANGE(1.0),Indicateurs du changement climatique,I,A,Annuel,ST_ANOM,Anomalies des températures de surface,VU,Vanuatu,1867,,0.0,,,,CELSIUS,Degré Celsius (°C),SE,Standard error,0.1,,N,National,,
DATAFLOW,SPC:DF_CLIMATE_CHANGE(1.0),Indicateurs du changement climatique,I,A,Annuel,ST_ANOM,Anomalies des températures de surface,VU,Vanuatu,1868,,-0.3,,,,CELSIUS,Degré Celsius (°C),SE,Standard error,0.1,,N,National,,
DATAFLOW,SPC:DF_CLIMATE_CHANGE(1.0),Indicateurs du changement climatique,I,A,Annuel,ST_ANOM,Anomalies des températures de surface,VU,Vanuatu,1869,,0.0,,,,CELSIUS,Degré Celsius (°C),SE,Standard error,0.1,,N,National,,
DATAFLOW,SPC:DF_CLIMATE_CHANGE(1.0),Indicateurs du changement climatique,I,A,Annuel,ST_ANOM,Anomalies des températures de surface,VU,Vanuatu,1870,,0.0,,,,CELSIUS,Degré Celsius (°C),SE,Standard error,0.1,,N,National,,
DATAFLOW,SPC:DF_CLIMATE_CHANGE(1.0),Indicateurs du changement climatique,I,A,Annuel,ST_ANOM,Anomalies des températures de surface,VU,Vanuatu,1871,,-0.2,,,,CELSIUS,Degré Celsius (°C),SE,Standard error,0.1,,N,National,,
DATAFLOW,SPC:DF_CLIMATE_CHANGE(1.0),Indicateurs du changement climatique,I,A,Annuel,ST_ANOM,Anomalies des températures de surface,VU,Vanuatu,1872,,-0.1,,,,CELSIUS,Degré Celsius (°C),SE,Standard error,0.1,,N,National,,
DATAFLOW,SPC:DF_CLIMATE_CHANGE(1.0),Indicateurs du changement climatique,I,A,Annuel,ST_ANOM,Anomalies des températures de surface,VU,Vanuatu,1873,,-0.1,,,,CELSIUS,Degré Celsius (°C),SE,Standard error,0.1,,N,National,,
DATAFLOW,SPC:DF_CLIMATE_CHANGE(1.0),Indicateurs du changement climatique,I,A,Annuel,ST_ANOM,Anomalies des températures de surface,VU,Vanuatu,1874,,-0.1,,,,CELSIUS,Degré Celsius (°C),SE,Standard error,0.1,,N,National,,
DATAFLOW,SPC:DF_CLIMATE_CHANGE(1.0),Indicateurs du changement climatique,I,A,Annuel,ST_ANOM,Anomalies des températures de surface,VU,Vanuatu,1875,,0.0,,,,CELSIUS,Degré Celsius (°C),SE,Standard error,0.1,,N,National,,
DATAFLOW,SPC:DF_CLIMATE_CHANGE(1.0),Indicateurs du changement climatique,I,A,Annuel,ST_ANOM,Anomalies des températures de surface,VU,Vanuatu,1876,,-0.2,,,,CELSIUS,Degré Celsius (°C),SE,Standard error,0.1,,N,National,,
DATAFLOW,SPC:DF_CLIMATE_CHANGE(1.0),Indicateurs du changement climatique,I,A,Annuel,ST_ANOM,Anomalies des températures de surface,VU,Vanuatu,1877,,-0.5,,,,CELSIUS,Degré Celsius (°C),SE,Standard error,0.1,,N,National,,
DATAFLOW,SPC:DF_CLIMATE_CHANGE(1.0),Indicateurs du changement climatique,I,A,Annuel,ST_ANOM,Anomalies des températures de surface,VU,Vanuatu,1878,,-0.2,,,,CELSIUS,Degré Celsius (°C),SE,Standard error,0.1,,N,National,,
DATAFLOW,SPC:DF_CLIMATE_CHANGE(1.0),Indicateurs du changement climatique,I,A,Annuel,ST_ANOM,Anomalies des températures de surface,VU,Vanuatu,1879,,0.1,,,,CELSIUS,Degré Celsius (°C),SE,Standard error,0.1,,N,National,,
DATAFLOW,SPC:DF_CLIMATE_CHANGE(1.0),Indicateurs du changement climatique,I,A,Annuel,ST_ANOM,Anomalies des températures de surface,VU,Vanuatu,1880,,-0.1,,,,CELSIUS,Degré Celsius (°C),SE,Standard error,0.1,,N,National,,
DATAFLOW,SPC:DF_CLIMATE_CHANGE(1.0),Indicateurs du changement climatique,I,A,Annuel,ST_ANOM,Anomalies des températures de surface,VU,Vanuatu,1881,,-0.2,,,,CELSIUS,Degré Celsius (°C),SE,Standard error,0.1,,N,National,,
DATAFLOW,SPC:DF_CLIMATE_CHANGE(1.0),Indicateurs du changement climatique,I,A,Annuel,ST_ANOM,Anomalies des températures de surface,VU,Vanuatu,1882,,-0.1,,,,CELSIUS,Degré Celsius (°C),SE,Standard error,0.1,,N,National,,
DATAFLOW,SPC:DF_CLIMATE_CHANGE(1.0),Indicateurs du changement climatique,I,A,Annuel,ST_ANOM,Anomalies des températures de surface,VU,Vanuatu,1883,,-0.4,,,,CELSIUS,Degré Celsius (°C),SE,Standard error,0.1,,N,National,,
DATAFLOW,SPC:DF_CLIMATE_CHANGE(1.0),Indicateurs du changement climatique,I,A,Annuel,ST_ANOM,Anomalies des températures de surface,VU,Vanuatu,1884,,-0.9,,,,CELSIUS,Degré Celsius (°C),SE,Standard error,0.0,,N,National,,
DATAFLOW,SPC:DF_CLIMATE_CHANGE(1.0),Indicateurs du changement climatique,I,A,Annuel,ST_ANOM,Anomalies des températures de surface,VU,Vanuatu,1885,,-1.1,,,,CELSIUS,Degré Celsius (°C),SE,Standard error,0.1,,N,National,,
DATAFLOW,SPC:DF_CLIMATE_CHANGE(1.0),Indicateurs du changement climatique,I,A,Annuel,ST_ANOM,Anomalies des températures de surface,VU,Vanuatu,1886,,-0.7,,,,CELSIUS,Degré Celsius (°C),SE,Standard error,0.1,,N,National,,
DATAFLOW,SPC:DF_CLIMATE_CHANGE(1.0),Indicateurs du changement climatique,I,A,Annuel,ST_ANOM,Anomalies des températures de surface,VU,Vanuatu,1887,,-0.4,,,,CELSIUS,Degré Celsius (°C),SE,Standard error,0.1,,N,National,,
DATAFLOW,SPC:DF_CLIMATE_CHANGE(1.0),Indicateurs du changement climatique,I,A,Annuel,ST_ANOM,Anomalies des températures de surface,VU,Vanuatu,1888,,-0.9,,,,CELSIUS,Degré Celsius (°C),SE,Standard error,0.1,,N,National,,
DATAFLOW,SPC:DF_CLIMATE_CHANGE(1.0),Indicateurs du changement climatique,I,A,Annuel,ST_ANOM,Anomalies des températures de surface,VU,Vanuatu,1889,,-0.4,,,,CELSIUS,Degré Celsius (°C),SE,Standard error,0.1,,N,National,,
DATAFLOW,SPC:DF_CLIMATE_CHANGE(1.0),Indicateurs du changement climatique,I,A,Annuel,ST_ANOM,Anomalies des températures de surface,VU,Vanuatu,1890,,-0.1,,,,CELSIUS,Degré Celsius (°C),SE,Standard error,0.1,,N,National,,
DATAFLOW,SPC:DF_CLIMATE_CHANGE(1.0),Indicateurs du changement climatique,I,A,Annuel,ST_ANOM,Anomalies des températures de surface,VU,Vanuatu,1891,,-0.2,,,,CELSIUS,Degré Celsius (°C),SE,Standard error,0.1,,N,National,,
DATAFLOW,SPC:DF_CLIMATE_CHANGE(1.0),Indicateurs du changement climatique,I,A,Annuel,ST_ANOM,Anomalies des températures de surface,VU,Vanuatu,1892,,-0.3,,,,CELSIUS,Degré Celsius (°C),SE,Standard error,0.1,,N,National,,
DATAFLOW,SPC:DF_CLIMATE_CHANGE(1.0),Indicateurs du changement climatique,I,A,Annuel,ST_ANOM,Anomalies des températures de surface,VU,Vanuatu,1893,,0.4,,,,CELSIUS,Degré Celsius (°C),SE,Standard error,0.1,,N,National,,
DATAFLOW,SPC:DF_CLIMATE_CHANGE(1.0),Indicateurs du changement climatique,I,A,Annuel,ST_ANOM,Anomalies des températures de surface,VU,Vanuatu,1894,,-0.4,,,,CELSIUS,Degré Celsius (°C),SE,Standard error,0.1,,N,National,,
DATAFLOW,SPC:DF_CLIMATE_CHANGE(1.0),Indicateurs du changement climatique,I,A,Annuel,ST_ANOM,Anomalies des températures de surface,VU,Vanuatu,1895,,-0.4,,,,CELSIUS,Degré Celsius (°C),SE,Standard error,0.1,,N,National,,
DATAFLOW,SPC:DF_CLIMATE_CHANGE(1.0),Indicateurs du changement climatique,I,A,Annuel,ST_ANOM,Anomalies des températures de surface,VU,Vanuatu,1896,,-0.3,,,,CELSIUS,Degré Celsius (°C),SE,Standard error,0.1,,N,National,,
DATAFLOW,SPC:DF_CLIMATE_CHANGE(1.0),Indicateurs du changement climatique,I,A,Annuel,ST_ANOM,Anomalies des températures de surface,VU,Vanuatu,1897,,-0.2,,,,CELSIUS,Degré Celsius (°C),SE,Standard error,0.1,,N,National,,
DATAFLOW,SPC:DF_CLIMATE_CHANGE(1.0),Indicateurs du changement climatique,I,A,Annuel,ST_ANOM,Anomalies des températures de surface,VU,Vanuatu,1898,,-0.2,,,,CELSIUS,Degré Celsius (°C),SE,Standard error,0.0,,N,National,,
DATAFLOW,SPC:DF_CLIMATE_CHANGE(1.0),Indicateurs du changement climatique,I,A,Annuel,ST_ANOM,Anomalies des températures de surface,VU,Vanuatu,1899,,-0.4,,,,CELSIUS,Degré Celsius (°C),SE,Standard error,0.1,,N,National,,
DATAFLOW,SPC:DF_CLIMATE_CHANGE(1.0),Indicateurs du changement climatique,I,A,Annuel,ST_ANOM,Anomalies des températures de surface,VU,Vanuatu,1900,,-0.4,,,,CELSIUS,Degré Celsius (°C),SE,Standard error,0.1,,N,National,,
DATAFLOW,SPC:DF_CLIMATE_CHANGE(1.0),Indicateurs du changement climatique,I,A,Annuel,ST_ANOM,Anomalies des températures de surface,VU,Vanuatu,1901,,-0.7,,,,CELSIUS,Degré Celsius (°C),SE,Standard error,0.1,,N,National,,
DATAFLOW,SPC:DF_CLIMATE_CHANGE(1.0),Indicateurs du changement climatique,I,A,Annuel,ST_ANOM,Anomalies des températures de surface,VU,Vanuatu,1902,,-1.0,,,,CELSIUS,Degré Celsius (°C),SE,Standard error,0.1,,N,National,,
DATAFLOW,SPC:DF_CLIMATE_CHANGE(1.0),Indicateurs du changement climatique,I,A,Annuel,ST_ANOM,Anomalies des températures de surface,VU,Vanuatu,1903,,-0.9,,,,CELSIUS,Degré Celsius (°C),SE,Standard error,0.1,,N,National,,
DATAFLOW,SPC:DF_CLIMATE_CHANGE(1.0),Indicateurs du changement climatique,I,A,Annuel,ST_ANOM,Anomalies des températures de surface,VU,Vanuatu,1904,,-0.7,,,,CELSIUS,Degré Celsius (°C),SE,Standard error,0.1,,N,National,,
DATAFLOW,SPC:DF_CLIMATE_CHANGE(1.0),Indicateurs du changement climatique,I,A,Annuel,ST_ANOM,Anomalies des températures de surface,VU,Vanuatu,1905,,-1.1,,,,CELSIUS,Degré Celsius (°C),SE,Standard error,0.1,,N,National,,
DATAFLOW,SPC:DF_CLIMATE_CHANGE(1.0),Indicateurs du changement climatique,I,A,Annuel,ST_ANOM,Anomalies des températures de surface,VU,Vanuatu,1906,,-0.8,,,,CELSIUS,Degré Celsius (°C),SE,Standard error,0.1,,N,National,,
DATAFLOW,SPC:DF_CLIMATE_CHANGE(1.0),Indicateurs du changement climatique,I,A,Annuel,ST_ANOM,Anomalies des températures de surface,VU,Vanuatu,1907,,-0.4,,,,CELSIUS,Degré Celsius (°C),SE,Standard error,0.1,,N,National,,
DATAFLOW,SPC:DF_CLIMATE_CHANGE(1.0),Indicateurs du changement climatique,I,A,Annuel,ST_ANOM,Anomalies des températures de surface,VU,Vanuatu,1908,,-0.4,,,,CELSIUS,Degré Celsius (°C),SE,Standard error,0.1,,N,National,,
DATAFLOW,SPC:DF_CLIMATE_CHANGE(1.0),Indicateurs du changement climatique,I,A,Annuel,ST_ANOM,Anomalies des températures de surface,VU,Vanuatu,1909,,-0.4,,,,CELSIUS,Degré Celsius (°C),SE,Standard error,0.1,,N,National,,
DATAFLOW,SPC:DF_CLIMATE_CHANGE(1.0),Indicateurs du changement climatique,I,A,Annuel,ST_ANOM,Anomalies des températures de surface,VU,Vanuatu,1910,,-0.2,,,,CELSIUS,Degré Celsius (°C),SE,Standard error,0.0,,N,National,,
DATAFLOW,SPC:DF_CLIMATE_CHANGE(1.0),Indicateurs du changement climatique,I,A,Annuel,ST_ANOM,Anomalies des températures de surface,VU,Vanuatu,1911,,-0.6,,,,CELSIUS,Degré Celsius (°C),SE,Standard error,0.1,,N,National,,
DATAFLOW,SPC:DF_CLIMATE_CHANGE(1.0),Indicateurs du changement climatique,I,A,Annuel,ST_ANOM,Anomalies des températures de surface,VU,Vanuatu,1912,,-0.7,,,,CELSIUS,Degré Celsius (°C),SE,Standard error,0.0,,N,National,,
DATAFLOW,SPC:DF_CLIMATE_CHANGE(1.0),Indicateurs du changement climatique,I,A,Annuel,ST_ANOM,Anomalies des températures de surface,VU,Vanuatu,1913,,-0.9,,,,CELSIUS,Degré Celsius (°C),SE,Standard error,0.0,,N,National,,
DATAFLOW,SPC:DF_CLIMATE_CHANGE(1.0),Indicateurs du changement climatique,I,A,Annuel,ST_ANOM,Anomalies des températures de surface,VU,Vanuatu,1914,,-0.9,,,,CELSIUS,Degré Celsius (°C),SE,Standard error,0.1,,N,National,,
DATAFLOW,SPC:DF_CLIMATE_CHANGE(1.0),Indicateurs du changement climatique,I,A,Annuel,ST_ANOM,Anomalies des températures de surface,VU,Vanuatu,1915,,-0.5,,,,CELSIUS,Degré Celsius (°C),SE,Standard error,0.1,,N,National,,
DATAFLOW,SPC:DF_CLIMATE_CHANGE(1.0),Indicateurs du changement climatique,I,A,Annuel,ST_ANOM,Anomalies des températures de surface,VU,Vanuatu,1916,,0.0,,,,CELSIUS,Degré Celsius (°C),SE,Standard error,0.1,,N,National,,
DATAFLOW,SPC:DF_CLIMATE_CHANGE(1.0),Indicateurs du changement climatique,I,A,Annuel,ST_ANOM,Anomalies des températures de surface,VU,Vanuatu,1917,,-0.2,,,,CELSIUS,Degré Celsius (°C),SE,Standard error,0.1,,N,National,,
DATAFLOW,SPC:DF_CLIMATE_CHANGE(1.0),Indicateurs du changement climatique,I,A,Annuel,ST_ANOM,Anomalies des températures de surface,VU,Vanuatu,1918,,-0.6,,,,CELSIUS,Degré Celsius (°C),SE,Standard error,0.1,,N,National,,
DATAFLOW,SPC:DF_CLIMATE_CHANGE(1.0),Indicateurs du changement climatique,I,A,Annuel,ST_ANOM,Anomalies des températures de surface,VU,Vanuatu,1919,,-0.9,,,,CELSIUS,Degré Celsius (°C),SE,Standard error,0.1,,N,National,,
DATAFLOW,SPC:DF_CLIMATE_CHANGE(1.0),Indicateurs du changement climatique,I,A,Annuel,ST_ANOM,Anomalies des températures de surface,VU,Vanuatu,1920,,-0.6,,,,CELSIUS,Degré Celsius (°C),SE,Standard error,0.1,,N,National,,
DATAFLOW,SPC:DF_CLIMATE_CHANGE(1.0),Indicateurs du changement climatique,I,A,Annuel,ST_ANOM,Anomalies des températures de surface,VU,Vanuatu,1921,,-0.5,,,,CELSIUS,Degré Celsius (°C),SE,Standard error,0.1,,N,National,,
DATAFLOW,SPC:DF_CLIMATE_CHANGE(1.0),Indicateurs du changement climatique,I,A,Annuel,ST_ANOM,Anomalies des températures de surface,VU,Vanuatu,1922,,-0.4,,,,CELSIUS,Degré Celsius (°C),SE,Standard error,0.0,,N,National,,
DATAFLOW,SPC:DF_CLIMATE_CHANGE(1.0),Indicateurs du changement climatique,I,A,Annuel,ST_ANOM,Anomalies des températures de surface,VU,Vanuatu,1923,,-0.6,,,,CELSIUS,Degré Celsius (°C),SE,Standard error,0.0,,N,National,,
DATAFLOW,SPC:DF_CLIMATE_CHANGE(1.0),Indicateurs du changement climatique,I,A,Annuel,ST_ANOM,Anomalies des températures de surface,VU,Vanuatu,1924,,-0.1,,,,CELSIUS,Degré Celsius (°C),SE,Standard error,0.1,,N,National,,
DATAFLOW,SPC:DF_CLIMATE_CHANGE(1.0),Indicateurs du changement climatique,I,A,Annuel,ST_ANOM,Anomalies des températures de surface,VU,Vanuatu,1925,,-0.6,,,,CELSIUS,Degré Celsius (°C),SE,Standard error,0.1,,N,National,,
DATAFLOW,SPC:DF_CLIMATE_CHANGE(1.0),Indicateurs du changement climatique,I,A,Annuel,ST_ANOM,Anomalies des températures de surface,VU,Vanuatu,1926,,-0.6,,,,CELSIUS,Degré Celsius (°C),SE,Standard error,0.1,,N,National,,
DATAFLOW,SPC:DF_CLIMATE_CHANGE(1.0),Indicateurs du changement climatique,I,A,Annuel,ST_ANOM,Anomalies des températures de surface,VU,Vanuatu,1927,,-0.4,,,,CELSIUS,Degré Celsius (°C),SE,Standard error,0.0,,N,National,,
DATAFLOW,SPC:DF_CLIMATE_CHANGE(1.0),Indicateurs du changement climatique,I,A,Annuel,ST_ANOM,Anomalies des températures de surface,VU,Vanuatu,1928,,-0.5,,,,CELSIUS,Degré Celsius (°C),SE,Standard error,0.0,,N,National,,
DATAFLOW,SPC:DF_CLIMATE_CHANGE(1.0),Indicateurs du changement climatique,I,A,Annuel,ST_ANOM,Anomalies des températures de surface,VU,Vanuatu,1929,,-0.6,,,,CELSIUS,Degré Celsius (°C),SE,Standard error,0.0,,N,National,,
DATAFLOW,SPC:DF_CLIMATE_CHANGE(1.0),Indicateurs du changement climatique,I,A,Annuel,ST_ANOM,Anomalies des températures de surface,VU,Vanuatu,1930,,-0.9,,,,CELSIUS,Degré Celsius (°C),SE,Standard error,0.1,,N,National,,
DATAFLOW,SPC:DF_CLIMATE_CHANGE(1.0),Indicateurs du changement climatique,I,A,Annuel,ST_ANOM,Anomalies des températures de surface,VU,Vanuatu,1931,,-0.7,,,,CELSIUS,Degré Celsius (°C),SE,Standard error,0.1,,N,National,,
DATAFLOW,SPC:DF_CLIMATE_CHANGE(1.0),Indicateurs du changement climatique,I,A,Annuel,ST_ANOM,Anomalies des températures de surface,VU,Vanuatu,1932,,-0.7,,,,CELSIUS,Degré Celsius (°C),SE,Standard error,0.0,,N,National,,
DATAFLOW,SPC:DF_CLIMATE_CHANGE(1.0),Indicateurs du changement climatique,I,A,Annuel,ST_ANOM,Anomalies des températures de surface,VU,Vanuatu,1933,,-0.3,,,,CELSIUS,Degré Celsius (°C),SE,Standard error,0.1,,N,National,,
DATAFLOW,SPC:DF_CLIMATE_CHANGE(1.0),Indicateurs du changement climatique,I,A,Annuel,ST_ANOM,Anomalies des températures de surface,VU,Vanuatu,1934,,-0.7,,,,CELSIUS,Degré Celsius (°C),SE,Standard error,0.1,,N,National,,
DATAFLOW,SPC:DF_CLIMATE_CHANGE(1.0),Indicateurs du changement climatique,I,A,Annuel,ST_ANOM,Anomalies des températures de surface,VU,Vanuatu,1935,,-0.4,,,,CELSIUS,Degré Celsius (°C),SE,Standard error,0.1,,N,National,,
DATAFLOW,SPC:DF_CLIMATE_CHANGE(1.0),Indicateurs du changement climatique,I,A,Annuel,ST_ANOM,Anomalies des températures de surface,VU,Vanuatu,1936,,-0.4,,,,CELSIUS,Degré Celsius (°C),SE,Standard error,0.1,,N,National,,
DATAFLOW,SPC:DF_CLIMATE_CHANGE(1.0),Indicateurs du changement climatique,I,A,Annuel,ST_ANOM,Anomalies des températures de surface,VU,Vanuatu,1937,,-0.4,,,,CELSIUS,Degré Celsius (°C),SE,Standard error,0.1,,N,National,,
DATAFLOW,SPC:DF_CLIMATE_CHANGE(1.0),Indicateurs du changement climatique,I,A,Annuel,ST_ANOM,Anomalies des températures de surface,VU,Vanuatu,1938,,-0.1,,,,CELSIUS,Degré Celsius (°C),SE,Standard error,0.1,,N,National,,
DATAFLOW,SPC:DF_CLIMATE_CHANGE(1.0),Indicateurs du changement climatique,I,A,Annuel,ST_ANOM,Anomalies des températures de surface,VU,Vanuatu,1939,,-0.5,,,,CELSIUS,Degré Celsius (°C),SE,Standard error,0.1,,N,National,,
DATAFLOW,SPC:DF_CLIMATE_CHANGE(1.0),Indicateurs du changement climatique,I,A,Annuel,ST_ANOM,Anomalies des températures de surface,VU,Vanuatu,1940,,-0.8,,,,CELSIUS,Degré Celsius (°C),SE,Standard error,0.1,,N,National,,
DATAFLOW,SPC:DF_CLIMATE_CHANGE(1.0),Indicateurs du changement climatique,I,A,Annuel,ST_ANOM,Anomalies des températures de surface,VU,Vanuatu,1941,,-0.7,,,,CELSIUS,Degré Celsius (°C),SE,Standard error,0.0,,N,National,,
DATAFLOW,SPC:DF_CLIMATE_CHANGE(1.0),Indicateurs du changement climatique,I,A,Annuel,ST_ANOM,Anomalies des températures de surface,VU,Vanuatu,1942,,-0.4,,,,CELSIUS,Degré Celsius (°C),SE,Standard error,0.1,,N,National,,
DATAFLOW,SPC:DF_CLIMATE_CHANGE(1.0),Indicateurs du changement climatique,I,A,Annuel,ST_ANOM,Anomalies des températures de surface,VU,Vanuatu,1943,,0.3,,,,CELSIUS,Degré Celsius (°C),SE,Standard error,0.1,,N,National,,
DATAFLOW,SPC:DF_CLIMATE_CHANGE(1.0),Indicateurs du changement climatique,I,A,Annuel,ST_ANOM,Anomalies des températures de surface,VU,Vanuatu,1944,,0.0,,,,CELSIUS,Degré Celsius (°C),SE,Standard error,0.1,,N,National,,
DATAFLOW,SPC:DF_CLIMATE_CHANGE(1.0),Indicateurs du changement climatique,I,A,Annuel,ST_ANOM,Anomalies des températures de surface,VU,Vanuatu,1945,,0.0,,,,CELSIUS,Degré Celsius (°C),SE,Standard error,0.0,,N,National,,
DATAFLOW,SPC:DF_CLIMATE_CHANGE(1.0),Indicateurs du changement climatique,I,A,Annuel,ST_ANOM,Anomalies des températures de surface,VU,Vanuatu,1946,,-0.5,,,,CELSIUS,Degré Celsius (°C),SE,Standard error,0.1,,N,National,,
DATAFLOW,SPC:DF_CLIMATE_CHANGE(1.0),Indicateurs du changement climatique,I,A,Annuel,ST_ANOM,Anomalies des températures de surface,VU,Vanuatu,1947,,-0.4,,,,CELSIUS,Degré Celsius (°C),SE,Standard error,0.1,,N,National,,
DATAFLOW,SPC:DF_CLIMATE_CHANGE(1.0),Indicateurs du changement climatique,I,A,Annuel,ST_ANOM,Anomalies des températures de surface,VU,Vanuatu,1948,,-0.3,,,,CELSIUS,Degré Celsius (°C),SE,Standard error,0.0,,N,National,,
DATAFLOW,SPC:DF_CLIMATE_CHANGE(1.0),Indicateurs du changement climatique,I,A,Annuel,ST_ANOM,Anomalies des températures de surface,VU,Vanuatu,1949,,-0.4,,,,CELSIUS,Degré Celsius (°C),SE,Standard error,0.0,,N,National,,
DATAFLOW,SPC:DF_CLIMATE_CHANGE(1.0),Indicateurs du changement climatique,I,A,Annuel,ST_ANOM,Anomalies des températures de surface,VU,Vanuatu,1950,,-0.1,,,,CELSIUS,Degré Celsius (°C),SE,Standard error,0.1,,N,National,,
DATAFLOW,SPC:DF_CLIMATE_CHANGE(1.0),Indicateurs du changement climatique,I,A,Annuel,ST_ANOM,Anomalies des températures de surface,VU,Vanuatu,1951,,-0.3,,,,CELSIUS,Degré Celsius (°C),SE,Standard error,0.1,,N,National,,
DATAFLOW,SPC:DF_CLIMATE_CHANGE(1.0),Indicateurs du changement climatique,I,A,Annuel,ST_ANOM,Anomalies des températures de surface,VU,Vanuatu,1952,,-0.2,,,,CELSIUS,Degré Celsius (°C),SE,Standard error,0.0,,N,National,,
DATAFLOW,SPC:DF_CLIMATE_CHANGE(1.0),Indicateurs du changement climatique,I,A,Annuel,ST_ANOM,Anomalies des températures de surface,VU,Vanuatu,1953,,-0.3,,,,CELSIUS,Degré Celsius (°C),SE,Standard error,0.1,,N,National,,
DATAFLOW,SPC:DF_CLIMATE_CHANGE(1.0),Indicateurs du changement climatique,I,A,Annuel,ST_ANOM,Anomalies des températures de surface,VU,Vanuatu,1954,,-0.4,,,,CELSIUS,Degré Celsius (°C),SE,Standard error,0.0,,N,National,,
DATAFLOW,SPC:DF_CLIMATE_CHANGE(1.0),Indicateurs du changement climatique,I,A,Annuel,ST_ANOM,Anomalies des températures de surface,VU,Vanuatu,1955,,-0.2,,,,CELSIUS,Degré Celsius (°C),SE,Standard error,0.1,,N,National,,
DATAFLOW,SPC:DF_CLIMATE_CHANGE(1.0),Indicateurs du changement climatique,I,A,Annuel,ST_ANOM,Anomalies des températures de surface,VU,Vanuatu,1956,,0.2,,,,CELSIUS,Degré Celsius (°C),SE,Standard error,0.1,,N,National,,
DATAFLOW,SPC:DF_CLIMATE_CHANGE(1.0),Indicateurs du changement climatique,I,A,Annuel,ST_ANOM,Anomalies des températures de surface,VU,Vanuatu,1957,,-0.4,,,,CELSIUS,Degré Celsius (°C),SE,Standard error,0.1,,N,National,,
DATAFLOW,SPC:DF_CLIMATE_CHANGE(1.0),Indicateurs du changement climatique,I,A,Annuel,ST_ANOM,Anomalies des températures de surface,VU,Vanuatu,1958,,-0.4,,,,CELSIUS,Degré Celsius (°C),SE,Standard error,0.1,,N,National,,
DATAFLOW,SPC:DF_CLIMATE_CHANGE(1.0),Indicateurs du changement climatique,I,A,Annuel,ST_ANOM,Anomalies des températures de surface,VU,Vanuatu,1959,,-0.4,,,,CELSIUS,Degré Celsius (°C),SE,Standard error,0.1,,N,National,,
DATAFLOW,SPC:DF_CLIMATE_CHANGE(1.0),Indicateurs du changement climatique,I,A,Annuel,ST_ANOM,Anomalies des températures de surface,VU,Vanuatu,1960,,-0.2,,,,CELSIUS,Degré Celsius (°C),SE,Standard error,0.1,,N,National,,
DATAFLOW,SPC:DF_CLIMATE_CHANGE(1.0),Indicateurs du changement climatique,I,A,Annuel,ST_ANOM,Anomalies des températures de surface,VU,Vanuatu,1961,,-0.2,,,,CELSIUS,Degré Celsius (°C),SE,Standard error,0.0,,N,National,,
DATAFLOW,SPC:DF_CLIMATE_CHANGE(1.0),Indicateurs du changement climatique,I,A,Annuel,ST_ANOM,Anomalies des températures de surface,VU,Vanuatu,1962,,0.0,,,,CELSIUS,Degré Celsius (°C),SE,Standard error,0.0,,N,National,,
DATAFLOW,SPC:DF_CLIMATE_CHANGE(1.0),Indicateurs du changement climatique,I,A,Annuel,ST_ANOM,Anomalies des températures de surface,VU,Vanuatu,1963,,-0.3,,,,CELSIUS,Degré Celsius (°C),SE,Standard error,0.1,,N,National,,
DATAFLOW,SPC:DF_CLIMATE_CHANGE(1.0),Indicateurs du changement climatique,I,A,Annuel,ST_ANOM,Anomalies des températures de surface,VU,Vanuatu,1964,,-0.2,,,,CELSIUS,Degré Celsius (°C),SE,Standard error,0.1,,N,National,,
DATAFLOW,SPC:DF_CLIMATE_CHANGE(1.0),Indicateurs du changement climatique,I,A,Annuel,ST_ANOM,Anomalies des températures de surface,VU,Vanuatu,1965,,-0.8,,,,CELSIUS,Degré Celsius (°C),SE,Standard error,0.1,,N,National,,
DATAFLOW,SPC:DF_CLIMATE_CHANGE(1.0),Indicateurs du changement climatique,I,A,Annuel,ST_ANOM,Anomalies des températures de surface,VU,Vanuatu,1966,,-0.7,,,,CELSIUS,Degré Celsius (°C),SE,Standard error,0.1,,N,National,,
DATAFLOW,SPC:DF_CLIMATE_CHANGE(1.0),Indicateurs du changement climatique,I,A,Annuel,ST_ANOM,Anomalies des températures de surface,VU,Vanuatu,1967,,-0.3,,,,CELSIUS,Degré Celsius (°C),SE,Standard error,0.1,,N,National,,
DATAFLOW,SPC:DF_CLIMATE_CHANGE(1.0),Indicateurs du changement climatique,I,A,Annuel,ST_ANOM,Anomalies des températures de surface,VU,Vanuatu,1968,,-0.2,,,,CELSIUS,Degré Celsius (°C),SE,Standard error,0.1,,N,National,,
DATAFLOW,SPC:DF_CLIMATE_CHANGE(1.0),Indicateurs du changement climatique,I,A,Annuel,ST_ANOM,Anomalies des températures de surface,VU,Vanuatu,1969,,-0.3,,,,CELSIUS,Degré Celsius (°C),SE,Standard error,0.1,,N,National,,
DATAFLOW,SPC:DF_CLIMATE_CHANGE(1.0),Indicateurs du changement climatique,I,A,Annuel,ST_ANOM,Anomalies des températures de surface,VU,Vanuatu,1970,,0.1,,,,CELSIUS,Degré Celsius (°C),SE,Standard error,0.0,,N,National,,
DATAFLOW,SPC:DF_CLIMATE_CHANGE(1.0),Indicateurs du changement climatique,I,A,Annuel,ST_ANOM,Anomalies des températures de surface,VU,Vanuatu,1971,,0.2,,,,CELSIUS,Degré Celsius (°C),SE,Standard error,0.1,,N,National,,
DATAFLOW,SPC:DF_CLIMATE_CHANGE(1.0),Indicateurs du changement climatique,I,A,Annuel,ST_ANOM,Anomalies des températures de surface,VU,Vanuatu,1972,,-0.3,,,,CELSIUS,Degré Celsius (°C),SE,Standard error,0.1,,N,National,,
DATAFLOW,SPC:DF_CLIMATE_CHANGE(1.0),Indicateurs du changement climatique,I,A,Annuel,ST_ANOM,Anomalies des températures de surface,VU,Vanuatu,1973,,0.2,,,,CELSIUS,Degré Celsius (°C),SE,Standard error,0.1,,N,National,,
DATAFLOW,SPC:DF_CLIMATE_CHANGE(1.0),Indicateurs du changement climatique,I,A,Annuel,ST_ANOM,Anomalies des températures de surface,VU,Vanuatu,1974,,0.3,,,,CELSIUS,Degré Celsius (°C),SE,Standard error,0.1,,N,National,,
DATAFLOW,SPC:DF_CLIMATE_CHANGE(1.0),Indicateurs du changement climatique,I,A,Annuel,ST_ANOM,Anomalies des températures de surface,VU,Vanuatu,1975,,0.2,,,,CELSIUS,Degré Celsius (°C),SE,Standard error,0.1,,N,National,,
DATAFLOW,SPC:DF_CLIMATE_CHANGE(1.0),Indicateurs du changement climatique,I,A,Annuel,ST_ANOM,Anomalies des températures de surface,VU,Vanuatu,1976,,0.0,,,,CELSIUS,Degré Celsius (°C),SE,Standard error,0.0,,N,National,,
DATAFLOW,SPC:DF_CLIMATE_CHANGE(1.0),Indicateurs du changement climatique,I,A,Annuel,ST_ANOM,Anomalies des températures de surface,VU,Vanuatu,1977,,-0.4,,,,CELSIUS,Degré Celsius (°C),SE,Standard error,0.1,,N,National,,
DATAFLOW,SPC:DF_CLIMATE_CHANGE(1.0),Indicateurs du changement climatique,I,A,Annuel,ST_ANOM,Anomalies des températures de surface,VU,Vanuatu,1978,,-0.3,,,,CELSIUS,Degré Celsius (°C),SE,Standard error,0.1,,N,National,,
DATAFLOW,SPC:DF_CLIMATE_CHANGE(1.0),Indicateurs du changement climatique,I,A,Annuel,ST_ANOM,Anomalies des températures de surface,VU,Vanuatu,1979,,-0.1,,,,CELSIUS,Degré Celsius (°C),SE,Standard error,0.1,,N,National,,
DATAFLOW,SPC:DF_CLIMATE_CHANGE(1.0),Indicateurs du changement climatique,I,A,Annuel,ST_ANOM,Anomalies des températures de surface,VU,Vanuatu,1980,,-0.2,,,,CELSIUS,Degré Celsius (°C),SE,Standard error,0.1,,N,National,,
DATAFLOW,SPC:DF_CLIMATE_CHANGE(1.0),Indicateurs du changement climatique,I,A,Annuel,ST_ANOM,Anomalies des températures de surface,VU,Vanuatu,1981,,0.0,,,,CELSIUS,Degré Celsius (°C),SE,Standard error,0.1,,N,National,,
DATAFLOW,SPC:DF_CLIMATE_CHANGE(1.0),Indicateurs du changement climatique,I,A,Annuel,ST_ANOM,Anomalies des températures de surface,VU,Vanuatu,1982,,-0.4,,,,CELSIUS,Degré Celsius (°C),SE,Standard error,0.1,,N,National,,
DATAFLOW,SPC:DF_CLIMATE_CHANGE(1.0),Indicateurs du changement climatique,I,A,Annuel,ST_ANOM,Anomalies des températures de surface,VU,Vanuatu,1983,,-0.3,,,,CELSIUS,Degré Celsius (°C),SE,Standard error,0.1,,N,National,,
DATAFLOW,SPC:DF_CLIMATE_CHANGE(1.0),Indicateurs du changement climatique,I,A,Annuel,ST_ANOM,Anomalies des températures de surface,VU,Vanuatu,1984,,0.1,,,,CELSIUS,Degré Celsius (°C),SE,Standard error,0.1,,N,National,,
DATAFLOW,SPC:DF_CLIMATE_CHANGE(1.0),Indicateurs du changement climatique,I,A,Annuel,ST_ANOM,Anomalies des températures de surface,VU,Vanuatu,1985,,0.1,,,,CELSIUS,Degré Celsius (°C),SE,Standard error,0.1,,N,National,,
DATAFLOW,SPC:DF_CLIMATE_CHANGE(1.0),Indicateurs du changement climatique,I,A,Annuel,ST_ANOM,Anomalies des températures de surface,VU,Vanuatu,1986,,-0.2,,,,CELSIUS,Degré Celsius (°C),SE,Standard error,0.1,,N,National,,
DATAFLOW,SPC:DF_CLIMATE_CHANGE(1.0),Indicateurs du changement climatique,I,A,Annuel,ST_ANOM,Anomalies des températures de surface,VU,Vanuatu,1987,,-0.4,,,,CELSIUS,Degré Celsius (°C),SE,Standard error,0.1,,N,National,,
DATAFLOW,SPC:DF_CLIMATE_CHANGE(1.0),Indicateurs du changement climatique,I,A,Annuel,ST_ANOM,Anomalies des températures de surface,VU,Vanuatu,1988,,0.4,,,,CELSIUS,Degré Celsius (°C),SE,Standard error,0.1,,N,National,,
DATAFLOW,SPC:DF_CLIMATE_CHANGE(1.0),Indicateurs du changement climatique,I,A,Annuel,ST_ANOM,Anomalies des températures de surface,VU,Vanuatu,1989,,0.2,,,,CELSIUS,Degré Celsius (°C),SE,Standard error,0.1,,N,National,,
DATAFLOW,SPC:DF_CLIMATE_CHANGE(1.0),Indicateurs du changement climatique,I,A,Annuel,ST_ANOM,Anomalies des températures de surface,VU,Vanuatu,1990,,0.2,,,,CELSIUS,Degré Celsius (°C),SE,Standard error,0.0,,N,National,,
DATAFLOW,SPC:DF_CLIMATE_CHANGE(1.0),Indicateurs du changement climatique,I,A,Annuel,ST_ANOM,Anomalies des températures de surface,VU,Vanuatu,1991,,-0.3,,,,CELSIUS,Degré Celsius (°C),SE,Standard error,0.1,,N,National,,
DATAFLOW,SPC:DF_CLIMATE_CHANGE(1.0),Indicateurs du changement climatique,I,A,Annuel,ST_ANOM,Anomalies des températures de surface,VU,Vanuatu,1992,,-0.4,,,,CELSIUS,Degré Celsius (°C),SE,Standard error,0.1,,N,National,,
DATAFLOW,SPC:DF_CLIMATE_CHANGE(1.0),Indicateurs du changement climatique,I,A,Annuel,ST_ANOM,Anomalies des températures de surface,VU,Vanuatu,1993,,-0.7,,,,CELSIUS,Degré Celsius (°C),SE,Standard error,0.1,,N,National,,
DATAFLOW,SPC:DF_CLIMATE_CHANGE(1.0),Indicateurs du changement climatique,I,A,Annuel,ST_ANOM,Anomalies des températures de surface,VU,Vanuatu,1994,,-0.5,,,,CELSIUS,Degré Celsius (°C),SE,Standard error,0.1,,N,National,,
DATAFLOW,SPC:DF_CLIMATE_CHANGE(1.0),Indicateurs du changement climatique,I,A,Annuel,ST_ANOM,Anomalies des températures de surface,VU,Vanuatu,1995,,0.1,,,,CELSIUS,Degré Celsius (°C),SE,Standard error,0.1,,N,National,,
DATAFLOW,SPC:DF_CLIMATE_CHANGE(1.0),Indicateurs du changement climatique,I,A,Annuel,ST_ANOM,Anomalies des températures de surface,VU,Vanuatu,1996,,0.2,,,,CELSIUS,Degré Celsius (°C),SE,Standard error,0.1,,N,National,,
DATAFLOW,SPC:DF_CLIMATE_CHANGE(1.0),Indicateurs du changement climatique,I,A,Annuel,ST_ANOM,Anomalies des températures de surface,VU,Vanuatu,1997,,-0.2,,,,CELSIUS,Degré Celsius (°C),SE,Standard error,0.1,,N,National,,
DATAFLOW,SPC:DF_CLIMATE_CHANGE(1.0),Indicateurs du changement climatique,I,A,Annuel,ST_ANOM,Anomalies des températures de surface,VU,Vanuatu,1998,,0.5,,,,CELSIUS,Degré Celsius (°C),SE,Standard error,0.1,,N,National,,
DATAFLOW,SPC:DF_CLIMATE_CHANGE(1.0),Indicateurs du changement climatique,I,A,Annuel,ST_ANOM,Anomalies des températures de surface,VU,Vanuatu,1999,,0.4,,,,CELSIUS,Degré Celsius (°C),SE,Standard error,0.1,,N,National,,
DATAFLOW,SPC:DF_CLIMATE_CHANGE(1.0),Indicateurs du changement climatique,I,A,Annuel,ST_ANOM,Anomalies des températures de surface,VU,Vanuatu,2000,,0.3,,,,CELSIUS,Degré Celsius (°C),SE,Standard error,0.0,,N,National,,
DATAFLOW,SPC:DF_CLIMATE_CHANGE(1.0),Indicateurs du changement climatique,I,A,Annuel,ST_ANOM,Anomalies des températures de surface,VU,Vanuatu,2001,,0.4,,,,CELSIUS,Degré Celsius (°C),SE,Standard error,0.1,,N,National,,
DATAFLOW,SPC:DF_CLIMATE_CHANGE(1.0),Indicateurs du changement climatique,I,A,Annuel,ST_ANOM,Anomalies des températures de surface,VU,Vanuatu,2002,,0.2,,,,CELSIUS,Degré Celsius (°C),SE,Standard error,0.1,,N,National,,
DATAFLOW,SPC:DF_CLIMATE_CHANGE(1.0),Indicateurs du changement climatique,I,A,Annuel,ST_ANOM,Anomalies des températures de surface,VU,Vanuatu,2003,,0.2,,,,CELSIUS,Degré Celsius (°C),SE,Standard error,0.1,,N,National,,
DATAFLOW,SPC:DF_CLIMATE_CHANGE(1.0),Indicateurs du changement climatique,I,A,Annuel,ST_ANOM,Anomalies des températures de surface,VU,Vanuatu,2004,,0.0,,,,CELSIUS,Degré Celsius (°C),SE,Standard error,0.1,,N,National,,
DATAFLOW,SPC:DF_CLIMATE_CHANGE(1.0),Indicateurs du changement climatique,I,A,Annuel,ST_ANOM,Anomalies des températures de surface,VU,Vanuatu,2005,,0.3,,,,CELSIUS,Degré Celsius (°C),SE,Standard error,0.0,,N,National,,
DATAFLOW,SPC:DF_CLIMATE_CHANGE(1.0),Indicateurs du changement climatique,I,A,Annuel,ST_ANOM,Anomalies des températures de surface,VU,Vanuatu,2006,,0.1,,,,CELSIUS,Degré Celsius (°C),SE,Standard error,0.1,,N,National,,
DATAFLOW,SPC:DF_CLIMATE_CHANGE(1.0),Indicateurs du changement climatique,I,A,Annuel,ST_ANOM,Anomalies des températures de surface,VU,Vanuatu,2007,,0.4,,,,CELSIUS,Degré Celsius (°C),SE,Standard error,0.1,,N,National,,
DATAFLOW,SPC:DF_CLIMATE_CHANGE(1.0),Indicateurs du changement climatique,I,A,Annuel,ST_ANOM,Anomalies des températures de surface,VU,Vanuatu,2008,,0.5,,,,CELSIUS,Degré Celsius (°C),SE,Standard error,0.1,,N,National,,
DATAFLOW,SPC:DF_CLIMATE_CHANGE(1.0),Indicateurs du changement climatique,I,A,Annuel,ST_ANOM,Anomalies des températures de surface,VU,Vanuatu,2009,,0.1,,,,CELSIUS,Degré Celsius (°C),SE,Standard error,0.1,,N,National,,
DATAFLOW,SPC:DF_CLIMATE_CHANGE(1.0),Indicateurs du changement climatique,I,A,Annuel,ST_ANOM,Anomalies des températures de surface,VU,Vanuatu,2010,,0.4,,,,CELSIUS,Degré Celsius (°C),SE,Standard error,0.1,,N,National,,
DATAFLOW,SPC:DF_CLIMATE_CHANGE(1.0),Indicateurs du changement climatique,I,A,Annuel,ST_ANOM,Anomalies des températures de surface,VU,Vanuatu,2011,,0.5,,,,CELSIUS,Degré Celsius (°C),SE,Standard error,0.0,,N,National,,
DATAFLOW,SPC:DF_CLIMATE_CHANGE(1.0),Indicateurs du changement climatique,I,A,Annuel,ST_ANOM,Anomalies des températures de surface,VU,Vanuatu,2012,,0.2,,,,CELSIUS,Degré Celsius (°C),SE,Standard error,0.0,,N,National,,
DATAFLOW,SPC:DF_CLIMATE_CHANGE(1.0),Indicateurs du changement climatique,I,A,Annuel,ST_ANOM,Anomalies des températures de surface,VU,Vanuatu,2013,,0.4,,,,CELSIUS,Degré Celsius (°C),SE,Standard error,0.1,,N,National,,
DATAFLOW,SPC:DF_CLIMATE_CHANGE(1.0),Indicateurs du changement climatique,I,A,Annuel,ST_ANOM,Anomalies des températures de surface,VU,Vanuatu,2014,,0.2,,,,CELSIUS,Degré Celsius (°C),SE,Standard error,0.0,,N,National,,
DATAFLOW,SPC:DF_CLIMATE_CHANGE(1.0),Indicateurs du changement climatique,I,A,Annuel,ST_ANOM,Anomalies des températures de surface,VU,Vanuatu,2015,,-0.1,,,,CELSIUS,Degré Celsius (°C),SE,Standard error,0.1,,N,National,,
DATAFLOW,SPC:DF_CLIMATE_CHANGE(1.0),Indicateurs du changement climatique,I,A,Annuel,ST_ANOM,Anomalies des températures de surface,VU,Vanuatu,2016,,0.6,,,,CELSIUS,Degré Celsius (°C),SE,Standard error,0.1,,N,National,,
DATAFLOW,SPC:DF_CLIMATE_CHANGE(1.0),Indicateurs du changement climatique,I,A,Annuel,ST_ANOM,Anomalies des températures de surface,VU,Vanuatu,2017,,0.5,,,,CELSIUS,Degré Celsius (°C),SE,Standard error,0.1,,N,National,,
DATAFLOW,SPC:DF_CLIMATE_CHANGE(1.0),Indicateurs du changement climatique,I,A,Annuel,ST_ANOM,Anomalies des températures de surface,VU,Vanuatu,2018,,0.4,,,,CELSIUS,Degré Celsius (°C),SE,Standard error,0.0,,N,National,,
DATAFLOW,SPC:DF_CLIMATE_CHANGE(1.0),Indicateurs du changement climatique,I,A,Annuel,ST_ANOM,Anomalies des températures de surface,VU,Vanuatu,2019,,0.2,,,,CELSIUS,Degré Celsius (°C),SE,Standard error,0.1,,N,National,,
DATAFLOW,SPC:DF_CLIMATE_CHANGE(1.0),Indicateurs du changement climatique,I,A,Annuel,ST_ANOM,Anomalies des températures de surface,VU,Vanuatu,2020,,0.5,,,,CELSIUS,Degré Celsius (°C),SE,Standard error,0.1,,N,National,,
DATAFLOW,SPC:DF_CLIMATE_CHANGE(1.0),Indicateurs du changement climatique,I,A,Annuel,ST_ANOM,Anomalies des températures de surface,VU,Vanuatu,2021,,0.6,,,,CELSIUS,Degré Celsius (°C),SE,Standard error,0.1,,N,National,,
DATAFLOW,SPC:DF_CLIMATE_CHANGE(1.0),Indicateurs du changement climatique,I,A,Annuel,ST_ANOM,Anomalies des températures de surface,VU,Vanuatu,2022,,1.2,,,,CELSIUS,Degré Celsius (°C),SE,Standard error,0.1,,N,National,,
DATAFLOW,SPC:DF_CLIMATE_CHANGE(1.0),Indicateurs du changement climatique,I,A,Annuel,ST_ANOM,Anomalies des températures de surface,VU,Vanuatu,2023,,0.5,,,,CELSIUS,Degré Celsius (°C),SE,Standard error,0.1,,N,National,,
DATAFLOW,SPC:DF_CLIMATE_CHANGE(1.0),Indicateurs du changement climatique,I,A,Annuel,ST_ANOM,Anomalies des températures de surface,VU,Vanuatu,2024,,0.7,,,,CELSIUS,Degré Celsius (°C),SE,Standard error,0.0,,N,National,,
DATAFLOW,SPC:DF_CLIMATE_CHANGE(1.0),Indicateurs du changement climatique,I,A,Annuel,ST_ANOM,Anomalies des températures de surface,VU,Vanuatu,2025,,0.9,,,,CELSIUS,Degré Celsius (°C),SE,Standard error,0.1,,N,National,,
DATAFLOW,SPC:DF_CLIMATE_CHANGE(1.0),Indicateurs du changement climatique,I,A,Annuel,ST_ANOM,Anomalies des températures de surface,TO,Tonga,1850,,-0.2,,,,CELSIUS,Degré Celsius (°C),SE,Standard error,0.1,,N,National,,
DATAFLOW,SPC:DF_CLIMATE_CHANGE(1.0),Indicateurs du changement climatique,I,A,Annuel,ST_ANOM,Anomalies des températures de surface,TO,Tonga,1851,,-0.3,,,,CELSIUS,Degré Celsius (°C),SE,Standard error,0.0,,N,National,,
DATAFLOW,SPC:DF_CLIMATE_CHANGE(1.0),Indicateurs du changement climatique,I,A,Annuel,ST_ANOM,Anomalies des températures de surface,TO,Tonga,1852,,-0.1,,,,CELSIUS,Degré Celsius (°C),SE,Standard error,0.0,,N,National,,
DATAFLOW,SPC:DF_CLIMATE_CHANGE(1.0),Indicateurs du changement climatique,I,A,Annuel,ST_ANOM,Anomalies des températures de surface,TO,Tonga,1853,,0.4,,,,CELSIUS,Degré Celsius (°C),SE,Standard error,0.1,,N,National,,
DATAFLOW,SPC:DF_CLIMATE_CHANGE(1.0),Indicateurs du changement climatique,I,A,Annuel,ST_ANOM,Anomalies des températures de surface,TO,Tonga,1854,,0.1,,,,CELSIUS,Degré Celsius (°C),SE,Standard error,0.1,,N,National,,
DATAFLOW,SPC:DF_CLIMATE_CHANGE(1.0),Indicateurs du changement climatique,I,A,Annuel,ST_ANOM,Anomalies des températures de surface,TO,Tonga,1855,,-0.2,,,,CELSIUS,Degré Celsius (°C),SE,Standard error,0.1,,N,National,,
DATAFLOW,SPC:DF_CLIMATE_CHANGE(1.0),Indicateurs du changement climatique,I,A,Annuel,ST_ANOM,Anomalies des températures de surface,TO,Tonga,1856,,-0.2,,,,CELSIUS,Degré Celsius (°C),SE,Standard error,0.1,,N,National,,
DATAFLOW,SPC:DF_CLIMATE_CHANGE(1.0),Indicateurs du changement climatique,I,A,Annuel,ST_ANOM,Anomalies des températures de surface,TO,Tonga,1857,,0.0,,,,CELSIUS,Degré Celsius (°C),SE,Standard error,0.1,,N,National,,
DATAFLOW,SPC:DF_CLIMATE_CHANGE(1.0),Indicateurs du changement climatique,I,A,Annuel,ST_ANOM,Anomalies des températures de surface,TO,Tonga,1858,,-0.1,,,,CELSIUS,Degré Celsius (°C),SE,Standard error,0.0,,N,National,,
DATAFLOW,SPC:DF_CLIMATE_CHANGE(1.0),Indicateurs du changement climatique,I,A,Annuel,ST_ANOM,Anomalies des températures de surface,TO,Tonga,1859,,0.2,,,,CELSIUS,Degré Celsius (°C),SE,Standard error,0.1,,N,National,,
DATAFLOW,SPC:DF_CLIMATE_CHANGE(1.0),Indicateurs du changement climatique,I,A,Annuel,ST_ANOM,Anomalies des températures de surface,TO,Tonga,1860,,0.1,,,,CELSIUS,Degré Celsius (°C),SE,Standard error,0.0,,N,National,,
DATAFLOW,SPC:DF_CLIMATE_CHANGE(1.0),Indicateurs du changement climatique,I,A,Annuel,ST_ANOM,Anomalies des températures de surface,TO,Tonga,1861,,0.0,,,,CELSIUS,Degré Celsius (°C),SE,Standard error,0.1,,N,National,,
DATAFLOW,SPC:DF_CLIMATE_CHANGE(1.0),Indicateurs du changement climatique,I,A,Annuel,ST_ANOM,Anomalies des températures de surface,TO,Tonga,1862,,-0.1,,,,CELSIUS,Degré Celsius (°C),SE,Standard error,0.0,,N,National,,
DATAFLOW,SPC:DF_CLIMATE_CHANGE(1.0),Indicateurs du changement climatique,I,A,Annuel,ST_ANOM,Anomalies des températures de surface,TO,Tonga,1863,,0.0,,,,CELSIUS,Degré Celsius (°C),SE,Standard error,0.0,,N,National,,
DATAFLOW,SPC:DF_CLIMATE_CHANGE(1.0),Indicateurs du changement climatique,I,A,Annuel,ST_ANOM,Anomalies des températures de surface,TO,Tonga,1864,,0.1,,,,CELSIUS,Degré Celsius (°C),SE,Standard error,0.1,,N,National,,
DATAFLOW,SPC:DF_CLIMATE_CHANGE(1.0),Indicateurs du changement climatique,I,A,Annuel,ST_ANOM,Anomalies des températures de surface,TO,Tonga,1865,,0.0,,,,CELSIUS,Degré Celsius (°C),SE,Standard error,0.0,,N,National,,
DATAFLOW,SPC:DF_CLIMATE_CHANGE(1.0),Indicateurs du changement climatique,I,A,Annuel,ST_ANOM,Anomalies des températures de surface,TO,Tonga,1866,,0.0,,,,CELSIUS,Degré Celsius (°C),SE,Standard error,0.0,,N,National,,
DATAFLOW,SPC:DF_CLIMATE_CHANGE(1.0),Indicateurs du changement climatique,I,A,Annuel,ST_ANOM,Anomalies des températures de surface,TO,Tonga,1867,,0.2,,,,CELSIUS,Degré Celsius (°C),SE,Standard error,0.1,,N,National,,
DATAFLOW,SPC:DF_CLIMATE_CHANGE(1.0),Indicateurs du changement climatique,I,A,Annuel,ST_ANOM,Anomalies des températures de surface,TO,Tonga,1868,,0.1,,,,CELSIUS,Degré Celsius (°C),SE,Standard error,0.1,,N,National,,
DATAFLOW,SPC:DF_CLIMATE_CHANGE(1.0),Indicateurs du changement climatique,I,A,Annuel,ST_ANOM,Anomalies des températures de surface,TO,Tonga,1869,,0.1,,,,CELSIUS,Degré Celsius (°C),SE,Standard error,0.2,,N,National,,
DATAFLOW,SPC:DF_CLIMATE_CHANGE(1.0),Indicateurs du changement climatique,I,A,Annuel,ST_ANOM,Anomalies des températures de surface,TO,Tonga,1870,,0.2,,,,CELSIUS,Degré Celsius (°C),SE,Standard error,0.1,,N,National,,
DATAFLOW,SPC:DF_CLIMATE_CHANGE(1.0),Indicateurs du changement climatique,I,A,Annuel,ST_ANOM,Anomalies des températures de surface,TO,Tonga,1871,,0.4,,,,CELSIUS,Degré Celsius (°C),SE,Standard error,0.1,,N,National,,
DATAFLOW,SPC:DF_CLIMATE_CHANGE(1.0),Indicateurs du changement climatique,I,A,Annuel,ST_ANOM,Anomalies des températures de surface,TO,Tonga,1872,,0.3,,,,CELSIUS,Degré Celsius (°C),SE,Standard error,0.1,,N,National,,
DATAFLOW,SPC:DF_CLIMATE_CHANGE(1.0),Indicateurs du changement climatique,I,A,Annuel,ST_ANOM,Anomalies des températures de surface,TO,Tonga,1873,,0.0,,,,CELSIUS,Degré Celsius (°C),SE,Standard error,0.1,,N,National,,
DATAFLOW,SPC:DF_CLIMATE_CHANGE(1.0),Indicateurs du changement climatique,I,A,Annuel,ST_ANOM,Anomalies des températures de surface,TO,Tonga,1874,,0.3,,,,CELSIUS,Degré Celsius (°C),SE,Standard error,0.2,,N,National,,
DATAFLOW,SPC:DF_CLIMATE_CHANGE(1.0),Indicateurs du changement climatique,I,A,Annuel,ST_ANOM,Anomalies des températures de surface,TO,Tonga,1875,,0.2,,,,CELSIUS,Degré Celsius (°C),SE,Standard error,0.1,,N,National,,
DATAFLOW,SPC:DF_CLIMATE_CHANGE(1.0),Indicateurs du changement climatique,I,A,Annuel,ST_ANOM,Anomalies des températures de surface,TO,Tonga,1876,,0.2,,,,CELSIUS,Degré Celsius (°C),SE,Standard error,0.1,,N,National,,
DATAFLOW,SPC:DF_CLIMATE_CHANGE(1.0),Indicateurs du changement climatique,I,A,Annuel,ST_ANOM,Anomalies des températures de surface,TO,Tonga,1877,,-0.4,,,,CELSIUS,Degré Celsius (°C),SE,Standard error,0.1,,N,National,,
DATAFLOW,SPC:DF_CLIMATE_CHANGE(1.0),Indicateurs du changement climatique,I,A,Annuel,ST_ANOM,Anomalies des températures de surface,TO,Tonga,1878,,-0.2,,,,CELSIUS,Degré Celsius (°C),SE,Standard error,0.1,,N,National,,
DATAFLOW,SPC:DF_CLIMATE_CHANGE(1.0),Indicateurs du changement climatique,I,A,Annuel,ST_ANOM,Anomalies des températures de surface,TO,Tonga,1879,,0.3,,,,CELSIUS,Degré Celsius (°C),SE,Standard error,0.1,,N,National,,
DATAFLOW,SPC:DF_CLIMATE_CHANGE(1.0),Indicateurs du changement climatique,I,A,Annuel,ST_ANOM,Anomalies des températures de surface,TO,Tonga,1880,,0.1,,,,CELSIUS,Degré Celsius (°C),SE,Standard error,0.1,,N,National,,
DATAFLOW,SPC:DF_CLIMATE_CHANGE(1.0),Indicateurs du changement climatique,I,A,Annuel,ST_ANOM,Anomalies des températures de surface,TO,Tonga,1881,,0.0,,,,CELSIUS,Degré Celsius (°C),SE,Standard error,0.1,,N,National,,
DATAFLOW,SPC:DF_CLIMATE_CHANGE(1.0),Indicateurs du changement climatique,I,A,Annuel,ST_ANOM,Anomalies des températures de surface,TO,Tonga,1882,,0.1,,,,CELSIUS,Degré Celsius (°C),SE,Standard error,0.1,,N,National,,
DATAFLOW,SPC:DF_CLIMATE_CHANGE(1.0),Indicateurs du changement climatique,I,A,Annuel,ST_ANOM,Anomalies des températures de surface,TO,Tonga,1883,,-0.5,,,,CELSIUS,Degré Celsius (°C),SE,Standard error,0.1,,N,National,,
DATAFLOW,SPC:DF_CLIMATE_CHANGE(1.0),Indicateurs du changement climatique,I,A,Annuel,ST_ANOM,Anomalies des températures de surface,TO,Tonga,1884,,-0.7,,,,CELSIUS,Degré Celsius (°C),SE,Standard error,0.2,,N,National,,
DATAFLOW,SPC:DF_CLIMATE_CHANGE(1.0),Indicateurs du changement climatique,I,A,Annuel,ST_ANOM,Anomalies des températures de surface,TO,Tonga,1885,,-1.0,,,,CELSIUS,Degré Celsius (°C),SE,Standard error,0.1,,N,National,,
DATAFLOW,SPC:DF_CLIMATE_CHANGE(1.0),Indicateurs du changement climatique,I,A,Annuel,ST_ANOM,Anomalies des températures de surface,TO,Tonga,1886,,-0.6,,,,CELSIUS,Degré Celsius (°C),SE,Standard error,0.1,,N,National,,
DATAFLOW,SPC:DF_CLIMATE_CHANGE(1.0),Indicateurs du changement climatique,I,A,Annuel,ST_ANOM,Anomalies des températures de surface,TO,Tonga,1887,,-0.4,,,,CELSIUS,Degré Celsius (°C),SE,Standard error,0.1,,N,National,,
DATAFLOW,SPC:DF_CLIMATE_CHANGE(1.0),Indicateurs du changement climatique,I,A,Annuel,ST_ANOM,Anomalies des températures de surface,TO,Tonga,1888,,-0.7,,,,CELSIUS,Degré Celsius (°C),SE,Standard error,0.1,,N,National,,
DATAFLOW,SPC:DF_CLIMATE_CHANGE(1.0),Indicateurs du changement climatique,I,A,Annuel,ST_ANOM,Anomalies des températures de surface,TO,Tonga,1889,,-0.2,,,,CELSIUS,Degré Celsius (°C),SE,Standard error,0.1,,N,National,,
DATAFLOW,SPC:DF_CLIMATE_CHANGE(1.0),Indicateurs du changement climatique,I,A,Annuel,ST_ANOM,Anomalies des températures de surface,TO,Tonga,1890,,-0.2,,,,CELSIUS,Degré Celsius (°C),SE,Standard error,0.1,,N,National,,
DATAFLOW,SPC:DF_CLIMATE_CHANGE(1.0),Indicateurs du changement climatique,I,A,Annuel,ST_ANOM,Anomalies des températures de surface,TO,Tonga,1891,,-0.4,,,,CELSIUS,Degré Celsius (°C),SE,Standard error,0.1,,N,National,,
DATAFLOW,SPC:DF_CLIMATE_CHANGE(1.0),Indicateurs du changement climatique,I,A,Annuel,ST_ANOM,Anomalies des températures de surface,TO,Tonga,1892,,-0.3,,,,CELSIUS,Degré Celsius (°C),SE,Standard error,0.1,,N,National,,
DATAFLOW,SPC:DF_CLIMATE_CHANGE(1.0),Indicateurs du changement climatique,I,A,Annuel,ST_ANOM,Anomalies des températures de surface,TO,Tonga,1893,,-0.1,,,,CELSIUS,Degré Celsius (°C),SE,Standard error,0.1,,N,National,,
DATAFLOW,SPC:DF_CLIMATE_CHANGE(1.0),Indicateurs du changement climatique,I,A,Annuel,ST_ANOM,Anomalies des températures de surface,TO,Tonga,1894,,-0.3,,,,CELSIUS,Degré Celsius (°C),SE,Standard error,0.0,,N,National,,
DATAFLOW,SPC:DF_CLIMATE_CHANGE(1.0),Indicateurs du changement climatique,I,A,Annuel,ST_ANOM,Anomalies des températures de surface,TO,Tonga,1895,,-0.2,,,,CELSIUS,Degré Celsius (°C),SE,Standard error,0.1,,N,National,,
DATAFLOW,SPC:DF_CLIMATE_CHANGE(1.0),Indicateurs du changement climatique,I,A,Annuel,ST_ANOM,Anomalies des températures de surface,TO,Tonga,1896,,-0.6,,,,CELSIUS,Degré Celsius (°C),SE,Standard error,0.1,,N,National,,
DATAFLOW,SPC:DF_CLIMATE_CHANGE(1.0),Indicateurs du changement climatique,I,A,Annuel,ST_ANOM,Anomalies des températures de surface,TO,Tonga,1897,,-0.5,,,,CELSIUS,Degré Celsius (°C),SE,Standard error,0.1,,N,National,,
DATAFLOW,SPC:DF_CLIMATE_CHANGE(1.0),Indicateurs du changement climatique,I,A,Annuel,ST_ANOM,Anomalies des températures de surface,TO,Tonga,1898,,0.0,,,,CELSIUS,Degré Celsius (°C),SE,Standard error,0.1,,N,National,,
DATAFLOW,SPC:DF_CLIMATE_CHANGE(1.0),Indicateurs du changement climatique,I,A,Annuel,ST_ANOM,Anomalies des températures de surface,TO,Tonga,1899,,-0.1,,,,CELSIUS,Degré Celsius (°C),SE,Standard error,0.1,,N,National,,
DATAFLOW,SPC:DF_CLIMATE_CHANGE(1.0),Indicateurs du changement climatique,I,A,Annuel,ST_ANOM,Anomalies des températures de surface,TO,Tonga,1900,,-0.6,,,,CELSIUS,Degré Celsius (°C),SE,Standard error,0.2,,N,National,,
DATAFLOW,SPC:DF_CLIMATE_CHANGE(1.0),Indicateurs du changement climatique,I,A,Annuel,ST_ANOM,Anomalies des températures de surface,TO,Tonga,1901,,0.0,,,,CELSIUS,Degré Celsius (°C),SE,Standard error,0.1,,N,National,,
DATAFLOW,SPC:DF_CLIMATE_CHANGE(1.0),Indicateurs du changement climatique,I,A,Annuel,ST_ANOM,Anomalies des températures de surface,TO,Tonga,1902,,-0.9,,,,CELSIUS,Degré Celsius (°C),SE,Standard error,0.1,,N,National,,
DATAFLOW,SPC:DF_CLIMATE_CHANGE(1.0),Indicateurs du changement climatique,I,A,Annuel,ST_ANOM,Anomalies des températures de surface,TO,Tonga,1903,,-0.6,,,,CELSIUS,Degré Celsius (°C),SE,Standard error,0.0,,N,National,,
DATAFLOW,SPC:DF_CLIMATE_CHANGE(1.0),Indicateurs du changement climatique,I,A,Annuel,ST_ANOM,Anomalies des températures de surface,TO,Tonga,1904,,-0.6,,,,CELSIUS,Degré Celsius (°C),SE,Standard error,0.1,,N,National,,
DATAFLOW,SPC:DF_CLIMATE_CHANGE(1.0),Indicateurs du changement climatique,I,A,Annuel,ST_ANOM,Anomalies des températures de surface,TO,Tonga,1905,,-1.0,,,,CELSIUS,Degré Celsius (°C),SE,Standard error,0.1,,N,National,,
DATAFLOW,SPC:DF_CLIMATE_CHANGE(1.0),Indicateurs du changement climatique,I,A,Annuel,ST_ANOM,Anomalies des températures de surface,TO,Tonga,1906,,-0.3,,,,CELSIUS,Degré Celsius (°C),SE,Standard error,0.1,,N,National,,
DATAFLOW,SPC:DF_CLIMATE_CHANGE(1.0),Indicateurs du changement climatique,I,A,Annuel,ST_ANOM,Anomalies des températures de surface,TO,Tonga,1907,,-0.6,,,,CELSIUS,Degré Celsius (°C),SE,Standard error,0.1,,N,National,,
DATAFLOW,SPC:DF_CLIMATE_CHANGE(1.0),Indicateurs du changement climatique,I,A,Annuel,ST_ANOM,Anomalies des températures de surface,TO,Tonga,1908,,-0.6,,,,CELSIUS,Degré Celsius (°C),SE,Standard error,0.1,,N,National,,
DATAFLOW,SPC:DF_CLIMATE_CHANGE(1.0),Indicateurs du changement climatique,I,A,Annuel,ST_ANOM,Anomalies des températures de surface,TO,Tonga,1909,,-0.5,,,,CELSIUS,Degré Celsius (°C),SE,Standard error,0.1,,N,National,,
DATAFLOW,SPC:DF_CLIMATE_CHANGE(1.0),Indicateurs du changement climatique,I,A,Annuel,ST_ANOM,Anomalies des températures de surface,TO,Tonga,1910,,-0.3,,,,CELSIUS,Degré Celsius (°C),SE,Standard error,0.1,,N,National,,
DATAFLOW,SPC:DF_CLIMATE_CHANGE(1.0),Indicateurs du changement climatique,I,A,Annuel,ST_ANOM,Anomalies des températures de surface,TO,Tonga,1911,,-0.5,,,,CELSIUS,Degré Celsius (°C),SE,Standard error,0.1,,N,National,,
DATAFLOW,SPC:DF_CLIMATE_CHANGE(1.0),Indicateurs du changement climatique,I,A,Annuel,ST_ANOM,Anomalies des températures de surface,TO,Tonga,1912,,-0.6,,,,CELSIUS,Degré Celsius (°C),SE,Standard error,0.1,,N,National,,
DATAFLOW,SPC:DF_CLIMATE_CHANGE(1.0),Indicateurs du changement climatique,I,A,Annuel,ST_ANOM,Anomalies des températures de surface,TO,Tonga,1913,,-0.7,,,,CELSIUS,Degré Celsius (°C),SE,Standard error,0.1,,N,National,,
DATAFLOW,SPC:DF_CLIMATE_CHANGE(1.0),Indicateurs du changement climatique,I,A,Annuel,ST_ANOM,Anomalies des températures de surface,TO,Tonga,1914,,-0.5,,,,CELSIUS,Degré Celsius (°C),SE,Standard error,0.1,,N,National,,
DATAFLOW,SPC:DF_CLIMATE_CHANGE(1.0),Indicateurs du changement climatique,I,A,Annuel,ST_ANOM,Anomalies des températures de surface,TO,Tonga,1915,,-0.2,,,,CELSIUS,Degré Celsius (°C),SE,Standard error,0.1,,N,National,,
DATAFLOW,SPC:DF_CLIMATE_CHANGE(1.0),Indicateurs du changement climatique,I,A,Annuel,ST_ANOM,Anomalies des températures de surface,TO,Tonga,1916,,0.2,,,,CELSIUS,Degré Celsius (°C),SE,Standard error,0.1,,N,National,,
DATAFLOW,SPC:DF_CLIMATE_CHANGE(1.0),Indicateurs du changement climatique,I,A,Annuel,ST_ANOM,Anomalies des températures de surface,TO,Tonga,1917,,0.0,,,,CELSIUS,Degré Celsius (°C),SE,Standard error,0.1,,N,National,,
DATAFLOW,SPC:DF_CLIMATE_CHANGE(1.0),Indicateurs du changement climatique,I,A,Annuel,ST_ANOM,Anomalies des températures de surface,TO,Tonga,1918,,-0.4,,,,CELSIUS,Degré Celsius (°C),SE,Standard error,0.0,,N,National,,
DATAFLOW,SPC:DF_CLIMATE_CHANGE(1.0),Indicateurs du changement climatique,I,A,Annuel,ST_ANOM,Anomalies des températures de surface,TO,Tonga,1919,,-0.9,,,,CELSIUS,Degré Celsius (°C),SE,Standard error,0.1,,N,National,,
DATAFLOW,SPC:DF_CLIMATE_CHANGE(1.0),Indicateurs du changement climatique,I,A,Annuel,ST_ANOM,Anomalies des températures de surface,TO,Tonga,1920,,-0.5,,,,CELSIUS,Degré Celsius (°C),SE,Standard error,0.1,,N,National,,
DATAFLOW,SPC:DF_CLIMATE_CHANGE(1.0),Indicateurs du changement climatique,I,A,Annuel,ST_ANOM,Anomalies des températures de surface,TO,Tonga,1921,,-0.6,,,,CELSIUS,Degré Celsius (°C),SE,Standard error,0.1,,N,National,,
DATAFLOW,SPC:DF_CLIMATE_CHANGE(1.0),Indicateurs du changement climatique,I,A,Annuel,ST_ANOM,Anomalies des températures de surface,TO,Tonga,1922,,-0.2,,,,CELSIUS,Degré Celsius (°C),SE,Standard error,0.0,,N,National,,
DATAFLOW,SPC:DF_CLIMATE_CHANGE(1.0),Indicateurs du changement climatique,I,A,Annuel,ST_ANOM,Anomalies des températures de surface,TO,Tonga,1923,,-0.5,,,,CELSIUS,Degré Celsius (°C),SE,Standard error,0.1,,N,National,,
DATAFLOW,SPC:DF_CLIMATE_CHANGE(1.0),Indicateurs du changement climatique,I,A,Annuel,ST_ANOM,Anomalies des températures de surface,TO,Tonga,1924,,-0.1,,,,CELSIUS,Degré Celsius (°C),SE,Standard error,0.1,,N,National,,
DATAFLOW,SPC:DF_CLIMATE_CHANGE(1.0),Indicateurs du changement climatique,I,A,Annuel,ST_ANOM,Anomalies des températures de surface,TO,Tonga,1925,,-0.4,,,,CELSIUS,Degré Celsius (°C),SE,Standard error,0.1,,N,National,,
DATAFLOW,SPC:DF_CLIMATE_CHANGE(1.0),Indicateurs du changement climatique,I,A,Annuel,ST_ANOM,Anomalies des températures de surface,TO,Tonga,1926,,-0.6,,,,CELSIUS,Degré Celsius (°C),SE,Standard error,0.1,,N,National,,
DATAFLOW,SPC:DF_CLIMATE_CHANGE(1.0),Indicateurs du changement climatique,I,A,Annuel,ST_ANOM,Anomalies des températures de surface,TO,Tonga,1927,,-0.2,,,,CELSIUS,Degré Celsius (°C),SE,Standard error,0.1,,N,National,,
DATAFLOW,SPC:DF_CLIMATE_CHANGE(1.0),Indicateurs du changement climatique,I,A,Annuel,ST_ANOM,Anomalies des températures de surface,TO,Tonga,1928,,-0.5,,,,CELSIUS,Degré Celsius (°C),SE,Standard error,0.1,,N,National,,
DATAFLOW,SPC:DF_CLIMATE_CHANGE(1.0),Indicateurs du changement climatique,I,A,Annuel,ST_ANOM,Anomalies des températures de surface,TO,Tonga,1929,,-0.4,,,,CELSIUS,Degré Celsius (°C),SE,Standard error,0.0,,N,National,,
DATAFLOW,SPC:DF_CLIMATE_CHANGE(1.0),Indicateurs du changement climatique,I,A,Annuel,ST_ANOM,Anomalies des températures de surface,TO,Tonga,1930,,-0.8,,,,CELSIUS,Degré Celsius (°C),SE,Standard error,0.1,,N,National,,
DATAFLOW,SPC:DF_CLIMATE_CHANGE(1.0),Indicateurs du changement climatique,I,A,Annuel,ST_ANOM,Anomalies des températures de surface,TO,Tonga,1931,,-0.7,,,,CELSIUS,Degré Celsius (°C),SE,Standard error,0.1,,N,National,,
DATAFLOW,SPC:DF_CLIMATE_CHANGE(1.0),Indicateurs du changement climatique,I,A,Annuel,ST_ANOM,Anomalies des températures de surface,TO,Tonga,1932,,-0.3,,,,CELSIUS,Degré Celsius (°C),SE,Standard error,0.0,,N,National,,
DATAFLOW,SPC:DF_CLIMATE_CHANGE(1.0),Indicateurs du changement climatique,I,A,Annuel,ST_ANOM,Anomalies des températures de surface,TO,Tonga,1933,,-0.4,,,,CELSIUS,Degré Celsius (°C),SE,Standard error,0.1,,N,National,,
DATAFLOW,SPC:DF_CLIMATE_CHANGE(1.0),Indicateurs du changement climatique,I,A,Annuel,ST_ANOM,Anomalies des températures de surface,TO,Tonga,1934,,-0.5,,,,CELSIUS,Degré Celsius (°C),SE,Standard error,0.1,,N,National,,
DATAFLOW,SPC:DF_CLIMATE_CHANGE(1.0),Indicateurs du changement climatique,I,A,Annuel,ST_ANOM,Anomalies des températures de surface,TO,Tonga,1935,,-0.3,,,,CELSIUS,Degré Celsius (°C),SE,Standard error,0.1,,N,National,,
DATAFLOW,SPC:DF_CLIMATE_CHANGE(1.0),Indicateurs du changement climatique,I,A,Annuel,ST_ANOM,Anomalies des températures de surface,TO,Tonga,1936,,-0.2,,,,CELSIUS,Degré Celsius (°C),SE,Standard error,0.1,,N,National,,
DATAFLOW,SPC:DF_CLIMATE_CHANGE(1.0),Indicateurs du changement climatique,I,A,Annuel,ST_ANOM,Anomalies des températures de surface,TO,Tonga,1937,,-0.2,,,,CELSIUS,Degré Celsius (°C),SE,Standard error,0.1,,N,National,,
DATAFLOW,SPC:DF_CLIMATE_CHANGE(1.0),Indicateurs du changement climatique,I,A,Annuel,ST_ANOM,Anomalies des températures de surface,TO,Tonga,1938,,-0.2,,,,CELSIUS,Degré Celsius (°C),SE,Standard error,0.1,,N,National,,
DATAFLOW,SPC:DF_CLIMATE_CHANGE(1.0),Indicateurs du changement climatique,I,A,Annuel,ST_ANOM,Anomalies des températures de surface,TO,Tonga,1939,,-0.5,,,,CELSIUS,Degré Celsius (°C),SE,Standard error,0.1,,N,National,,
DATAFLOW,SPC:DF_CLIMATE_CHANGE(1.0),Indicateurs du changement climatique,I,A,Annuel,ST_ANOM,Anomalies des températures de surface,TO,Tonga,1940,,-0.6,,,,CELSIUS,Degré Celsius (°C),SE,Standard error,0.1,,N,National,,
DATAFLOW,SPC:DF_CLIMATE_CHANGE(1.0),Indicateurs du changement climatique,I,A,Annuel,ST_ANOM,Anomalies des températures de surface,TO,Tonga,1941,,-0.4,,,,CELSIUS,Degré Celsius (°C),SE,Standard error,0.1,,N,National,,
DATAFLOW,SPC:DF_CLIMATE_CHANGE(1.0),Indicateurs du changement climatique,I,A,Annuel,ST_ANOM,Anomalies des températures de surface,TO,Tonga,1942,,-0.1,,,,CELSIUS,Degré Celsius (°C),SE,Standard error,0.1,,N,National,,
DATAFLOW,SPC:DF_CLIMATE_CHANGE(1.0),Indicateurs du changement climatique,I,A,Annuel,ST_ANOM,Anomalies des températures de surface,TO,Tonga,1943,,0.3,,,,CELSIUS,Degré Celsius (°C),SE,Standard error,0.1,,N,National,,
DATAFLOW,SPC:DF_CLIMATE_CHANGE(1.0),Indicateurs du changement climatique,I,A,Annuel,ST_ANOM,Anomalies des températures de surface,TO,Tonga,1944,,0.3,,,,CELSIUS,Degré Celsius (°C),SE,Standard error,0.1,,N,National,,
DATAFLOW,SPC:DF_CLIMATE_CHANGE(1.0),Indicateurs du changement climatique,I,A,Annuel,ST_ANOM,Anomalies des températures de surface,TO,Tonga,1945,,0.1,,,,CELSIUS,Degré Celsius (°C),SE,Standard error,0.1,,N,National,,
DATAFLOW,SPC:DF_CLIMATE_CHANGE(1.0),Indicateurs du changement climatique,I,A,Annuel,ST_ANOM,Anomalies des températures de surface,TO,Tonga,1946,,0.0,,,,CELSIUS,Degré Celsius (°C),SE,Standard error,0.1,,N,National,,
DATAFLOW,SPC:DF_CLIMATE_CHANGE(1.0),Indicateurs du changement climatique,I,A,Annuel,ST_ANOM,Anomalies des températures de surface,TO,Tonga,1947,,0.0,,,,CELSIUS,Degré Celsius (°C),SE,Standard error,0.1,,N,National,,
DATAFLOW,SPC:DF_CLIMATE_CHANGE(1.0),Indicateurs du changement climatique,I,A,Annuel,ST_ANOM,Anomalies des températures de surface,TO,Tonga,1948,,-0.2,,,,CELSIUS,Degré Celsius (°C),SE,Standard error,0.1,,N,National,,
DATAFLOW,SPC:DF_CLIMATE_CHANGE(1.0),Indicateurs du changement climatique,I,A,Annuel,ST_ANOM,Anomalies des températures de surface,TO,Tonga,1949,,-0.1,,,,CELSIUS,Degré Celsius (°C),SE,Standard error,0.1,,N,National,,
DATAFLOW,SPC:DF_CLIMATE_CHANGE(1.0),Indicateurs du changement climatique,I,A,Annuel,ST_ANOM,Anomalies des températures de surface,TO,Tonga,1950,,0.1,,,,CELSIUS,Degré Celsius (°C),SE,Standard error,0.1,,N,National,,
DATAFLOW,SPC:DF_CLIMATE_CHANGE(1.0),Indicateurs du changement climatique,I,A,Annuel,ST_ANOM,Anomalies des températures de surface,TO,Tonga,1951,,-0.1,,,,CELSIUS,Degré Celsius (°C),SE,Standard error,0.1,,N,National,,
DATAFLOW,SPC:DF_CLIMATE_CHANGE(1.0),Indicateurs du changement climatique,I,A,Annuel,ST_ANOM,Anomalies des températures de surface,TO,Tonga,1952,,0.3,,,,CELSIUS,Degré Celsius (°C),SE,Standard error,0.1,,N,National,,
DATAFLOW,SPC:DF_CLIMATE_CHANGE(1.0),Indicateurs du changement climatique,I,A,Annuel,ST_ANOM,Anomalies des températures de surface,TO,Tonga,1953,,0.1,,,,CELSIUS,Degré Celsius (°C),SE,Standard error,0.1,,N,National,,
DATAFLOW,SPC:DF_CLIMATE_CHANGE(1.0),Indicateurs du changement climatique,I,A,Annuel,ST_ANOM,Anomalies des températures de surface,TO,Tonga,1954,,-0.1,,,,CELSIUS,Degré Celsius (°C),SE,Standard error,0.1,,N,National,,
DATAFLOW,SPC:DF_CLIMATE_CHANGE(1.0),Indicateurs du changement climatique,I,A,Annuel,ST_ANOM,Anomalies des températures de surface,TO,Tonga,1955,,0.0,,,,CELSIUS,Degré Celsius (°C),SE,Standard error,0.1,,N,National,,
DATAFLOW,SPC:DF_CLIMATE_CHANGE(1.0),Indicateurs du changement climatique,I,A,Annuel,ST_ANOM,Anomalies des températures de surface,TO,Tonga,1956,,0.1,,,,CELSIUS,Degré Celsius (°C),SE,Standard error,0.1,,N,National,,
DATAFLOW,SPC:DF_CLIMATE_CHANGE(1.0),Indicateurs du changement climatique,I,A,Annuel,ST_ANOM,Anomalies des températures de surface,TO,Tonga,1957,,-0.2,,,,CELSIUS,Degré Celsius (°C),SE,Standard error,0.1,,N,National,,
DATAFLOW,SPC:DF_CLIMATE_CHANGE(1.0),Indicateurs du changement climatique,I,A,Annuel,ST_ANOM,Anomalies des températures de surface,TO,Tonga,1958,,-0.3,,,,CELSIUS,Degré Celsius (°C),SE,Standard error,0.1,,N,National,,
DATAFLOW,SPC:DF_CLIMATE_CHANGE(1.0),Indicateurs du changement climatique,I,A,Annuel,ST_ANOM,Anomalies des températures de surface,TO,Tonga,1959,,-0.1,,,,CELSIUS,Degré Celsius (°C),SE,Standard error,0.1,,N,National,,
DATAFLOW,SPC:DF_CLIMATE_CHANGE(1.0),Indicateurs du changement climatique,I,A,Annuel,ST_ANOM,Anomalies des températures de surface,TO,Tonga,1960,,0.0,,,,CELSIUS,Degré Celsius (°C),SE,Standard error,0.1,,N,National,,
DATAFLOW,SPC:DF_CLIMATE_CHANGE(1.0),Indicateurs du changement climatique,I,A,Annuel,ST_ANOM,Anomalies des températures de surface,TO,Tonga,1961,,0.1,,,,CELSIUS,Degré Celsius (°C),SE,Standard error,0.1,,N,National,,
DATAFLOW,SPC:DF_CLIMATE_CHANGE(1.0),Indicateurs du changement climatique,I,A,Annuel,ST_ANOM,Anomalies des températures de surface,TO,Tonga,1962,,-0.1,,,,CELSIUS,Degré Celsius (°C),SE,Standard error,0.1,,N,National,,
DATAFLOW,SPC:DF_CLIMATE_CHANGE(1.0),Indicateurs du changement climatique,I,A,Annuel,ST_ANOM,Anomalies des températures de surface,TO,Tonga,1963,,-0.2,,,,CELSIUS,Degré Celsius (°C),SE,Standard error,0.1,,N,National,,
DATAFLOW,SPC:DF_CLIMATE_CHANGE(1.0),Indicateurs du changement climatique,I,A,Annuel,ST_ANOM,Anomalies des températures de surface,TO,Tonga,1964,,0.0,,,,CELSIUS,Degré Celsius (°C),SE,Standard error,0.1,,N,National,,
DATAFLOW,SPC:DF_CLIMATE_CHANGE(1.0),Indicateurs du changement climatique,I,A,Annuel,ST_ANOM,Anomalies des températures de surface,TO,Tonga,1965,,-0.4,,,,CELSIUS,Degré Celsius (°C),SE,Standard error,0.0,,N,National,,
DATAFLOW,SPC:DF_CLIMATE_CHANGE(1.0),Indicateurs du changement climatique,I,A,Annuel,ST_ANOM,Anomalies des températures de surface,TO,Tonga,1966,,-0.3,,,,CELSIUS,Degré Celsius (°C),SE,Standard error,0.1,,N,National,,
DATAFLOW,SPC:DF_CLIMATE_CHANGE(1.0),Indicateurs du changement climatique,I,A,Annuel,ST_ANOM,Anomalies des températures de surface,TO,Tonga,1967,,-0.2,,,,CELSIUS,Degré Celsius (°C),SE,Standard error,0.1,,N,National,,
DATAFLOW,SPC:DF_CLIMATE_CHANGE(1.0),Indicateurs du changement climatique,I,A,Annuel,ST_ANOM,Anomalies des températures de surface,TO,Tonga,1968,,0.1,,,,CELSIUS,Degré Celsius (°C),SE,Standard error,0.1,,N,National,,
DATAFLOW,SPC:DF_CLIMATE_CHANGE(1.0),Indicateurs du changement climatique,I,A,Annuel,ST_ANOM,Anomalies des températures de surface,TO,Tonga,1969,,-0.2,,,,CELSIUS,Degré Celsius (°C),SE,Standard error,0.1,,N,National,,
DATAFLOW,SPC:DF_CLIMATE_CHANGE(1.0),Indicateurs du changement climatique,I,A,Annuel,ST_ANOM,Anomalies des températures de surface,TO,Tonga,1970,,0.2,,,,CELSIUS,Degré Celsius (°C),SE,Standard error,0.1,,N,National,,
DATAFLOW,SPC:DF_CLIMATE_CHANGE(1.0),Indicateurs du changement climatique,I,A,Annuel,ST_ANOM,Anomalies des températures de surface,TO,Tonga,1971,,0.2,,,,CELSIUS,Degré Celsius (°C),SE,Standard error,0.1,,N,National,,
DATAFLOW,SPC:DF_CLIMATE_CHANGE(1.0),Indicateurs du changement climatique,I,A,Annuel,ST_ANOM,Anomalies des températures de surface,TO,Tonga,1972,,-0.1,,,,CELSIUS,Degré Celsius (°C),SE,Standard error,0.1,,N,National,,
DATAFLOW,SPC:DF_CLIMATE_CHANGE(1.0),Indicateurs du changement climatique,I,A,Annuel,ST_ANOM,Anomalies des températures de surface,TO,Tonga,1973,,0.4,,,,CELSIUS,Degré Celsius (°C),SE,Standard error,0.1,,N,National,,
DATAFLOW,SPC:DF_CLIMATE_CHANGE(1.0),Indicateurs du changement climatique,I,A,Annuel,ST_ANOM,Anomalies des températures de surface,TO,Tonga,1974,,0.3,,,,CELSIUS,Degré Celsius (°C),SE,Standard error,0.1,,N,National,,
DATAFLOW,SPC:DF_CLIMATE_CHANGE(1.0),Indicateurs du changement climatique,I,A,Annuel,ST_ANOM,Anomalies des températures de surface,TO,Tonga,1975,,0.2,,,,CELSIUS,Degré Celsius (°C),SE,Standard error,0.1,,N,National,,
DATAFLOW,SPC:DF_CLIMATE_CHANGE(1.0),Indicateurs du changement climatique,I,A,Annuel,ST_ANOM,Anomalies des températures de surface,TO,Tonga,1976,,0.0,,,,CELSIUS,Degré Celsius (°C),SE,Standard error,0.1,,N,National,,
DATAFLOW,SPC:DF_CLIMATE_CHANGE(1.0),Indicateurs du changement climatique,I,A,Annuel,ST_ANOM,Anomalies des températures de surface,TO,Tonga,1977,,-0.4,,,,CELSIUS,Degré Celsius (°C),SE,Standard error,0.1,,N,National,,
DATAFLOW,SPC:DF_CLIMATE_CHANGE(1.0),Indicateurs du changement climatique,I,A,Annuel,ST_ANOM,Anomalies des températures de surface,TO,Tonga,1978,,-0.3,,,,CELSIUS,Degré Celsius (°C),SE,Standard error,0.1,,N,National,,
DATAFLOW,SPC:DF_CLIMATE_CHANGE(1.0),Indicateurs du changement climatique,I,A,Annuel,ST_ANOM,Anomalies des températures de surface,TO,Tonga,1979,,-0.2,,,,CELSIUS,Degré Celsius (°C),SE,Standard error,0.1,,N,National,,
DATAFLOW,SPC:DF_CLIMATE_CHANGE(1.0),Indicateurs du changement climatique,I,A,Annuel,ST_ANOM,Anomalies des températures de surface,TO,Tonga,1980,,0.0,,,,CELSIUS,Degré Celsius (°C),SE,Standard error,0.1,,N,National,,
DATAFLOW,SPC:DF_CLIMATE_CHANGE(1.0),Indicateurs du changement climatique,I,A,Annuel,ST_ANOM,Anomalies des températures de surface,TO,Tonga,1981,,-0.1,,,,CELSIUS,Degré Celsius (°C),SE,Standard error,0.0,,N,National,,
DATAFLOW,SPC:DF_CLIMATE_CHANGE(1.0),Indicateurs du changement climatique,I,A,Annuel,ST_ANOM,Anomalies des températures de surface,TO,Tonga,1982,,-0.2,,,,CELSIUS,Degré Celsius (°C),SE,Standard error,0.1,,N,National,,
DATAFLOW,SPC:DF_CLIMATE_CHANGE(1.0),Indicateurs du changement climatique,I,A,Annuel,ST_ANOM,Anomalies des températures de surface,TO,Tonga,1983,,-0.3,,,,CELSIUS,Degré Celsius (°C),SE,Standard error,0.1,,N,National,,
DATAFLOW,SPC:DF_CLIMATE_CHANGE(1.0),Indicateurs du changement climatique,I,A,Annuel,ST_ANOM,Anomalies des températures de surface,TO,Tonga,1984,,0.1,,,,CELSIUS,Degré Celsius (°C),SE,Standard error,0.1,,N,National,,
DATAFLOW,SPC:DF_CLIMATE_CHANGE(1.0),Indicateurs du changement climatique,I,A,Annuel,ST_ANOM,Anomalies des températures de surface,TO,Tonga,1985,,-0.1,,,,CELSIUS,Degré Celsius (°C),SE,Standard error,0.1,,N,National,,
DATAFLOW,SPC:DF_CLIMATE_CHANGE(1.0),Indicateurs du changement climatique,I,A,Annuel,ST_ANOM,Anomalies des températures de surface,TO,Tonga,1986,,-0.4,,,,CELSIUS,Degré Celsius (°C),SE,Standard error,0.1,,N,National,,
DATAFLOW,SPC:DF_CLIMATE_CHANGE(1.0),Indicateurs du changement climatique,I,A,Annuel,ST_ANOM,Anomalies des températures de surface,TO,Tonga,1987,,-0.5,,,,CELSIUS,Degré Celsius (°C),SE,Standard error,0.1,,N,National,,
DATAFLOW,SPC:DF_CLIMATE_CHANGE(1.0),Indicateurs du changement climatique,I,A,Annuel,ST_ANOM,Anomalies des températures de surface,TO,Tonga,1988,,0.4,,,,CELSIUS,Degré Celsius (°C),SE,Standard error,0.1,,N,National,,
DATAFLOW,SPC:DF_CLIMATE_CHANGE(1.0),Indicateurs du changement climatique,I,A,Annuel,ST_ANOM,Anomalies des températures de surface,TO,Tonga,1989,,0.1,,,,CELSIUS,Degré Celsius (°C),SE,Standard error,0.1,,N,National,,
DATAFLOW,SPC:DF_CLIMATE_CHANGE(1.0),Indicateurs du changement climatique,I,A,Annuel,ST_ANOM,Anomalies des températures de surface,TO,Tonga,1990,,0.0,,,,CELSIUS,Degré Celsius (°C),SE,Standard error,0.1,,N,National,,
DATAFLOW,SPC:DF_CLIMATE_CHANGE(1.0),Indicateurs du changement climatique,I,A,Annuel,ST_ANOM,Anomalies des températures de surface,TO,Tonga,1991,,0.0,,,,CELSIUS,Degré Celsius (°C),SE,Standard error,0.1,,N,National,,
DATAFLOW,SPC:DF_CLIMATE_CHANGE(1.0),Indicateurs du changement climatique,I,A,Annuel,ST_ANOM,Anomalies des températures de surface,TO,Tonga,1992,,0.0,,,,CELSIUS,Degré Celsius (°C),SE,Standard error,0.1,,N,National,,
DATAFLOW,SPC:DF_CLIMATE_CHANGE(1.0),Indicateurs du changement climatique,I,A,Annuel,ST_ANOM,Anomalies des températures de surface,TO,Tonga,1993,,-0.3,,,,CELSIUS,Degré Celsius (°C),SE,Standard error,0.1,,N,National,,
DATAFLOW,SPC:DF_CLIMATE_CHANGE(1.0),Indicateurs du changement climatique,I,A,Annuel,ST_ANOM,Anomalies des températures de surface,TO,Tonga,1994,,-0.3,,,,CELSIUS,Degré Celsius (°C),SE,Standard error,0.1,,N,National,,
DATAFLOW,SPC:DF_CLIMATE_CHANGE(1.0),Indicateurs du changement climatique,I,A,Annuel,ST_ANOM,Anomalies des températures de surface,TO,Tonga,1995,,0.2,,,,CELSIUS,Degré Celsius (°C),SE,Standard error,0.1,,N,National,,
DATAFLOW,SPC:DF_CLIMATE_CHANGE(1.0),Indicateurs du changement climatique,I,A,Annuel,ST_ANOM,Anomalies des températures de surface,TO,Tonga,1996,,0.3,,,,CELSIUS,Degré Celsius (°C),SE,Standard error,0.1,,N,National,,
DATAFLOW,SPC:DF_CLIMATE_CHANGE(1.0),Indicateurs du changement climatique,I,A,Annuel,ST_ANOM,Anomalies des températures de surface,TO,Tonga,1997,,-0.2,,,,CELSIUS,Degré Celsius (°C),SE,Standard error,0.2,,N,National,,
DATAFLOW,SPC:DF_CLIMATE_CHANGE(1.0),Indicateurs du changement climatique,I,A,Annuel,ST_ANOM,Anomalies des températures de surface,TO,Tonga,1998,,-0.1,,,,CELSIUS,Degré Celsius (°C),SE,Standard error,0.2,,N,National,,
DATAFLOW,SPC:DF_CLIMATE_CHANGE(1.0),Indicateurs du changement climatique,I,A,Annuel,ST_ANOM,Anomalies des températures de surface,TO,Tonga,1999,,0.4,,,,CELSIUS,Degré Celsius (°C),SE,Standard error,0.0,,N,National,,
DATAFLOW,SPC:DF_CLIMATE_CHANGE(1.0),Indicateurs du changement climatique,I,A,Annuel,ST_ANOM,Anomalies des températures de surface,TO,Tonga,2000,,0.5,,,,CELSIUS,Degré Celsius (°C),SE,Standard error,0.1,,N,National,,
DATAFLOW,SPC:DF_CLIMATE_CHANGE(1.0),Indicateurs du changement climatique,I,A,Annuel,ST_ANOM,Anomalies des températures de surface,TO,Tonga,2001,,0.2,,,,CELSIUS,Degré Celsius (°C),SE,Standard error,0.1,,N,National,,
DATAFLOW,SPC:DF_CLIMATE_CHANGE(1.0),Indicateurs du changement climatique,I,A,Annuel,ST_ANOM,Anomalies des températures de surface,TO,Tonga,2002,,0.3,,,,CELSIUS,Degré Celsius (°C),SE,Standard error,0.1,,N,National,,
DATAFLOW,SPC:DF_CLIMATE_CHANGE(1.0),Indicateurs du changement climatique,I,A,Annuel,ST_ANOM,Anomalies des températures de surface,TO,Tonga,2003,,0.3,,,,CELSIUS,Degré Celsius (°C),SE,Standard error,0.1,,N,National,,
DATAFLOW,SPC:DF_CLIMATE_CHANGE(1.0),Indicateurs du changement climatique,I,A,Annuel,ST_ANOM,Anomalies des températures de surface,TO,Tonga,2004,,0.4,,,,CELSIUS,Degré Celsius (°C),SE,Standard error,0.1,,N,National,,
DATAFLOW,SPC:DF_CLIMATE_CHANGE(1.0),Indicateurs du changement climatique,I,A,Annuel,ST_ANOM,Anomalies des températures de surface,TO,Tonga,2005,,0.4,,,,CELSIUS,Degré Celsius (°C),SE,Standard error,0.1,,N,National,,
DATAFLOW,SPC:DF_CLIMATE_CHANGE(1.0),Indicateurs du changement climatique,I,A,Annuel,ST_ANOM,Anomalies des températures de surface,TO,Tonga,2006,,0.4,,,,CELSIUS,Degré Celsius (°C),SE,Standard error,0.1,,N,National,,
DATAFLOW,SPC:DF_CLIMATE_CHANGE(1.0),Indicateurs du changement climatique,I,A,Annuel,ST_ANOM,Anomalies des températures de surface,TO,Tonga,2007,,0.4,,,,CELSIUS,Degré Celsius (°C),SE,Standard error,0.1,,N,National,,
DATAFLOW,SPC:DF_CLIMATE_CHANGE(1.0),Indicateurs du changement climatique,I,A,Annuel,ST_ANOM,Anomalies des températures de surface,TO,Tonga,2008,,0.5,,,,CELSIUS,Degré Celsius (°C),SE,Standard error,0.1,,N,National,,
DATAFLOW,SPC:DF_CLIMATE_CHANGE(1.0),Indicateurs du changement climatique,I,A,Annuel,ST_ANOM,Anomalies des températures de surface,TO,Tonga,2009,,0.3,,,,CELSIUS,Degré Celsius (°C),SE,Standard error,0.1,,N,National,,
DATAFLOW,SPC:DF_CLIMATE_CHANGE(1.0),Indicateurs du changement climatique,I,A,Annuel,ST_ANOM,Anomalies des températures de surface,TO,Tonga,2010,,0.6,,,,CELSIUS,Degré Celsius (°C),SE,Standard error,0.1,,N,National,,
DATAFLOW,SPC:DF_CLIMATE_CHANGE(1.0),Indicateurs du changement climatique,I,A,Annuel,ST_ANOM,Anomalies des températures de surface,TO,Tonga,2011,,0.7,,,,CELSIUS,Degré Celsius (°C),SE,Standard error,0.1,,N,National,,
DATAFLOW,SPC:DF_CLIMATE_CHANGE(1.0),Indicateurs du changement climatique,I,A,Annuel,ST_ANOM,Anomalies des températures de surface,TO,Tonga,2012,,0.4,,,,CELSIUS,Degré Celsius (°C),SE,Standard error,0.1,,N,National,,
DATAFLOW,SPC:DF_CLIMATE_CHANGE(1.0),Indicateurs du changement climatique,I,A,Annuel,ST_ANOM,Anomalies des températures de surface,TO,Tonga,2013,,0.6,,,,CELSIUS,Degré Celsius (°C),SE,Standard error,0.1,,N,National,,
DATAFLOW,SPC:DF_CLIMATE_CHANGE(1.0),Indicateurs du changement climatique,I,A,Annuel,ST_ANOM,Anomalies des températures de surface,TO,Tonga,2014,,0.5,,,,CELSIUS,Degré Celsius (°C),SE,Standard error,0.1,,N,National,,
DATAFLOW,SPC:DF_CLIMATE_CHANGE(1.0),Indicateurs du changement climatique,I,A,Annuel,ST_ANOM,Anomalies des températures de surface,TO,Tonga,2015,,-0.1,,,,CELSIUS,Degré Celsius (°C),SE,Standard error,0.1,,N,National,,
DATAFLOW,SPC:DF_CLIMATE_CHANGE(1.0),Indicateurs du changement climatique,I,A,Annuel,ST_ANOM,Anomalies des températures de surface,TO,Tonga,2016,,0.4,,,,CELSIUS,Degré Celsius (°C),SE,Standard error,0.2,,N,National,,
DATAFLOW,SPC:DF_CLIMATE_CHANGE(1.0),Indicateurs du changement climatique,I,A,Annuel,ST_ANOM,Anomalies des températures de surface,TO,Tonga,2017,,0.6,,,,CELSIUS,Degré Celsius (°C),SE,Standard error,0.1,,N,National,,
DATAFLOW,SPC:DF_CLIMATE_CHANGE(1.0),Indicateurs du changement climatique,I,A,Annuel,ST_ANOM,Anomalies des températures de surface,TO,Tonga,2018,,0.5,,,,CELSIUS,Degré Celsius (°C),SE,Standard error,0.1,,N,National,,
DATAFLOW,SPC:DF_CLIMATE_CHANGE(1.0),Indicateurs du changement climatique,I,A,Annuel,ST_ANOM,Anomalies des températures de surface,TO,Tonga,2019,,0.5,,,,CELSIUS,Degré Celsius (°C),SE,Standard error,0.1,,N,National,,
DATAFLOW,SPC:DF_CLIMATE_CHANGE(1.0),Indicateurs du changement climatique,I,A,Annuel,ST_ANOM,Anomalies des températures de surface,TO,Tonga,2020,,0.7,,,,CELSIUS,Degré Celsius (°C),SE,Standard error,0.1,,N,National,,
DATAFLOW,SPC:DF_CLIMATE_CHANGE(1.0),Indicateurs du changement climatique,I,A,Annuel,ST_ANOM,Anomalies des températures de surface,TO,Tonga,2021,,0.8,,,,CELSIUS,Degré Celsius (°C),SE,Standard error,0.0,,N,National,,
DATAFLOW,SPC:DF_CLIMATE_CHANGE(1.0),Indicateurs du changement climatique,I,A,Annuel,ST_ANOM,Anomalies des températures de surface,TO,Tonga,2022,,1.1,,,,CELSIUS,Degré Celsius (°C),SE,Standard error,0.1,,N,National,,
DATAFLOW,SPC:DF_CLIMATE_CHANGE(1.0),Indicateurs du changement climatique,I,A,Annuel,ST_ANOM,Anomalies des températures de surface,TO,Tonga,2023,,0.5,,,,CELSIUS,Degré Celsius (°C),SE,Standard error,0.1,,N,National,,
DATAFLOW,SPC:DF_CLIMATE_CHANGE(1.0),Indicateurs du changement climatique,I,A,Annuel,ST_ANOM,Anomalies des températures de surface,TO,Tonga,2024,,0.6,,,,CELSIUS,Degré Celsius (°C),SE,Standard error,0.1,,N,National,,
DATAFLOW,SPC:DF_CLIMATE_CHANGE(1.0),Indicateurs du changement climatique,I,A,Annuel,ST_ANOM,Anomalies des températures de surface,TO,Tonga,2025,,0.6,,,,CELSIUS,Degré Celsius (°C),SE,Standard error,0.1,,N,National,,
DATAFLOW,SPC:DF_CLIMATE_CHANGE(1.0),Indicateurs du changement climatique,I,A,Annuel,ST_ANOM,Anomalies des températures de surface,FM,États Fédérés De Micronésie,1850,,0.0,,,,CELSIUS,Degré Celsius (°C),SE,Standard error,0.1,,N,National,,
DATAFLOW,SPC:DF_CLIMATE_CHANGE(1.0),Indicateurs du changement climatique,I,A,Annuel,ST_ANOM,Anomalies des températures de surface,FM,États Fédérés De Micronésie,1851,,0.1,,,,CELSIUS,Degré Celsius (°C),SE,Standard error,0.1,,N,National,,
DATAFLOW,SPC:DF_CLIMATE_CHANGE(1.0),Indicateurs du changement climatique,I,A,Annuel,ST_ANOM,Anomalies des températures de surface,FM,États Fédérés De Micronésie,1852,,0.0,,,,CELSIUS,Degré Celsius (°C),SE,Standard error,0.1,,N,National,,
DATAFLOW,SPC:DF_CLIMATE_CHANGE(1.0),Indicateurs du changement climatique,I,A,Annuel,ST_ANOM,Anomalies des températures de surface,FM,États Fédérés De Micronésie,1853,,-0.1,,,,CELSIUS,Degré Celsius (°C),SE,Standard error,0.1,,N,National,,
DATAFLOW,SPC:DF_CLIMATE_CHANGE(1.0),Indicateurs du changement climatique,I,A,Annuel,ST_ANOM,Anomalies des températures de surface,FM,États Fédérés De Micronésie,1854,,-0.2,,,,CELSIUS,Degré Celsius (°C),SE,Standard error,0.1,,N,National,,
DATAFLOW,SPC:DF_CLIMATE_CHANGE(1.0),Indicateurs du changement climatique,I,A,Annuel,ST_ANOM,Anomalies des températures de surface,FM,États Fédérés De Micronésie,1855,,-0.4,,,,CELSIUS,Degré Celsius (°C),SE,Standard error,0.1,,N,National,,
DATAFLOW,SPC:DF_CLIMATE_CHANGE(1.0),Indicateurs du changement climatique,I,A,Annuel,ST_ANOM,Anomalies des températures de surface,FM,États Fédérés De Micronésie,1856,,-0.2,,,,CELSIUS,Degré Celsius (°C),SE,Standard error,0.0,,N,National,,
DATAFLOW,SPC:DF_CLIMATE_CHANGE(1.0),Indicateurs du changement climatique,I,A,Annuel,ST_ANOM,Anomalies des températures de surface,FM,États Fédérés De Micronésie,1857,,0.0,,,,CELSIUS,Degré Celsius (°C),SE,Standard error,0.1,,N,National,,
DATAFLOW,SPC:DF_CLIMATE_CHANGE(1.0),Indicateurs du changement climatique,I,A,Annuel,ST_ANOM,Anomalies des températures de surface,FM,États Fédérés De Micronésie,1858,,-0.5,,,,CELSIUS,Degré Celsius (°C),SE,Standard error,0.1,,N,National,,
DATAFLOW,SPC:DF_CLIMATE_CHANGE(1.0),Indicateurs du changement climatique,I,A,Annuel,ST_ANOM,Anomalies des températures de surface,FM,États Fédérés De Micronésie,1859,,0.1,,,,CELSIUS,Degré Celsius (°C),SE,Standard error,0.0,,N,National,,
DATAFLOW,SPC:DF_CLIMATE_CHANGE(1.0),Indicateurs du changement climatique,I,A,Annuel,ST_ANOM,Anomalies des températures de surface,FM,États Fédérés De Micronésie,1860,,-0.3,,,,CELSIUS,Degré Celsius (°C),SE,Standard error,0.1,,N,National,,
DATAFLOW,SPC:DF_CLIMATE_CHANGE(1.0),Indicateurs du changement climatique,I,A,Annuel,ST_ANOM,Anomalies des températures de surface,FM,États Fédérés De Micronésie,1861,,-0.8,,,,CELSIUS,Degré Celsius (°C),SE,Standard error,0.2,,N,National,,
DATAFLOW,SPC:DF_CLIMATE_CHANGE(1.0),Indicateurs du changement climatique,I,A,Annuel,ST_ANOM,Anomalies des températures de surface,FM,États Fédérés De Micronésie,1862,,-0.5,,,,CELSIUS,Degré Celsius (°C),SE,Standard error,0.1,,N,National,,
DATAFLOW,SPC:DF_CLIMATE_CHANGE(1.0),Indicateurs du changement climatique,I,A,Annuel,ST_ANOM,Anomalies des températures de surface,FM,États Fédérés De Micronésie,1863,,-0.2,,,,CELSIUS,Degré Celsius (°C),SE,Standard error,0.1,,N,National,,
DATAFLOW,SPC:DF_CLIMATE_CHANGE(1.0),Indicateurs du changement climatique,I,A,Annuel,ST_ANOM,Anomalies des températures de surface,FM,États Fédérés De Micronésie,1864,,-0.1,,,,CELSIUS,Degré Celsius (°C),SE,Standard error,0.1,,N,National,,
DATAFLOW,SPC:DF_CLIMATE_CHANGE(1.0),Indicateurs du changement climatique,I,A,Annuel,ST_ANOM,Anomalies des températures de surface,FM,États Fédérés De Micronésie,1865,,0.0,,,,CELSIUS,Degré Celsius (°C),SE,Standard error,0.0,,N,National,,
DATAFLOW,SPC:DF_CLIMATE_CHANGE(1.0),Indicateurs du changement climatique,I,A,Annuel,ST_ANOM,Anomalies des températures de surface,FM,États Fédérés De Micronésie,1866,,0.0,,,,CELSIUS,Degré Celsius (°C),SE,Standard error,0.1,,N,National,,
DATAFLOW,SPC:DF_CLIMATE_CHANGE(1.0),Indicateurs du changement climatique,I,A,Annuel,ST_ANOM,Anomalies des températures de surface,FM,États Fédérés De Micronésie,1867,,-0.2,,,,CELSIUS,Degré Celsius (°C),SE,Standard error,0.1,,N,National,,
DATAFLOW,SPC:DF_CLIMATE_CHANGE(1.0),Indicateurs du changement climatique,I,A,Annuel,ST_ANOM,Anomalies des températures de surface,FM,États Fédérés De Micronésie,1868,,-0.2,,,,CELSIUS,Degré Celsius (°C),SE,Standard error,0.1,,N,National,,
DATAFLOW,SPC:DF_CLIMATE_CHANGE(1.0),Indicateurs du changement climatique,I,A,Annuel,ST_ANOM,Anomalies des températures de surface,FM,États Fédérés De Micronésie,1869,,0.2,,,,CELSIUS,Degré Celsius (°C),SE,Standard error,0.1,,N,National,,
DATAFLOW,SPC:DF_CLIMATE_CHANGE(1.0),Indicateurs du changement climatique,I,A,Annuel,ST_ANOM,Anomalies des températures de surface,FM,États Fédérés De Micronésie,1870,,0.0,,,,CELSIUS,Degré Celsius (°C),SE,Standard error,0.1,,N,National,,
DATAFLOW,SPC:DF_CLIMATE_CHANGE(1.0),Indicateurs du changement climatique,I,A,Annuel,ST_ANOM,Anomalies des températures de surface,FM,États Fédérés De Micronésie,1871,,-0.2,,,,CELSIUS,Degré Celsius (°C),SE,Standard error,0.0,,N,National,,
DATAFLOW,SPC:DF_CLIMATE_CHANGE(1.0),Indicateurs du changement climatique,I,A,Annuel,ST_ANOM,Anomalies des températures de surface,FM,États Fédérés De Micronésie,1872,,-0.1,,,,CELSIUS,Degré Celsius (°C),SE,Standard error,0.1,,N,National,,
DATAFLOW,SPC:DF_CLIMATE_CHANGE(1.0),Indicateurs du changement climatique,I,A,Annuel,ST_ANOM,Anomalies des températures de surface,FM,États Fédérés De Micronésie,1873,,0.0,,,,CELSIUS,Degré Celsius (°C),SE,Standard error,0.0,,N,National,,
DATAFLOW,SPC:DF_CLIMATE_CHANGE(1.0),Indicateurs du changement climatique,I,A,Annuel,ST_ANOM,Anomalies des températures de surface,FM,États Fédérés De Micronésie,1874,,-0.1,,,,CELSIUS,Degré Celsius (°C),SE,Standard error,0.1,,N,National,,
DATAFLOW,SPC:DF_CLIMATE_CHANGE(1.0),Indicateurs du changement climatique,I,A,Annuel,ST_ANOM,Anomalies des températures de surface,FM,États Fédérés De Micronésie,1875,,-0.3,,,,CELSIUS,Degré Celsius (°C),SE,Standard error,0.1,,N,National,,
DATAFLOW,SPC:DF_CLIMATE_CHANGE(1.0),Indicateurs du changement climatique,I,A,Annuel,ST_ANOM,Anomalies des températures de surface,FM,États Fédérés De Micronésie,1876,,-0.1,,,,CELSIUS,Degré Celsius (°C),SE,Standard error,0.0,,N,National,,
DATAFLOW,SPC:DF_CLIMATE_CHANGE(1.0),Indicateurs du changement climatique,I,A,Annuel,ST_ANOM,Anomalies des températures de surface,FM,États Fédérés De Micronésie,1877,,-0.2,,,,CELSIUS,Degré Celsius (°C),SE,Standard error,0.1,,N,National,,
DATAFLOW,SPC:DF_CLIMATE_CHANGE(1.0),Indicateurs du changement climatique,I,A,Annuel,ST_ANOM,Anomalies des températures de surface,FM,États Fédérés De Micronésie,1878,,0.0,,,,CELSIUS,Degré Celsius (°C),SE,Standard error,0.1,,N,National,,
DATAFLOW,SPC:DF_CLIMATE_CHANGE(1.0),Indicateurs du changement climatique,I,A,Annuel,ST_ANOM,Anomalies des températures de surface,FM,États Fédérés De Micronésie,1879,,-0.2,,,,CELSIUS,Degré Celsius (°C),SE,Standard error,0.1,,N,National,,
DATAFLOW,SPC:DF_CLIMATE_CHANGE(1.0),Indicateurs du changement climatique,I,A,Annuel,ST_ANOM,Anomalies des températures de surface,FM,États Fédérés De Micronésie,1880,,-0.4,,,,CELSIUS,Degré Celsius (°C),SE,Standard error,0.0,,N,National,,
DATAFLOW,SPC:DF_CLIMATE_CHANGE(1.0),Indicateurs du changement climatique,I,A,Annuel,ST_ANOM,Anomalies des températures de surface,FM,États Fédérés De Micronésie,1881,,-0.1,,,,CELSIUS,Degré Celsius (°C),SE,Standard error,0.1,,N,National,,
DATAFLOW,SPC:DF_CLIMATE_CHANGE(1.0),Indicateurs du changement climatique,I,A,Annuel,ST_ANOM,Anomalies des températures de surface,FM,États Fédérés De Micronésie,1882,,0.0,,,,CELSIUS,Degré Celsius (°C),SE,Standard error,0.1,,N,National,,
DATAFLOW,SPC:DF_CLIMATE_CHANGE(1.0),Indicateurs du changement climatique,I,A,Annuel,ST_ANOM,Anomalies des températures de surface,FM,États Fédérés De Micronésie,1883,,-0.4,,,,CELSIUS,Degré Celsius (°C),SE,Standard error,0.1,,N,National,,
DATAFLOW,SPC:DF_CLIMATE_CHANGE(1.0),Indicateurs du changement climatique,I,A,Annuel,ST_ANOM,Anomalies des températures de surface,FM,États Fédérés De Micronésie,1884,,-0.7,,,,CELSIUS,Degré Celsius (°C),SE,Standard error,0.0,,N,National,,
DATAFLOW,SPC:DF_CLIMATE_CHANGE(1.0),Indicateurs du changement climatique,I,A,Annuel,ST_ANOM,Anomalies des températures de surface,FM,États Fédérés De Micronésie,1885,,-0.5,,,,CELSIUS,Degré Celsius (°C),SE,Standard error,0.1,,N,National,,
DATAFLOW,SPC:DF_CLIMATE_CHANGE(1.0),Indicateurs du changement climatique,I,A,Annuel,ST_ANOM,Anomalies des températures de surface,FM,États Fédérés De Micronésie,1886,,-0.3,,,,CELSIUS,Degré Celsius (°C),SE,Standard error,0.1,,N,National,,
DATAFLOW,SPC:DF_CLIMATE_CHANGE(1.0),Indicateurs du changement climatique,I,A,Annuel,ST_ANOM,Anomalies des températures de surface,FM,États Fédérés De Micronésie,1887,,0.1,,,,CELSIUS,Degré Celsius (°C),SE,Standard error,0.1,,N,National,,
DATAFLOW,SPC:DF_CLIMATE_CHANGE(1.0),Indicateurs du changement climatique,I,A,Annuel,ST_ANOM,Anomalies des températures de surface,FM,États Fédérés De Micronésie,1888,,-0.1,,,,CELSIUS,Degré Celsius (°C),SE,Standard error,0.1,,N,National,,
DATAFLOW,SPC:DF_CLIMATE_CHANGE(1.0),Indicateurs du changement climatique,I,A,Annuel,ST_ANOM,Anomalies des températures de surface,FM,États Fédérés De Micronésie,1889,,0.0,,,,CELSIUS,Degré Celsius (°C),SE,Standard error,0.1,,N,National,,
DATAFLOW,SPC:DF_CLIMATE_CHANGE(1.0),Indicateurs du changement climatique,I,A,Annuel,ST_ANOM,Anomalies des températures de surface,FM,États Fédérés De Micronésie,1890,,0.1,,,,CELSIUS,Degré Celsius (°C),SE,Standard error,0.1,,N,National,,
DATAFLOW,SPC:DF_CLIMATE_CHANGE(1.0),Indicateurs du changement climatique,I,A,Annuel,ST_ANOM,Anomalies des températures de surface,FM,États Fédérés De Micronésie,1891,,0.4,,,,CELSIUS,Degré Celsius (°C),SE,Standard error,0.1,,N,National,,
DATAFLOW,SPC:DF_CLIMATE_CHANGE(1.0),Indicateurs du changement climatique,I,A,Annuel,ST_ANOM,Anomalies des températures de surface,FM,États Fédérés De Micronésie,1892,,0.2,,,,CELSIUS,Degré Celsius (°C),SE,Standard error,0.1,,N,National,,
DATAFLOW,SPC:DF_CLIMATE_CHANGE(1.0),Indicateurs du changement climatique,I,A,Annuel,ST_ANOM,Anomalies des températures de surface,FM,États Fédérés De Micronésie,1893,,0.1,,,,CELSIUS,Degré Celsius (°C),SE,Standard error,0.1,,N,National,,
DATAFLOW,SPC:DF_CLIMATE_CHANGE(1.0),Indicateurs du changement climatique,I,A,Annuel,ST_ANOM,Anomalies des températures de surface,FM,États Fédérés De Micronésie,1894,,0.0,,,,CELSIUS,Degré Celsius (°C),SE,Standard error,0.1,,N,National,,
DATAFLOW,SPC:DF_CLIMATE_CHANGE(1.0),Indicateurs du changement climatique,I,A,Annuel,ST_ANOM,Anomalies des températures de surface,FM,États Fédérés De Micronésie,1895,,0.1,,,,CELSIUS,Degré Celsius (°C),SE,Standard error,0.0,,N,National,,
DATAFLOW,SPC:DF_CLIMATE_CHANGE(1.0),Indicateurs du changement climatique,I,A,Annuel,ST_ANOM,Anomalies des températures de surface,FM,États Fédérés De Micronésie,1896,,-0.1,,,,CELSIUS,Degré Celsius (°C),SE,Standard error,0.1,,N,National,,
DATAFLOW,SPC:DF_CLIMATE_CHANGE(1.0),Indicateurs du changement climatique,I,A,Annuel,ST_ANOM,Anomalies des températures de surface,FM,États Fédérés De Micronésie,1897,,0.3,,,,CELSIUS,Degré Celsius (°C),SE,Standard error,0.1,,N,National,,
DATAFLOW,SPC:DF_CLIMATE_CHANGE(1.0),Indicateurs du changement climatique,I,A,Annuel,ST_ANOM,Anomalies des températures de surface,FM,États Fédérés De Micronésie,1898,,-0.1,,,,CELSIUS,Degré Celsius (°C),SE,Standard error,0.1,,N,National,,
DATAFLOW,SPC:DF_CLIMATE_CHANGE(1.0),Indicateurs du changement climatique,I,A,Annuel,ST_ANOM,Anomalies des températures de surface,FM,États Fédérés De Micronésie,1899,,-0.3,,,,CELSIUS,Degré Celsius (°C),SE,Standard error,0.1,,N,National,,
DATAFLOW,SPC:DF_CLIMATE_CHANGE(1.0),Indicateurs du changement climatique,I,A,Annuel,ST_ANOM,Anomalies des températures de surface,FM,États Fédérés De Micronésie,1900,,0.0,,,,CELSIUS,Degré Celsius (°C),SE,Standard error,0.1,,N,National,,
DATAFLOW,SPC:DF_CLIMATE_CHANGE(1.0),Indicateurs du changement climatique,I,A,Annuel,ST_ANOM,Anomalies des températures de surface,FM,États Fédérés De Micronésie,1901,,-0.1,,,,CELSIUS,Degré Celsius (°C),SE,Standard error,0.0,,N,National,,
DATAFLOW,SPC:DF_CLIMATE_CHANGE(1.0),Indicateurs du changement climatique,I,A,Annuel,ST_ANOM,Anomalies des températures de surface,FM,États Fédérés De Micronésie,1902,,-0.4,,,,CELSIUS,Degré Celsius (°C),SE,Standard error,0.1,,N,National,,
DATAFLOW,SPC:DF_CLIMATE_CHANGE(1.0),Indicateurs du changement climatique,I,A,Annuel,ST_ANOM,Anomalies des températures de surface,FM,États Fédérés De Micronésie,1903,,-0.5,,,,CELSIUS,Degré Celsius (°C),SE,Standard error,0.1,,N,National,,
DATAFLOW,SPC:DF_CLIMATE_CHANGE(1.0),Indicateurs du changement climatique,I,A,Annuel,ST_ANOM,Anomalies des températures de surface,FM,États Fédérés De Micronésie,1904,,-0.6,,,,CELSIUS,Degré Celsius (°C),SE,Standard error,0.1,,N,National,,
DATAFLOW,SPC:DF_CLIMATE_CHANGE(1.0),Indicateurs du changement climatique,I,A,Annuel,ST_ANOM,Anomalies des températures de surface,FM,États Fédérés De Micronésie,1905,,-0.7,,,,CELSIUS,Degré Celsius (°C),SE,Standard error,0.1,,N,National,,
DATAFLOW,SPC:DF_CLIMATE_CHANGE(1.0),Indicateurs du changement climatique,I,A,Annuel,ST_ANOM,Anomalies des températures de surface,FM,États Fédérés De Micronésie,1906,,-0.5,,,,CELSIUS,Degré Celsius (°C),SE,Standard error,0.1,,N,National,,
DATAFLOW,SPC:DF_CLIMATE_CHANGE(1.0),Indicateurs du changement climatique,I,A,Annuel,ST_ANOM,Anomalies des températures de surface,FM,États Fédérés De Micronésie,1907,,-0.4,,,,CELSIUS,Degré Celsius (°C),SE,Standard error,0.1,,N,National,,
DATAFLOW,SPC:DF_CLIMATE_CHANGE(1.0),Indicateurs du changement climatique,I,A,Annuel,ST_ANOM,Anomalies des températures de surface,FM,États Fédérés De Micronésie,1908,,-0.4,,,,CELSIUS,Degré Celsius (°C),SE,Standard error,0.1,,N,National,,
DATAFLOW,SPC:DF_CLIMATE_CHANGE(1.0),Indicateurs du changement climatique,I,A,Annuel,ST_ANOM,Anomalies des températures de surface,FM,États Fédérés De Micronésie,1909,,-0.4,,,,CELSIUS,Degré Celsius (°C),SE,Standard error,0.0,,N,National,,
DATAFLOW,SPC:DF_CLIMATE_CHANGE(1.0),Indicateurs du changement climatique,I,A,Annuel,ST_ANOM,Anomalies des températures de surface,FM,États Fédérés De Micronésie,1910,,-0.4,,,,CELSIUS,Degré Celsius (°C),SE,Standard error,0.0,,N,National,,
DATAFLOW,SPC:DF_CLIMATE_CHANGE(1.0),Indicateurs du changement climatique,I,A,Annuel,ST_ANOM,Anomalies des températures de surface,FM,États Fédérés De Micronésie,1911,,-0.7,,,,CELSIUS,Degré Celsius (°C),SE,Standard error,0.0,,N,National,,
DATAFLOW,SPC:DF_CLIMATE_CHANGE(1.0),Indicateurs du changement climatique,I,A,Annuel,ST_ANOM,Anomalies des températures de surface,FM,États Fédérés De Micronésie,1912,,-0.7,,,,CELSIUS,Degré Celsius (°C),SE,Standard error,0.0,,N,National,,
DATAFLOW,SPC:DF_CLIMATE_CHANGE(1.0),Indicateurs du changement climatique,I,A,Annuel,ST_ANOM,Anomalies des températures de surface,FM,États Fédérés De Micronésie,1913,,-0.7,,,,CELSIUS,Degré Celsius (°C),SE,Standard error,0.0,,N,National,,
DATAFLOW,SPC:DF_CLIMATE_CHANGE(1.0),Indicateurs du changement climatique,I,A,Annuel,ST_ANOM,Anomalies des températures de surface,FM,États Fédérés De Micronésie,1914,,-0.6,,,,CELSIUS,Degré Celsius (°C),SE,Standard error,0.1,,N,National,,
DATAFLOW,SPC:DF_CLIMATE_CHANGE(1.0),Indicateurs du changement climatique,I,A,Annuel,ST_ANOM,Anomalies des températures de surface,FM,États Fédérés De Micronésie,1915,,-0.4,,,,CELSIUS,Degré Celsius (°C),SE,Standard error,0.1,,N,National,,
DATAFLOW,SPC:DF_CLIMATE_CHANGE(1.0),Indicateurs du changement climatique,I,A,Annuel,ST_ANOM,Anomalies des températures de surface,FM,États Fédérés De Micronésie,1916,,-0.3,,,,CELSIUS,Degré Celsius (°C),SE,Standard error,0.1,,N,National,,
DATAFLOW,SPC:DF_CLIMATE_CHANGE(1.0),Indicateurs du changement climatique,I,A,Annuel,ST_ANOM,Anomalies des températures de surface,FM,États Fédérés De Micronésie,1917,,-0.6,,,,CELSIUS,Degré Celsius (°C),SE,Standard error,0.1,,N,National,,
DATAFLOW,SPC:DF_CLIMATE_CHANGE(1.0),Indicateurs du changement climatique,I,A,Annuel,ST_ANOM,Anomalies des températures de surface,FM,États Fédérés De Micronésie,1918,,-0.8,,,,CELSIUS,Degré Celsius (°C),SE,Standard error,0.1,,N,National,,
DATAFLOW,SPC:DF_CLIMATE_CHANGE(1.0),Indicateurs du changement climatique,I,A,Annuel,ST_ANOM,Anomalies des températures de surface,FM,États Fédérés De Micronésie,1919,,-0.9,,,,CELSIUS,Degré Celsius (°C),SE,Standard error,0.1,,N,National,,
DATAFLOW,SPC:DF_CLIMATE_CHANGE(1.0),Indicateurs du changement climatique,I,A,Annuel,ST_ANOM,Anomalies des températures de surface,FM,États Fédérés De Micronésie,1920,,-0.7,,,,CELSIUS,Degré Celsius (°C),SE,Standard error,0.1,,N,National,,
DATAFLOW,SPC:DF_CLIMATE_CHANGE(1.0),Indicateurs du changement climatique,I,A,Annuel,ST_ANOM,Anomalies des températures de surface,FM,États Fédérés De Micronésie,1921,,-0.1,,,,CELSIUS,Degré Celsius (°C),SE,Standard error,0.0,,N,National,,
DATAFLOW,SPC:DF_CLIMATE_CHANGE(1.0),Indicateurs du changement climatique,I,A,Annuel,ST_ANOM,Anomalies des températures de surface,FM,États Fédérés De Micronésie,1922,,-0.2,,,,CELSIUS,Degré Celsius (°C),SE,Standard error,0.1,,N,National,,
DATAFLOW,SPC:DF_CLIMATE_CHANGE(1.0),Indicateurs du changement climatique,I,A,Annuel,ST_ANOM,Anomalies des températures de surface,FM,États Fédérés De Micronésie,1923,,-0.4,,,,CELSIUS,Degré Celsius (°C),SE,Standard error,0.0,,N,National,,
DATAFLOW,SPC:DF_CLIMATE_CHANGE(1.0),Indicateurs du changement climatique,I,A,Annuel,ST_ANOM,Anomalies des températures de surface,FM,États Fédérés De Micronésie,1924,,-0.3,,,,CELSIUS,Degré Celsius (°C),SE,Standard error,0.1,,N,National,,
DATAFLOW,SPC:DF_CLIMATE_CHANGE(1.0),Indicateurs du changement climatique,I,A,Annuel,ST_ANOM,Anomalies des températures de surface,FM,États Fédérés De Micronésie,1925,,-0.2,,,,CELSIUS,Degré Celsius (°C),SE,Standard error,0.0,,N,National,,
DATAFLOW,SPC:DF_CLIMATE_CHANGE(1.0),Indicateurs du changement climatique,I,A,Annuel,ST_ANOM,Anomalies des températures de surface,FM,États Fédérés De Micronésie,1926,,-0.3,,,,CELSIUS,Degré Celsius (°C),SE,Standard error,0.0,,N,National,,
DATAFLOW,SPC:DF_CLIMATE_CHANGE(1.0),Indicateurs du changement climatique,I,A,Annuel,ST_ANOM,Anomalies des températures de surface,FM,États Fédérés De Micronésie,1927,,-0.2,,,,CELSIUS,Degré Celsius (°C),SE,Standard error,0.1,,N,National,,
DATAFLOW,SPC:DF_CLIMATE_CHANGE(1.0),Indicateurs du changement climatique,I,A,Annuel,ST_ANOM,Anomalies des températures de surface,FM,États Fédérés De Micronésie,1928,,-0.3,,,,CELSIUS,Degré Celsius (°C),SE,Standard error,0.1,,N,National,,
DATAFLOW,SPC:DF_CLIMATE_CHANGE(1.0),Indicateurs du changement climatique,I,A,Annuel,ST_ANOM,Anomalies des températures de surface,FM,États Fédérés De Micronésie,1929,,-0.4,,,,CELSIUS,Degré Celsius (°C),SE,Standard error,0.1,,N,National,,
DATAFLOW,SPC:DF_CLIMATE_CHANGE(1.0),Indicateurs du changement climatique,I,A,Annuel,ST_ANOM,Anomalies des températures de surface,FM,États Fédérés De Micronésie,1930,,-0.5,,,,CELSIUS,Degré Celsius (°C),SE,Standard error,0.0,,N,National,,
DATAFLOW,SPC:DF_CLIMATE_CHANGE(1.0),Indicateurs du changement climatique,I,A,Annuel,ST_ANOM,Anomalies des températures de surface,FM,États Fédérés De Micronésie,1931,,-0.3,,,,CELSIUS,Degré Celsius (°C),SE,Standard error,0.0,,N,National,,
DATAFLOW,SPC:DF_CLIMATE_CHANGE(1.0),Indicateurs du changement climatique,I,A,Annuel,ST_ANOM,Anomalies des températures de surface,FM,États Fédérés De Micronésie,1932,,-0.4,,,,CELSIUS,Degré Celsius (°C),SE,Standard error,0.0,,N,National,,
DATAFLOW,SPC:DF_CLIMATE_CHANGE(1.0),Indicateurs du changement climatique,I,A,Annuel,ST_ANOM,Anomalies des températures de surface,FM,États Fédérés De Micronésie,1933,,-0.4,,,,CELSIUS,Degré Celsius (°C),SE,Standard error,0.0,,N,National,,
DATAFLOW,SPC:DF_CLIMATE_CHANGE(1.0),Indicateurs du changement climatique,I,A,Annuel,ST_ANOM,Anomalies des températures de surface,FM,États Fédérés De Micronésie,1934,,-0.3,,,,CELSIUS,Degré Celsius (°C),SE,Standard error,0.0,,N,National,,
DATAFLOW,SPC:DF_CLIMATE_CHANGE(1.0),Indicateurs du changement climatique,I,A,Annuel,ST_ANOM,Anomalies des températures de surface,FM,États Fédérés De Micronésie,1935,,-0.4,,,,CELSIUS,Degré Celsius (°C),SE,Standard error,0.0,,N,National,,
DATAFLOW,SPC:DF_CLIMATE_CHANGE(1.0),Indicateurs du changement climatique,I,A,Annuel,ST_ANOM,Anomalies des températures de surface,FM,États Fédérés De Micronésie,1936,,-0.4,,,,CELSIUS,Degré Celsius (°C),SE,Standard error,0.0,,N,National,,
DATAFLOW,SPC:DF_CLIMATE_CHANGE(1.0),Indicateurs du changement climatique,I,A,Annuel,ST_ANOM,Anomalies des températures de surface,FM,États Fédérés De Micronésie,1937,,-0.3,,,,CELSIUS,Degré Celsius (°C),SE,Standard error,0.0,,N,National,,
DATAFLOW,SPC:DF_CLIMATE_CHANGE(1.0),Indicateurs du changement climatique,I,A,Annuel,ST_ANOM,Anomalies des températures de surface,FM,États Fédérés De Micronésie,1938,,-0.3,,,,CELSIUS,Degré Celsius (°C),SE,Standard error,0.0,,N,National,,
DATAFLOW,SPC:DF_CLIMATE_CHANGE(1.0),Indicateurs du changement climatique,I,A,Annuel,ST_ANOM,Anomalies des températures de surface,FM,États Fédérés De Micronésie,1939,,-0.3,,,,CELSIUS,Degré Celsius (°C),SE,Standard error,0.0,,N,National,,
DATAFLOW,SPC:DF_CLIMATE_CHANGE(1.0),Indicateurs du changement climatique,I,A,Annuel,ST_ANOM,Anomalies des températures de surface,FM,États Fédérés De Micronésie,1940,,-0.4,,,,CELSIUS,Degré Celsius (°C),SE,Standard error,0.0,,N,National,,
DATAFLOW,SPC:DF_CLIMATE_CHANGE(1.0),Indicateurs du changement climatique,I,A,Annuel,ST_ANOM,Anomalies des températures de surface,FM,États Fédérés De Micronésie,1941,,-0.3,,,,CELSIUS,Degré Celsius (°C),SE,Standard error,0.0,,N,National,,
DATAFLOW,SPC:DF_CLIMATE_CHANGE(1.0),Indicateurs du changement climatique,I,A,Annuel,ST_ANOM,Anomalies des températures de surface,FM,États Fédérés De Micronésie,1942,,-0.3,,,,CELSIUS,Degré Celsius (°C),SE,Standard error,0.1,,N,National,,
DATAFLOW,SPC:DF_CLIMATE_CHANGE(1.0),Indicateurs du changement climatique,I,A,Annuel,ST_ANOM,Anomalies des températures de surface,FM,États Fédérés De Micronésie,1943,,0.3,,,,CELSIUS,Degré Celsius (°C),SE,Standard error,0.1,,N,National,,
DATAFLOW,SPC:DF_CLIMATE_CHANGE(1.0),Indicateurs du changement climatique,I,A,Annuel,ST_ANOM,Anomalies des températures de surface,FM,États Fédérés De Micronésie,1944,,0.2,,,,CELSIUS,Degré Celsius (°C),SE,Standard error,0.1,,N,National,,
DATAFLOW,SPC:DF_CLIMATE_CHANGE(1.0),Indicateurs du changement climatique,I,A,Annuel,ST_ANOM,Anomalies des températures de surface,FM,États Fédérés De Micronésie,1945,,0.3,,,,CELSIUS,Degré Celsius (°C),SE,Standard error,0.0,,N,National,,
DATAFLOW,SPC:DF_CLIMATE_CHANGE(1.0),Indicateurs du changement climatique,I,A,Annuel,ST_ANOM,Anomalies des températures de surface,FM,États Fédérés De Micronésie,1946,,0.2,,,,CELSIUS,Degré Celsius (°C),SE,Standard error,0.1,,N,National,,
DATAFLOW,SPC:DF_CLIMATE_CHANGE(1.0),Indicateurs du changement climatique,I,A,Annuel,ST_ANOM,Anomalies des températures de surface,FM,États Fédérés De Micronésie,1947,,-0.1,,,,CELSIUS,Degré Celsius (°C),SE,Standard error,0.1,,N,National,,
DATAFLOW,SPC:DF_CLIMATE_CHANGE(1.0),Indicateurs du changement climatique,I,A,Annuel,ST_ANOM,Anomalies des températures de surface,FM,États Fédérés De Micronésie,1948,,-0.2,,,,CELSIUS,Degré Celsius (°C),SE,Standard error,0.0,,N,National,,
DATAFLOW,SPC:DF_CLIMATE_CHANGE(1.0),Indicateurs du changement climatique,I,A,Annuel,ST_ANOM,Anomalies des températures de surface,FM,États Fédérés De Micronésie,1949,,-0.4,,,,CELSIUS,Degré Celsius (°C),SE,Standard error,0.1,,N,National,,
DATAFLOW,SPC:DF_CLIMATE_CHANGE(1.0),Indicateurs du changement climatique,I,A,Annuel,ST_ANOM,Anomalies des températures de surface,FM,États Fédérés De Micronésie,1950,,-0.1,,,,CELSIUS,Degré Celsius (°C),SE,Standard error,0.1,,N,National,,
DATAFLOW,SPC:DF_CLIMATE_CHANGE(1.0),Indicateurs du changement climatique,I,A,Annuel,ST_ANOM,Anomalies des températures de surface,FM,États Fédérés De Micronésie,1951,,-0.2,,,,CELSIUS,Degré Celsius (°C),SE,Standard error,0.1,,N,National,,
DATAFLOW,SPC:DF_CLIMATE_CHANGE(1.0),Indicateurs du changement climatique,I,A,Annuel,ST_ANOM,Anomalies des températures de surface,FM,États Fédérés De Micronésie,1952,,-0.3,,,,CELSIUS,Degré Celsius (°C),SE,Standard error,0.0,,N,National,,
DATAFLOW,SPC:DF_CLIMATE_CHANGE(1.0),Indicateurs du changement climatique,I,A,Annuel,ST_ANOM,Anomalies des températures de surface,FM,États Fédérés De Micronésie,1953,,-0.2,,,,CELSIUS,Degré Celsius (°C),SE,Standard error,0.0,,N,National,,
DATAFLOW,SPC:DF_CLIMATE_CHANGE(1.0),Indicateurs du changement climatique,I,A,Annuel,ST_ANOM,Anomalies des températures de surface,FM,États Fédérés De Micronésie,1954,,-0.2,,,,CELSIUS,Degré Celsius (°C),SE,Standard error,0.0,,N,National,,
DATAFLOW,SPC:DF_CLIMATE_CHANGE(1.0),Indicateurs du changement climatique,I,A,Annuel,ST_ANOM,Anomalies des températures de surface,FM,États Fédérés De Micronésie,1955,,-0.4,,,,CELSIUS,Degré Celsius (°C),SE,Standard error,0.1,,N,National,,
DATAFLOW,SPC:DF_CLIMATE_CHANGE(1.0),Indicateurs du changement climatique,I,A,Annuel,ST_ANOM,Anomalies des températures de surface,FM,États Fédérés De Micronésie,1956,,-0.2,,,,CELSIUS,Degré Celsius (°C),SE,Standard error,0.1,,N,National,,
DATAFLOW,SPC:DF_CLIMATE_CHANGE(1.0),Indicateurs du changement climatique,I,A,Annuel,ST_ANOM,Anomalies des températures de surface,FM,États Fédérés De Micronésie,1957,,-0.2,,,,CELSIUS,Degré Celsius (°C),SE,Standard error,0.0,,N,National,,
DATAFLOW,SPC:DF_CLIMATE_CHANGE(1.0),Indicateurs du changement climatique,I,A,Annuel,ST_ANOM,Anomalies des températures de surface,FM,États Fédérés De Micronésie,1958,,-0.4,,,,CELSIUS,Degré Celsius (°C),SE,Standard error,0.0,,N,National,,
DATAFLOW,SPC:DF_CLIMATE_CHANGE(1.0),Indicateurs du changement climatique,I,A,Annuel,ST_ANOM,Anomalies des températures de surface,FM,États Fédérés De Micronésie,1959,,-0.3,,,,CELSIUS,Degré Celsius (°C),SE,Standard error,0.0,,N,National,,
DATAFLOW,SPC:DF_CLIMATE_CHANGE(1.0),Indicateurs du changement climatique,I,A,Annuel,ST_ANOM,Anomalies des températures de surface,FM,États Fédérés De Micronésie,1960,,-0.1,,,,CELSIUS,Degré Celsius (°C),SE,Standard error,0.0,,N,National,,
DATAFLOW,SPC:DF_CLIMATE_CHANGE(1.0),Indicateurs du changement climatique,I,A,Annuel,ST_ANOM,Anomalies des températures de surface,FM,États Fédérés De Micronésie,1961,,-0.2,,,,CELSIUS,Degré Celsius (°C),SE,Standard error,0.0,,N,National,,
DATAFLOW,SPC:DF_CLIMATE_CHANGE(1.0),Indicateurs du changement climatique,I,A,Annuel,ST_ANOM,Anomalies des températures de surface,FM,États Fédérés De Micronésie,1962,,-0.1,,,,CELSIUS,Degré Celsius (°C),SE,Standard error,0.0,,N,National,,
DATAFLOW,SPC:DF_CLIMATE_CHANGE(1.0),Indicateurs du changement climatique,I,A,Annuel,ST_ANOM,Anomalies des températures de surface,FM,États Fédérés De Micronésie,1963,,0.0,,,,CELSIUS,Degré Celsius (°C),SE,Standard error,0.0,,N,National,,
DATAFLOW,SPC:DF_CLIMATE_CHANGE(1.0),Indicateurs du changement climatique,I,A,Annuel,ST_ANOM,Anomalies des températures de surface,FM,États Fédérés De Micronésie,1964,,0.0,,,,CELSIUS,Degré Celsius (°C),SE,Standard error,0.0,,N,National,,
DATAFLOW,SPC:DF_CLIMATE_CHANGE(1.0),Indicateurs du changement climatique,I,A,Annuel,ST_ANOM,Anomalies des températures de surface,FM,États Fédérés De Micronésie,1965,,-0.4,,,,CELSIUS,Degré Celsius (°C),SE,Standard error,0.1,,N,National,,
DATAFLOW,SPC:DF_CLIMATE_CHANGE(1.0),Indicateurs du changement climatique,I,A,Annuel,ST_ANOM,Anomalies des températures de surface,FM,États Fédérés De Micronésie,1966,,-0.3,,,,CELSIUS,Degré Celsius (°C),SE,Standard error,0.1,,N,National,,
DATAFLOW,SPC:DF_CLIMATE_CHANGE(1.0),Indicateurs du changement climatique,I,A,Annuel,ST_ANOM,Anomalies des températures de surface,FM,États Fédérés De Micronésie,1967,,-0.2,,,,CELSIUS,Degré Celsius (°C),SE,Standard error,0.0,,N,National,,
DATAFLOW,SPC:DF_CLIMATE_CHANGE(1.0),Indicateurs du changement climatique,I,A,Annuel,ST_ANOM,Anomalies des températures de surface,FM,États Fédérés De Micronésie,1968,,-0.1,,,,CELSIUS,Degré Celsius (°C),SE,Standard error,0.0,,N,National,,
DATAFLOW,SPC:DF_CLIMATE_CHANGE(1.0),Indicateurs du changement climatique,I,A,Annuel,ST_ANOM,Anomalies des températures de surface,FM,États Fédérés De Micronésie,1969,,-0.1,,,,CELSIUS,Degré Celsius (°C),SE,Standard error,0.0,,N,National,,
DATAFLOW,SPC:DF_CLIMATE_CHANGE(1.0),Indicateurs du changement climatique,I,A,Annuel,ST_ANOM,Anomalies des températures de surface,FM,États Fédérés De Micronésie,1970,,0.0,,,,CELSIUS,Degré Celsius (°C),SE,Standard error,0.0,,N,National,,
DATAFLOW,SPC:DF_CLIMATE_CHANGE(1.0),Indicateurs du changement climatique,I,A,Annuel,ST_ANOM,Anomalies des températures de surface,FM,États Fédérés De Micronésie,1971,,-0.1,,,,CELSIUS,Degré Celsius (°C),SE,Standard error,0.1,,N,National,,
DATAFLOW,SPC:DF_CLIMATE_CHANGE(1.0),Indicateurs du changement climatique,I,A,Annuel,ST_ANOM,Anomalies des températures de surface,FM,États Fédérés De Micronésie,1972,,-0.5,,,,CELSIUS,Degré Celsius (°C),SE,Standard error,0.0,,N,National,,
DATAFLOW,SPC:DF_CLIMATE_CHANGE(1.0),Indicateurs du changement climatique,I,A,Annuel,ST_ANOM,Anomalies des températures de surface,FM,États Fédérés De Micronésie,1973,,-0.2,,,,CELSIUS,Degré Celsius (°C),SE,Standard error,0.1,,N,National,,
DATAFLOW,SPC:DF_CLIMATE_CHANGE(1.0),Indicateurs du changement climatique,I,A,Annuel,ST_ANOM,Anomalies des températures de surface,FM,États Fédérés De Micronésie,1974,,-0.2,,,,CELSIUS,Degré Celsius (°C),SE,Standard error,0.0,,N,National,,
DATAFLOW,SPC:DF_CLIMATE_CHANGE(1.0),Indicateurs du changement climatique,I,A,Annuel,ST_ANOM,Anomalies des températures de surface,FM,États Fédérés De Micronésie,1975,,-0.3,,,,CELSIUS,Degré Celsius (°C),SE,Standard error,0.0,,N,National,,
DATAFLOW,SPC:DF_CLIMATE_CHANGE(1.0),Indicateurs du changement climatique,I,A,Annuel,ST_ANOM,Anomalies des températures de surface,FM,États Fédérés De Micronésie,1976,,-0.3,,,,CELSIUS,Degré Celsius (°C),SE,Standard error,0.1,,N,National,,
DATAFLOW,SPC:DF_CLIMATE_CHANGE(1.0),Indicateurs du changement climatique,I,A,Annuel,ST_ANOM,Anomalies des températures de surface,FM,États Fédérés De Micronésie,1977,,-0.2,,,,CELSIUS,Degré Celsius (°C),SE,Standard error,0.0,,N,National,,
DATAFLOW,SPC:DF_CLIMATE_CHANGE(1.0),Indicateurs du changement climatique,I,A,Annuel,ST_ANOM,Anomalies des températures de surface,FM,États Fédérés De Micronésie,1978,,-0.1,,,,CELSIUS,Degré Celsius (°C),SE,Standard error,0.0,,N,National,,
DATAFLOW,SPC:DF_CLIMATE_CHANGE(1.0),Indicateurs du changement climatique,I,A,Annuel,ST_ANOM,Anomalies des températures de surface,FM,États Fédérés De Micronésie,1979,,-0.2,,,,CELSIUS,Degré Celsius (°C),SE,Standard error,0.0,,N,National,,
DATAFLOW,SPC:DF_CLIMATE_CHANGE(1.0),Indicateurs du changement climatique,I,A,Annuel,ST_ANOM,Anomalies des températures de surface,FM,États Fédérés De Micronésie,1980,,-0.2,,,,CELSIUS,Degré Celsius (°C),SE,Standard error,0.0,,N,National,,
DATAFLOW,SPC:DF_CLIMATE_CHANGE(1.0),Indicateurs du changement climatique,I,A,Annuel,ST_ANOM,Anomalies des températures de surface,FM,États Fédérés De Micronésie,1981,,0.1,,,,CELSIUS,Degré Celsius (°C),SE,Standard error,0.1,,N,National,,
DATAFLOW,SPC:DF_CLIMATE_CHANGE(1.0),Indicateurs du changement climatique,I,A,Annuel,ST_ANOM,Anomalies des températures de surface,FM,États Fédérés De Micronésie,1982,,-0.1,,,,CELSIUS,Degré Celsius (°C),SE,Standard error,0.1,,N,National,,
DATAFLOW,SPC:DF_CLIMATE_CHANGE(1.0),Indicateurs du changement climatique,I,A,Annuel,ST_ANOM,Anomalies des températures de surface,FM,États Fédérés De Micronésie,1983,,-0.2,,,,CELSIUS,Degré Celsius (°C),SE,Standard error,0.1,,N,National,,
DATAFLOW,SPC:DF_CLIMATE_CHANGE(1.0),Indicateurs du changement climatique,I,A,Annuel,ST_ANOM,Anomalies des températures de surface,FM,États Fédérés De Micronésie,1984,,0.1,,,,CELSIUS,Degré Celsius (°C),SE,Standard error,0.0,,N,National,,
DATAFLOW,SPC:DF_CLIMATE_CHANGE(1.0),Indicateurs du changement climatique,I,A,Annuel,ST_ANOM,Anomalies des températures de surface,FM,États Fédérés De Micronésie,1985,,0.0,,,,CELSIUS,Degré Celsius (°C),SE,Standard error,0.0,,N,National,,
DATAFLOW,SPC:DF_CLIMATE_CHANGE(1.0),Indicateurs du changement climatique,I,A,Annuel,ST_ANOM,Anomalies des températures de surface,FM,États Fédérés De Micronésie,1986,,0.0,,,,CELSIUS,Degré Celsius (°C),SE,Standard error,0.1,,N,National,,
DATAFLOW,SPC:DF_CLIMATE_CHANGE(1.0),Indicateurs du changement climatique,I,A,Annuel,ST_ANOM,Anomalies des températures de surface,FM,États Fédérés De Micronésie,1987,,-0.1,,,,CELSIUS,Degré Celsius (°C),SE,Standard error,0.0,,N,National,,
DATAFLOW,SPC:DF_CLIMATE_CHANGE(1.0),Indicateurs du changement climatique,I,A,Annuel,ST_ANOM,Anomalies des températures de surface,FM,États Fédérés De Micronésie,1988,,0.2,,,,CELSIUS,Degré Celsius (°C),SE,Standard error,0.0,,N,National,,
DATAFLOW,SPC:DF_CLIMATE_CHANGE(1.0),Indicateurs du changement climatique,I,A,Annuel,ST_ANOM,Anomalies des températures de surface,FM,États Fédérés De Micronésie,1989,,0.1,,,,CELSIUS,Degré Celsius (°C),SE,Standard error,0.0,,N,National,,
DATAFLOW,SPC:DF_CLIMATE_CHANGE(1.0),Indicateurs du changement climatique,I,A,Annuel,ST_ANOM,Anomalies des températures de surface,FM,États Fédérés De Micronésie,1990,,0.0,,,,CELSIUS,Degré Celsius (°C),SE,Standard error,0.0,,N,National,,
DATAFLOW,SPC:DF_CLIMATE_CHANGE(1.0),Indicateurs du changement climatique,I,A,Annuel,ST_ANOM,Anomalies des températures de surface,FM,États Fédérés De Micronésie,1991,,-0.2,,,,CELSIUS,Degré Celsius (°C),SE,Standard error,0.0,,N,National,,
DATAFLOW,SPC:DF_CLIMATE_CHANGE(1.0),Indicateurs du changement climatique,I,A,Annuel,ST_ANOM,Anomalies des températures de surface,FM,États Fédérés De Micronésie,1992,,-0.3,,,,CELSIUS,Degré Celsius (°C),SE,Standard error,0.0,,N,National,,
DATAFLOW,SPC:DF_CLIMATE_CHANGE(1.0),Indicateurs du changement climatique,I,A,Annuel,ST_ANOM,Anomalies des températures de surface,FM,États Fédérés De Micronésie,1993,,-0.4,,,,CELSIUS,Degré Celsius (°C),SE,Standard error,0.1,,N,National,,
DATAFLOW,SPC:DF_CLIMATE_CHANGE(1.0),Indicateurs du changement climatique,I,A,Annuel,ST_ANOM,Anomalies des températures de surface,FM,États Fédérés De Micronésie,1994,,0.0,,,,CELSIUS,Degré Celsius (°C),SE,Standard error,0.1,,N,National,,
DATAFLOW,SPC:DF_CLIMATE_CHANGE(1.0),Indicateurs du changement climatique,I,A,Annuel,ST_ANOM,Anomalies des températures de surface,FM,États Fédérés De Micronésie,1995,,0.3,,,,CELSIUS,Degré Celsius (°C),SE,Standard error,0.1,,N,National,,
DATAFLOW,SPC:DF_CLIMATE_CHANGE(1.0),Indicateurs du changement climatique,I,A,Annuel,ST_ANOM,Anomalies des températures de surface,FM,États Fédérés De Micronésie,1996,,0.4,,,,CELSIUS,Degré Celsius (°C),SE,Standard error,0.0,,N,National,,
DATAFLOW,SPC:DF_CLIMATE_CHANGE(1.0),Indicateurs du changement climatique,I,A,Annuel,ST_ANOM,Anomalies des températures de surface,FM,États Fédérés De Micronésie,1997,,0.0,,,,CELSIUS,Degré Celsius (°C),SE,Standard error,0.0,,N,National,,
DATAFLOW,SPC:DF_CLIMATE_CHANGE(1.0),Indicateurs du changement climatique,I,A,Annuel,ST_ANOM,Anomalies des températures de surface,FM,États Fédérés De Micronésie,1998,,0.2,,,,CELSIUS,Degré Celsius (°C),SE,Standard error,0.1,,N,National,,
DATAFLOW,SPC:DF_CLIMATE_CHANGE(1.0),Indicateurs du changement climatique,I,A,Annuel,ST_ANOM,Anomalies des températures de surface,FM,États Fédérés De Micronésie,1999,,0.2,,,,CELSIUS,Degré Celsius (°C),SE,Standard error,0.0,,N,National,,
DATAFLOW,SPC:DF_CLIMATE_CHANGE(1.0),Indicateurs du changement climatique,I,A,Annuel,ST_ANOM,Anomalies des températures de surface,FM,États Fédérés De Micronésie,2000,,0.3,,,,CELSIUS,Degré Celsius (°C),SE,Standard error,0.0,,N,National,,
DATAFLOW,SPC:DF_CLIMATE_CHANGE(1.0),Indicateurs du changement climatique,I,A,Annuel,ST_ANOM,Anomalies des températures de surface,FM,États Fédérés De Micronésie,2001,,0.4,,,,CELSIUS,Degré Celsius (°C),SE,Standard error,0.0,,N,National,,
DATAFLOW,SPC:DF_CLIMATE_CHANGE(1.0),Indicateurs du changement climatique,I,A,Annuel,ST_ANOM,Anomalies des températures de surface,FM,États Fédérés De Micronésie,2002,,0.2,,,,CELSIUS,Degré Celsius (°C),SE,Standard error,0.0,,N,National,,
DATAFLOW,SPC:DF_CLIMATE_CHANGE(1.0),Indicateurs du changement climatique,I,A,Annuel,ST_ANOM,Anomalies des températures de surface,FM,États Fédérés De Micronésie,2003,,0.3,,,,CELSIUS,Degré Celsius (°C),SE,Standard error,0.0,,N,National,,
DATAFLOW,SPC:DF_CLIMATE_CHANGE(1.0),Indicateurs du changement climatique,I,A,Annuel,ST_ANOM,Anomalies des températures de surface,FM,États Fédérés De Micronésie,2004,,0.2,,,,CELSIUS,Degré Celsius (°C),SE,Standard error,0.1,,N,National,,
DATAFLOW,SPC:DF_CLIMATE_CHANGE(1.0),Indicateurs du changement climatique,I,A,Annuel,ST_ANOM,Anomalies des températures de surface,FM,États Fédérés De Micronésie,2005,,0.3,,,,CELSIUS,Degré Celsius (°C),SE,Standard error,0.0,,N,National,,
DATAFLOW,SPC:DF_CLIMATE_CHANGE(1.0),Indicateurs du changement climatique,I,A,Annuel,ST_ANOM,Anomalies des températures de surface,FM,États Fédérés De Micronésie,2006,,0.3,,,,CELSIUS,Degré Celsius (°C),SE,Standard error,0.1,,N,National,,
DATAFLOW,SPC:DF_CLIMATE_CHANGE(1.0),Indicateurs du changement climatique,I,A,Annuel,ST_ANOM,Anomalies des températures de surface,FM,États Fédérés De Micronésie,2007,,0.4,,,,CELSIUS,Degré Celsius (°C),SE,Standard error,0.0,,N,National,,
DATAFLOW,SPC:DF_CLIMATE_CHANGE(1.0),Indicateurs du changement climatique,I,A,Annuel,ST_ANOM,Anomalies des températures de surface,FM,États Fédérés De Micronésie,2008,,0.3,,,,CELSIUS,Degré Celsius (°C),SE,Standard error,0.1,,N,National,,
DATAFLOW,SPC:DF_CLIMATE_CHANGE(1.0),Indicateurs du changement climatique,I,A,Annuel,ST_ANOM,Anomalies des températures de surface,FM,États Fédérés De Micronésie,2009,,0.4,,,,CELSIUS,Degré Celsius (°C),SE,Standard error,0.0,,N,National,,
DATAFLOW,SPC:DF_CLIMATE_CHANGE(1.0),Indicateurs du changement climatique,I,A,Annuel,ST_ANOM,Anomalies des températures de surface,FM,États Fédérés De Micronésie,2010,,0.5,,,,CELSIUS,Degré Celsius (°C),SE,Standard error,0.1,,N,National,,
DATAFLOW,SPC:DF_CLIMATE_CHANGE(1.0),Indicateurs du changement climatique,I,A,Annuel,ST_ANOM,Anomalies des températures de surface,FM,États Fédérés De Micronésie,2011,,0.5,,,,CELSIUS,Degré Celsius (°C),SE,Standard error,0.1,,N,National,,
DATAFLOW,SPC:DF_CLIMATE_CHANGE(1.0),Indicateurs du changement climatique,I,A,Annuel,ST_ANOM,Anomalies des températures de surface,FM,États Fédérés De Micronésie,2012,,0.4,,,,CELSIUS,Degré Celsius (°C),SE,Standard error,0.0,,N,National,,
DATAFLOW,SPC:DF_CLIMATE_CHANGE(1.0),Indicateurs du changement climatique,I,A,Annuel,ST_ANOM,Anomalies des températures de surface,FM,États Fédérés De Micronésie,2013,,0.5,,,,CELSIUS,Degré Celsius (°C),SE,Standard error,0.0,,N,National,,
DATAFLOW,SPC:DF_CLIMATE_CHANGE(1.0),Indicateurs du changement climatique,I,A,Annuel,ST_ANOM,Anomalies des températures de surface,FM,États Fédérés De Micronésie,2014,,0.6,,,,CELSIUS,Degré Celsius (°C),SE,Standard error,0.0,,N,National,,
DATAFLOW,SPC:DF_CLIMATE_CHANGE(1.0),Indicateurs du changement climatique,I,A,Annuel,ST_ANOM,Anomalies des températures de surface,FM,États Fédérés De Micronésie,2015,,0.3,,,,CELSIUS,Degré Celsius (°C),SE,Standard error,0.1,,N,National,,
DATAFLOW,SPC:DF_CLIMATE_CHANGE(1.0),Indicateurs du changement climatique,I,A,Annuel,ST_ANOM,Anomalies des températures de surface,FM,États Fédérés De Micronésie,2016,,0.6,,,,CELSIUS,Degré Celsius (°C),SE,Standard error,0.1,,N,National,,
DATAFLOW,SPC:DF_CLIMATE_CHANGE(1.0),Indicateurs du changement climatique,I,A,Annuel,ST_ANOM,Anomalies des températures de surface,FM,États Fédérés De Micronésie,2017,,0.8,,,,CELSIUS,Degré Celsius (°C),SE,Standard error,0.0,,N,National,,
DATAFLOW,SPC:DF_CLIMATE_CHANGE(1.0),Indicateurs du changement climatique,I,A,Annuel,ST_ANOM,Anomalies des températures de surface,FM,États Fédérés De Micronésie,2018,,0.6,,,,CELSIUS,Degré Celsius (°C),SE,Standard error,0.0,,N,National,,
DATAFLOW,SPC:DF_CLIMATE_CHANGE(1.0),Indicateurs du changement climatique,I,A,Annuel,ST_ANOM,Anomalies des températures de surface,FM,États Fédérés De Micronésie,2019,,0.5,,,,CELSIUS,Degré Celsius (°C),SE,Standard error,0.1,,N,National,,
DATAFLOW,SPC:DF_CLIMATE_CHANGE(1.0),Indicateurs du changement climatique,I,A,Annuel,ST_ANOM,Anomalies des températures de surface,FM,États Fédérés De Micronésie,2020,,0.8,,,,CELSIUS,Degré Celsius (°C),SE,Standard error,0.1,,N,National,,
DATAFLOW,SPC:DF_CLIMATE_CHANGE(1.0),Indicateurs du changement climatique,I,A,Annuel,ST_ANOM,Anomalies des températures de surface,FM,États Fédérés De Micronésie,2021,,0.8,,,,CELSIUS,Degré Celsius (°C),SE,Standard error,0.0,,N,National,,
DATAFLOW,SPC:DF_CLIMATE_CHANGE(1.0),Indicateurs du changement climatique,I,A,Annuel,ST_ANOM,Anomalies des températures de surface,FM,États Fédérés De Micronésie,2022,,0.7,,,,CELSIUS,Degré Celsius (°C),SE,Standard error,0.0,,N,National,,
DATAFLOW,SPC:DF_CLIMATE_CHANGE(1.0),Indicateurs du changement climatique,I,A,Annuel,ST_ANOM,Anomalies des températures de surface,FM,États Fédérés De Micronésie,2023,,0.7,,,,CELSIUS,Degré Celsius (°C),SE,Standard error,0.0,,N,National,,
DATAFLOW,SPC:DF_CLIMATE_CHANGE(1.0),Indicateurs du changement climatique,I,A,Annuel,ST_ANOM,Anomalies des températures de surface,FM,États Fédérés De Micronésie,2024,,0.8,,,,CELSIUS,Degré Celsius (°C),SE,Standard error,0.0,,N,National,,
DATAFLOW,SPC:DF_CLIMATE_CHANGE(1.0),Indicateurs du changement climatique,I,A,Annuel,ST_ANOM,Anomalies des températures de surface,FM,États Fédérés De Micronésie,2025,,0.9,,,,CELSIUS,Degré Celsius (°C),SE,Standard error,0.1,,N,National,,
DATAFLOW,SPC:DF_CLIMATE_CHANGE(1.0),Indicateurs du changement climatique,I,A,Annuel,ST_ANOM,Anomalies des températures de surface,AS,Samoa Américaines,1850,,0.1,,,,CELSIUS,Degré Celsius (°C),SE,Standard error,0.0,,N,National,,
DATAFLOW,SPC:DF_CLIMATE_CHANGE(1.0),Indicateurs du changement climatique,I,A,Annuel,ST_ANOM,Anomalies des températures de surface,AS,Samoa Américaines,1851,,-0.3,,,,CELSIUS,Degré Celsius (°C),SE,Standard error,0.0,,N,National,,
DATAFLOW,SPC:DF_CLIMATE_CHANGE(1.0),Indicateurs du changement climatique,I,A,Annuel,ST_ANOM,Anomalies des températures de surface,AS,Samoa Américaines,1852,,0.0,,,,CELSIUS,Degré Celsius (°C),SE,Standard error,0.0,,N,National,,
DATAFLOW,SPC:DF_CLIMATE_CHANGE(1.0),Indicateurs du changement climatique,I,A,Annuel,ST_ANOM,Anomalies des températures de surface,AS,Samoa Américaines,1853,,0.3,,,,CELSIUS,Degré Celsius (°C),SE,Standard error,0.1,,N,National,,
DATAFLOW,SPC:DF_CLIMATE_CHANGE(1.0),Indicateurs du changement climatique,I,A,Annuel,ST_ANOM,Anomalies des températures de surface,AS,Samoa Américaines,1854,,0.1,,,,CELSIUS,Degré Celsius (°C),SE,Standard error,0.1,,N,National,,
DATAFLOW,SPC:DF_CLIMATE_CHANGE(1.0),Indicateurs du changement climatique,I,A,Annuel,ST_ANOM,Anomalies des températures de surface,AS,Samoa Américaines,1855,,-0.2,,,,CELSIUS,Degré Celsius (°C),SE,Standard error,0.0,,N,National,,
DATAFLOW,SPC:DF_CLIMATE_CHANGE(1.0),Indicateurs du changement climatique,I,A,Annuel,ST_ANOM,Anomalies des températures de surface,AS,Samoa Américaines,1856,,-0.2,,,,CELSIUS,Degré Celsius (°C),SE,Standard error,0.1,,N,National,,
DATAFLOW,SPC:DF_CLIMATE_CHANGE(1.0),Indicateurs du changement climatique,I,A,Annuel,ST_ANOM,Anomalies des températures de surface,AS,Samoa Américaines,1857,,-0.5,,,,CELSIUS,Degré Celsius (°C),SE,Standard error,0.0,,N,National,,
DATAFLOW,SPC:DF_CLIMATE_CHANGE(1.0),Indicateurs du changement climatique,I,A,Annuel,ST_ANOM,Anomalies des températures de surface,AS,Samoa Américaines,1858,,-0.2,,,,CELSIUS,Degré Celsius (°C),SE,Standard error,0.1,,N,National,,
DATAFLOW,SPC:DF_CLIMATE_CHANGE(1.0),Indicateurs du changement climatique,I,A,Annuel,ST_ANOM,Anomalies des températures de surface,AS,Samoa Américaines,1859,,0.1,,,,CELSIUS,Degré Celsius (°C),SE,Standard error,0.0,,N,National,,
DATAFLOW,SPC:DF_CLIMATE_CHANGE(1.0),Indicateurs du changement climatique,I,A,Annuel,ST_ANOM,Anomalies des températures de surface,AS,Samoa Américaines,1860,,-0.3,,,,CELSIUS,Degré Celsius (°C),SE,Standard error,0.0,,N,National,,
DATAFLOW,SPC:DF_CLIMATE_CHANGE(1.0),Indicateurs du changement climatique,I,A,Annuel,ST_ANOM,Anomalies des températures de surface,AS,Samoa Américaines,1861,,-0.6,,,,CELSIUS,Degré Celsius (°C),SE,Standard error,0.1,,N,National,,
DATAFLOW,SPC:DF_CLIMATE_CHANGE(1.0),Indicateurs du changement climatique,I,A,Annuel,ST_ANOM,Anomalies des températures de surface,AS,Samoa Américaines,1862,,-0.4,,,,CELSIUS,Degré Celsius (°C),SE,Standard error,0.0,,N,National,,
DATAFLOW,SPC:DF_CLIMATE_CHANGE(1.0),Indicateurs du changement climatique,I,A,Annuel,ST_ANOM,Anomalies des températures de surface,AS,Samoa Américaines,1863,,-0.4,,,,CELSIUS,Degré Celsius (°C),SE,Standard error,0.0,,N,National,,
DATAFLOW,SPC:DF_CLIMATE_CHANGE(1.0),Indicateurs du changement climatique,I,A,Annuel,ST_ANOM,Anomalies des températures de surface,AS,Samoa Américaines,1864,,-0.3,,,,CELSIUS,Degré Celsius (°C),SE,Standard error,0.0,,N,National,,
DATAFLOW,SPC:DF_CLIMATE_CHANGE(1.0),Indicateurs du changement climatique,I,A,Annuel,ST_ANOM,Anomalies des températures de surface,AS,Samoa Américaines,1865,,-0.3,,,,CELSIUS,Degré Celsius (°C),SE,Standard error,0.0,,N,National,,
DATAFLOW,SPC:DF_CLIMATE_CHANGE(1.0),Indicateurs du changement climatique,I,A,Annuel,ST_ANOM,Anomalies des températures de surface,AS,Samoa Américaines,1866,,-0.3,,,,CELSIUS,Degré Celsius (°C),SE,Standard error,0.0,,N,National,,
DATAFLOW,SPC:DF_CLIMATE_CHANGE(1.0),Indicateurs du changement climatique,I,A,Annuel,ST_ANOM,Anomalies des températures de surface,AS,Samoa Américaines,1867,,-0.2,,,,CELSIUS,Degré Celsius (°C),SE,Standard error,0.0,,N,National,,
DATAFLOW,SPC:DF_CLIMATE_CHANGE(1.0),Indicateurs du changement climatique,I,A,Annuel,ST_ANOM,Anomalies des températures de surface,AS,Samoa Américaines,1868,,-0.2,,,,CELSIUS,Degré Celsius (°C),SE,Standard error,0.1,,N,National,,
DATAFLOW,SPC:DF_CLIMATE_CHANGE(1.0),Indicateurs du changement climatique,I,A,Annuel,ST_ANOM,Anomalies des températures de surface,AS,Samoa Américaines,1869,,-0.1,,,,CELSIUS,Degré Celsius (°C),SE,Standard error,0.1,,N,National,,
DATAFLOW,SPC:DF_CLIMATE_CHANGE(1.0),Indicateurs du changement climatique,I,A,Annuel,ST_ANOM,Anomalies des températures de surface,AS,Samoa Américaines,1870,,-0.4,,,,CELSIUS,Degré Celsius (°C),SE,Standard error,0.0,,N,National,,
DATAFLOW,SPC:DF_CLIMATE_CHANGE(1.0),Indicateurs du changement climatique,I,A,Annuel,ST_ANOM,Anomalies des températures de surface,AS,Samoa Américaines,1871,,-0.1,,,,CELSIUS,Degré Celsius (°C),SE,Standard error,0.0,,N,National,,
DATAFLOW,SPC:DF_CLIMATE_CHANGE(1.0),Indicateurs du changement climatique,I,A,Annuel,ST_ANOM,Anomalies des températures de surface,AS,Samoa Américaines,1872,,-0.1,,,,CELSIUS,Degré Celsius (°C),SE,Standard error,0.1,,N,National,,
DATAFLOW,SPC:DF_CLIMATE_CHANGE(1.0),Indicateurs du changement climatique,I,A,Annuel,ST_ANOM,Anomalies des températures de surface,AS,Samoa Américaines,1873,,-0.5,,,,CELSIUS,Degré Celsius (°C),SE,Standard error,0.0,,N,National,,
DATAFLOW,SPC:DF_CLIMATE_CHANGE(1.0),Indicateurs du changement climatique,I,A,Annuel,ST_ANOM,Anomalies des températures de surface,AS,Samoa Américaines,1874,,-0.1,,,,CELSIUS,Degré Celsius (°C),SE,Standard error,0.1,,N,National,,
DATAFLOW,SPC:DF_CLIMATE_CHANGE(1.0),Indicateurs du changement climatique,I,A,Annuel,ST_ANOM,Anomalies des températures de surface,AS,Samoa Américaines,1875,,-0.2,,,,CELSIUS,Degré Celsius (°C),SE,Standard error,0.1,,N,National,,
DATAFLOW,SPC:DF_CLIMATE_CHANGE(1.0),Indicateurs du changement climatique,I,A,Annuel,ST_ANOM,Anomalies des températures de surface,AS,Samoa Américaines,1876,,-0.2,,,,CELSIUS,Degré Celsius (°C),SE,Standard error,0.0,,N,National,,
DATAFLOW,SPC:DF_CLIMATE_CHANGE(1.0),Indicateurs du changement climatique,I,A,Annuel,ST_ANOM,Anomalies des températures de surface,AS,Samoa Américaines,1877,,-0.2,,,,CELSIUS,Degré Celsius (°C),SE,Standard error,0.0,,N,National,,
DATAFLOW,SPC:DF_CLIMATE_CHANGE(1.0),Indicateurs du changement climatique,I,A,Annuel,ST_ANOM,Anomalies des températures de surface,AS,Samoa Américaines,1878,,-0.2,,,,CELSIUS,Degré Celsius (°C),SE,Standard error,0.1,,N,National,,
DATAFLOW,SPC:DF_CLIMATE_CHANGE(1.0),Indicateurs du changement climatique,I,A,Annuel,ST_ANOM,Anomalies des températures de surface,AS,Samoa Américaines,1879,,-0.4,,,,CELSIUS,Degré Celsius (°C),SE,Standard error,0.1,,N,National,,
DATAFLOW,SPC:DF_CLIMATE_CHANGE(1.0),Indicateurs du changement climatique,I,A,Annuel,ST_ANOM,Anomalies des températures de surface,AS,Samoa Américaines,1880,,-0.3,,,,CELSIUS,Degré Celsius (°C),SE,Standard error,0.0,,N,National,,
DATAFLOW,SPC:DF_CLIMATE_CHANGE(1.0),Indicateurs du changement climatique,I,A,Annuel,ST_ANOM,Anomalies des températures de surface,AS,Samoa Américaines,1881,,0.1,,,,CELSIUS,Degré Celsius (°C),SE,Standard error,0.1,,N,National,,
DATAFLOW,SPC:DF_CLIMATE_CHANGE(1.0),Indicateurs du changement climatique,I,A,Annuel,ST_ANOM,Anomalies des températures de surface,AS,Samoa Américaines,1882,,0.0,,,,CELSIUS,Degré Celsius (°C),SE,Standard error,0.1,,N,National,,
DATAFLOW,SPC:DF_CLIMATE_CHANGE(1.0),Indicateurs du changement climatique,I,A,Annuel,ST_ANOM,Anomalies des températures de surface,AS,Samoa Américaines,1883,,-0.4,,,,CELSIUS,Degré Celsius (°C),SE,Standard error,0.1,,N,National,,
DATAFLOW,SPC:DF_CLIMATE_CHANGE(1.0),Indicateurs du changement climatique,I,A,Annuel,ST_ANOM,Anomalies des températures de surface,AS,Samoa Américaines,1884,,-0.4,,,,CELSIUS,Degré Celsius (°C),SE,Standard error,0.1,,N,National,,
DATAFLOW,SPC:DF_CLIMATE_CHANGE(1.0),Indicateurs du changement climatique,I,A,Annuel,ST_ANOM,Anomalies des températures de surface,AS,Samoa Américaines,1885,,-0.5,,,,CELSIUS,Degré Celsius (°C),SE,Standard error,0.1,,N,National,,
DATAFLOW,SPC:DF_CLIMATE_CHANGE(1.0),Indicateurs du changement climatique,I,A,Annuel,ST_ANOM,Anomalies des températures de surface,AS,Samoa Américaines,1886,,-0.4,,,,CELSIUS,Degré Celsius (°C),SE,Standard error,0.1,,N,National,,
DATAFLOW,SPC:DF_CLIMATE_CHANGE(1.0),Indicateurs du changement climatique,I,A,Annuel,ST_ANOM,Anomalies des températures de surface,AS,Samoa Américaines,1887,,-0.4,,,,CELSIUS,Degré Celsius (°C),SE,Standard error,0.1,,N,National,,
DATAFLOW,SPC:DF_CLIMATE_CHANGE(1.0),Indicateurs du changement climatique,I,A,Annuel,ST_ANOM,Anomalies des températures de surface,AS,Samoa Américaines,1888,,-0.1,,,,CELSIUS,Degré Celsius (°C),SE,Standard error,0.0,,N,National,,
DATAFLOW,SPC:DF_CLIMATE_CHANGE(1.0),Indicateurs du changement climatique,I,A,Annuel,ST_ANOM,Anomalies des températures de surface,AS,Samoa Américaines,1889,,-0.2,,,,CELSIUS,Degré Celsius (°C),SE,Standard error,0.0,,N,National,,
DATAFLOW,SPC:DF_CLIMATE_CHANGE(1.0),Indicateurs du changement climatique,I,A,Annuel,ST_ANOM,Anomalies des températures de surface,AS,Samoa Américaines,1890,,-0.5,,,,CELSIUS,Degré Celsius (°C),SE,Standard error,0.1,,N,National,,
DATAFLOW,SPC:DF_CLIMATE_CHANGE(1.0),Indicateurs du changement climatique,I,A,Annuel,ST_ANOM,Anomalies des températures de surface,AS,Samoa Américaines,1891,,-0.4,,,,CELSIUS,Degré Celsius (°C),SE,Standard error,0.1,,N,National,,
DATAFLOW,SPC:DF_CLIMATE_CHANGE(1.0),Indicateurs du changement climatique,I,A,Annuel,ST_ANOM,Anomalies des températures de surface,AS,Samoa Américaines,1892,,-0.3,,,,CELSIUS,Degré Celsius (°C),SE,Standard error,0.1,,N,National,,
DATAFLOW,SPC:DF_CLIMATE_CHANGE(1.0),Indicateurs du changement climatique,I,A,Annuel,ST_ANOM,Anomalies des températures de surface,AS,Samoa Américaines,1893,,-0.7,,,,CELSIUS,Degré Celsius (°C),SE,Standard error,0.1,,N,National,,
DATAFLOW,SPC:DF_CLIMATE_CHANGE(1.0),Indicateurs du changement climatique,I,A,Annuel,ST_ANOM,Anomalies des températures de surface,AS,Samoa Américaines,1894,,-0.3,,,,CELSIUS,Degré Celsius (°C),SE,Standard error,0.1,,N,National,,
DATAFLOW,SPC:DF_CLIMATE_CHANGE(1.0),Indicateurs du changement climatique,I,A,Annuel,ST_ANOM,Anomalies des températures de surface,AS,Samoa Américaines,1895,,-0.2,,,,CELSIUS,Degré Celsius (°C),SE,Standard error,0.1,,N,National,,
DATAFLOW,SPC:DF_CLIMATE_CHANGE(1.0),Indicateurs du changement climatique,I,A,Annuel,ST_ANOM,Anomalies des températures de surface,AS,Samoa Américaines,1896,,-0.3,,,,CELSIUS,Degré Celsius (°C),SE,Standard error,0.1,,N,National,,
DATAFLOW,SPC:DF_CLIMATE_CHANGE(1.0),Indicateurs du changement climatique,I,A,Annuel,ST_ANOM,Anomalies des températures de surface,AS,Samoa Américaines,1897,,-0.2,,,,CELSIUS,Degré Celsius (°C),SE,Standard error,0.1,,N,National,,
DATAFLOW,SPC:DF_CLIMATE_CHANGE(1.0),Indicateurs du changement climatique,I,A,Annuel,ST_ANOM,Anomalies des températures de surface,AS,Samoa Américaines,1898,,-0.3,,,,CELSIUS,Degré Celsius (°C),SE,Standard error,0.0,,N,National,,
DATAFLOW,SPC:DF_CLIMATE_CHANGE(1.0),Indicateurs du changement climatique,I,A,Annuel,ST_ANOM,Anomalies des températures de surface,AS,Samoa Américaines,1899,,-0.2,,,,CELSIUS,Degré Celsius (°C),SE,Standard error,0.1,,N,National,,
DATAFLOW,SPC:DF_CLIMATE_CHANGE(1.0),Indicateurs du changement climatique,I,A,Annuel,ST_ANOM,Anomalies des températures de surface,AS,Samoa Américaines,1900,,0.2,,,,CELSIUS,Degré Celsius (°C),SE,Standard error,0.1,,N,National,,
DATAFLOW,SPC:DF_CLIMATE_CHANGE(1.0),Indicateurs du changement climatique,I,A,Annuel,ST_ANOM,Anomalies des températures de surface,AS,Samoa Américaines,1901,,0.1,,,,CELSIUS,Degré Celsius (°C),SE,Standard error,0.1,,N,National,,
DATAFLOW,SPC:DF_CLIMATE_CHANGE(1.0),Indicateurs du changement climatique,I,A,Annuel,ST_ANOM,Anomalies des températures de surface,AS,Samoa Américaines,1902,,-0.4,,,,CELSIUS,Degré Celsius (°C),SE,Standard error,0.1,,N,National,,
DATAFLOW,SPC:DF_CLIMATE_CHANGE(1.0),Indicateurs du changement climatique,I,A,Annuel,ST_ANOM,Anomalies des températures de surface,AS,Samoa Américaines,1903,,-0.2,,,,CELSIUS,Degré Celsius (°C),SE,Standard error,0.1,,N,National,,
DATAFLOW,SPC:DF_CLIMATE_CHANGE(1.0),Indicateurs du changement climatique,I,A,Annuel,ST_ANOM,Anomalies des températures de surface,AS,Samoa Américaines,1904,,-0.6,,,,CELSIUS,Degré Celsius (°C),SE,Standard error,0.1,,N,National,,
DATAFLOW,SPC:DF_CLIMATE_CHANGE(1.0),Indicateurs du changement climatique,I,A,Annuel,ST_ANOM,Anomalies des températures de surface,AS,Samoa Américaines,1905,,-0.4,,,,CELSIUS,Degré Celsius (°C),SE,Standard error,0.0,,N,National,,
DATAFLOW,SPC:DF_CLIMATE_CHANGE(1.0),Indicateurs du changement climatique,I,A,Annuel,ST_ANOM,Anomalies des températures de surface,AS,Samoa Américaines,1906,,-0.3,,,,CELSIUS,Degré Celsius (°C),SE,Standard error,0.1,,N,National,,
DATAFLOW,SPC:DF_CLIMATE_CHANGE(1.0),Indicateurs du changement climatique,I,A,Annuel,ST_ANOM,Anomalies des températures de surface,AS,Samoa Américaines,1907,,-0.4,,,,CELSIUS,Degré Celsius (°C),SE,Standard error,0.1,,N,National,,
DATAFLOW,SPC:DF_CLIMATE_CHANGE(1.0),Indicateurs du changement climatique,I,A,Annuel,ST_ANOM,Anomalies des températures de surface,AS,Samoa Américaines,1908,,-0.5,,,,CELSIUS,Degré Celsius (°C),SE,Standard error,0.1,,N,National,,
DATAFLOW,SPC:DF_CLIMATE_CHANGE(1.0),Indicateurs du changement climatique,I,A,Annuel,ST_ANOM,Anomalies des températures de surface,AS,Samoa Américaines,1909,,-0.8,,,,CELSIUS,Degré Celsius (°C),SE,Standard error,0.1,,N,National,,
DATAFLOW,SPC:DF_CLIMATE_CHANGE(1.0),Indicateurs du changement climatique,I,A,Annuel,ST_ANOM,Anomalies des températures de surface,AS,Samoa Américaines,1910,,-0.9,,,,CELSIUS,Degré Celsius (°C),SE,Standard error,0.0,,N,National,,
DATAFLOW,SPC:DF_CLIMATE_CHANGE(1.0),Indicateurs du changement climatique,I,A,Annuel,ST_ANOM,Anomalies des températures de surface,AS,Samoa Américaines,1911,,-0.6,,,,CELSIUS,Degré Celsius (°C),SE,Standard error,0.1,,N,National,,
DATAFLOW,SPC:DF_CLIMATE_CHANGE(1.0),Indicateurs du changement climatique,I,A,Annuel,ST_ANOM,Anomalies des températures de surface,AS,Samoa Américaines,1912,,-0.3,,,,CELSIUS,Degré Celsius (°C),SE,Standard error,0.0,,N,National,,
DATAFLOW,SPC:DF_CLIMATE_CHANGE(1.0),Indicateurs du changement climatique,I,A,Annuel,ST_ANOM,Anomalies des températures de surface,AS,Samoa Américaines,1913,,-0.5,,,,CELSIUS,Degré Celsius (°C),SE,Standard error,0.0,,N,National,,
DATAFLOW,SPC:DF_CLIMATE_CHANGE(1.0),Indicateurs du changement climatique,I,A,Annuel,ST_ANOM,Anomalies des températures de surface,AS,Samoa Américaines,1914,,-0.3,,,,CELSIUS,Degré Celsius (°C),SE,Standard error,0.1,,N,National,,
DATAFLOW,SPC:DF_CLIMATE_CHANGE(1.0),Indicateurs du changement climatique,I,A,Annuel,ST_ANOM,Anomalies des températures de surface,AS,Samoa Américaines,1915,,-0.2,,,,CELSIUS,Degré Celsius (°C),SE,Standard error,0.1,,N,National,,
DATAFLOW,SPC:DF_CLIMATE_CHANGE(1.0),Indicateurs du changement climatique,I,A,Annuel,ST_ANOM,Anomalies des températures de surface,AS,Samoa Américaines,1916,,-0.5,,,,CELSIUS,Degré Celsius (°C),SE,Standard error,0.1,,N,National,,
DATAFLOW,SPC:DF_CLIMATE_CHANGE(1.0),Indicateurs du changement climatique,I,A,Annuel,ST_ANOM,Anomalies des températures de surface,AS,Samoa Américaines,1917,,-1.1,,,,CELSIUS,Degré Celsius (°C),SE,Standard error,0.1,,N,National,,
DATAFLOW,SPC:DF_CLIMATE_CHANGE(1.0),Indicateurs du changement climatique,I,A,Annuel,ST_ANOM,Anomalies des températures de surface,AS,Samoa Américaines,1918,,-0.6,,,,CELSIUS,Degré Celsius (°C),SE,Standard error,0.1,,N,National,,
DATAFLOW,SPC:DF_CLIMATE_CHANGE(1.0),Indicateurs du changement climatique,I,A,Annuel,ST_ANOM,Anomalies des températures de surface,AS,Samoa Américaines,1919,,-0.8,,,,CELSIUS,Degré Celsius (°C),SE,Standard error,0.1,,N,National,,
DATAFLOW,SPC:DF_CLIMATE_CHANGE(1.0),Indicateurs du changement climatique,I,A,Annuel,ST_ANOM,Anomalies des températures de surface,AS,Samoa Américaines,1920,,-0.5,,,,CELSIUS,Degré Celsius (°C),SE,Standard error,0.1,,N,National,,
DATAFLOW,SPC:DF_CLIMATE_CHANGE(1.0),Indicateurs du changement climatique,I,A,Annuel,ST_ANOM,Anomalies des températures de surface,AS,Samoa Américaines,1921,,-0.5,,,,CELSIUS,Degré Celsius (°C),SE,Standard error,0.1,,N,National,,
DATAFLOW,SPC:DF_CLIMATE_CHANGE(1.0),Indicateurs du changement climatique,I,A,Annuel,ST_ANOM,Anomalies des températures de surface,AS,Samoa Américaines,1922,,-0.2,,,,CELSIUS,Degré Celsius (°C),SE,Standard error,0.1,,N,National,,
DATAFLOW,SPC:DF_CLIMATE_CHANGE(1.0),Indicateurs du changement climatique,I,A,Annuel,ST_ANOM,Anomalies des températures de surface,AS,Samoa Américaines,1923,,-0.4,,,,CELSIUS,Degré Celsius (°C),SE,Standard error,0.0,,N,National,,
DATAFLOW,SPC:DF_CLIMATE_CHANGE(1.0),Indicateurs du changement climatique,I,A,Annuel,ST_ANOM,Anomalies des températures de surface,AS,Samoa Américaines,1924,,-0.2,,,,CELSIUS,Degré Celsius (°C),SE,Standard error,0.1,,N,National,,
DATAFLOW,SPC:DF_CLIMATE_CHANGE(1.0),Indicateurs du changement climatique,I,A,Annuel,ST_ANOM,Anomalies des températures de surface,AS,Samoa Américaines,1925,,-0.3,,,,CELSIUS,Degré Celsius (°C),SE,Standard error,0.1,,N,National,,
DATAFLOW,SPC:DF_CLIMATE_CHANGE(1.0),Indicateurs du changement climatique,I,A,Annuel,ST_ANOM,Anomalies des températures de surface,AS,Samoa Américaines,1926,,-0.2,,,,CELSIUS,Degré Celsius (°C),SE,Standard error,0.1,,N,National,,
DATAFLOW,SPC:DF_CLIMATE_CHANGE(1.0),Indicateurs du changement climatique,I,A,Annuel,ST_ANOM,Anomalies des températures de surface,AS,Samoa Américaines,1927,,-0.4,,,,CELSIUS,Degré Celsius (°C),SE,Standard error,0.1,,N,National,,
DATAFLOW,SPC:DF_CLIMATE_CHANGE(1.0),Indicateurs du changement climatique,I,A,Annuel,ST_ANOM,Anomalies des températures de surface,AS,Samoa Américaines,1928,,-0.3,,,,CELSIUS,Degré Celsius (°C),SE,Standard error,0.1,,N,National,,
DATAFLOW,SPC:DF_CLIMATE_CHANGE(1.0),Indicateurs du changement climatique,I,A,Annuel,ST_ANOM,Anomalies des températures de surface,AS,Samoa Américaines,1929,,-0.3,,,,CELSIUS,Degré Celsius (°C),SE,Standard error,0.0,,N,National,,
DATAFLOW,SPC:DF_CLIMATE_CHANGE(1.0),Indicateurs du changement climatique,I,A,Annuel,ST_ANOM,Anomalies des températures de surface,AS,Samoa Américaines,1930,,-0.3,,,,CELSIUS,Degré Celsius (°C),SE,Standard error,0.1,,N,National,,
DATAFLOW,SPC:DF_CLIMATE_CHANGE(1.0),Indicateurs du changement climatique,I,A,Annuel,ST_ANOM,Anomalies des températures de surface,AS,Samoa Américaines,1931,,-0.2,,,,CELSIUS,Degré Celsius (°C),SE,Standard error,0.0,,N,National,,
DATAFLOW,SPC:DF_CLIMATE_CHANGE(1.0),Indicateurs du changement climatique,I,A,Annuel,ST_ANOM,Anomalies des températures de surface,AS,Samoa Américaines,1932,,-0.2,,,,CELSIUS,Degré Celsius (°C),SE,Standard error,0.0,,N,National,,
DATAFLOW,SPC:DF_CLIMATE_CHANGE(1.0),Indicateurs du changement climatique,I,A,Annuel,ST_ANOM,Anomalies des températures de surface,AS,Samoa Américaines,1933,,-0.6,,,,CELSIUS,Degré Celsius (°C),SE,Standard error,0.1,,N,National,,
DATAFLOW,SPC:DF_CLIMATE_CHANGE(1.0),Indicateurs du changement climatique,I,A,Annuel,ST_ANOM,Anomalies des températures de surface,AS,Samoa Américaines,1934,,-0.4,,,,CELSIUS,Degré Celsius (°C),SE,Standard error,0.1,,N,National,,
DATAFLOW,SPC:DF_CLIMATE_CHANGE(1.0),Indicateurs du changement climatique,I,A,Annuel,ST_ANOM,Anomalies des températures de surface,AS,Samoa Américaines,1935,,-0.4,,,,CELSIUS,Degré Celsius (°C),SE,Standard error,0.1,,N,National,,
DATAFLOW,SPC:DF_CLIMATE_CHANGE(1.0),Indicateurs du changement climatique,I,A,Annuel,ST_ANOM,Anomalies des températures de surface,AS,Samoa Américaines,1936,,-0.3,,,,CELSIUS,Degré Celsius (°C),SE,Standard error,0.0,,N,National,,
DATAFLOW,SPC:DF_CLIMATE_CHANGE(1.0),Indicateurs du changement climatique,I,A,Annuel,ST_ANOM,Anomalies des températures de surface,AS,Samoa Américaines,1937,,-0.3,,,,CELSIUS,Degré Celsius (°C),SE,Standard error,0.0,,N,National,,
DATAFLOW,SPC:DF_CLIMATE_CHANGE(1.0),Indicateurs du changement climatique,I,A,Annuel,ST_ANOM,Anomalies des températures de surface,AS,Samoa Américaines,1938,,-0.4,,,,CELSIUS,Degré Celsius (°C),SE,Standard error,0.0,,N,National,,
DATAFLOW,SPC:DF_CLIMATE_CHANGE(1.0),Indicateurs du changement climatique,I,A,Annuel,ST_ANOM,Anomalies des températures de surface,AS,Samoa Américaines,1939,,-0.6,,,,CELSIUS,Degré Celsius (°C),SE,Standard error,0.0,,N,National,,
DATAFLOW,SPC:DF_CLIMATE_CHANGE(1.0),Indicateurs du changement climatique,I,A,Annuel,ST_ANOM,Anomalies des températures de surface,AS,Samoa Américaines,1940,,0.0,,,,CELSIUS,Degré Celsius (°C),SE,Standard error,0.1,,N,National,,
DATAFLOW,SPC:DF_CLIMATE_CHANGE(1.0),Indicateurs du changement climatique,I,A,Annuel,ST_ANOM,Anomalies des températures de surface,AS,Samoa Américaines,1941,,0.1,,,,CELSIUS,Degré Celsius (°C),SE,Standard error,0.0,,N,National,,
DATAFLOW,SPC:DF_CLIMATE_CHANGE(1.0),Indicateurs du changement climatique,I,A,Annuel,ST_ANOM,Anomalies des températures de surface,AS,Samoa Américaines,1942,,0.0,,,,CELSIUS,Degré Celsius (°C),SE,Standard error,0.1,,N,National,,
DATAFLOW,SPC:DF_CLIMATE_CHANGE(1.0),Indicateurs du changement climatique,I,A,Annuel,ST_ANOM,Anomalies des températures de surface,AS,Samoa Américaines,1943,,-0.1,,,,CELSIUS,Degré Celsius (°C),SE,Standard error,0.1,,N,National,,
DATAFLOW,SPC:DF_CLIMATE_CHANGE(1.0),Indicateurs du changement climatique,I,A,Annuel,ST_ANOM,Anomalies des températures de surface,AS,Samoa Américaines,1944,,0.1,,,,CELSIUS,Degré Celsius (°C),SE,Standard error,0.1,,N,National,,
DATAFLOW,SPC:DF_CLIMATE_CHANGE(1.0),Indicateurs du changement climatique,I,A,Annuel,ST_ANOM,Anomalies des températures de surface,AS,Samoa Américaines,1945,,0.1,,,,CELSIUS,Degré Celsius (°C),SE,Standard error,0.0,,N,National,,
DATAFLOW,SPC:DF_CLIMATE_CHANGE(1.0),Indicateurs du changement climatique,I,A,Annuel,ST_ANOM,Anomalies des températures de surface,AS,Samoa Américaines,1946,,0.2,,,,CELSIUS,Degré Celsius (°C),SE,Standard error,0.1,,N,National,,
DATAFLOW,SPC:DF_CLIMATE_CHANGE(1.0),Indicateurs du changement climatique,I,A,Annuel,ST_ANOM,Anomalies des températures de surface,AS,Samoa Américaines,1947,,0.1,,,,CELSIUS,Degré Celsius (°C),SE,Standard error,0.1,,N,National,,
DATAFLOW,SPC:DF_CLIMATE_CHANGE(1.0),Indicateurs du changement climatique,I,A,Annuel,ST_ANOM,Anomalies des températures de surface,AS,Samoa Américaines,1948,,-0.2,,,,CELSIUS,Degré Celsius (°C),SE,Standard error,0.1,,N,National,,
DATAFLOW,SPC:DF_CLIMATE_CHANGE(1.0),Indicateurs du changement climatique,I,A,Annuel,ST_ANOM,Anomalies des températures de surface,AS,Samoa Américaines,1949,,-0.2,,,,CELSIUS,Degré Celsius (°C),SE,Standard error,0.0,,N,National,,
DATAFLOW,SPC:DF_CLIMATE_CHANGE(1.0),Indicateurs du changement climatique,I,A,Annuel,ST_ANOM,Anomalies des températures de surface,AS,Samoa Américaines,1950,,-0.4,,,,CELSIUS,Degré Celsius (°C),SE,Standard error,0.1,,N,National,,
DATAFLOW,SPC:DF_CLIMATE_CHANGE(1.0),Indicateurs du changement climatique,I,A,Annuel,ST_ANOM,Anomalies des températures de surface,AS,Samoa Américaines,1951,,-0.1,,,,CELSIUS,Degré Celsius (°C),SE,Standard error,0.0,,N,National,,
DATAFLOW,SPC:DF_CLIMATE_CHANGE(1.0),Indicateurs du changement climatique,I,A,Annuel,ST_ANOM,Anomalies des températures de surface,AS,Samoa Américaines,1952,,0.0,,,,CELSIUS,Degré Celsius (°C),SE,Standard error,0.0,,N,National,,
DATAFLOW,SPC:DF_CLIMATE_CHANGE(1.0),Indicateurs du changement climatique,I,A,Annuel,ST_ANOM,Anomalies des températures de surface,AS,Samoa Américaines,1953,,0.1,,,,CELSIUS,Degré Celsius (°C),SE,Standard error,0.1,,N,National,,
DATAFLOW,SPC:DF_CLIMATE_CHANGE(1.0),Indicateurs du changement climatique,I,A,Annuel,ST_ANOM,Anomalies des températures de surface,AS,Samoa Américaines,1954,,-0.1,,,,CELSIUS,Degré Celsius (°C),SE,Standard error,0.1,,N,National,,
DATAFLOW,SPC:DF_CLIMATE_CHANGE(1.0),Indicateurs du changement climatique,I,A,Annuel,ST_ANOM,Anomalies des températures de surface,AS,Samoa Américaines,1955,,-0.4,,,,CELSIUS,Degré Celsius (°C),SE,Standard error,0.1,,N,National,,
DATAFLOW,SPC:DF_CLIMATE_CHANGE(1.0),Indicateurs du changement climatique,I,A,Annuel,ST_ANOM,Anomalies des températures de surface,AS,Samoa Américaines,1956,,-0.4,,,,CELSIUS,Degré Celsius (°C),SE,Standard error,0.1,,N,National,,
DATAFLOW,SPC:DF_CLIMATE_CHANGE(1.0),Indicateurs du changement climatique,I,A,Annuel,ST_ANOM,Anomalies des températures de surface,AS,Samoa Américaines,1957,,-0.2,,,,CELSIUS,Degré Celsius (°C),SE,Standard error,0.0,,N,National,,
DATAFLOW,SPC:DF_CLIMATE_CHANGE(1.0),Indicateurs du changement climatique,I,A,Annuel,ST_ANOM,Anomalies des températures de surface,AS,Samoa Américaines,1958,,0.0,,,,CELSIUS,Degré Celsius (°C),SE,Standard error,0.0,,N,National,,
DATAFLOW,SPC:DF_CLIMATE_CHANGE(1.0),Indicateurs du changement climatique,I,A,Annuel,ST_ANOM,Anomalies des températures de surface,AS,Samoa Américaines,1959,,0.1,,,,CELSIUS,Degré Celsius (°C),SE,Standard error,0.1,,N,National,,
DATAFLOW,SPC:DF_CLIMATE_CHANGE(1.0),Indicateurs du changement climatique,I,A,Annuel,ST_ANOM,Anomalies des températures de surface,AS,Samoa Américaines,1960,,-0.1,,,,CELSIUS,Degré Celsius (°C),SE,Standard error,0.1,,N,National,,
DATAFLOW,SPC:DF_CLIMATE_CHANGE(1.0),Indicateurs du changement climatique,I,A,Annuel,ST_ANOM,Anomalies des températures de surface,AS,Samoa Américaines,1961,,0.0,,,,CELSIUS,Degré Celsius (°C),SE,Standard error,0.1,,N,National,,
DATAFLOW,SPC:DF_CLIMATE_CHANGE(1.0),Indicateurs du changement climatique,I,A,Annuel,ST_ANOM,Anomalies des températures de surface,AS,Samoa Américaines,1962,,-0.1,,,,CELSIUS,Degré Celsius (°C),SE,Standard error,0.0,,N,National,,
DATAFLOW,SPC:DF_CLIMATE_CHANGE(1.0),Indicateurs du changement climatique,I,A,Annuel,ST_ANOM,Anomalies des températures de surface,AS,Samoa Américaines,1963,,0.0,,,,CELSIUS,Degré Celsius (°C),SE,Standard error,0.0,,N,National,,
DATAFLOW,SPC:DF_CLIMATE_CHANGE(1.0),Indicateurs du changement climatique,I,A,Annuel,ST_ANOM,Anomalies des températures de surface,AS,Samoa Américaines,1964,,-0.2,,,,CELSIUS,Degré Celsius (°C),SE,Standard error,0.1,,N,National,,
DATAFLOW,SPC:DF_CLIMATE_CHANGE(1.0),Indicateurs du changement climatique,I,A,Annuel,ST_ANOM,Anomalies des températures de surface,AS,Samoa Américaines,1965,,-0.3,,,,CELSIUS,Degré Celsius (°C),SE,Standard error,0.0,,N,National,,
DATAFLOW,SPC:DF_CLIMATE_CHANGE(1.0),Indicateurs du changement climatique,I,A,Annuel,ST_ANOM,Anomalies des températures de surface,AS,Samoa Américaines,1966,,0.1,,,,CELSIUS,Degré Celsius (°C),SE,Standard error,0.0,,N,National,,
DATAFLOW,SPC:DF_CLIMATE_CHANGE(1.0),Indicateurs du changement climatique,I,A,Annuel,ST_ANOM,Anomalies des températures de surface,AS,Samoa Américaines,1967,,-0.3,,,,CELSIUS,Degré Celsius (°C),SE,Standard error,0.0,,N,National,,
DATAFLOW,SPC:DF_CLIMATE_CHANGE(1.0),Indicateurs du changement climatique,I,A,Annuel,ST_ANOM,Anomalies des températures de surface,AS,Samoa Américaines,1968,,-0.1,,,,CELSIUS,Degré Celsius (°C),SE,Standard error,0.1,,N,National,,
DATAFLOW,SPC:DF_CLIMATE_CHANGE(1.0),Indicateurs du changement climatique,I,A,Annuel,ST_ANOM,Anomalies des températures de surface,AS,Samoa Américaines,1969,,0.3,,,,CELSIUS,Degré Celsius (°C),SE,Standard error,0.0,,N,National,,
DATAFLOW,SPC:DF_CLIMATE_CHANGE(1.0),Indicateurs du changement climatique,I,A,Annuel,ST_ANOM,Anomalies des températures de surface,AS,Samoa Américaines,1970,,0.0,,,,CELSIUS,Degré Celsius (°C),SE,Standard error,0.1,,N,National,,
DATAFLOW,SPC:DF_CLIMATE_CHANGE(1.0),Indicateurs du changement climatique,I,A,Annuel,ST_ANOM,Anomalies des températures de surface,AS,Samoa Américaines,1971,,-0.3,,,,CELSIUS,Degré Celsius (°C),SE,Standard error,0.1,,N,National,,
DATAFLOW,SPC:DF_CLIMATE_CHANGE(1.0),Indicateurs du changement climatique,I,A,Annuel,ST_ANOM,Anomalies des températures de surface,AS,Samoa Américaines,1972,,-0.2,,,,CELSIUS,Degré Celsius (°C),SE,Standard error,0.0,,N,National,,
DATAFLOW,SPC:DF_CLIMATE_CHANGE(1.0),Indicateurs du changement climatique,I,A,Annuel,ST_ANOM,Anomalies des températures de surface,AS,Samoa Américaines,1973,,0.0,,,,CELSIUS,Degré Celsius (°C),SE,Standard error,0.1,,N,National,,
DATAFLOW,SPC:DF_CLIMATE_CHANGE(1.0),Indicateurs du changement climatique,I,A,Annuel,ST_ANOM,Anomalies des températures de surface,AS,Samoa Américaines,1974,,-0.4,,,,CELSIUS,Degré Celsius (°C),SE,Standard error,0.1,,N,National,,
DATAFLOW,SPC:DF_CLIMATE_CHANGE(1.0),Indicateurs du changement climatique,I,A,Annuel,ST_ANOM,Anomalies des températures de surface,AS,Samoa Américaines,1975,,-0.4,,,,CELSIUS,Degré Celsius (°C),SE,Standard error,0.1,,N,National,,
DATAFLOW,SPC:DF_CLIMATE_CHANGE(1.0),Indicateurs du changement climatique,I,A,Annuel,ST_ANOM,Anomalies des températures de surface,AS,Samoa Américaines,1976,,-0.4,,,,CELSIUS,Degré Celsius (°C),SE,Standard error,0.1,,N,National,,
DATAFLOW,SPC:DF_CLIMATE_CHANGE(1.0),Indicateurs du changement climatique,I,A,Annuel,ST_ANOM,Anomalies des températures de surface,AS,Samoa Américaines,1977,,0.0,,,,CELSIUS,Degré Celsius (°C),SE,Standard error,0.0,,N,National,,
DATAFLOW,SPC:DF_CLIMATE_CHANGE(1.0),Indicateurs du changement climatique,I,A,Annuel,ST_ANOM,Anomalies des températures de surface,AS,Samoa Américaines,1978,,0.0,,,,CELSIUS,Degré Celsius (°C),SE,Standard error,0.1,,N,National,,
DATAFLOW,SPC:DF_CLIMATE_CHANGE(1.0),Indicateurs du changement climatique,I,A,Annuel,ST_ANOM,Anomalies des températures de surface,AS,Samoa Américaines,1979,,0.0,,,,CELSIUS,Degré Celsius (°C),SE,Standard error,0.0,,N,National,,
DATAFLOW,SPC:DF_CLIMATE_CHANGE(1.0),Indicateurs du changement climatique,I,A,Annuel,ST_ANOM,Anomalies des températures de surface,AS,Samoa Américaines,1980,,0.2,,,,CELSIUS,Degré Celsius (°C),SE,Standard error,0.0,,N,National,,
DATAFLOW,SPC:DF_CLIMATE_CHANGE(1.0),Indicateurs du changement climatique,I,A,Annuel,ST_ANOM,Anomalies des températures de surface,AS,Samoa Américaines,1981,,-0.1,,,,CELSIUS,Degré Celsius (°C),SE,Standard error,0.1,,N,National,,
DATAFLOW,SPC:DF_CLIMATE_CHANGE(1.0),Indicateurs du changement climatique,I,A,Annuel,ST_ANOM,Anomalies des températures de surface,AS,Samoa Américaines,1982,,0.0,,,,CELSIUS,Degré Celsius (°C),SE,Standard error,0.1,,N,National,,
DATAFLOW,SPC:DF_CLIMATE_CHANGE(1.0),Indicateurs du changement climatique,I,A,Annuel,ST_ANOM,Anomalies des températures de surface,AS,Samoa Américaines,1983,,-0.2,,,,CELSIUS,Degré Celsius (°C),SE,Standard error,0.1,,N,National,,
DATAFLOW,SPC:DF_CLIMATE_CHANGE(1.0),Indicateurs du changement climatique,I,A,Annuel,ST_ANOM,Anomalies des températures de surface,AS,Samoa Américaines,1984,,0.0,,,,CELSIUS,Degré Celsius (°C),SE,Standard error,0.1,,N,National,,
DATAFLOW,SPC:DF_CLIMATE_CHANGE(1.0),Indicateurs du changement climatique,I,A,Annuel,ST_ANOM,Anomalies des températures de surface,AS,Samoa Américaines,1985,,-0.2,,,,CELSIUS,Degré Celsius (°C),SE,Standard error,0.0,,N,National,,
DATAFLOW,SPC:DF_CLIMATE_CHANGE(1.0),Indicateurs du changement climatique,I,A,Annuel,ST_ANOM,Anomalies des températures de surface,AS,Samoa Américaines,1986,,0.0,,,,CELSIUS,Degré Celsius (°C),SE,Standard error,0.0,,N,National,,
DATAFLOW,SPC:DF_CLIMATE_CHANGE(1.0),Indicateurs du changement climatique,I,A,Annuel,ST_ANOM,Anomalies des températures de surface,AS,Samoa Américaines,1987,,0.0,,,,CELSIUS,Degré Celsius (°C),SE,Standard error,0.1,,N,National,,
DATAFLOW,SPC:DF_CLIMATE_CHANGE(1.0),Indicateurs du changement climatique,I,A,Annuel,ST_ANOM,Anomalies des températures de surface,AS,Samoa Américaines,1988,,0.1,,,,CELSIUS,Degré Celsius (°C),SE,Standard error,0.1,,N,National,,
DATAFLOW,SPC:DF_CLIMATE_CHANGE(1.0),Indicateurs du changement climatique,I,A,Annuel,ST_ANOM,Anomalies des températures de surface,AS,Samoa Américaines,1989,,-0.2,,,,CELSIUS,Degré Celsius (°C),SE,Standard error,0.1,,N,National,,
DATAFLOW,SPC:DF_CLIMATE_CHANGE(1.0),Indicateurs du changement climatique,I,A,Annuel,ST_ANOM,Anomalies des températures de surface,AS,Samoa Américaines,1990,,0.1,,,,CELSIUS,Degré Celsius (°C),SE,Standard error,0.1,,N,National,,
DATAFLOW,SPC:DF_CLIMATE_CHANGE(1.0),Indicateurs du changement climatique,I,A,Annuel,ST_ANOM,Anomalies des températures de surface,AS,Samoa Américaines,1991,,0.4,,,,CELSIUS,Degré Celsius (°C),SE,Standard error,0.0,,N,National,,
DATAFLOW,SPC:DF_CLIMATE_CHANGE(1.0),Indicateurs du changement climatique,I,A,Annuel,ST_ANOM,Anomalies des températures de surface,AS,Samoa Américaines,1992,,0.2,,,,CELSIUS,Degré Celsius (°C),SE,Standard error,0.1,,N,National,,
DATAFLOW,SPC:DF_CLIMATE_CHANGE(1.0),Indicateurs du changement climatique,I,A,Annuel,ST_ANOM,Anomalies des températures de surface,AS,Samoa Américaines,1993,,0.1,,,,CELSIUS,Degré Celsius (°C),SE,Standard error,0.0,,N,National,,
DATAFLOW,SPC:DF_CLIMATE_CHANGE(1.0),Indicateurs du changement climatique,I,A,Annuel,ST_ANOM,Anomalies des températures de surface,AS,Samoa Américaines,1994,,0.3,,,,CELSIUS,Degré Celsius (°C),SE,Standard error,0.0,,N,National,,
DATAFLOW,SPC:DF_CLIMATE_CHANGE(1.0),Indicateurs du changement climatique,I,A,Annuel,ST_ANOM,Anomalies des températures de surface,AS,Samoa Américaines,1995,,0.3,,,,CELSIUS,Degré Celsius (°C),SE,Standard error,0.0,,N,National,,
DATAFLOW,SPC:DF_CLIMATE_CHANGE(1.0),Indicateurs du changement climatique,I,A,Annuel,ST_ANOM,Anomalies des températures de surface,AS,Samoa Américaines,1996,,0.1,,,,CELSIUS,Degré Celsius (°C),SE,Standard error,0.0,,N,National,,
DATAFLOW,SPC:DF_CLIMATE_CHANGE(1.0),Indicateurs du changement climatique,I,A,Annuel,ST_ANOM,Anomalies des températures de surface,AS,Samoa Américaines,1997,,-0.1,,,,CELSIUS,Degré Celsius (°C),SE,Standard error,0.1,,N,National,,
DATAFLOW,SPC:DF_CLIMATE_CHANGE(1.0),Indicateurs du changement climatique,I,A,Annuel,ST_ANOM,Anomalies des températures de surface,AS,Samoa Américaines,1998,,-0.2,,,,CELSIUS,Degré Celsius (°C),SE,Standard error,0.0,,N,National,,
DATAFLOW,SPC:DF_CLIMATE_CHANGE(1.0),Indicateurs du changement climatique,I,A,Annuel,ST_ANOM,Anomalies des températures de surface,AS,Samoa Américaines,1999,,0.0,,,,CELSIUS,Degré Celsius (°C),SE,Standard error,0.0,,N,National,,
DATAFLOW,SPC:DF_CLIMATE_CHANGE(1.0),Indicateurs du changement climatique,I,A,Annuel,ST_ANOM,Anomalies des températures de surface,AS,Samoa Américaines,2000,,0.2,,,,CELSIUS,Degré Celsius (°C),SE,Standard error,0.0,,N,National,,
DATAFLOW,SPC:DF_CLIMATE_CHANGE(1.0),Indicateurs du changement climatique,I,A,Annuel,ST_ANOM,Anomalies des températures de surface,AS,Samoa Américaines,2001,,0.2,,,,CELSIUS,Degré Celsius (°C),SE,Standard error,0.0,,N,National,,
DATAFLOW,SPC:DF_CLIMATE_CHANGE(1.0),Indicateurs du changement climatique,I,A,Annuel,ST_ANOM,Anomalies des températures de surface,AS,Samoa Américaines,2002,,0.4,,,,CELSIUS,Degré Celsius (°C),SE,Standard error,0.0,,N,National,,
DATAFLOW,SPC:DF_CLIMATE_CHANGE(1.0),Indicateurs du changement climatique,I,A,Annuel,ST_ANOM,Anomalies des températures de surface,AS,Samoa Américaines,2003,,0.5,,,,CELSIUS,Degré Celsius (°C),SE,Standard error,0.0,,N,National,,
DATAFLOW,SPC:DF_CLIMATE_CHANGE(1.0),Indicateurs du changement climatique,I,A,Annuel,ST_ANOM,Anomalies des températures de surface,AS,Samoa Américaines,2004,,0.5,,,,CELSIUS,Degré Celsius (°C),SE,Standard error,0.0,,N,National,,
DATAFLOW,SPC:DF_CLIMATE_CHANGE(1.0),Indicateurs du changement climatique,I,A,Annuel,ST_ANOM,Anomalies des températures de surface,AS,Samoa Américaines,2005,,0.6,,,,CELSIUS,Degré Celsius (°C),SE,Standard error,0.0,,N,National,,
DATAFLOW,SPC:DF_CLIMATE_CHANGE(1.0),Indicateurs du changement climatique,I,A,Annuel,ST_ANOM,Anomalies des températures de surface,AS,Samoa Américaines,2006,,0.5,,,,CELSIUS,Degré Celsius (°C),SE,Standard error,0.0,,N,National,,
DATAFLOW,SPC:DF_CLIMATE_CHANGE(1.0),Indicateurs du changement climatique,I,A,Annuel,ST_ANOM,Anomalies des températures de surface,AS,Samoa Américaines,2007,,0.5,,,,CELSIUS,Degré Celsius (°C),SE,Standard error,0.1,,N,National,,
DATAFLOW,SPC:DF_CLIMATE_CHANGE(1.0),Indicateurs du changement climatique,I,A,Annuel,ST_ANOM,Anomalies des températures de surface,AS,Samoa Américaines,2008,,0.0,,,,CELSIUS,Degré Celsius (°C),SE,Standard error,0.1,,N,National,,
DATAFLOW,SPC:DF_CLIMATE_CHANGE(1.0),Indicateurs du changement climatique,I,A,Annuel,ST_ANOM,Anomalies des températures de surface,AS,Samoa Américaines,2009,,0.4,,,,CELSIUS,Degré Celsius (°C),SE,Standard error,0.0,,N,National,,
DATAFLOW,SPC:DF_CLIMATE_CHANGE(1.0),Indicateurs du changement climatique,I,A,Annuel,ST_ANOM,Anomalies des températures de surface,AS,Samoa Américaines,2010,,0.4,,,,CELSIUS,Degré Celsius (°C),SE,Standard error,0.1,,N,National,,
DATAFLOW,SPC:DF_CLIMATE_CHANGE(1.0),Indicateurs du changement climatique,I,A,Annuel,ST_ANOM,Anomalies des températures de surface,AS,Samoa Américaines,2011,,0.0,,,,CELSIUS,Degré Celsius (°C),SE,Standard error,0.1,,N,National,,
DATAFLOW,SPC:DF_CLIMATE_CHANGE(1.0),Indicateurs du changement climatique,I,A,Annuel,ST_ANOM,Anomalies des températures de surface,AS,Samoa Américaines,2012,,0.4,,,,CELSIUS,Degré Celsius (°C),SE,Standard error,0.1,,N,National,,
DATAFLOW,SPC:DF_CLIMATE_CHANGE(1.0),Indicateurs du changement climatique,I,A,Annuel,ST_ANOM,Anomalies des températures de surface,AS,Samoa Américaines,2013,,0.5,,,,CELSIUS,Degré Celsius (°C),SE,Standard error,0.0,,N,National,,
DATAFLOW,SPC:DF_CLIMATE_CHANGE(1.0),Indicateurs du changement climatique,I,A,Annuel,ST_ANOM,Anomalies des températures de surface,AS,Samoa Américaines,2014,,0.6,,,,CELSIUS,Degré Celsius (°C),SE,Standard error,0.0,,N,National,,
DATAFLOW,SPC:DF_CLIMATE_CHANGE(1.0),Indicateurs du changement climatique,I,A,Annuel,ST_ANOM,Anomalies des températures de surface,AS,Samoa Américaines,2015,,0.5,,,,CELSIUS,Degré Celsius (°C),SE,Standard error,0.1,,N,National,,
DATAFLOW,SPC:DF_CLIMATE_CHANGE(1.0),Indicateurs du changement climatique,I,A,Annuel,ST_ANOM,Anomalies des températures de surface,AS,Samoa Américaines,2016,,0.6,,,,CELSIUS,Degré Celsius (°C),SE,Standard error,0.0,,N,National,,
DATAFLOW,SPC:DF_CLIMATE_CHANGE(1.0),Indicateurs du changement climatique,I,A,Annuel,ST_ANOM,Anomalies des températures de surface,AS,Samoa Américaines,2017,,0.6,,,,CELSIUS,Degré Celsius (°C),SE,Standard error,0.0,,N,National,,
DATAFLOW,SPC:DF_CLIMATE_CHANGE(1.0),Indicateurs du changement climatique,I,A,Annuel,ST_ANOM,Anomalies des températures de surface,AS,Samoa Américaines,2018,,0.6,,,,CELSIUS,Degré Celsius (°C),SE,Standard error,0.1,,N,National,,
DATAFLOW,SPC:DF_CLIMATE_CHANGE(1.0),Indicateurs du changement climatique,I,A,Annuel,ST_ANOM,Anomalies des températures de surface,AS,Samoa Américaines,2019,,0.7,,,,CELSIUS,Degré Celsius (°C),SE,Standard error,0.0,,N,National,,
DATAFLOW,SPC:DF_CLIMATE_CHANGE(1.0),Indicateurs du changement climatique,I,A,Annuel,ST_ANOM,Anomalies des températures de surface,AS,Samoa Américaines,2020,,0.6,,,,CELSIUS,Degré Celsius (°C),SE,Standard error,0.1,,N,National,,
DATAFLOW,SPC:DF_CLIMATE_CHANGE(1.0),Indicateurs du changement climatique,I,A,Annuel,ST_ANOM,Anomalies des températures de surface,AS,Samoa Américaines,2021,,0.3,,,,CELSIUS,Degré Celsius (°C),SE,Standard error,0.0,,N,National,,
DATAFLOW,SPC:DF_CLIMATE_CHANGE(1.0),Indicateurs du changement climatique,I,A,Annuel,ST_ANOM,Anomalies des températures de surface,AS,Samoa Américaines,2022,,0.2,,,,CELSIUS,Degré Celsius (°C),SE,Standard error,0.0,,N,National,,
DATAFLOW,SPC:DF_CLIMATE_CHANGE(1.0),Indicateurs du changement climatique,I,A,Annuel,ST_ANOM,Anomalies des températures de surface,AS,Samoa Américaines,2023,,0.6,,,,CELSIUS,Degré Celsius (°C),SE,Standard error,0.0,,N,National,,
DATAFLOW,SPC:DF_CLIMATE_CHANGE(1.0),Indicateurs du changement climatique,I,A,Annuel,ST_ANOM,Anomalies des températures de surface,AS,Samoa Américaines,2024,,0.8,,,,CELSIUS,Degré Celsius (°C),SE,Standard error,0.1,,N,National,,
DATAFLOW,SPC:DF_CLIMATE_CHANGE(1.0),Indicateurs du changement climatique,I,A,Annuel,ST_ANOM,Anomalies des températures de surface,AS,Samoa Américaines,2025,,0.5,,,,CELSIUS,Degré Celsius (°C),SE,Standard error,0.0,,N,National,,
DATAFLOW,SPC:DF_CLIMATE_CHANGE(1.0),Indicateurs du changement climatique,I,A,Annuel,ST_ANOM,Anomalies des températures de surface,NU,Niue,1850,,-0.1,,,,CELSIUS,Degré Celsius (°C),SE,Standard error,0.1,,N,National,,
DATAFLOW,SPC:DF_CLIMATE_CHANGE(1.0),Indicateurs du changement climatique,I,A,Annuel,ST_ANOM,Anomalies des températures de surface,NU,Niue,1851,,-0.4,,,,CELSIUS,Degré Celsius (°C),SE,Standard error,0.0,,N,National,,
DATAFLOW,SPC:DF_CLIMATE_CHANGE(1.0),Indicateurs du changement climatique,I,A,Annuel,ST_ANOM,Anomalies des températures de surface,NU,Niue,1852,,0.0,,,,CELSIUS,Degré Celsius (°C),SE,Standard error,0.0,,N,National,,
DATAFLOW,SPC:DF_CLIMATE_CHANGE(1.0),Indicateurs du changement climatique,I,A,Annuel,ST_ANOM,Anomalies des températures de surface,NU,Niue,1853,,0.7,,,,CELSIUS,Degré Celsius (°C),SE,Standard error,0.1,,N,National,,
DATAFLOW,SPC:DF_CLIMATE_CHANGE(1.0),Indicateurs du changement climatique,I,A,Annuel,ST_ANOM,Anomalies des températures de surface,NU,Niue,1854,,0.4,,,,CELSIUS,Degré Celsius (°C),SE,Standard error,0.1,,N,National,,
DATAFLOW,SPC:DF_CLIMATE_CHANGE(1.0),Indicateurs du changement climatique,I,A,Annuel,ST_ANOM,Anomalies des températures de surface,NU,Niue,1855,,-0.2,,,,CELSIUS,Degré Celsius (°C),SE,Standard error,0.1,,N,National,,
DATAFLOW,SPC:DF_CLIMATE_CHANGE(1.0),Indicateurs du changement climatique,I,A,Annuel,ST_ANOM,Anomalies des températures de surface,NU,Niue,1856,,0.0,,,,CELSIUS,Degré Celsius (°C),SE,Standard error,0.1,,N,National,,
DATAFLOW,SPC:DF_CLIMATE_CHANGE(1.0),Indicateurs du changement climatique,I,A,Annuel,ST_ANOM,Anomalies des températures de surface,NU,Niue,1857,,-0.3,,,,CELSIUS,Degré Celsius (°C),SE,Standard error,0.1,,N,National,,
DATAFLOW,SPC:DF_CLIMATE_CHANGE(1.0),Indicateurs du changement climatique,I,A,Annuel,ST_ANOM,Anomalies des températures de surface,NU,Niue,1858,,-0.2,,,,CELSIUS,Degré Celsius (°C),SE,Standard error,0.0,,N,National,,
DATAFLOW,SPC:DF_CLIMATE_CHANGE(1.0),Indicateurs du changement climatique,I,A,Annuel,ST_ANOM,Anomalies des températures de surface,NU,Niue,1859,,0.2,,,,CELSIUS,Degré Celsius (°C),SE,Standard error,0.1,,N,National,,
DATAFLOW,SPC:DF_CLIMATE_CHANGE(1.0),Indicateurs du changement climatique,I,A,Annuel,ST_ANOM,Anomalies des températures de surface,NU,Niue,1860,,0.0,,,,CELSIUS,Degré Celsius (°C),SE,Standard error,0.0,,N,National,,
DATAFLOW,SPC:DF_CLIMATE_CHANGE(1.0),Indicateurs du changement climatique,I,A,Annuel,ST_ANOM,Anomalies des températures de surface,NU,Niue,1861,,-0.4,,,,CELSIUS,Degré Celsius (°C),SE,Standard error,0.2,,N,National,,
DATAFLOW,SPC:DF_CLIMATE_CHANGE(1.0),Indicateurs du changement climatique,I,A,Annuel,ST_ANOM,Anomalies des températures de surface,NU,Niue,1862,,-0.2,,,,CELSIUS,Degré Celsius (°C),SE,Standard error,0.0,,N,National,,
DATAFLOW,SPC:DF_CLIMATE_CHANGE(1.0),Indicateurs du changement climatique,I,A,Annuel,ST_ANOM,Anomalies des températures de surface,NU,Niue,1863,,-0.3,,,,CELSIUS,Degré Celsius (°C),SE,Standard error,0.0,,N,National,,
DATAFLOW,SPC:DF_CLIMATE_CHANGE(1.0),Indicateurs du changement climatique,I,A,Annuel,ST_ANOM,Anomalies des températures de surface,NU,Niue,1864,,0.0,,,,CELSIUS,Degré Celsius (°C),SE,Standard error,0.0,,N,National,,
DATAFLOW,SPC:DF_CLIMATE_CHANGE(1.0),Indicateurs du changement climatique,I,A,Annuel,ST_ANOM,Anomalies des températures de surface,NU,Niue,1865,,0.0,,,,CELSIUS,Degré Celsius (°C),SE,Standard error,0.0,,N,National,,
DATAFLOW,SPC:DF_CLIMATE_CHANGE(1.0),Indicateurs du changement climatique,I,A,Annuel,ST_ANOM,Anomalies des températures de surface,NU,Niue,1866,,-0.1,,,,CELSIUS,Degré Celsius (°C),SE,Standard error,0.0,,N,National,,
DATAFLOW,SPC:DF_CLIMATE_CHANGE(1.0),Indicateurs du changement climatique,I,A,Annuel,ST_ANOM,Anomalies des températures de surface,NU,Niue,1867,,0.0,,,,CELSIUS,Degré Celsius (°C),SE,Standard error,0.0,,N,National,,
DATAFLOW,SPC:DF_CLIMATE_CHANGE(1.0),Indicateurs du changement climatique,I,A,Annuel,ST_ANOM,Anomalies des températures de surface,NU,Niue,1868,,0.2,,,,CELSIUS,Degré Celsius (°C),SE,Standard error,0.1,,N,National,,
DATAFLOW,SPC:DF_CLIMATE_CHANGE(1.0),Indicateurs du changement climatique,I,A,Annuel,ST_ANOM,Anomalies des températures de surface,NU,Niue,1869,,0.1,,,,CELSIUS,Degré Celsius (°C),SE,Standard error,0.1,,N,National,,
DATAFLOW,SPC:DF_CLIMATE_CHANGE(1.0),Indicateurs du changement climatique,I,A,Annuel,ST_ANOM,Anomalies des températures de surface,NU,Niue,1870,,0.1,,,,CELSIUS,Degré Celsius (°C),SE,Standard error,0.1,,N,National,,
DATAFLOW,SPC:DF_CLIMATE_CHANGE(1.0),Indicateurs du changement climatique,I,A,Annuel,ST_ANOM,Anomalies des températures de surface,NU,Niue,1871,,0.4,,,,CELSIUS,Degré Celsius (°C),SE,Standard error,0.1,,N,National,,
DATAFLOW,SPC:DF_CLIMATE_CHANGE(1.0),Indicateurs du changement climatique,I,A,Annuel,ST_ANOM,Anomalies des températures de surface,NU,Niue,1872,,0.3,,,,CELSIUS,Degré Celsius (°C),SE,Standard error,0.1,,N,National,,
DATAFLOW,SPC:DF_CLIMATE_CHANGE(1.0),Indicateurs du changement climatique,I,A,Annuel,ST_ANOM,Anomalies des températures de surface,NU,Niue,1873,,-0.1,,,,CELSIUS,Degré Celsius (°C),SE,Standard error,0.1,,N,National,,
DATAFLOW,SPC:DF_CLIMATE_CHANGE(1.0),Indicateurs du changement climatique,I,A,Annuel,ST_ANOM,Anomalies des températures de surface,NU,Niue,1874,,0.3,,,,CELSIUS,Degré Celsius (°C),SE,Standard error,0.2,,N,National,,
DATAFLOW,SPC:DF_CLIMATE_CHANGE(1.0),Indicateurs du changement climatique,I,A,Annuel,ST_ANOM,Anomalies des températures de surface,NU,Niue,1875,,0.2,,,,CELSIUS,Degré Celsius (°C),SE,Standard error,0.1,,N,National,,
DATAFLOW,SPC:DF_CLIMATE_CHANGE(1.0),Indicateurs du changement climatique,I,A,Annuel,ST_ANOM,Anomalies des températures de surface,NU,Niue,1876,,0.2,,,,CELSIUS,Degré Celsius (°C),SE,Standard error,0.1,,N,National,,
DATAFLOW,SPC:DF_CLIMATE_CHANGE(1.0),Indicateurs du changement climatique,I,A,Annuel,ST_ANOM,Anomalies des températures de surface,NU,Niue,1877,,-0.3,,,,CELSIUS,Degré Celsius (°C),SE,Standard error,0.1,,N,National,,
DATAFLOW,SPC:DF_CLIMATE_CHANGE(1.0),Indicateurs du changement climatique,I,A,Annuel,ST_ANOM,Anomalies des températures de surface,NU,Niue,1878,,-0.2,,,,CELSIUS,Degré Celsius (°C),SE,Standard error,0.1,,N,National,,
DATAFLOW,SPC:DF_CLIMATE_CHANGE(1.0),Indicateurs du changement climatique,I,A,Annuel,ST_ANOM,Anomalies des températures de surface,NU,Niue,1879,,0.1,,,,CELSIUS,Degré Celsius (°C),SE,Standard error,0.1,,N,National,,
DATAFLOW,SPC:DF_CLIMATE_CHANGE(1.0),Indicateurs du changement climatique,I,A,Annuel,ST_ANOM,Anomalies des températures de surface,NU,Niue,1880,,0.1,,,,CELSIUS,Degré Celsius (°C),SE,Standard error,0.0,,N,National,,
DATAFLOW,SPC:DF_CLIMATE_CHANGE(1.0),Indicateurs du changement climatique,I,A,Annuel,ST_ANOM,Anomalies des températures de surface,NU,Niue,1881,,0.1,,,,CELSIUS,Degré Celsius (°C),SE,Standard error,0.1,,N,National,,
DATAFLOW,SPC:DF_CLIMATE_CHANGE(1.0),Indicateurs du changement climatique,I,A,Annuel,ST_ANOM,Anomalies des températures de surface,NU,Niue,1882,,0.2,,,,CELSIUS,Degré Celsius (°C),SE,Standard error,0.1,,N,National,,
DATAFLOW,SPC:DF_CLIMATE_CHANGE(1.0),Indicateurs du changement climatique,I,A,Annuel,ST_ANOM,Anomalies des températures de surface,NU,Niue,1883,,-0.4,,,,CELSIUS,Degré Celsius (°C),SE,Standard error,0.1,,N,National,,
DATAFLOW,SPC:DF_CLIMATE_CHANGE(1.0),Indicateurs du changement climatique,I,A,Annuel,ST_ANOM,Anomalies des températures de surface,NU,Niue,1884,,-0.5,,,,CELSIUS,Degré Celsius (°C),SE,Standard error,0.2,,N,National,,
DATAFLOW,SPC:DF_CLIMATE_CHANGE(1.0),Indicateurs du changement climatique,I,A,Annuel,ST_ANOM,Anomalies des températures de surface,NU,Niue,1885,,-0.8,,,,CELSIUS,Degré Celsius (°C),SE,Standard error,0.1,,N,National,,
DATAFLOW,SPC:DF_CLIMATE_CHANGE(1.0),Indicateurs du changement climatique,I,A,Annuel,ST_ANOM,Anomalies des températures de surface,NU,Niue,1886,,-0.5,,,,CELSIUS,Degré Celsius (°C),SE,Standard error,0.1,,N,National,,
DATAFLOW,SPC:DF_CLIMATE_CHANGE(1.0),Indicateurs du changement climatique,I,A,Annuel,ST_ANOM,Anomalies des températures de surface,NU,Niue,1887,,-0.3,,,,CELSIUS,Degré Celsius (°C),SE,Standard error,0.2,,N,National,,
DATAFLOW,SPC:DF_CLIMATE_CHANGE(1.0),Indicateurs du changement climatique,I,A,Annuel,ST_ANOM,Anomalies des températures de surface,NU,Niue,1888,,-0.5,,,,CELSIUS,Degré Celsius (°C),SE,Standard error,0.1,,N,National,,
DATAFLOW,SPC:DF_CLIMATE_CHANGE(1.0),Indicateurs du changement climatique,I,A,Annuel,ST_ANOM,Anomalies des températures de surface,NU,Niue,1889,,-0.2,,,,CELSIUS,Degré Celsius (°C),SE,Standard error,0.1,,N,National,,
DATAFLOW,SPC:DF_CLIMATE_CHANGE(1.0),Indicateurs du changement climatique,I,A,Annuel,ST_ANOM,Anomalies des températures de surface,NU,Niue,1890,,-0.2,,,,CELSIUS,Degré Celsius (°C),SE,Standard error,0.1,,N,National,,
DATAFLOW,SPC:DF_CLIMATE_CHANGE(1.0),Indicateurs du changement climatique,I,A,Annuel,ST_ANOM,Anomalies des températures de surface,NU,Niue,1891,,-0.4,,,,CELSIUS,Degré Celsius (°C),SE,Standard error,0.1,,N,National,,
DATAFLOW,SPC:DF_CLIMATE_CHANGE(1.0),Indicateurs du changement climatique,I,A,Annuel,ST_ANOM,Anomalies des températures de surface,NU,Niue,1892,,-0.2,,,,CELSIUS,Degré Celsius (°C),SE,Standard error,0.1,,N,National,,
DATAFLOW,SPC:DF_CLIMATE_CHANGE(1.0),Indicateurs du changement climatique,I,A,Annuel,ST_ANOM,Anomalies des températures de surface,NU,Niue,1893,,-0.5,,,,CELSIUS,Degré Celsius (°C),SE,Standard error,0.1,,N,National,,
DATAFLOW,SPC:DF_CLIMATE_CHANGE(1.0),Indicateurs du changement climatique,I,A,Annuel,ST_ANOM,Anomalies des températures de surface,NU,Niue,1894,,-0.2,,,,CELSIUS,Degré Celsius (°C),SE,Standard error,0.1,,N,National,,
DATAFLOW,SPC:DF_CLIMATE_CHANGE(1.0),Indicateurs du changement climatique,I,A,Annuel,ST_ANOM,Anomalies des températures de surface,NU,Niue,1895,,-0.1,,,,CELSIUS,Degré Celsius (°C),SE,Standard error,0.1,,N,National,,
DATAFLOW,SPC:DF_CLIMATE_CHANGE(1.0),Indicateurs du changement climatique,I,A,Annuel,ST_ANOM,Anomalies des températures de surface,NU,Niue,1896,,-0.6,,,,CELSIUS,Degré Celsius (°C),SE,Standard error,0.1,,N,National,,
DATAFLOW,SPC:DF_CLIMATE_CHANGE(1.0),Indicateurs du changement climatique,I,A,Annuel,ST_ANOM,Anomalies des températures de surface,NU,Niue,1897,,-0.4,,,,CELSIUS,Degré Celsius (°C),SE,Standard error,0.1,,N,National,,
DATAFLOW,SPC:DF_CLIMATE_CHANGE(1.0),Indicateurs du changement climatique,I,A,Annuel,ST_ANOM,Anomalies des températures de surface,NU,Niue,1898,,0.0,,,,CELSIUS,Degré Celsius (°C),SE,Standard error,0.0,,N,National,,
DATAFLOW,SPC:DF_CLIMATE_CHANGE(1.0),Indicateurs du changement climatique,I,A,Annuel,ST_ANOM,Anomalies des températures de surface,NU,Niue,1899,,0.1,,,,CELSIUS,Degré Celsius (°C),SE,Standard error,0.1,,N,National,,
DATAFLOW,SPC:DF_CLIMATE_CHANGE(1.0),Indicateurs du changement climatique,I,A,Annuel,ST_ANOM,Anomalies des températures de surface,NU,Niue,1900,,-0.1,,,,CELSIUS,Degré Celsius (°C),SE,Standard error,0.2,,N,National,,
DATAFLOW,SPC:DF_CLIMATE_CHANGE(1.0),Indicateurs du changement climatique,I,A,Annuel,ST_ANOM,Anomalies des températures de surface,NU,Niue,1901,,0.4,,,,CELSIUS,Degré Celsius (°C),SE,Standard error,0.1,,N,National,,
DATAFLOW,SPC:DF_CLIMATE_CHANGE(1.0),Indicateurs du changement climatique,I,A,Annuel,ST_ANOM,Anomalies des températures de surface,NU,Niue,1902,,-0.7,,,,CELSIUS,Degré Celsius (°C),SE,Standard error,0.1,,N,National,,
DATAFLOW,SPC:DF_CLIMATE_CHANGE(1.0),Indicateurs du changement climatique,I,A,Annuel,ST_ANOM,Anomalies des températures de surface,NU,Niue,1903,,-0.2,,,,CELSIUS,Degré Celsius (°C),SE,Standard error,0.1,,N,National,,
DATAFLOW,SPC:DF_CLIMATE_CHANGE(1.0),Indicateurs du changement climatique,I,A,Annuel,ST_ANOM,Anomalies des températures de surface,NU,Niue,1904,,-0.4,,,,CELSIUS,Degré Celsius (°C),SE,Standard error,0.1,,N,National,,
DATAFLOW,SPC:DF_CLIMATE_CHANGE(1.0),Indicateurs du changement climatique,I,A,Annuel,ST_ANOM,Anomalies des températures de surface,NU,Niue,1905,,-0.7,,,,CELSIUS,Degré Celsius (°C),SE,Standard error,0.1,,N,National,,
DATAFLOW,SPC:DF_CLIMATE_CHANGE(1.0),Indicateurs du changement climatique,I,A,Annuel,ST_ANOM,Anomalies des températures de surface,NU,Niue,1906,,0.0,,,,CELSIUS,Degré Celsius (°C),SE,Standard error,0.1,,N,National,,
DATAFLOW,SPC:DF_CLIMATE_CHANGE(1.0),Indicateurs du changement climatique,I,A,Annuel,ST_ANOM,Anomalies des températures de surface,NU,Niue,1907,,-0.5,,,,CELSIUS,Degré Celsius (°C),SE,Standard error,0.1,,N,National,,
DATAFLOW,SPC:DF_CLIMATE_CHANGE(1.0),Indicateurs du changement climatique,I,A,Annuel,ST_ANOM,Anomalies des températures de surface,NU,Niue,1908,,-0.5,,,,CELSIUS,Degré Celsius (°C),SE,Standard error,0.1,,N,National,,
DATAFLOW,SPC:DF_CLIMATE_CHANGE(1.0),Indicateurs du changement climatique,I,A,Annuel,ST_ANOM,Anomalies des températures de surface,NU,Niue,1909,,-0.6,,,,CELSIUS,Degré Celsius (°C),SE,Standard error,0.1,,N,National,,
DATAFLOW,SPC:DF_CLIMATE_CHANGE(1.0),Indicateurs du changement climatique,I,A,Annuel,ST_ANOM,Anomalies des températures de surface,NU,Niue,1910,,-0.5,,,,CELSIUS,Degré Celsius (°C),SE,Standard error,0.1,,N,National,,
DATAFLOW,SPC:DF_CLIMATE_CHANGE(1.0),Indicateurs du changement climatique,I,A,Annuel,ST_ANOM,Anomalies des températures de surface,NU,Niue,1911,,-0.5,,,,CELSIUS,Degré Celsius (°C),SE,Standard error,0.1,,N,National,,
DATAFLOW,SPC:DF_CLIMATE_CHANGE(1.0),Indicateurs du changement climatique,I,A,Annuel,ST_ANOM,Anomalies des températures de surface,NU,Niue,1912,,-0.4,,,,CELSIUS,Degré Celsius (°C),SE,Standard error,0.1,,N,National,,
DATAFLOW,SPC:DF_CLIMATE_CHANGE(1.0),Indicateurs du changement climatique,I,A,Annuel,ST_ANOM,Anomalies des températures de surface,NU,Niue,1913,,-0.5,,,,CELSIUS,Degré Celsius (°C),SE,Standard error,0.1,,N,National,,
DATAFLOW,SPC:DF_CLIMATE_CHANGE(1.0),Indicateurs du changement climatique,I,A,Annuel,ST_ANOM,Anomalies des températures de surface,NU,Niue,1914,,-0.2,,,,CELSIUS,Degré Celsius (°C),SE,Standard error,0.1,,N,National,,
DATAFLOW,SPC:DF_CLIMATE_CHANGE(1.0),Indicateurs du changement climatique,I,A,Annuel,ST_ANOM,Anomalies des températures de surface,NU,Niue,1915,,-0.1,,,,CELSIUS,Degré Celsius (°C),SE,Standard error,0.1,,N,National,,
DATAFLOW,SPC:DF_CLIMATE_CHANGE(1.0),Indicateurs du changement climatique,I,A,Annuel,ST_ANOM,Anomalies des températures de surface,NU,Niue,1916,,0.2,,,,CELSIUS,Degré Celsius (°C),SE,Standard error,0.1,,N,National,,
DATAFLOW,SPC:DF_CLIMATE_CHANGE(1.0),Indicateurs du changement climatique,I,A,Annuel,ST_ANOM,Anomalies des températures de surface,NU,Niue,1917,,-0.3,,,,CELSIUS,Degré Celsius (°C),SE,Standard error,0.1,,N,National,,
DATAFLOW,SPC:DF_CLIMATE_CHANGE(1.0),Indicateurs du changement climatique,I,A,Annuel,ST_ANOM,Anomalies des températures de surface,NU,Niue,1918,,-0.4,,,,CELSIUS,Degré Celsius (°C),SE,Standard error,0.0,,N,National,,
DATAFLOW,SPC:DF_CLIMATE_CHANGE(1.0),Indicateurs du changement climatique,I,A,Annuel,ST_ANOM,Anomalies des températures de surface,NU,Niue,1919,,-0.9,,,,CELSIUS,Degré Celsius (°C),SE,Standard error,0.1,,N,National,,
DATAFLOW,SPC:DF_CLIMATE_CHANGE(1.0),Indicateurs du changement climatique,I,A,Annuel,ST_ANOM,Anomalies des températures de surface,NU,Niue,1920,,-0.5,,,,CELSIUS,Degré Celsius (°C),SE,Standard error,0.1,,N,National,,
DATAFLOW,SPC:DF_CLIMATE_CHANGE(1.0),Indicateurs du changement climatique,I,A,Annuel,ST_ANOM,Anomalies des températures de surface,NU,Niue,1921,,-0.4,,,,CELSIUS,Degré Celsius (°C),SE,Standard error,0.1,,N,National,,
DATAFLOW,SPC:DF_CLIMATE_CHANGE(1.0),Indicateurs du changement climatique,I,A,Annuel,ST_ANOM,Anomalies des températures de surface,NU,Niue,1922,,0.0,,,,CELSIUS,Degré Celsius (°C),SE,Standard error,0.1,,N,National,,
DATAFLOW,SPC:DF_CLIMATE_CHANGE(1.0),Indicateurs du changement climatique,I,A,Annuel,ST_ANOM,Anomalies des températures de surface,NU,Niue,1923,,-0.4,,,,CELSIUS,Degré Celsius (°C),SE,Standard error,0.1,,N,National,,
DATAFLOW,SPC:DF_CLIMATE_CHANGE(1.0),Indicateurs du changement climatique,I,A,Annuel,ST_ANOM,Anomalies des températures de surface,NU,Niue,1924,,0.0,,,,CELSIUS,Degré Celsius (°C),SE,Standard error,0.1,,N,National,,
DATAFLOW,SPC:DF_CLIMATE_CHANGE(1.0),Indicateurs du changement climatique,I,A,Annuel,ST_ANOM,Anomalies des températures de surface,NU,Niue,1925,,-0.3,,,,CELSIUS,Degré Celsius (°C),SE,Standard error,0.1,,N,National,,
DATAFLOW,SPC:DF_CLIMATE_CHANGE(1.0),Indicateurs du changement climatique,I,A,Annuel,ST_ANOM,Anomalies des températures de surface,NU,Niue,1926,,-0.5,,,,CELSIUS,Degré Celsius (°C),SE,Standard error,0.1,,N,National,,
DATAFLOW,SPC:DF_CLIMATE_CHANGE(1.0),Indicateurs du changement climatique,I,A,Annuel,ST_ANOM,Anomalies des températures de surface,NU,Niue,1927,,-0.2,,,,CELSIUS,Degré Celsius (°C),SE,Standard error,0.1,,N,National,,
DATAFLOW,SPC:DF_CLIMATE_CHANGE(1.0),Indicateurs du changement climatique,I,A,Annuel,ST_ANOM,Anomalies des températures de surface,NU,Niue,1928,,-0.3,,,,CELSIUS,Degré Celsius (°C),SE,Standard error,0.1,,N,National,,
DATAFLOW,SPC:DF_CLIMATE_CHANGE(1.0),Indicateurs du changement climatique,I,A,Annuel,ST_ANOM,Anomalies des températures de surface,NU,Niue,1929,,-0.3,,,,CELSIUS,Degré Celsius (°C),SE,Standard error,0.0,,N,National,,
DATAFLOW,SPC:DF_CLIMATE_CHANGE(1.0),Indicateurs du changement climatique,I,A,Annuel,ST_ANOM,Anomalies des températures de surface,NU,Niue,1930,,-0.6,,,,CELSIUS,Degré Celsius (°C),SE,Standard error,0.1,,N,National,,
DATAFLOW,SPC:DF_CLIMATE_CHANGE(1.0),Indicateurs du changement climatique,I,A,Annuel,ST_ANOM,Anomalies des températures de surface,NU,Niue,1931,,-0.5,,,,CELSIUS,Degré Celsius (°C),SE,Standard error,0.1,,N,National,,
DATAFLOW,SPC:DF_CLIMATE_CHANGE(1.0),Indicateurs du changement climatique,I,A,Annuel,ST_ANOM,Anomalies des températures de surface,NU,Niue,1932,,-0.1,,,,CELSIUS,Degré Celsius (°C),SE,Standard error,0.1,,N,National,,
DATAFLOW,SPC:DF_CLIMATE_CHANGE(1.0),Indicateurs du changement climatique,I,A,Annuel,ST_ANOM,Anomalies des températures de surface,NU,Niue,1933,,-0.5,,,,CELSIUS,Degré Celsius (°C),SE,Standard error,0.1,,N,National,,
DATAFLOW,SPC:DF_CLIMATE_CHANGE(1.0),Indicateurs du changement climatique,I,A,Annuel,ST_ANOM,Anomalies des températures de surface,NU,Niue,1934,,-0.4,,,,CELSIUS,Degré Celsius (°C),SE,Standard error,0.1,,N,National,,
DATAFLOW,SPC:DF_CLIMATE_CHANGE(1.0),Indicateurs du changement climatique,I,A,Annuel,ST_ANOM,Anomalies des températures de surface,NU,Niue,1935,,-0.4,,,,CELSIUS,Degré Celsius (°C),SE,Standard error,0.1,,N,National,,
DATAFLOW,SPC:DF_CLIMATE_CHANGE(1.0),Indicateurs du changement climatique,I,A,Annuel,ST_ANOM,Anomalies des températures de surface,NU,Niue,1936,,-0.2,,,,CELSIUS,Degré Celsius (°C),SE,Standard error,0.1,,N,National,,
DATAFLOW,SPC:DF_CLIMATE_CHANGE(1.0),Indicateurs du changement climatique,I,A,Annuel,ST_ANOM,Anomalies des températures de surface,NU,Niue,1937,,-0.3,,,,CELSIUS,Degré Celsius (°C),SE,Standard error,0.1,,N,National,,
DATAFLOW,SPC:DF_CLIMATE_CHANGE(1.0),Indicateurs du changement climatique,I,A,Annuel,ST_ANOM,Anomalies des températures de surface,NU,Niue,1938,,-0.2,,,,CELSIUS,Degré Celsius (°C),SE,Standard error,0.1,,N,National,,
DATAFLOW,SPC:DF_CLIMATE_CHANGE(1.0),Indicateurs du changement climatique,I,A,Annuel,ST_ANOM,Anomalies des températures de surface,NU,Niue,1939,,-0.4,,,,CELSIUS,Degré Celsius (°C),SE,Standard error,0.1,,N,National,,
DATAFLOW,SPC:DF_CLIMATE_CHANGE(1.0),Indicateurs du changement climatique,I,A,Annuel,ST_ANOM,Anomalies des températures de surface,NU,Niue,1940,,-0.3,,,,CELSIUS,Degré Celsius (°C),SE,Standard error,0.1,,N,National,,
DATAFLOW,SPC:DF_CLIMATE_CHANGE(1.0),Indicateurs du changement climatique,I,A,Annuel,ST_ANOM,Anomalies des températures de surface,NU,Niue,1941,,-0.1,,,,CELSIUS,Degré Celsius (°C),SE,Standard error,0.1,,N,National,,
DATAFLOW,SPC:DF_CLIMATE_CHANGE(1.0),Indicateurs du changement climatique,I,A,Annuel,ST_ANOM,Anomalies des températures de surface,NU,Niue,1942,,0.3,,,,CELSIUS,Degré Celsius (°C),SE,Standard error,0.1,,N,National,,
DATAFLOW,SPC:DF_CLIMATE_CHANGE(1.0),Indicateurs du changement climatique,I,A,Annuel,ST_ANOM,Anomalies des températures de surface,NU,Niue,1943,,0.5,,,,CELSIUS,Degré Celsius (°C),SE,Standard error,0.1,,N,National,,
DATAFLOW,SPC:DF_CLIMATE_CHANGE(1.0),Indicateurs du changement climatique,I,A,Annuel,ST_ANOM,Anomalies des températures de surface,NU,Niue,1944,,0.4,,,,CELSIUS,Degré Celsius (°C),SE,Standard error,0.1,,N,National,,
DATAFLOW,SPC:DF_CLIMATE_CHANGE(1.0),Indicateurs du changement climatique,I,A,Annuel,ST_ANOM,Anomalies des températures de surface,NU,Niue,1945,,0.2,,,,CELSIUS,Degré Celsius (°C),SE,Standard error,0.1,,N,National,,
DATAFLOW,SPC:DF_CLIMATE_CHANGE(1.0),Indicateurs du changement climatique,I,A,Annuel,ST_ANOM,Anomalies des températures de surface,NU,Niue,1946,,0.3,,,,CELSIUS,Degré Celsius (°C),SE,Standard error,0.1,,N,National,,
DATAFLOW,SPC:DF_CLIMATE_CHANGE(1.0),Indicateurs du changement climatique,I,A,Annuel,ST_ANOM,Anomalies des températures de surface,NU,Niue,1947,,0.2,,,,CELSIUS,Degré Celsius (°C),SE,Standard error,0.1,,N,National,,
DATAFLOW,SPC:DF_CLIMATE_CHANGE(1.0),Indicateurs du changement climatique,I,A,Annuel,ST_ANOM,Anomalies des températures de surface,NU,Niue,1948,,-0.2,,,,CELSIUS,Degré Celsius (°C),SE,Standard error,0.1,,N,National,,
DATAFLOW,SPC:DF_CLIMATE_CHANGE(1.0),Indicateurs du changement climatique,I,A,Annuel,ST_ANOM,Anomalies des températures de surface,NU,Niue,1949,,-0.1,,,,CELSIUS,Degré Celsius (°C),SE,Standard error,0.1,,N,National,,
DATAFLOW,SPC:DF_CLIMATE_CHANGE(1.0),Indicateurs du changement climatique,I,A,Annuel,ST_ANOM,Anomalies des températures de surface,NU,Niue,1950,,0.2,,,,CELSIUS,Degré Celsius (°C),SE,Standard error,0.1,,N,National,,
DATAFLOW,SPC:DF_CLIMATE_CHANGE(1.0),Indicateurs du changement climatique,I,A,Annuel,ST_ANOM,Anomalies des températures de surface,NU,Niue,1951,,0.0,,,,CELSIUS,Degré Celsius (°C),SE,Standard error,0.1,,N,National,,
DATAFLOW,SPC:DF_CLIMATE_CHANGE(1.0),Indicateurs du changement climatique,I,A,Annuel,ST_ANOM,Anomalies des températures de surface,NU,Niue,1952,,0.3,,,,CELSIUS,Degré Celsius (°C),SE,Standard error,0.1,,N,National,,
DATAFLOW,SPC:DF_CLIMATE_CHANGE(1.0),Indicateurs du changement climatique,I,A,Annuel,ST_ANOM,Anomalies des températures de surface,NU,Niue,1953,,0.1,,,,CELSIUS,Degré Celsius (°C),SE,Standard error,0.1,,N,National,,
DATAFLOW,SPC:DF_CLIMATE_CHANGE(1.0),Indicateurs du changement climatique,I,A,Annuel,ST_ANOM,Anomalies des températures de surface,NU,Niue,1954,,0.1,,,,CELSIUS,Degré Celsius (°C),SE,Standard error,0.1,,N,National,,
DATAFLOW,SPC:DF_CLIMATE_CHANGE(1.0),Indicateurs du changement climatique,I,A,Annuel,ST_ANOM,Anomalies des températures de surface,NU,Niue,1955,,-0.1,,,,CELSIUS,Degré Celsius (°C),SE,Standard error,0.1,,N,National,,
DATAFLOW,SPC:DF_CLIMATE_CHANGE(1.0),Indicateurs du changement climatique,I,A,Annuel,ST_ANOM,Anomalies des températures de surface,NU,Niue,1956,,0.0,,,,CELSIUS,Degré Celsius (°C),SE,Standard error,0.1,,N,National,,
DATAFLOW,SPC:DF_CLIMATE_CHANGE(1.0),Indicateurs du changement climatique,I,A,Annuel,ST_ANOM,Anomalies des températures de surface,NU,Niue,1957,,-0.2,,,,CELSIUS,Degré Celsius (°C),SE,Standard error,0.1,,N,National,,
DATAFLOW,SPC:DF_CLIMATE_CHANGE(1.0),Indicateurs du changement climatique,I,A,Annuel,ST_ANOM,Anomalies des températures de surface,NU,Niue,1958,,-0.2,,,,CELSIUS,Degré Celsius (°C),SE,Standard error,0.1,,N,National,,
DATAFLOW,SPC:DF_CLIMATE_CHANGE(1.0),Indicateurs du changement climatique,I,A,Annuel,ST_ANOM,Anomalies des températures de surface,NU,Niue,1959,,0.1,,,,CELSIUS,Degré Celsius (°C),SE,Standard error,0.1,,N,National,,
DATAFLOW,SPC:DF_CLIMATE_CHANGE(1.0),Indicateurs du changement climatique,I,A,Annuel,ST_ANOM,Anomalies des températures de surface,NU,Niue,1960,,0.0,,,,CELSIUS,Degré Celsius (°C),SE,Standard error,0.1,,N,National,,
DATAFLOW,SPC:DF_CLIMATE_CHANGE(1.0),Indicateurs du changement climatique,I,A,Annuel,ST_ANOM,Anomalies des températures de surface,NU,Niue,1961,,0.2,,,,CELSIUS,Degré Celsius (°C),SE,Standard error,0.1,,N,National,,
DATAFLOW,SPC:DF_CLIMATE_CHANGE(1.0),Indicateurs du changement climatique,I,A,Annuel,ST_ANOM,Anomalies des températures de surface,NU,Niue,1962,,-0.1,,,,CELSIUS,Degré Celsius (°C),SE,Standard error,0.1,,N,National,,
DATAFLOW,SPC:DF_CLIMATE_CHANGE(1.0),Indicateurs du changement climatique,I,A,Annuel,ST_ANOM,Anomalies des températures de surface,NU,Niue,1963,,0.0,,,,CELSIUS,Degré Celsius (°C),SE,Standard error,0.1,,N,National,,
DATAFLOW,SPC:DF_CLIMATE_CHANGE(1.0),Indicateurs du changement climatique,I,A,Annuel,ST_ANOM,Anomalies des températures de surface,NU,Niue,1964,,0.0,,,,CELSIUS,Degré Celsius (°C),SE,Standard error,0.1,,N,National,,
DATAFLOW,SPC:DF_CLIMATE_CHANGE(1.0),Indicateurs du changement climatique,I,A,Annuel,ST_ANOM,Anomalies des températures de surface,NU,Niue,1965,,-0.3,,,,CELSIUS,Degré Celsius (°C),SE,Standard error,0.0,,N,National,,
DATAFLOW,SPC:DF_CLIMATE_CHANGE(1.0),Indicateurs du changement climatique,I,A,Annuel,ST_ANOM,Anomalies des températures de surface,NU,Niue,1966,,-0.1,,,,CELSIUS,Degré Celsius (°C),SE,Standard error,0.1,,N,National,,
DATAFLOW,SPC:DF_CLIMATE_CHANGE(1.0),Indicateurs du changement climatique,I,A,Annuel,ST_ANOM,Anomalies des températures de surface,NU,Niue,1967,,-0.2,,,,CELSIUS,Degré Celsius (°C),SE,Standard error,0.1,,N,National,,
DATAFLOW,SPC:DF_CLIMATE_CHANGE(1.0),Indicateurs du changement climatique,I,A,Annuel,ST_ANOM,Anomalies des températures de surface,NU,Niue,1968,,0.2,,,,CELSIUS,Degré Celsius (°C),SE,Standard error,0.1,,N,National,,
DATAFLOW,SPC:DF_CLIMATE_CHANGE(1.0),Indicateurs du changement climatique,I,A,Annuel,ST_ANOM,Anomalies des températures de surface,NU,Niue,1969,,0.1,,,,CELSIUS,Degré Celsius (°C),SE,Standard error,0.1,,N,National,,
DATAFLOW,SPC:DF_CLIMATE_CHANGE(1.0),Indicateurs du changement climatique,I,A,Annuel,ST_ANOM,Anomalies des températures de surface,NU,Niue,1970,,0.2,,,,CELSIUS,Degré Celsius (°C),SE,Standard error,0.1,,N,National,,
DATAFLOW,SPC:DF_CLIMATE_CHANGE(1.0),Indicateurs du changement climatique,I,A,Annuel,ST_ANOM,Anomalies des températures de surface,NU,Niue,1971,,0.1,,,,CELSIUS,Degré Celsius (°C),SE,Standard error,0.1,,N,National,,
DATAFLOW,SPC:DF_CLIMATE_CHANGE(1.0),Indicateurs du changement climatique,I,A,Annuel,ST_ANOM,Anomalies des températures de surface,NU,Niue,1972,,-0.1,,,,CELSIUS,Degré Celsius (°C),SE,Standard error,0.1,,N,National,,
DATAFLOW,SPC:DF_CLIMATE_CHANGE(1.0),Indicateurs du changement climatique,I,A,Annuel,ST_ANOM,Anomalies des températures de surface,NU,Niue,1973,,0.4,,,,CELSIUS,Degré Celsius (°C),SE,Standard error,0.1,,N,National,,
DATAFLOW,SPC:DF_CLIMATE_CHANGE(1.0),Indicateurs du changement climatique,I,A,Annuel,ST_ANOM,Anomalies des températures de surface,NU,Niue,1974,,0.1,,,,CELSIUS,Degré Celsius (°C),SE,Standard error,0.1,,N,National,,
DATAFLOW,SPC:DF_CLIMATE_CHANGE(1.0),Indicateurs du changement climatique,I,A,Annuel,ST_ANOM,Anomalies des températures de surface,NU,Niue,1975,,0.0,,,,CELSIUS,Degré Celsius (°C),SE,Standard error,0.0,,N,National,,
DATAFLOW,SPC:DF_CLIMATE_CHANGE(1.0),Indicateurs du changement climatique,I,A,Annuel,ST_ANOM,Anomalies des températures de surface,NU,Niue,1976,,-0.2,,,,CELSIUS,Degré Celsius (°C),SE,Standard error,0.0,,N,National,,
DATAFLOW,SPC:DF_CLIMATE_CHANGE(1.0),Indicateurs du changement climatique,I,A,Annuel,ST_ANOM,Anomalies des températures de surface,NU,Niue,1977,,-0.3,,,,CELSIUS,Degré Celsius (°C),SE,Standard error,0.1,,N,National,,
DATAFLOW,SPC:DF_CLIMATE_CHANGE(1.0),Indicateurs du changement climatique,I,A,Annuel,ST_ANOM,Anomalies des températures de surface,NU,Niue,1978,,-0.1,,,,CELSIUS,Degré Celsius (°C),SE,Standard error,0.1,,N,National,,
DATAFLOW,SPC:DF_CLIMATE_CHANGE(1.0),Indicateurs du changement climatique,I,A,Annuel,ST_ANOM,Anomalies des températures de surface,NU,Niue,1979,,-0.1,,,,CELSIUS,Degré Celsius (°C),SE,Standard error,0.1,,N,National,,
DATAFLOW,SPC:DF_CLIMATE_CHANGE(1.0),Indicateurs du changement climatique,I,A,Annuel,ST_ANOM,Anomalies des températures de surface,NU,Niue,1980,,0.1,,,,CELSIUS,Degré Celsius (°C),SE,Standard error,0.1,,N,National,,
DATAFLOW,SPC:DF_CLIMATE_CHANGE(1.0),Indicateurs du changement climatique,I,A,Annuel,ST_ANOM,Anomalies des températures de surface,NU,Niue,1981,,-0.1,,,,CELSIUS,Degré Celsius (°C),SE,Standard error,0.1,,N,National,,
DATAFLOW,SPC:DF_CLIMATE_CHANGE(1.0),Indicateurs du changement climatique,I,A,Annuel,ST_ANOM,Anomalies des températures de surface,NU,Niue,1982,,-0.1,,,,CELSIUS,Degré Celsius (°C),SE,Standard error,0.1,,N,National,,
DATAFLOW,SPC:DF_CLIMATE_CHANGE(1.0),Indicateurs du changement climatique,I,A,Annuel,ST_ANOM,Anomalies des températures de surface,NU,Niue,1983,,-0.3,,,,CELSIUS,Degré Celsius (°C),SE,Standard error,0.1,,N,National,,
DATAFLOW,SPC:DF_CLIMATE_CHANGE(1.0),Indicateurs du changement climatique,I,A,Annuel,ST_ANOM,Anomalies des températures de surface,NU,Niue,1984,,0.0,,,,CELSIUS,Degré Celsius (°C),SE,Standard error,0.1,,N,National,,
DATAFLOW,SPC:DF_CLIMATE_CHANGE(1.0),Indicateurs du changement climatique,I,A,Annuel,ST_ANOM,Anomalies des températures de surface,NU,Niue,1985,,-0.2,,,,CELSIUS,Degré Celsius (°C),SE,Standard error,0.1,,N,National,,
DATAFLOW,SPC:DF_CLIMATE_CHANGE(1.0),Indicateurs du changement climatique,I,A,Annuel,ST_ANOM,Anomalies des températures de surface,NU,Niue,1986,,-0.3,,,,CELSIUS,Degré Celsius (°C),SE,Standard error,0.0,,N,National,,
DATAFLOW,SPC:DF_CLIMATE_CHANGE(1.0),Indicateurs du changement climatique,I,A,Annuel,ST_ANOM,Anomalies des températures de surface,NU,Niue,1987,,-0.4,,,,CELSIUS,Degré Celsius (°C),SE,Standard error,0.1,,N,National,,
DATAFLOW,SPC:DF_CLIMATE_CHANGE(1.0),Indicateurs du changement climatique,I,A,Annuel,ST_ANOM,Anomalies des températures de surface,NU,Niue,1988,,0.3,,,,CELSIUS,Degré Celsius (°C),SE,Standard error,0.1,,N,National,,
DATAFLOW,SPC:DF_CLIMATE_CHANGE(1.0),Indicateurs du changement climatique,I,A,Annuel,ST_ANOM,Anomalies des températures de surface,NU,Niue,1989,,0.0,,,,CELSIUS,Degré Celsius (°C),SE,Standard error,0.1,,N,National,,
DATAFLOW,SPC:DF_CLIMATE_CHANGE(1.0),Indicateurs du changement climatique,I,A,Annuel,ST_ANOM,Anomalies des températures de surface,NU,Niue,1990,,0.0,,,,CELSIUS,Degré Celsius (°C),SE,Standard error,0.1,,N,National,,
DATAFLOW,SPC:DF_CLIMATE_CHANGE(1.0),Indicateurs du changement climatique,I,A,Annuel,ST_ANOM,Anomalies des températures de surface,NU,Niue,1991,,0.3,,,,CELSIUS,Degré Celsius (°C),SE,Standard error,0.1,,N,National,,
DATAFLOW,SPC:DF_CLIMATE_CHANGE(1.0),Indicateurs du changement climatique,I,A,Annuel,ST_ANOM,Anomalies des températures de surface,NU,Niue,1992,,0.2,,,,CELSIUS,Degré Celsius (°C),SE,Standard error,0.1,,N,National,,
DATAFLOW,SPC:DF_CLIMATE_CHANGE(1.0),Indicateurs du changement climatique,I,A,Annuel,ST_ANOM,Anomalies des températures de surface,NU,Niue,1993,,0.0,,,,CELSIUS,Degré Celsius (°C),SE,Standard error,0.1,,N,National,,
DATAFLOW,SPC:DF_CLIMATE_CHANGE(1.0),Indicateurs du changement climatique,I,A,Annuel,ST_ANOM,Anomalies des températures de surface,NU,Niue,1994,,0.1,,,,CELSIUS,Degré Celsius (°C),SE,Standard error,0.1,,N,National,,
DATAFLOW,SPC:DF_CLIMATE_CHANGE(1.0),Indicateurs du changement climatique,I,A,Annuel,ST_ANOM,Anomalies des températures de surface,NU,Niue,1995,,0.3,,,,CELSIUS,Degré Celsius (°C),SE,Standard error,0.1,,N,National,,
DATAFLOW,SPC:DF_CLIMATE_CHANGE(1.0),Indicateurs du changement climatique,I,A,Annuel,ST_ANOM,Anomalies des températures de surface,NU,Niue,1996,,0.3,,,,CELSIUS,Degré Celsius (°C),SE,Standard error,0.0,,N,National,,
DATAFLOW,SPC:DF_CLIMATE_CHANGE(1.0),Indicateurs du changement climatique,I,A,Annuel,ST_ANOM,Anomalies des températures de surface,NU,Niue,1997,,-0.2,,,,CELSIUS,Degré Celsius (°C),SE,Standard error,0.2,,N,National,,
DATAFLOW,SPC:DF_CLIMATE_CHANGE(1.0),Indicateurs du changement climatique,I,A,Annuel,ST_ANOM,Anomalies des températures de surface,NU,Niue,1998,,-0.3,,,,CELSIUS,Degré Celsius (°C),SE,Standard error,0.2,,N,National,,
DATAFLOW,SPC:DF_CLIMATE_CHANGE(1.0),Indicateurs du changement climatique,I,A,Annuel,ST_ANOM,Anomalies des températures de surface,NU,Niue,1999,,0.4,,,,CELSIUS,Degré Celsius (°C),SE,Standard error,0.1,,N,National,,
DATAFLOW,SPC:DF_CLIMATE_CHANGE(1.0),Indicateurs du changement climatique,I,A,Annuel,ST_ANOM,Anomalies des températures de surface,NU,Niue,2000,,0.5,,,,CELSIUS,Degré Celsius (°C),SE,Standard error,0.1,,N,National,,
DATAFLOW,SPC:DF_CLIMATE_CHANGE(1.0),Indicateurs du changement climatique,I,A,Annuel,ST_ANOM,Anomalies des températures de surface,NU,Niue,2001,,0.2,,,,CELSIUS,Degré Celsius (°C),SE,Standard error,0.1,,N,National,,
DATAFLOW,SPC:DF_CLIMATE_CHANGE(1.0),Indicateurs du changement climatique,I,A,Annuel,ST_ANOM,Anomalies des températures de surface,NU,Niue,2002,,0.4,,,,CELSIUS,Degré Celsius (°C),SE,Standard error,0.1,,N,National,,
DATAFLOW,SPC:DF_CLIMATE_CHANGE(1.0),Indicateurs du changement climatique,I,A,Annuel,ST_ANOM,Anomalies des températures de surface,NU,Niue,2003,,0.4,,,,CELSIUS,Degré Celsius (°C),SE,Standard error,0.0,,N,National,,
DATAFLOW,SPC:DF_CLIMATE_CHANGE(1.0),Indicateurs du changement climatique,I,A,Annuel,ST_ANOM,Anomalies des températures de surface,NU,Niue,2004,,0.6,,,,CELSIUS,Degré Celsius (°C),SE,Standard error,0.0,,N,National,,
DATAFLOW,SPC:DF_CLIMATE_CHANGE(1.0),Indicateurs du changement climatique,I,A,Annuel,ST_ANOM,Anomalies des températures de surface,NU,Niue,2005,,0.6,,,,CELSIUS,Degré Celsius (°C),SE,Standard error,0.1,,N,National,,
DATAFLOW,SPC:DF_CLIMATE_CHANGE(1.0),Indicateurs du changement climatique,I,A,Annuel,ST_ANOM,Anomalies des températures de surface,NU,Niue,2006,,0.5,,,,CELSIUS,Degré Celsius (°C),SE,Standard error,0.1,,N,National,,
DATAFLOW,SPC:DF_CLIMATE_CHANGE(1.0),Indicateurs du changement climatique,I,A,Annuel,ST_ANOM,Anomalies des températures de surface,NU,Niue,2007,,0.5,,,,CELSIUS,Degré Celsius (°C),SE,Standard error,0.1,,N,National,,
DATAFLOW,SPC:DF_CLIMATE_CHANGE(1.0),Indicateurs du changement climatique,I,A,Annuel,ST_ANOM,Anomalies des températures de surface,NU,Niue,2008,,0.3,,,,CELSIUS,Degré Celsius (°C),SE,Standard error,0.1,,N,National,,
DATAFLOW,SPC:DF_CLIMATE_CHANGE(1.0),Indicateurs du changement climatique,I,A,Annuel,ST_ANOM,Anomalies des températures de surface,NU,Niue,2009,,0.4,,,,CELSIUS,Degré Celsius (°C),SE,Standard error,0.1,,N,National,,
DATAFLOW,SPC:DF_CLIMATE_CHANGE(1.0),Indicateurs du changement climatique,I,A,Annuel,ST_ANOM,Anomalies des températures de surface,NU,Niue,2010,,0.7,,,,CELSIUS,Degré Celsius (°C),SE,Standard error,0.1,,N,National,,
DATAFLOW,SPC:DF_CLIMATE_CHANGE(1.0),Indicateurs du changement climatique,I,A,Annuel,ST_ANOM,Anomalies des températures de surface,NU,Niue,2011,,0.5,,,,CELSIUS,Degré Celsius (°C),SE,Standard error,0.1,,N,National,,
DATAFLOW,SPC:DF_CLIMATE_CHANGE(1.0),Indicateurs du changement climatique,I,A,Annuel,ST_ANOM,Anomalies des températures de surface,NU,Niue,2012,,0.4,,,,CELSIUS,Degré Celsius (°C),SE,Standard error,0.1,,N,National,,
DATAFLOW,SPC:DF_CLIMATE_CHANGE(1.0),Indicateurs du changement climatique,I,A,Annuel,ST_ANOM,Anomalies des températures de surface,NU,Niue,2013,,0.6,,,,CELSIUS,Degré Celsius (°C),SE,Standard error,0.1,,N,National,,
DATAFLOW,SPC:DF_CLIMATE_CHANGE(1.0),Indicateurs du changement climatique,I,A,Annuel,ST_ANOM,Anomalies des températures de surface,NU,Niue,2014,,0.6,,,,CELSIUS,Degré Celsius (°C),SE,Standard error,0.0,,N,National,,
DATAFLOW,SPC:DF_CLIMATE_CHANGE(1.0),Indicateurs du changement climatique,I,A,Annuel,ST_ANOM,Anomalies des températures de surface,NU,Niue,2015,,0.1,,,,CELSIUS,Degré Celsius (°C),SE,Standard error,0.1,,N,National,,
DATAFLOW,SPC:DF_CLIMATE_CHANGE(1.0),Indicateurs du changement climatique,I,A,Annuel,ST_ANOM,Anomalies des températures de surface,NU,Niue,2016,,0.4,,,,CELSIUS,Degré Celsius (°C),SE,Standard error,0.2,,N,National,,
DATAFLOW,SPC:DF_CLIMATE_CHANGE(1.0),Indicateurs du changement climatique,I,A,Annuel,ST_ANOM,Anomalies des températures de surface,NU,Niue,2017,,0.8,,,,CELSIUS,Degré Celsius (°C),SE,Standard error,0.1,,N,National,,
DATAFLOW,SPC:DF_CLIMATE_CHANGE(1.0),Indicateurs du changement climatique,I,A,Annuel,ST_ANOM,Anomalies des températures de surface,NU,Niue,2018,,0.6,,,,CELSIUS,Degré Celsius (°C),SE,Standard error,0.1,,N,National,,
DATAFLOW,SPC:DF_CLIMATE_CHANGE(1.0),Indicateurs du changement climatique,I,A,Annuel,ST_ANOM,Anomalies des températures de surface,NU,Niue,2019,,0.7,,,,CELSIUS,Degré Celsius (°C),SE,Standard error,0.0,,N,National,,
DATAFLOW,SPC:DF_CLIMATE_CHANGE(1.0),Indicateurs du changement climatique,I,A,Annuel,ST_ANOM,Anomalies des températures de surface,NU,Niue,2020,,0.7,,,,CELSIUS,Degré Celsius (°C),SE,Standard error,0.1,,N,National,,
DATAFLOW,SPC:DF_CLIMATE_CHANGE(1.0),Indicateurs du changement climatique,I,A,Annuel,ST_ANOM,Anomalies des températures de surface,NU,Niue,2021,,0.7,,,,CELSIUS,Degré Celsius (°C),SE,Standard error,0.0,,N,National,,
DATAFLOW,SPC:DF_CLIMATE_CHANGE(1.0),Indicateurs du changement climatique,I,A,Annuel,ST_ANOM,Anomalies des températures de surface,NU,Niue,2022,,0.7,,,,CELSIUS,Degré Celsius (°C),SE,Standard error,0.1,,N,National,,
DATAFLOW,SPC:DF_CLIMATE_CHANGE(1.0),Indicateurs du changement climatique,I,A,Annuel,ST_ANOM,Anomalies des températures de surface,NU,Niue,2023,,0.5,,,,CELSIUS,Degré Celsius (°C),SE,Standard error,0.1,,N,National,,
DATAFLOW,SPC:DF_CLIMATE_CHANGE(1.0),Indicateurs du changement climatique,I,A,Annuel,ST_ANOM,Anomalies des températures de surface,NU,Niue,2024,,0.6,,,,CELSIUS,Degré Celsius (°C),SE,Standard error,0.1,,N,National,,
DATAFLOW,SPC:DF_CLIMATE_CHANGE(1.0),Indicateurs du changement climatique,I,A,Annuel,ST_ANOM,Anomalies des températures de surface,NU,Niue,2025,,0.5,,,,CELSIUS,Degré Celsius (°C),SE,Standard error,0.0,,N,National,,
DATAFLOW,SPC:DF_CLIMATE_CHANGE(1.0),Indicateurs du changement climatique,I,A,Annuel,ST_ANOM,Anomalies des températures de surface,NR,Nauru,1850,,0.3,,,,CELSIUS,Degré Celsius (°C),SE,Standard error,0.1,,N,National,,
DATAFLOW,SPC:DF_CLIMATE_CHANGE(1.0),Indicateurs du changement climatique,I,A,Annuel,ST_ANOM,Anomalies des températures de surface,NR,Nauru,1851,,-0.2,,,,CELSIUS,Degré Celsius (°C),SE,Standard error,0.1,,N,National,,
DATAFLOW,SPC:DF_CLIMATE_CHANGE(1.0),Indicateurs du changement climatique,I,A,Annuel,ST_ANOM,Anomalies des températures de surface,NR,Nauru,1852,,0.2,,,,CELSIUS,Degré Celsius (°C),SE,Standard error,0.1,,N,National,,
DATAFLOW,SPC:DF_CLIMATE_CHANGE(1.0),Indicateurs du changement climatique,I,A,Annuel,ST_ANOM,Anomalies des températures de surface,NR,Nauru,1853,,0.2,,,,CELSIUS,Degré Celsius (°C),SE,Standard error,0.1,,N,National,,
DATAFLOW,SPC:DF_CLIMATE_CHANGE(1.0),Indicateurs du changement climatique,I,A,Annuel,ST_ANOM,Anomalies des températures de surface,NR,Nauru,1854,,0.3,,,,CELSIUS,Degré Celsius (°C),SE,Standard error,0.1,,N,National,,
DATAFLOW,SPC:DF_CLIMATE_CHANGE(1.0),Indicateurs du changement climatique,I,A,Annuel,ST_ANOM,Anomalies des températures de surface,NR,Nauru,1855,,0.2,,,,CELSIUS,Degré Celsius (°C),SE,Standard error,0.2,,N,National,,
DATAFLOW,SPC:DF_CLIMATE_CHANGE(1.0),Indicateurs du changement climatique,I,A,Annuel,ST_ANOM,Anomalies des températures de surface,NR,Nauru,1856,,-0.1,,,,CELSIUS,Degré Celsius (°C),SE,Standard error,0.2,,N,National,,
DATAFLOW,SPC:DF_CLIMATE_CHANGE(1.0),Indicateurs du changement climatique,I,A,Annuel,ST_ANOM,Anomalies des températures de surface,NR,Nauru,1857,,-0.2,,,,CELSIUS,Degré Celsius (°C),SE,Standard error,0.1,,N,National,,
DATAFLOW,SPC:DF_CLIMATE_CHANGE(1.0),Indicateurs du changement climatique,I,A,Annuel,ST_ANOM,Anomalies des températures de surface,NR,Nauru,1858,,0.0,,,,CELSIUS,Degré Celsius (°C),SE,Standard error,0.1,,N,National,,
DATAFLOW,SPC:DF_CLIMATE_CHANGE(1.0),Indicateurs du changement climatique,I,A,Annuel,ST_ANOM,Anomalies des températures de surface,NR,Nauru,1859,,0.4,,,,CELSIUS,Degré Celsius (°C),SE,Standard error,0.1,,N,National,,
DATAFLOW,SPC:DF_CLIMATE_CHANGE(1.0),Indicateurs du changement climatique,I,A,Annuel,ST_ANOM,Anomalies des températures de surface,NR,Nauru,1860,,-0.1,,,,CELSIUS,Degré Celsius (°C),SE,Standard error,0.0,,N,National,,
DATAFLOW,SPC:DF_CLIMATE_CHANGE(1.0),Indicateurs du changement climatique,I,A,Annuel,ST_ANOM,Anomalies des températures de surface,NR,Nauru,1861,,-0.4,,,,CELSIUS,Degré Celsius (°C),SE,Standard error,0.2,,N,National,,
DATAFLOW,SPC:DF_CLIMATE_CHANGE(1.0),Indicateurs du changement climatique,I,A,Annuel,ST_ANOM,Anomalies des températures de surface,NR,Nauru,1862,,-0.1,,,,CELSIUS,Degré Celsius (°C),SE,Standard error,0.0,,N,National,,
DATAFLOW,SPC:DF_CLIMATE_CHANGE(1.0),Indicateurs du changement climatique,I,A,Annuel,ST_ANOM,Anomalies des températures de surface,NR,Nauru,1863,,-0.1,,,,CELSIUS,Degré Celsius (°C),SE,Standard error,0.0,,N,National,,
DATAFLOW,SPC:DF_CLIMATE_CHANGE(1.0),Indicateurs du changement climatique,I,A,Annuel,ST_ANOM,Anomalies des températures de surface,NR,Nauru,1864,,0.0,,,,CELSIUS,Degré Celsius (°C),SE,Standard error,0.0,,N,National,,
DATAFLOW,SPC:DF_CLIMATE_CHANGE(1.0),Indicateurs du changement climatique,I,A,Annuel,ST_ANOM,Anomalies des températures de surface,NR,Nauru,1865,,0.0,,,,CELSIUS,Degré Celsius (°C),SE,Standard error,0.0,,N,National,,
DATAFLOW,SPC:DF_CLIMATE_CHANGE(1.0),Indicateurs du changement climatique,I,A,Annuel,ST_ANOM,Anomalies des températures de surface,NR,Nauru,1866,,0.0,,,,CELSIUS,Degré Celsius (°C),SE,Standard error,0.0,,N,National,,
DATAFLOW,SPC:DF_CLIMATE_CHANGE(1.0),Indicateurs du changement climatique,I,A,Annuel,ST_ANOM,Anomalies des températures de surface,NR,Nauru,1867,,-0.2,,,,CELSIUS,Degré Celsius (°C),SE,Standard error,0.0,,N,National,,
DATAFLOW,SPC:DF_CLIMATE_CHANGE(1.0),Indicateurs du changement climatique,I,A,Annuel,ST_ANOM,Anomalies des températures de surface,NR,Nauru,1868,,-0.1,,,,CELSIUS,Degré Celsius (°C),SE,Standard error,0.0,,N,National,,
DATAFLOW,SPC:DF_CLIMATE_CHANGE(1.0),Indicateurs du changement climatique,I,A,Annuel,ST_ANOM,Anomalies des températures de surface,NR,Nauru,1869,,-0.1,,,,CELSIUS,Degré Celsius (°C),SE,Standard error,0.1,,N,National,,
DATAFLOW,SPC:DF_CLIMATE_CHANGE(1.0),Indicateurs du changement climatique,I,A,Annuel,ST_ANOM,Anomalies des températures de surface,NR,Nauru,1870,,-0.7,,,,CELSIUS,Degré Celsius (°C),SE,Standard error,0.1,,N,National,,
DATAFLOW,SPC:DF_CLIMATE_CHANGE(1.0),Indicateurs du changement climatique,I,A,Annuel,ST_ANOM,Anomalies des températures de surface,NR,Nauru,1871,,-0.2,,,,CELSIUS,Degré Celsius (°C),SE,Standard error,0.0,,N,National,,
DATAFLOW,SPC:DF_CLIMATE_CHANGE(1.0),Indicateurs du changement climatique,I,A,Annuel,ST_ANOM,Anomalies des températures de surface,NR,Nauru,1872,,-0.2,,,,CELSIUS,Degré Celsius (°C),SE,Standard error,0.0,,N,National,,
DATAFLOW,SPC:DF_CLIMATE_CHANGE(1.0),Indicateurs du changement climatique,I,A,Annuel,ST_ANOM,Anomalies des températures de surface,NR,Nauru,1873,,-0.5,,,,CELSIUS,Degré Celsius (°C),SE,Standard error,0.1,,N,National,,
DATAFLOW,SPC:DF_CLIMATE_CHANGE(1.0),Indicateurs du changement climatique,I,A,Annuel,ST_ANOM,Anomalies des températures de surface,NR,Nauru,1874,,-0.1,,,,CELSIUS,Degré Celsius (°C),SE,Standard error,0.1,,N,National,,
DATAFLOW,SPC:DF_CLIMATE_CHANGE(1.0),Indicateurs du changement climatique,I,A,Annuel,ST_ANOM,Anomalies des températures de surface,NR,Nauru,1875,,-0.2,,,,CELSIUS,Degré Celsius (°C),SE,Standard error,0.0,,N,National,,
DATAFLOW,SPC:DF_CLIMATE_CHANGE(1.0),Indicateurs du changement climatique,I,A,Annuel,ST_ANOM,Anomalies des températures de surface,NR,Nauru,1876,,-0.3,,,,CELSIUS,Degré Celsius (°C),SE,Standard error,0.0,,N,National,,
DATAFLOW,SPC:DF_CLIMATE_CHANGE(1.0),Indicateurs du changement climatique,I,A,Annuel,ST_ANOM,Anomalies des températures de surface,NR,Nauru,1877,,-0.4,,,,CELSIUS,Degré Celsius (°C),SE,Standard error,0.0,,N,National,,
DATAFLOW,SPC:DF_CLIMATE_CHANGE(1.0),Indicateurs du changement climatique,I,A,Annuel,ST_ANOM,Anomalies des températures de surface,NR,Nauru,1878,,-0.4,,,,CELSIUS,Degré Celsius (°C),SE,Standard error,0.0,,N,National,,
DATAFLOW,SPC:DF_CLIMATE_CHANGE(1.0),Indicateurs du changement climatique,I,A,Annuel,ST_ANOM,Anomalies des températures de surface,NR,Nauru,1879,,-0.7,,,,CELSIUS,Degré Celsius (°C),SE,Standard error,0.0,,N,National,,
DATAFLOW,SPC:DF_CLIMATE_CHANGE(1.0),Indicateurs du changement climatique,I,A,Annuel,ST_ANOM,Anomalies des températures de surface,NR,Nauru,1880,,-0.4,,,,CELSIUS,Degré Celsius (°C),SE,Standard error,0.0,,N,National,,
DATAFLOW,SPC:DF_CLIMATE_CHANGE(1.0),Indicateurs du changement climatique,I,A,Annuel,ST_ANOM,Anomalies des températures de surface,NR,Nauru,1881,,0.2,,,,CELSIUS,Degré Celsius (°C),SE,Standard error,0.1,,N,National,,
DATAFLOW,SPC:DF_CLIMATE_CHANGE(1.0),Indicateurs du changement climatique,I,A,Annuel,ST_ANOM,Anomalies des températures de surface,NR,Nauru,1882,,0.5,,,,CELSIUS,Degré Celsius (°C),SE,Standard error,0.1,,N,National,,
DATAFLOW,SPC:DF_CLIMATE_CHANGE(1.0),Indicateurs du changement climatique,I,A,Annuel,ST_ANOM,Anomalies des températures de surface,NR,Nauru,1883,,-0.1,,,,CELSIUS,Degré Celsius (°C),SE,Standard error,0.1,,N,National,,
DATAFLOW,SPC:DF_CLIMATE_CHANGE(1.0),Indicateurs du changement climatique,I,A,Annuel,ST_ANOM,Anomalies des températures de surface,NR,Nauru,1884,,0.0,,,,CELSIUS,Degré Celsius (°C),SE,Standard error,0.1,,N,National,,
DATAFLOW,SPC:DF_CLIMATE_CHANGE(1.0),Indicateurs du changement climatique,I,A,Annuel,ST_ANOM,Anomalies des températures de surface,NR,Nauru,1885,,-0.3,,,,CELSIUS,Degré Celsius (°C),SE,Standard error,0.1,,N,National,,
DATAFLOW,SPC:DF_CLIMATE_CHANGE(1.0),Indicateurs du changement climatique,I,A,Annuel,ST_ANOM,Anomalies des températures de surface,NR,Nauru,1886,,-0.4,,,,CELSIUS,Degré Celsius (°C),SE,Standard error,0.1,,N,National,,
DATAFLOW,SPC:DF_CLIMATE_CHANGE(1.0),Indicateurs du changement climatique,I,A,Annuel,ST_ANOM,Anomalies des températures de surface,NR,Nauru,1887,,-0.5,,,,CELSIUS,Degré Celsius (°C),SE,Standard error,0.2,,N,National,,
DATAFLOW,SPC:DF_CLIMATE_CHANGE(1.0),Indicateurs du changement climatique,I,A,Annuel,ST_ANOM,Anomalies des températures de surface,NR,Nauru,1888,,0.0,,,,CELSIUS,Degré Celsius (°C),SE,Standard error,0.2,,N,National,,
DATAFLOW,SPC:DF_CLIMATE_CHANGE(1.0),Indicateurs du changement climatique,I,A,Annuel,ST_ANOM,Anomalies des températures de surface,NR,Nauru,1889,,-0.5,,,,CELSIUS,Degré Celsius (°C),SE,Standard error,0.1,,N,National,,
DATAFLOW,SPC:DF_CLIMATE_CHANGE(1.0),Indicateurs du changement climatique,I,A,Annuel,ST_ANOM,Anomalies des températures de surface,NR,Nauru,1890,,-0.3,,,,CELSIUS,Degré Celsius (°C),SE,Standard error,0.1,,N,National,,
DATAFLOW,SPC:DF_CLIMATE_CHANGE(1.0),Indicateurs du changement climatique,I,A,Annuel,ST_ANOM,Anomalies des températures de surface,NR,Nauru,1891,,0.0,,,,CELSIUS,Degré Celsius (°C),SE,Standard error,0.1,,N,National,,
DATAFLOW,SPC:DF_CLIMATE_CHANGE(1.0),Indicateurs du changement climatique,I,A,Annuel,ST_ANOM,Anomalies des températures de surface,NR,Nauru,1892,,0.1,,,,CELSIUS,Degré Celsius (°C),SE,Standard error,0.1,,N,National,,
DATAFLOW,SPC:DF_CLIMATE_CHANGE(1.0),Indicateurs du changement climatique,I,A,Annuel,ST_ANOM,Anomalies des températures de surface,NR,Nauru,1893,,-0.2,,,,CELSIUS,Degré Celsius (°C),SE,Standard error,0.0,,N,National,,
DATAFLOW,SPC:DF_CLIMATE_CHANGE(1.0),Indicateurs du changement climatique,I,A,Annuel,ST_ANOM,Anomalies des températures de surface,NR,Nauru,1894,,-0.1,,,,CELSIUS,Degré Celsius (°C),SE,Standard error,0.0,,N,National,,
DATAFLOW,SPC:DF_CLIMATE_CHANGE(1.0),Indicateurs du changement climatique,I,A,Annuel,ST_ANOM,Anomalies des températures de surface,NR,Nauru,1895,,-0.1,,,,CELSIUS,Degré Celsius (°C),SE,Standard error,0.0,,N,National,,
DATAFLOW,SPC:DF_CLIMATE_CHANGE(1.0),Indicateurs du changement climatique,I,A,Annuel,ST_ANOM,Anomalies des températures de surface,NR,Nauru,1896,,-0.2,,,,CELSIUS,Degré Celsius (°C),SE,Standard error,0.0,,N,National,,
DATAFLOW,SPC:DF_CLIMATE_CHANGE(1.0),Indicateurs du changement climatique,I,A,Annuel,ST_ANOM,Anomalies des températures de surface,NR,Nauru,1897,,-0.1,,,,CELSIUS,Degré Celsius (°C),SE,Standard error,0.2,,N,National,,
DATAFLOW,SPC:DF_CLIMATE_CHANGE(1.0),Indicateurs du changement climatique,I,A,Annuel,ST_ANOM,Anomalies des températures de surface,NR,Nauru,1898,,-0.4,,,,CELSIUS,Degré Celsius (°C),SE,Standard error,0.1,,N,National,,
DATAFLOW,SPC:DF_CLIMATE_CHANGE(1.0),Indicateurs du changement climatique,I,A,Annuel,ST_ANOM,Anomalies des températures de surface,NR,Nauru,1899,,-0.1,,,,CELSIUS,Degré Celsius (°C),SE,Standard error,0.2,,N,National,,
DATAFLOW,SPC:DF_CLIMATE_CHANGE(1.0),Indicateurs du changement climatique,I,A,Annuel,ST_ANOM,Anomalies des températures de surface,NR,Nauru,1900,,0.3,,,,CELSIUS,Degré Celsius (°C),SE,Standard error,0.1,,N,National,,
DATAFLOW,SPC:DF_CLIMATE_CHANGE(1.0),Indicateurs du changement climatique,I,A,Annuel,ST_ANOM,Anomalies des températures de surface,NR,Nauru,1901,,0.1,,,,CELSIUS,Degré Celsius (°C),SE,Standard error,0.0,,N,National,,
DATAFLOW,SPC:DF_CLIMATE_CHANGE(1.0),Indicateurs du changement climatique,I,A,Annuel,ST_ANOM,Anomalies des températures de surface,NR,Nauru,1902,,-0.4,,,,CELSIUS,Degré Celsius (°C),SE,Standard error,0.2,,N,National,,
DATAFLOW,SPC:DF_CLIMATE_CHANGE(1.0),Indicateurs du changement climatique,I,A,Annuel,ST_ANOM,Anomalies des températures de surface,NR,Nauru,1903,,-0.2,,,,CELSIUS,Degré Celsius (°C),SE,Standard error,0.1,,N,National,,
DATAFLOW,SPC:DF_CLIMATE_CHANGE(1.0),Indicateurs du changement climatique,I,A,Annuel,ST_ANOM,Anomalies des températures de surface,NR,Nauru,1904,,-0.5,,,,CELSIUS,Degré Celsius (°C),SE,Standard error,0.1,,N,National,,
DATAFLOW,SPC:DF_CLIMATE_CHANGE(1.0),Indicateurs du changement climatique,I,A,Annuel,ST_ANOM,Anomalies des températures de surface,NR,Nauru,1905,,-0.3,,,,CELSIUS,Degré Celsius (°C),SE,Standard error,0.1,,N,National,,
DATAFLOW,SPC:DF_CLIMATE_CHANGE(1.0),Indicateurs du changement climatique,I,A,Annuel,ST_ANOM,Anomalies des températures de surface,NR,Nauru,1906,,-0.6,,,,CELSIUS,Degré Celsius (°C),SE,Standard error,0.1,,N,National,,
DATAFLOW,SPC:DF_CLIMATE_CHANGE(1.0),Indicateurs du changement climatique,I,A,Annuel,ST_ANOM,Anomalies des températures de surface,NR,Nauru,1907,,-0.3,,,,CELSIUS,Degré Celsius (°C),SE,Standard error,0.1,,N,National,,
DATAFLOW,SPC:DF_CLIMATE_CHANGE(1.0),Indicateurs du changement climatique,I,A,Annuel,ST_ANOM,Anomalies des températures de surface,NR,Nauru,1908,,-0.8,,,,CELSIUS,Degré Celsius (°C),SE,Standard error,0.2,,N,National,,
DATAFLOW,SPC:DF_CLIMATE_CHANGE(1.0),Indicateurs du changement climatique,I,A,Annuel,ST_ANOM,Anomalies des températures de surface,NR,Nauru,1909,,-0.8,,,,CELSIUS,Degré Celsius (°C),SE,Standard error,0.1,,N,National,,
DATAFLOW,SPC:DF_CLIMATE_CHANGE(1.0),Indicateurs du changement climatique,I,A,Annuel,ST_ANOM,Anomalies des températures de surface,NR,Nauru,1910,,-1.3,,,,CELSIUS,Degré Celsius (°C),SE,Standard error,0.1,,N,National,,
DATAFLOW,SPC:DF_CLIMATE_CHANGE(1.0),Indicateurs du changement climatique,I,A,Annuel,ST_ANOM,Anomalies des températures de surface,NR,Nauru,1911,,-0.7,,,,CELSIUS,Degré Celsius (°C),SE,Standard error,0.1,,N,National,,
DATAFLOW,SPC:DF_CLIMATE_CHANGE(1.0),Indicateurs du changement climatique,I,A,Annuel,ST_ANOM,Anomalies des températures de surface,NR,Nauru,1912,,-0.4,,,,CELSIUS,Degré Celsius (°C),SE,Standard error,0.2,,N,National,,
DATAFLOW,SPC:DF_CLIMATE_CHANGE(1.0),Indicateurs du changement climatique,I,A,Annuel,ST_ANOM,Anomalies des températures de surface,NR,Nauru,1913,,-0.5,,,,CELSIUS,Degré Celsius (°C),SE,Standard error,0.2,,N,National,,
DATAFLOW,SPC:DF_CLIMATE_CHANGE(1.0),Indicateurs du changement climatique,I,A,Annuel,ST_ANOM,Anomalies des températures de surface,NR,Nauru,1914,,-0.2,,,,CELSIUS,Degré Celsius (°C),SE,Standard error,0.1,,N,National,,
DATAFLOW,SPC:DF_CLIMATE_CHANGE(1.0),Indicateurs du changement climatique,I,A,Annuel,ST_ANOM,Anomalies des températures de surface,NR,Nauru,1915,,-0.5,,,,CELSIUS,Degré Celsius (°C),SE,Standard error,0.1,,N,National,,
DATAFLOW,SPC:DF_CLIMATE_CHANGE(1.0),Indicateurs du changement climatique,I,A,Annuel,ST_ANOM,Anomalies des températures de surface,NR,Nauru,1916,,-1.3,,,,CELSIUS,Degré Celsius (°C),SE,Standard error,0.2,,N,National,,
DATAFLOW,SPC:DF_CLIMATE_CHANGE(1.0),Indicateurs du changement climatique,I,A,Annuel,ST_ANOM,Anomalies des températures de surface,NR,Nauru,1917,,-2.0,,,,CELSIUS,Degré Celsius (°C),SE,Standard error,0.3,,N,National,,
DATAFLOW,SPC:DF_CLIMATE_CHANGE(1.0),Indicateurs du changement climatique,I,A,Annuel,ST_ANOM,Anomalies des températures de surface,NR,Nauru,1918,,-0.6,,,,CELSIUS,Degré Celsius (°C),SE,Standard error,0.2,,N,National,,
DATAFLOW,SPC:DF_CLIMATE_CHANGE(1.0),Indicateurs du changement climatique,I,A,Annuel,ST_ANOM,Anomalies des températures de surface,NR,Nauru,1919,,-1.1,,,,CELSIUS,Degré Celsius (°C),SE,Standard error,0.2,,N,National,,
DATAFLOW,SPC:DF_CLIMATE_CHANGE(1.0),Indicateurs du changement climatique,I,A,Annuel,ST_ANOM,Anomalies des températures de surface,NR,Nauru,1920,,-0.4,,,,CELSIUS,Degré Celsius (°C),SE,Standard error,0.1,,N,National,,
DATAFLOW,SPC:DF_CLIMATE_CHANGE(1.0),Indicateurs du changement climatique,I,A,Annuel,ST_ANOM,Anomalies des températures de surface,NR,Nauru,1921,,-0.5,,,,CELSIUS,Degré Celsius (°C),SE,Standard error,0.1,,N,National,,
DATAFLOW,SPC:DF_CLIMATE_CHANGE(1.0),Indicateurs du changement climatique,I,A,Annuel,ST_ANOM,Anomalies des températures de surface,NR,Nauru,1922,,-0.4,,,,CELSIUS,Degré Celsius (°C),SE,Standard error,0.1,,N,National,,
DATAFLOW,SPC:DF_CLIMATE_CHANGE(1.0),Indicateurs du changement climatique,I,A,Annuel,ST_ANOM,Anomalies des températures de surface,NR,Nauru,1923,,-0.2,,,,CELSIUS,Degré Celsius (°C),SE,Standard error,0.1,,N,National,,
DATAFLOW,SPC:DF_CLIMATE_CHANGE(1.0),Indicateurs du changement climatique,I,A,Annuel,ST_ANOM,Anomalies des températures de surface,NR,Nauru,1924,,-0.4,,,,CELSIUS,Degré Celsius (°C),SE,Standard error,0.2,,N,National,,
DATAFLOW,SPC:DF_CLIMATE_CHANGE(1.0),Indicateurs du changement climatique,I,A,Annuel,ST_ANOM,Anomalies des températures de surface,NR,Nauru,1925,,-0.7,,,,CELSIUS,Degré Celsius (°C),SE,Standard error,0.1,,N,National,,
DATAFLOW,SPC:DF_CLIMATE_CHANGE(1.0),Indicateurs du changement climatique,I,A,Annuel,ST_ANOM,Anomalies des températures de surface,NR,Nauru,1926,,-0.4,,,,CELSIUS,Degré Celsius (°C),SE,Standard error,0.1,,N,National,,
DATAFLOW,SPC:DF_CLIMATE_CHANGE(1.0),Indicateurs du changement climatique,I,A,Annuel,ST_ANOM,Anomalies des températures de surface,NR,Nauru,1927,,-0.8,,,,CELSIUS,Degré Celsius (°C),SE,Standard error,0.1,,N,National,,
DATAFLOW,SPC:DF_CLIMATE_CHANGE(1.0),Indicateurs du changement climatique,I,A,Annuel,ST_ANOM,Anomalies des températures de surface,NR,Nauru,1928,,-0.3,,,,CELSIUS,Degré Celsius (°C),SE,Standard error,0.1,,N,National,,
DATAFLOW,SPC:DF_CLIMATE_CHANGE(1.0),Indicateurs du changement climatique,I,A,Annuel,ST_ANOM,Anomalies des températures de surface,NR,Nauru,1929,,-0.2,,,,CELSIUS,Degré Celsius (°C),SE,Standard error,0.1,,N,National,,
DATAFLOW,SPC:DF_CLIMATE_CHANGE(1.0),Indicateurs du changement climatique,I,A,Annuel,ST_ANOM,Anomalies des températures de surface,NR,Nauru,1930,,-0.2,,,,CELSIUS,Degré Celsius (°C),SE,Standard error,0.1,,N,National,,
DATAFLOW,SPC:DF_CLIMATE_CHANGE(1.0),Indicateurs du changement climatique,I,A,Annuel,ST_ANOM,Anomalies des températures de surface,NR,Nauru,1931,,-0.2,,,,CELSIUS,Degré Celsius (°C),SE,Standard error,0.1,,N,National,,
DATAFLOW,SPC:DF_CLIMATE_CHANGE(1.0),Indicateurs du changement climatique,I,A,Annuel,ST_ANOM,Anomalies des températures de surface,NR,Nauru,1932,,-0.3,,,,CELSIUS,Degré Celsius (°C),SE,Standard error,0.1,,N,National,,
DATAFLOW,SPC:DF_CLIMATE_CHANGE(1.0),Indicateurs du changement climatique,I,A,Annuel,ST_ANOM,Anomalies des températures de surface,NR,Nauru,1933,,-0.9,,,,CELSIUS,Degré Celsius (°C),SE,Standard error,0.1,,N,National,,
DATAFLOW,SPC:DF_CLIMATE_CHANGE(1.0),Indicateurs du changement climatique,I,A,Annuel,ST_ANOM,Anomalies des températures de surface,NR,Nauru,1934,,-0.9,,,,CELSIUS,Degré Celsius (°C),SE,Standard error,0.2,,N,National,,
DATAFLOW,SPC:DF_CLIMATE_CHANGE(1.0),Indicateurs du changement climatique,I,A,Annuel,ST_ANOM,Anomalies des températures de surface,NR,Nauru,1935,,-0.4,,,,CELSIUS,Degré Celsius (°C),SE,Standard error,0.0,,N,National,,
DATAFLOW,SPC:DF_CLIMATE_CHANGE(1.0),Indicateurs du changement climatique,I,A,Annuel,ST_ANOM,Anomalies des températures de surface,NR,Nauru,1936,,-0.4,,,,CELSIUS,Degré Celsius (°C),SE,Standard error,0.1,,N,National,,
DATAFLOW,SPC:DF_CLIMATE_CHANGE(1.0),Indicateurs du changement climatique,I,A,Annuel,ST_ANOM,Anomalies des températures de surface,NR,Nauru,1937,,-0.5,,,,CELSIUS,Degré Celsius (°C),SE,Standard error,0.1,,N,National,,
DATAFLOW,SPC:DF_CLIMATE_CHANGE(1.0),Indicateurs du changement climatique,I,A,Annuel,ST_ANOM,Anomalies des températures de surface,NR,Nauru,1938,,-0.7,,,,CELSIUS,Degré Celsius (°C),SE,Standard error,0.2,,N,National,,
DATAFLOW,SPC:DF_CLIMATE_CHANGE(1.0),Indicateurs du changement climatique,I,A,Annuel,ST_ANOM,Anomalies des températures de surface,NR,Nauru,1939,,-0.4,,,,CELSIUS,Degré Celsius (°C),SE,Standard error,0.1,,N,National,,
DATAFLOW,SPC:DF_CLIMATE_CHANGE(1.0),Indicateurs du changement climatique,I,A,Annuel,ST_ANOM,Anomalies des températures de surface,NR,Nauru,1940,,0.0,,,,CELSIUS,Degré Celsius (°C),SE,Standard error,0.1,,N,National,,
DATAFLOW,SPC:DF_CLIMATE_CHANGE(1.0),Indicateurs du changement climatique,I,A,Annuel,ST_ANOM,Anomalies des températures de surface,NR,Nauru,1941,,0.2,,,,CELSIUS,Degré Celsius (°C),SE,Standard error,0.1,,N,National,,
DATAFLOW,SPC:DF_CLIMATE_CHANGE(1.0),Indicateurs du changement climatique,I,A,Annuel,ST_ANOM,Anomalies des températures de surface,NR,Nauru,1942,,0.0,,,,CELSIUS,Degré Celsius (°C),SE,Standard error,0.1,,N,National,,
DATAFLOW,SPC:DF_CLIMATE_CHANGE(1.0),Indicateurs du changement climatique,I,A,Annuel,ST_ANOM,Anomalies des températures de surface,NR,Nauru,1943,,-0.3,,,,CELSIUS,Degré Celsius (°C),SE,Standard error,0.1,,N,National,,
DATAFLOW,SPC:DF_CLIMATE_CHANGE(1.0),Indicateurs du changement climatique,I,A,Annuel,ST_ANOM,Anomalies des températures de surface,NR,Nauru,1944,,0.1,,,,CELSIUS,Degré Celsius (°C),SE,Standard error,0.1,,N,National,,
DATAFLOW,SPC:DF_CLIMATE_CHANGE(1.0),Indicateurs du changement climatique,I,A,Annuel,ST_ANOM,Anomalies des températures de surface,NR,Nauru,1945,,-0.2,,,,CELSIUS,Degré Celsius (°C),SE,Standard error,0.1,,N,National,,
DATAFLOW,SPC:DF_CLIMATE_CHANGE(1.0),Indicateurs du changement climatique,I,A,Annuel,ST_ANOM,Anomalies des températures de surface,NR,Nauru,1946,,0.1,,,,CELSIUS,Degré Celsius (°C),SE,Standard error,0.1,,N,National,,
DATAFLOW,SPC:DF_CLIMATE_CHANGE(1.0),Indicateurs du changement climatique,I,A,Annuel,ST_ANOM,Anomalies des températures de surface,NR,Nauru,1947,,-0.1,,,,CELSIUS,Degré Celsius (°C),SE,Standard error,0.1,,N,National,,
DATAFLOW,SPC:DF_CLIMATE_CHANGE(1.0),Indicateurs du changement climatique,I,A,Annuel,ST_ANOM,Anomalies des températures de surface,NR,Nauru,1948,,-0.8,,,,CELSIUS,Degré Celsius (°C),SE,Standard error,0.4,,N,National,,
DATAFLOW,SPC:DF_CLIMATE_CHANGE(1.0),Indicateurs du changement climatique,I,A,Annuel,ST_ANOM,Anomalies des températures de surface,NR,Nauru,1949,,-0.9,,,,CELSIUS,Degré Celsius (°C),SE,Standard error,0.2,,N,National,,
DATAFLOW,SPC:DF_CLIMATE_CHANGE(1.0),Indicateurs du changement climatique,I,A,Annuel,ST_ANOM,Anomalies des températures de surface,NR,Nauru,1950,,-0.9,,,,CELSIUS,Degré Celsius (°C),SE,Standard error,0.1,,N,National,,
DATAFLOW,SPC:DF_CLIMATE_CHANGE(1.0),Indicateurs du changement climatique,I,A,Annuel,ST_ANOM,Anomalies des températures de surface,NR,Nauru,1951,,-0.3,,,,CELSIUS,Degré Celsius (°C),SE,Standard error,0.1,,N,National,,
DATAFLOW,SPC:DF_CLIMATE_CHANGE(1.0),Indicateurs du changement climatique,I,A,Annuel,ST_ANOM,Anomalies des températures de surface,NR,Nauru,1952,,-0.4,,,,CELSIUS,Degré Celsius (°C),SE,Standard error,0.1,,N,National,,
DATAFLOW,SPC:DF_CLIMATE_CHANGE(1.0),Indicateurs du changement climatique,I,A,Annuel,ST_ANOM,Anomalies des températures de surface,NR,Nauru,1953,,-0.4,,,,CELSIUS,Degré Celsius (°C),SE,Standard error,0.1,,N,National,,
DATAFLOW,SPC:DF_CLIMATE_CHANGE(1.0),Indicateurs du changement climatique,I,A,Annuel,ST_ANOM,Anomalies des températures de surface,NR,Nauru,1954,,-0.6,,,,CELSIUS,Degré Celsius (°C),SE,Standard error,0.1,,N,National,,
DATAFLOW,SPC:DF_CLIMATE_CHANGE(1.0),Indicateurs du changement climatique,I,A,Annuel,ST_ANOM,Anomalies des températures de surface,NR,Nauru,1955,,-0.9,,,,CELSIUS,Degré Celsius (°C),SE,Standard error,0.1,,N,National,,
DATAFLOW,SPC:DF_CLIMATE_CHANGE(1.0),Indicateurs du changement climatique,I,A,Annuel,ST_ANOM,Anomalies des températures de surface,NR,Nauru,1956,,-0.6,,,,CELSIUS,Degré Celsius (°C),SE,Standard error,0.1,,N,National,,
DATAFLOW,SPC:DF_CLIMATE_CHANGE(1.0),Indicateurs du changement climatique,I,A,Annuel,ST_ANOM,Anomalies des températures de surface,NR,Nauru,1957,,-0.6,,,,CELSIUS,Degré Celsius (°C),SE,Standard error,0.1,,N,National,,
DATAFLOW,SPC:DF_CLIMATE_CHANGE(1.0),Indicateurs du changement climatique,I,A,Annuel,ST_ANOM,Anomalies des températures de surface,NR,Nauru,1958,,0.0,,,,CELSIUS,Degré Celsius (°C),SE,Standard error,0.1,,N,National,,
DATAFLOW,SPC:DF_CLIMATE_CHANGE(1.0),Indicateurs du changement climatique,I,A,Annuel,ST_ANOM,Anomalies des températures de surface,NR,Nauru,1959,,-0.2,,,,CELSIUS,Degré Celsius (°C),SE,Standard error,0.1,,N,National,,
DATAFLOW,SPC:DF_CLIMATE_CHANGE(1.0),Indicateurs du changement climatique,I,A,Annuel,ST_ANOM,Anomalies des températures de surface,NR,Nauru,1960,,-0.4,,,,CELSIUS,Degré Celsius (°C),SE,Standard error,0.1,,N,National,,
DATAFLOW,SPC:DF_CLIMATE_CHANGE(1.0),Indicateurs du changement climatique,I,A,Annuel,ST_ANOM,Anomalies des températures de surface,NR,Nauru,1961,,-0.5,,,,CELSIUS,Degré Celsius (°C),SE,Standard error,0.1,,N,National,,
DATAFLOW,SPC:DF_CLIMATE_CHANGE(1.0),Indicateurs du changement climatique,I,A,Annuel,ST_ANOM,Anomalies des températures de surface,NR,Nauru,1962,,-0.4,,,,CELSIUS,Degré Celsius (°C),SE,Standard error,0.0,,N,National,,
DATAFLOW,SPC:DF_CLIMATE_CHANGE(1.0),Indicateurs du changement climatique,I,A,Annuel,ST_ANOM,Anomalies des températures de surface,NR,Nauru,1963,,-0.3,,,,CELSIUS,Degré Celsius (°C),SE,Standard error,0.1,,N,National,,
DATAFLOW,SPC:DF_CLIMATE_CHANGE(1.0),Indicateurs du changement climatique,I,A,Annuel,ST_ANOM,Anomalies des températures de surface,NR,Nauru,1964,,-0.9,,,,CELSIUS,Degré Celsius (°C),SE,Standard error,0.1,,N,National,,
DATAFLOW,SPC:DF_CLIMATE_CHANGE(1.0),Indicateurs du changement climatique,I,A,Annuel,ST_ANOM,Anomalies des températures de surface,NR,Nauru,1965,,-0.6,,,,CELSIUS,Degré Celsius (°C),SE,Standard error,0.1,,N,National,,
DATAFLOW,SPC:DF_CLIMATE_CHANGE(1.0),Indicateurs du changement climatique,I,A,Annuel,ST_ANOM,Anomalies des températures de surface,NR,Nauru,1966,,0.0,,,,CELSIUS,Degré Celsius (°C),SE,Standard error,0.0,,N,National,,
DATAFLOW,SPC:DF_CLIMATE_CHANGE(1.0),Indicateurs du changement climatique,I,A,Annuel,ST_ANOM,Anomalies des températures de surface,NR,Nauru,1967,,-0.3,,,,CELSIUS,Degré Celsius (°C),SE,Standard error,0.1,,N,National,,
DATAFLOW,SPC:DF_CLIMATE_CHANGE(1.0),Indicateurs du changement climatique,I,A,Annuel,ST_ANOM,Anomalies des températures de surface,NR,Nauru,1968,,-0.2,,,,CELSIUS,Degré Celsius (°C),SE,Standard error,0.1,,N,National,,
DATAFLOW,SPC:DF_CLIMATE_CHANGE(1.0),Indicateurs du changement climatique,I,A,Annuel,ST_ANOM,Anomalies des températures de surface,NR,Nauru,1969,,0.5,,,,CELSIUS,Degré Celsius (°C),SE,Standard error,0.1,,N,National,,
DATAFLOW,SPC:DF_CLIMATE_CHANGE(1.0),Indicateurs du changement climatique,I,A,Annuel,ST_ANOM,Anomalies des températures de surface,NR,Nauru,1970,,-0.3,,,,CELSIUS,Degré Celsius (°C),SE,Standard error,0.2,,N,National,,
DATAFLOW,SPC:DF_CLIMATE_CHANGE(1.0),Indicateurs du changement climatique,I,A,Annuel,ST_ANOM,Anomalies des températures de surface,NR,Nauru,1971,,-0.8,,,,CELSIUS,Degré Celsius (°C),SE,Standard error,0.1,,N,National,,
DATAFLOW,SPC:DF_CLIMATE_CHANGE(1.0),Indicateurs du changement climatique,I,A,Annuel,ST_ANOM,Anomalies des températures de surface,NR,Nauru,1972,,-0.2,,,,CELSIUS,Degré Celsius (°C),SE,Standard error,0.1,,N,National,,
DATAFLOW,SPC:DF_CLIMATE_CHANGE(1.0),Indicateurs du changement climatique,I,A,Annuel,ST_ANOM,Anomalies des températures de surface,NR,Nauru,1973,,-0.4,,,,CELSIUS,Degré Celsius (°C),SE,Standard error,0.1,,N,National,,
DATAFLOW,SPC:DF_CLIMATE_CHANGE(1.0),Indicateurs du changement climatique,I,A,Annuel,ST_ANOM,Anomalies des températures de surface,NR,Nauru,1974,,-0.7,,,,CELSIUS,Degré Celsius (°C),SE,Standard error,0.1,,N,National,,
DATAFLOW,SPC:DF_CLIMATE_CHANGE(1.0),Indicateurs du changement climatique,I,A,Annuel,ST_ANOM,Anomalies des températures de surface,NR,Nauru,1975,,-1.0,,,,CELSIUS,Degré Celsius (°C),SE,Standard error,0.1,,N,National,,
DATAFLOW,SPC:DF_CLIMATE_CHANGE(1.0),Indicateurs du changement climatique,I,A,Annuel,ST_ANOM,Anomalies des températures de surface,NR,Nauru,1976,,-0.4,,,,CELSIUS,Degré Celsius (°C),SE,Standard error,0.1,,N,National,,
DATAFLOW,SPC:DF_CLIMATE_CHANGE(1.0),Indicateurs du changement climatique,I,A,Annuel,ST_ANOM,Anomalies des températures de surface,NR,Nauru,1977,,0.1,,,,CELSIUS,Degré Celsius (°C),SE,Standard error,0.0,,N,National,,
DATAFLOW,SPC:DF_CLIMATE_CHANGE(1.0),Indicateurs du changement climatique,I,A,Annuel,ST_ANOM,Anomalies des températures de surface,NR,Nauru,1978,,0.1,,,,CELSIUS,Degré Celsius (°C),SE,Standard error,0.1,,N,National,,
DATAFLOW,SPC:DF_CLIMATE_CHANGE(1.0),Indicateurs du changement climatique,I,A,Annuel,ST_ANOM,Anomalies des températures de surface,NR,Nauru,1979,,0.2,,,,CELSIUS,Degré Celsius (°C),SE,Standard error,0.1,,N,National,,
DATAFLOW,SPC:DF_CLIMATE_CHANGE(1.0),Indicateurs du changement climatique,I,A,Annuel,ST_ANOM,Anomalies des températures de surface,NR,Nauru,1980,,0.4,,,,CELSIUS,Degré Celsius (°C),SE,Standard error,0.0,,N,National,,
DATAFLOW,SPC:DF_CLIMATE_CHANGE(1.0),Indicateurs du changement climatique,I,A,Annuel,ST_ANOM,Anomalies des températures de surface,NR,Nauru,1981,,0.0,,,,CELSIUS,Degré Celsius (°C),SE,Standard error,0.1,,N,National,,
DATAFLOW,SPC:DF_CLIMATE_CHANGE(1.0),Indicateurs du changement climatique,I,A,Annuel,ST_ANOM,Anomalies des températures de surface,NR,Nauru,1982,,0.3,,,,CELSIUS,Degré Celsius (°C),SE,Standard error,0.1,,N,National,,
DATAFLOW,SPC:DF_CLIMATE_CHANGE(1.0),Indicateurs du changement climatique,I,A,Annuel,ST_ANOM,Anomalies des températures de surface,NR,Nauru,1983,,-0.2,,,,CELSIUS,Degré Celsius (°C),SE,Standard error,0.1,,N,National,,
DATAFLOW,SPC:DF_CLIMATE_CHANGE(1.0),Indicateurs du changement climatique,I,A,Annuel,ST_ANOM,Anomalies des températures de surface,NR,Nauru,1984,,-0.3,,,,CELSIUS,Degré Celsius (°C),SE,Standard error,0.0,,N,National,,
DATAFLOW,SPC:DF_CLIMATE_CHANGE(1.0),Indicateurs du changement climatique,I,A,Annuel,ST_ANOM,Anomalies des températures de surface,NR,Nauru,1985,,-0.3,,,,CELSIUS,Degré Celsius (°C),SE,Standard error,0.1,,N,National,,
DATAFLOW,SPC:DF_CLIMATE_CHANGE(1.0),Indicateurs du changement climatique,I,A,Annuel,ST_ANOM,Anomalies des températures de surface,NR,Nauru,1986,,0.2,,,,CELSIUS,Degré Celsius (°C),SE,Standard error,0.1,,N,National,,
DATAFLOW,SPC:DF_CLIMATE_CHANGE(1.0),Indicateurs du changement climatique,I,A,Annuel,ST_ANOM,Anomalies des températures de surface,NR,Nauru,1987,,0.1,,,,CELSIUS,Degré Celsius (°C),SE,Standard error,0.1,,N,National,,
DATAFLOW,SPC:DF_CLIMATE_CHANGE(1.0),Indicateurs du changement climatique,I,A,Annuel,ST_ANOM,Anomalies des températures de surface,NR,Nauru,1988,,-0.1,,,,CELSIUS,Degré Celsius (°C),SE,Standard error,0.1,,N,National,,
DATAFLOW,SPC:DF_CLIMATE_CHANGE(1.0),Indicateurs du changement climatique,I,A,Annuel,ST_ANOM,Anomalies des températures de surface,NR,Nauru,1989,,-0.3,,,,CELSIUS,Degré Celsius (°C),SE,Standard error,0.1,,N,National,,
DATAFLOW,SPC:DF_CLIMATE_CHANGE(1.0),Indicateurs du changement climatique,I,A,Annuel,ST_ANOM,Anomalies des températures de surface,NR,Nauru,1990,,0.4,,,,CELSIUS,Degré Celsius (°C),SE,Standard error,0.0,,N,National,,
DATAFLOW,SPC:DF_CLIMATE_CHANGE(1.0),Indicateurs du changement climatique,I,A,Annuel,ST_ANOM,Anomalies des températures de surface,NR,Nauru,1991,,0.5,,,,CELSIUS,Degré Celsius (°C),SE,Standard error,0.1,,N,National,,
DATAFLOW,SPC:DF_CLIMATE_CHANGE(1.0),Indicateurs du changement climatique,I,A,Annuel,ST_ANOM,Anomalies des températures de surface,NR,Nauru,1992,,0.1,,,,CELSIUS,Degré Celsius (°C),SE,Standard error,0.1,,N,National,,
DATAFLOW,SPC:DF_CLIMATE_CHANGE(1.0),Indicateurs du changement climatique,I,A,Annuel,ST_ANOM,Anomalies des températures de surface,NR,Nauru,1993,,0.1,,,,CELSIUS,Degré Celsius (°C),SE,Standard error,0.1,,N,National,,
DATAFLOW,SPC:DF_CLIMATE_CHANGE(1.0),Indicateurs du changement climatique,I,A,Annuel,ST_ANOM,Anomalies des températures de surface,NR,Nauru,1994,,0.3,,,,CELSIUS,Degré Celsius (°C),SE,Standard error,0.1,,N,National,,
DATAFLOW,SPC:DF_CLIMATE_CHANGE(1.0),Indicateurs du changement climatique,I,A,Annuel,ST_ANOM,Anomalies des températures de surface,NR,Nauru,1995,,0.4,,,,CELSIUS,Degré Celsius (°C),SE,Standard error,0.1,,N,National,,
DATAFLOW,SPC:DF_CLIMATE_CHANGE(1.0),Indicateurs du changement climatique,I,A,Annuel,ST_ANOM,Anomalies des températures de surface,NR,Nauru,1996,,0.1,,,,CELSIUS,Degré Celsius (°C),SE,Standard error,0.1,,N,National,,
DATAFLOW,SPC:DF_CLIMATE_CHANGE(1.0),Indicateurs du changement climatique,I,A,Annuel,ST_ANOM,Anomalies des températures de surface,NR,Nauru,1997,,0.2,,,,CELSIUS,Degré Celsius (°C),SE,Standard error,0.1,,N,National,,
DATAFLOW,SPC:DF_CLIMATE_CHANGE(1.0),Indicateurs du changement climatique,I,A,Annuel,ST_ANOM,Anomalies des températures de surface,NR,Nauru,1998,,-0.4,,,,CELSIUS,Degré Celsius (°C),SE,Standard error,0.1,,N,National,,
DATAFLOW,SPC:DF_CLIMATE_CHANGE(1.0),Indicateurs du changement climatique,I,A,Annuel,ST_ANOM,Anomalies des températures de surface,NR,Nauru,1999,,-0.6,,,,CELSIUS,Degré Celsius (°C),SE,Standard error,0.1,,N,National,,
DATAFLOW,SPC:DF_CLIMATE_CHANGE(1.0),Indicateurs du changement climatique,I,A,Annuel,ST_ANOM,Anomalies des températures de surface,NR,Nauru,2000,,-0.4,,,,CELSIUS,Degré Celsius (°C),SE,Standard error,0.1,,N,National,,
DATAFLOW,SPC:DF_CLIMATE_CHANGE(1.0),Indicateurs du changement climatique,I,A,Annuel,ST_ANOM,Anomalies des températures de surface,NR,Nauru,2001,,0.2,,,,CELSIUS,Degré Celsius (°C),SE,Standard error,0.1,,N,National,,
DATAFLOW,SPC:DF_CLIMATE_CHANGE(1.0),Indicateurs du changement climatique,I,A,Annuel,ST_ANOM,Anomalies des températures de surface,NR,Nauru,2002,,0.6,,,,CELSIUS,Degré Celsius (°C),SE,Standard error,0.1,,N,National,,
DATAFLOW,SPC:DF_CLIMATE_CHANGE(1.0),Indicateurs du changement climatique,I,A,Annuel,ST_ANOM,Anomalies des températures de surface,NR,Nauru,2003,,0.8,,,,CELSIUS,Degré Celsius (°C),SE,Standard error,0.0,,N,National,,
DATAFLOW,SPC:DF_CLIMATE_CHANGE(1.0),Indicateurs du changement climatique,I,A,Annuel,ST_ANOM,Anomalies des températures de surface,NR,Nauru,2004,,0.7,,,,CELSIUS,Degré Celsius (°C),SE,Standard error,0.1,,N,National,,
DATAFLOW,SPC:DF_CLIMATE_CHANGE(1.0),Indicateurs du changement climatique,I,A,Annuel,ST_ANOM,Anomalies des températures de surface,NR,Nauru,2005,,0.7,,,,CELSIUS,Degré Celsius (°C),SE,Standard error,0.0,,N,National,,
DATAFLOW,SPC:DF_CLIMATE_CHANGE(1.0),Indicateurs du changement climatique,I,A,Annuel,ST_ANOM,Anomalies des températures de surface,NR,Nauru,2006,,0.5,,,,CELSIUS,Degré Celsius (°C),SE,Standard error,0.1,,N,National,,
DATAFLOW,SPC:DF_CLIMATE_CHANGE(1.0),Indicateurs du changement climatique,I,A,Annuel,ST_ANOM,Anomalies des températures de surface,NR,Nauru,2007,,0.4,,,,CELSIUS,Degré Celsius (°C),SE,Standard error,0.1,,N,National,,
DATAFLOW,SPC:DF_CLIMATE_CHANGE(1.0),Indicateurs du changement climatique,I,A,Annuel,ST_ANOM,Anomalies des températures de surface,NR,Nauru,2008,,-0.5,,,,CELSIUS,Degré Celsius (°C),SE,Standard error,0.1,,N,National,,
DATAFLOW,SPC:DF_CLIMATE_CHANGE(1.0),Indicateurs du changement climatique,I,A,Annuel,ST_ANOM,Anomalies des températures de surface,NR,Nauru,2009,,0.5,,,,CELSIUS,Degré Celsius (°C),SE,Standard error,0.1,,N,National,,
DATAFLOW,SPC:DF_CLIMATE_CHANGE(1.0),Indicateurs du changement climatique,I,A,Annuel,ST_ANOM,Anomalies des températures de surface,NR,Nauru,2010,,0.0,,,,CELSIUS,Degré Celsius (°C),SE,Standard error,0.2,,N,National,,
DATAFLOW,SPC:DF_CLIMATE_CHANGE(1.0),Indicateurs du changement climatique,I,A,Annuel,ST_ANOM,Anomalies des températures de surface,NR,Nauru,2011,,-0.4,,,,CELSIUS,Degré Celsius (°C),SE,Standard error,0.1,,N,National,,
DATAFLOW,SPC:DF_CLIMATE_CHANGE(1.0),Indicateurs du changement climatique,I,A,Annuel,ST_ANOM,Anomalies des températures de surface,NR,Nauru,2012,,0.1,,,,CELSIUS,Degré Celsius (°C),SE,Standard error,0.2,,N,National,,
DATAFLOW,SPC:DF_CLIMATE_CHANGE(1.0),Indicateurs du changement climatique,I,A,Annuel,ST_ANOM,Anomalies des températures de surface,NR,Nauru,2013,,0.3,,,,CELSIUS,Degré Celsius (°C),SE,Standard error,0.1,,N,National,,
DATAFLOW,SPC:DF_CLIMATE_CHANGE(1.0),Indicateurs du changement climatique,I,A,Annuel,ST_ANOM,Anomalies des températures de surface,NR,Nauru,2014,,0.8,,,,CELSIUS,Degré Celsius (°C),SE,Standard error,0.1,,N,National,,
DATAFLOW,SPC:DF_CLIMATE_CHANGE(1.0),Indicateurs du changement climatique,I,A,Annuel,ST_ANOM,Anomalies des températures de surface,NR,Nauru,2015,,0.7,,,,CELSIUS,Degré Celsius (°C),SE,Standard error,0.1,,N,National,,
DATAFLOW,SPC:DF_CLIMATE_CHANGE(1.0),Indicateurs du changement climatique,I,A,Annuel,ST_ANOM,Anomalies des températures de surface,NR,Nauru,2016,,0.7,,,,CELSIUS,Degré Celsius (°C),SE,Standard error,0.1,,N,National,,
DATAFLOW,SPC:DF_CLIMATE_CHANGE(1.0),Indicateurs du changement climatique,I,A,Annuel,ST_ANOM,Anomalies des températures de surface,NR,Nauru,2017,,0.5,,,,CELSIUS,Degré Celsius (°C),SE,Standard error,0.0,,N,National,,
DATAFLOW,SPC:DF_CLIMATE_CHANGE(1.0),Indicateurs du changement climatique,I,A,Annuel,ST_ANOM,Anomalies des températures de surface,NR,Nauru,2018,,0.8,,,,CELSIUS,Degré Celsius (°C),SE,Standard error,0.1,,N,National,,
DATAFLOW,SPC:DF_CLIMATE_CHANGE(1.0),Indicateurs du changement climatique,I,A,Annuel,ST_ANOM,Anomalies des températures de surface,NR,Nauru,2019,,0.9,,,,CELSIUS,Degré Celsius (°C),SE,Standard error,0.1,,N,National,,
DATAFLOW,SPC:DF_CLIMATE_CHANGE(1.0),Indicateurs du changement climatique,I,A,Annuel,ST_ANOM,Anomalies des températures de surface,NR,Nauru,2020,,0.6,,,,CELSIUS,Degré Celsius (°C),SE,Standard error,0.1,,N,National,,
DATAFLOW,SPC:DF_CLIMATE_CHANGE(1.0),Indicateurs du changement climatique,I,A,Annuel,ST_ANOM,Anomalies des températures de surface,NR,Nauru,2021,,0.0,,,,CELSIUS,Degré Celsius (°C),SE,Standard error,0.1,,N,National,,
DATAFLOW,SPC:DF_CLIMATE_CHANGE(1.0),Indicateurs du changement climatique,I,A,Annuel,ST_ANOM,Anomalies des températures de surface,NR,Nauru,2022,,-0.2,,,,CELSIUS,Degré Celsius (°C),SE,Standard error,0.1,,N,National,,
DATAFLOW,SPC:DF_CLIMATE_CHANGE(1.0),Indicateurs du changement climatique,I,A,Annuel,ST_ANOM,Anomalies des températures de surface,NR,Nauru,2023,,0.7,,,,CELSIUS,Degré Celsius (°C),SE,Standard error,0.1,,N,National,,
DATAFLOW,SPC:DF_CLIMATE_CHANGE(1.0),Indicateurs du changement climatique,I,A,Annuel,ST_ANOM,Anomalies des températures de surface,NR,Nauru,2024,,1.1,,,,CELSIUS,Degré Celsius (°C),SE,Standard error,0.1,,N,National,,
DATAFLOW,SPC:DF_CLIMATE_CHANGE(1.0),Indicateurs du changement climatique,I,A,Annuel,ST_ANOM,Anomalies des températures de surface,NR,Nauru,2025,,0.3,,,,CELSIUS,Degré Celsius (°C),SE,Standard error,0.1,,N,National,,
DATAFLOW,SPC:DF_CLIMATE_CHANGE(1.0),Indicateurs du changement climatique,I,A,Annuel,ST_ANOM,Anomalies des températures de surface,KI,Kiribati,1850,,0.1,,,,CELSIUS,Degré Celsius (°C),SE,Standard error,0.1,,N,National,,
DATAFLOW,SPC:DF_CLIMATE_CHANGE(1.0),Indicateurs du changement climatique,I,A,Annuel,ST_ANOM,Anomalies des températures de surface,KI,Kiribati,1851,,-0.5,,,,CELSIUS,Degré Celsius (°C),SE,Standard error,0.1,,N,National,,
DATAFLOW,SPC:DF_CLIMATE_CHANGE(1.0),Indicateurs du changement climatique,I,A,Annuel,ST_ANOM,Anomalies des températures de surface,KI,Kiribati,1852,,-0.1,,,,CELSIUS,Degré Celsius (°C),SE,Standard error,0.1,,N,National,,
DATAFLOW,SPC:DF_CLIMATE_CHANGE(1.0),Indicateurs du changement climatique,I,A,Annuel,ST_ANOM,Anomalies des températures de surface,KI,Kiribati,1853,,0.0,,,,CELSIUS,Degré Celsius (°C),SE,Standard error,0.1,,N,National,,
DATAFLOW,SPC:DF_CLIMATE_CHANGE(1.0),Indicateurs du changement climatique,I,A,Annuel,ST_ANOM,Anomalies des températures de surface,KI,Kiribati,1854,,0.0,,,,CELSIUS,Degré Celsius (°C),SE,Standard error,0.1,,N,National,,
DATAFLOW,SPC:DF_CLIMATE_CHANGE(1.0),Indicateurs du changement climatique,I,A,Annuel,ST_ANOM,Anomalies des températures de surface,KI,Kiribati,1855,,0.2,,,,CELSIUS,Degré Celsius (°C),SE,Standard error,0.2,,N,National,,
DATAFLOW,SPC:DF_CLIMATE_CHANGE(1.0),Indicateurs du changement climatique,I,A,Annuel,ST_ANOM,Anomalies des températures de surface,KI,Kiribati,1856,,-0.4,,,,CELSIUS,Degré Celsius (°C),SE,Standard error,0.2,,N,National,,
DATAFLOW,SPC:DF_CLIMATE_CHANGE(1.0),Indicateurs du changement climatique,I,A,Annuel,ST_ANOM,Anomalies des températures de surface,KI,Kiribati,1857,,-0.6,,,,CELSIUS,Degré Celsius (°C),SE,Standard error,0.1,,N,National,,
DATAFLOW,SPC:DF_CLIMATE_CHANGE(1.0),Indicateurs du changement climatique,I,A,Annuel,ST_ANOM,Anomalies des températures de surface,KI,Kiribati,1858,,-0.1,,,,CELSIUS,Degré Celsius (°C),SE,Standard error,0.1,,N,National,,
DATAFLOW,SPC:DF_CLIMATE_CHANGE(1.0),Indicateurs du changement climatique,I,A,Annuel,ST_ANOM,Anomalies des températures de surface,KI,Kiribati,1859,,0.2,,,,CELSIUS,Degré Celsius (°C),SE,Standard error,0.0,,N,National,,
DATAFLOW,SPC:DF_CLIMATE_CHANGE(1.0),Indicateurs du changement climatique,I,A,Annuel,ST_ANOM,Anomalies des températures de surface,KI,Kiribati,1860,,-0.4,,,,CELSIUS,Degré Celsius (°C),SE,Standard error,0.1,,N,National,,
DATAFLOW,SPC:DF_CLIMATE_CHANGE(1.0),Indicateurs du changement climatique,I,A,Annuel,ST_ANOM,Anomalies des températures de surface,KI,Kiribati,1861,,-0.5,,,,CELSIUS,Degré Celsius (°C),SE,Standard error,0.1,,N,National,,
DATAFLOW,SPC:DF_CLIMATE_CHANGE(1.0),Indicateurs du changement climatique,I,A,Annuel,ST_ANOM,Anomalies des températures de surface,KI,Kiribati,1862,,-0.4,,,,CELSIUS,Degré Celsius (°C),SE,Standard error,0.0,,N,National,,
DATAFLOW,SPC:DF_CLIMATE_CHANGE(1.0),Indicateurs du changement climatique,I,A,Annuel,ST_ANOM,Anomalies des températures de surface,KI,Kiribati,1863,,-0.4,,,,CELSIUS,Degré Celsius (°C),SE,Standard error,0.0,,N,National,,
DATAFLOW,SPC:DF_CLIMATE_CHANGE(1.0),Indicateurs du changement climatique,I,A,Annuel,ST_ANOM,Anomalies des températures de surface,KI,Kiribati,1864,,-0.3,,,,CELSIUS,Degré Celsius (°C),SE,Standard error,0.0,,N,National,,
DATAFLOW,SPC:DF_CLIMATE_CHANGE(1.0),Indicateurs du changement climatique,I,A,Annuel,ST_ANOM,Anomalies des températures de surface,KI,Kiribati,1865,,-0.3,,,,CELSIUS,Degré Celsius (°C),SE,Standard error,0.0,,N,National,,
DATAFLOW,SPC:DF_CLIMATE_CHANGE(1.0),Indicateurs du changement climatique,I,A,Annuel,ST_ANOM,Anomalies des températures de surface,KI,Kiribati,1866,,-0.3,,,,CELSIUS,Degré Celsius (°C),SE,Standard error,0.0,,N,National,,
DATAFLOW,SPC:DF_CLIMATE_CHANGE(1.0),Indicateurs du changement climatique,I,A,Annuel,ST_ANOM,Anomalies des températures de surface,KI,Kiribati,1867,,-0.4,,,,CELSIUS,Degré Celsius (°C),SE,Standard error,0.0,,N,National,,
DATAFLOW,SPC:DF_CLIMATE_CHANGE(1.0),Indicateurs du changement climatique,I,A,Annuel,ST_ANOM,Anomalies des températures de surface,KI,Kiribati,1868,,-0.4,,,,CELSIUS,Degré Celsius (°C),SE,Standard error,0.0,,N,National,,
DATAFLOW,SPC:DF_CLIMATE_CHANGE(1.0),Indicateurs du changement climatique,I,A,Annuel,ST_ANOM,Anomalies des températures de surface,KI,Kiribati,1869,,-0.5,,,,CELSIUS,Degré Celsius (°C),SE,Standard error,0.1,,N,National,,
DATAFLOW,SPC:DF_CLIMATE_CHANGE(1.0),Indicateurs du changement climatique,I,A,Annuel,ST_ANOM,Anomalies des températures de surface,KI,Kiribati,1870,,-1.0,,,,CELSIUS,Degré Celsius (°C),SE,Standard error,0.1,,N,National,,
DATAFLOW,SPC:DF_CLIMATE_CHANGE(1.0),Indicateurs du changement climatique,I,A,Annuel,ST_ANOM,Anomalies des températures de surface,KI,Kiribati,1871,,-0.3,,,,CELSIUS,Degré Celsius (°C),SE,Standard error,0.0,,N,National,,
DATAFLOW,SPC:DF_CLIMATE_CHANGE(1.0),Indicateurs du changement climatique,I,A,Annuel,ST_ANOM,Anomalies des températures de surface,KI,Kiribati,1872,,-0.5,,,,CELSIUS,Degré Celsius (°C),SE,Standard error,0.1,,N,National,,
DATAFLOW,SPC:DF_CLIMATE_CHANGE(1.0),Indicateurs du changement climatique,I,A,Annuel,ST_ANOM,Anomalies des températures de surface,KI,Kiribati,1873,,-0.6,,,,CELSIUS,Degré Celsius (°C),SE,Standard error,0.1,,N,National,,
DATAFLOW,SPC:DF_CLIMATE_CHANGE(1.0),Indicateurs du changement climatique,I,A,Annuel,ST_ANOM,Anomalies des températures de surface,KI,Kiribati,1874,,-0.5,,,,CELSIUS,Degré Celsius (°C),SE,Standard error,0.0,,N,National,,
DATAFLOW,SPC:DF_CLIMATE_CHANGE(1.0),Indicateurs du changement climatique,I,A,Annuel,ST_ANOM,Anomalies des températures de surface,KI,Kiribati,1875,,-0.4,,,,CELSIUS,Degré Celsius (°C),SE,Standard error,0.0,,N,National,,
DATAFLOW,SPC:DF_CLIMATE_CHANGE(1.0),Indicateurs du changement climatique,I,A,Annuel,ST_ANOM,Anomalies des températures de surface,KI,Kiribati,1876,,-0.4,,,,CELSIUS,Degré Celsius (°C),SE,Standard error,0.1,,N,National,,
DATAFLOW,SPC:DF_CLIMATE_CHANGE(1.0),Indicateurs du changement climatique,I,A,Annuel,ST_ANOM,Anomalies des températures de surface,KI,Kiribati,1877,,0.2,,,,CELSIUS,Degré Celsius (°C),SE,Standard error,0.1,,N,National,,
DATAFLOW,SPC:DF_CLIMATE_CHANGE(1.0),Indicateurs du changement climatique,I,A,Annuel,ST_ANOM,Anomalies des températures de surface,KI,Kiribati,1878,,-0.2,,,,CELSIUS,Degré Celsius (°C),SE,Standard error,0.1,,N,National,,
DATAFLOW,SPC:DF_CLIMATE_CHANGE(1.0),Indicateurs du changement climatique,I,A,Annuel,ST_ANOM,Anomalies des températures de surface,KI,Kiribati,1879,,-0.9,,,,CELSIUS,Degré Celsius (°C),SE,Standard error,0.0,,N,National,,
DATAFLOW,SPC:DF_CLIMATE_CHANGE(1.0),Indicateurs du changement climatique,I,A,Annuel,ST_ANOM,Anomalies des températures de surface,KI,Kiribati,1880,,-0.4,,,,CELSIUS,Degré Celsius (°C),SE,Standard error,0.1,,N,National,,
DATAFLOW,SPC:DF_CLIMATE_CHANGE(1.0),Indicateurs du changement climatique,I,A,Annuel,ST_ANOM,Anomalies des températures de surface,KI,Kiribati,1881,,0.1,,,,CELSIUS,Degré Celsius (°C),SE,Standard error,0.1,,N,National,,
DATAFLOW,SPC:DF_CLIMATE_CHANGE(1.0),Indicateurs du changement climatique,I,A,Annuel,ST_ANOM,Anomalies des températures de surface,KI,Kiribati,1882,,0.3,,,,CELSIUS,Degré Celsius (°C),SE,Standard error,0.1,,N,National,,
DATAFLOW,SPC:DF_CLIMATE_CHANGE(1.0),Indicateurs du changement climatique,I,A,Annuel,ST_ANOM,Anomalies des températures de surface,KI,Kiribati,1883,,0.0,,,,CELSIUS,Degré Celsius (°C),SE,Standard error,0.0,,N,National,,
DATAFLOW,SPC:DF_CLIMATE_CHANGE(1.0),Indicateurs du changement climatique,I,A,Annuel,ST_ANOM,Anomalies des températures de surface,KI,Kiribati,1884,,0.1,,,,CELSIUS,Degré Celsius (°C),SE,Standard error,0.1,,N,National,,
DATAFLOW,SPC:DF_CLIMATE_CHANGE(1.0),Indicateurs du changement climatique,I,A,Annuel,ST_ANOM,Anomalies des températures de surface,KI,Kiribati,1885,,0.0,,,,CELSIUS,Degré Celsius (°C),SE,Standard error,0.1,,N,National,,
DATAFLOW,SPC:DF_CLIMATE_CHANGE(1.0),Indicateurs du changement climatique,I,A,Annuel,ST_ANOM,Anomalies des températures de surface,KI,Kiribati,1886,,-0.7,,,,CELSIUS,Degré Celsius (°C),SE,Standard error,0.2,,N,National,,
DATAFLOW,SPC:DF_CLIMATE_CHANGE(1.0),Indicateurs du changement climatique,I,A,Annuel,ST_ANOM,Anomalies des températures de surface,KI,Kiribati,1887,,-1.0,,,,CELSIUS,Degré Celsius (°C),SE,Standard error,0.2,,N,National,,
DATAFLOW,SPC:DF_CLIMATE_CHANGE(1.0),Indicateurs du changement climatique,I,A,Annuel,ST_ANOM,Anomalies des températures de surface,KI,Kiribati,1888,,0.2,,,,CELSIUS,Degré Celsius (°C),SE,Standard error,0.1,,N,National,,
DATAFLOW,SPC:DF_CLIMATE_CHANGE(1.0),Indicateurs du changement climatique,I,A,Annuel,ST_ANOM,Anomalies des températures de surface,KI,Kiribati,1889,,-0.5,,,,CELSIUS,Degré Celsius (°C),SE,Standard error,0.2,,N,National,,
DATAFLOW,SPC:DF_CLIMATE_CHANGE(1.0),Indicateurs du changement climatique,I,A,Annuel,ST_ANOM,Anomalies des températures de surface,KI,Kiribati,1890,,-0.8,,,,CELSIUS,Degré Celsius (°C),SE,Standard error,0.1,,N,National,,
DATAFLOW,SPC:DF_CLIMATE_CHANGE(1.0),Indicateurs du changement climatique,I,A,Annuel,ST_ANOM,Anomalies des températures de surface,KI,Kiribati,1891,,-0.2,,,,CELSIUS,Degré Celsius (°C),SE,Standard error,0.0,,N,National,,
DATAFLOW,SPC:DF_CLIMATE_CHANGE(1.0),Indicateurs du changement climatique,I,A,Annuel,ST_ANOM,Anomalies des températures de surface,KI,Kiribati,1892,,-0.5,,,,CELSIUS,Degré Celsius (°C),SE,Standard error,0.1,,N,National,,
DATAFLOW,SPC:DF_CLIMATE_CHANGE(1.0),Indicateurs du changement climatique,I,A,Annuel,ST_ANOM,Anomalies des températures de surface,KI,Kiribati,1893,,-0.6,,,,CELSIUS,Degré Celsius (°C),SE,Standard error,0.0,,N,National,,
DATAFLOW,SPC:DF_CLIMATE_CHANGE(1.0),Indicateurs du changement climatique,I,A,Annuel,ST_ANOM,Anomalies des températures de surface,KI,Kiribati,1894,,-0.5,,,,CELSIUS,Degré Celsius (°C),SE,Standard error,0.0,,N,National,,
DATAFLOW,SPC:DF_CLIMATE_CHANGE(1.0),Indicateurs du changement climatique,I,A,Annuel,ST_ANOM,Anomalies des températures de surface,KI,Kiribati,1895,,-0.2,,,,CELSIUS,Degré Celsius (°C),SE,Standard error,0.0,,N,National,,
DATAFLOW,SPC:DF_CLIMATE_CHANGE(1.0),Indicateurs du changement climatique,I,A,Annuel,ST_ANOM,Anomalies des températures de surface,KI,Kiribati,1896,,0.0,,,,CELSIUS,Degré Celsius (°C),SE,Standard error,0.0,,N,National,,
DATAFLOW,SPC:DF_CLIMATE_CHANGE(1.0),Indicateurs du changement climatique,I,A,Annuel,ST_ANOM,Anomalies des températures de surface,KI,Kiribati,1897,,-0.2,,,,CELSIUS,Degré Celsius (°C),SE,Standard error,0.2,,N,National,,
DATAFLOW,SPC:DF_CLIMATE_CHANGE(1.0),Indicateurs du changement climatique,I,A,Annuel,ST_ANOM,Anomalies des températures de surface,KI,Kiribati,1898,,-0.7,,,,CELSIUS,Degré Celsius (°C),SE,Standard error,0.1,,N,National,,
DATAFLOW,SPC:DF_CLIMATE_CHANGE(1.0),Indicateurs du changement climatique,I,A,Annuel,ST_ANOM,Anomalies des températures de surface,KI,Kiribati,1899,,-0.2,,,,CELSIUS,Degré Celsius (°C),SE,Standard error,0.2,,N,National,,
DATAFLOW,SPC:DF_CLIMATE_CHANGE(1.0),Indicateurs du changement climatique,I,A,Annuel,ST_ANOM,Anomalies des températures de surface,KI,Kiribati,1900,,0.4,,,,CELSIUS,Degré Celsius (°C),SE,Standard error,0.0,,N,National,,
DATAFLOW,SPC:DF_CLIMATE_CHANGE(1.0),Indicateurs du changement climatique,I,A,Annuel,ST_ANOM,Anomalies des températures de surface,KI,Kiribati,1901,,-0.1,,,,CELSIUS,Degré Celsius (°C),SE,Standard error,0.1,,N,National,,
DATAFLOW,SPC:DF_CLIMATE_CHANGE(1.0),Indicateurs du changement climatique,I,A,Annuel,ST_ANOM,Anomalies des températures de surface,KI,Kiribati,1902,,0.1,,,,CELSIUS,Degré Celsius (°C),SE,Standard error,0.2,,N,National,,
DATAFLOW,SPC:DF_CLIMATE_CHANGE(1.0),Indicateurs du changement climatique,I,A,Annuel,ST_ANOM,Anomalies des températures de surface,KI,Kiribati,1903,,-0.1,,,,CELSIUS,Degré Celsius (°C),SE,Standard error,0.2,,N,National,,
DATAFLOW,SPC:DF_CLIMATE_CHANGE(1.0),Indicateurs du changement climatique,I,A,Annuel,ST_ANOM,Anomalies des températures de surface,KI,Kiribati,1904,,-0.6,,,,CELSIUS,Degré Celsius (°C),SE,Standard error,0.1,,N,National,,
DATAFLOW,SPC:DF_CLIMATE_CHANGE(1.0),Indicateurs du changement climatique,I,A,Annuel,ST_ANOM,Anomalies des températures de surface,KI,Kiribati,1905,,0.2,,,,CELSIUS,Degré Celsius (°C),SE,Standard error,0.1,,N,National,,
DATAFLOW,SPC:DF_CLIMATE_CHANGE(1.0),Indicateurs du changement climatique,I,A,Annuel,ST_ANOM,Anomalies des températures de surface,KI,Kiribati,1906,,-0.5,,,,CELSIUS,Degré Celsius (°C),SE,Standard error,0.1,,N,National,,
DATAFLOW,SPC:DF_CLIMATE_CHANGE(1.0),Indicateurs du changement climatique,I,A,Annuel,ST_ANOM,Anomalies des températures de surface,KI,Kiribati,1907,,-0.3,,,,CELSIUS,Degré Celsius (°C),SE,Standard error,0.1,,N,National,,
DATAFLOW,SPC:DF_CLIMATE_CHANGE(1.0),Indicateurs du changement climatique,I,A,Annuel,ST_ANOM,Anomalies des températures de surface,KI,Kiribati,1908,,-0.9,,,,CELSIUS,Degré Celsius (°C),SE,Standard error,0.2,,N,National,,
DATAFLOW,SPC:DF_CLIMATE_CHANGE(1.0),Indicateurs du changement climatique,I,A,Annuel,ST_ANOM,Anomalies des températures de surface,KI,Kiribati,1909,,-1.0,,,,CELSIUS,Degré Celsius (°C),SE,Standard error,0.1,,N,National,,
DATAFLOW,SPC:DF_CLIMATE_CHANGE(1.0),Indicateurs du changement climatique,I,A,Annuel,ST_ANOM,Anomalies des températures de surface,KI,Kiribati,1910,,-1.4,,,,CELSIUS,Degré Celsius (°C),SE,Standard error,0.1,,N,National,,
DATAFLOW,SPC:DF_CLIMATE_CHANGE(1.0),Indicateurs du changement climatique,I,A,Annuel,ST_ANOM,Anomalies des températures de surface,KI,Kiribati,1911,,-0.6,,,,CELSIUS,Degré Celsius (°C),SE,Standard error,0.1,,N,National,,
DATAFLOW,SPC:DF_CLIMATE_CHANGE(1.0),Indicateurs du changement climatique,I,A,Annuel,ST_ANOM,Anomalies des températures de surface,KI,Kiribati,1912,,-0.1,,,,CELSIUS,Degré Celsius (°C),SE,Standard error,0.1,,N,National,,
DATAFLOW,SPC:DF_CLIMATE_CHANGE(1.0),Indicateurs du changement climatique,I,A,Annuel,ST_ANOM,Anomalies des températures de surface,KI,Kiribati,1913,,-0.4,,,,CELSIUS,Degré Celsius (°C),SE,Standard error,0.1,,N,National,,
DATAFLOW,SPC:DF_CLIMATE_CHANGE(1.0),Indicateurs du changement climatique,I,A,Annuel,ST_ANOM,Anomalies des températures de surface,KI,Kiribati,1914,,0.2,,,,CELSIUS,Degré Celsius (°C),SE,Standard error,0.1,,N,National,,
DATAFLOW,SPC:DF_CLIMATE_CHANGE(1.0),Indicateurs du changement climatique,I,A,Annuel,ST_ANOM,Anomalies des températures de surface,KI,Kiribati,1915,,-0.2,,,,CELSIUS,Degré Celsius (°C),SE,Standard error,0.2,,N,National,,
DATAFLOW,SPC:DF_CLIMATE_CHANGE(1.0),Indicateurs du changement climatique,I,A,Annuel,ST_ANOM,Anomalies des températures de surface,KI,Kiribati,1916,,-1.5,,,,CELSIUS,Degré Celsius (°C),SE,Standard error,0.2,,N,National,,
DATAFLOW,SPC:DF_CLIMATE_CHANGE(1.0),Indicateurs du changement climatique,I,A,Annuel,ST_ANOM,Anomalies des températures de surface,KI,Kiribati,1917,,-2.3,,,,CELSIUS,Degré Celsius (°C),SE,Standard error,0.2,,N,National,,
DATAFLOW,SPC:DF_CLIMATE_CHANGE(1.0),Indicateurs du changement climatique,I,A,Annuel,ST_ANOM,Anomalies des températures de surface,KI,Kiribati,1918,,-0.3,,,,CELSIUS,Degré Celsius (°C),SE,Standard error,0.2,,N,National,,
DATAFLOW,SPC:DF_CLIMATE_CHANGE(1.0),Indicateurs du changement climatique,I,A,Annuel,ST_ANOM,Anomalies des températures de surface,KI,Kiribati,1919,,-0.7,,,,CELSIUS,Degré Celsius (°C),SE,Standard error,0.2,,N,National,,
DATAFLOW,SPC:DF_CLIMATE_CHANGE(1.0),Indicateurs du changement climatique,I,A,Annuel,ST_ANOM,Anomalies des températures de surface,KI,Kiribati,1920,,-0.3,,,,CELSIUS,Degré Celsius (°C),SE,Standard error,0.1,,N,National,,
DATAFLOW,SPC:DF_CLIMATE_CHANGE(1.0),Indicateurs du changement climatique,I,A,Annuel,ST_ANOM,Anomalies des températures de surface,KI,Kiribati,1921,,-0.7,,,,CELSIUS,Degré Celsius (°C),SE,Standard error,0.1,,N,National,,
DATAFLOW,SPC:DF_CLIMATE_CHANGE(1.0),Indicateurs du changement climatique,I,A,Annuel,ST_ANOM,Anomalies des températures de surface,KI,Kiribati,1922,,-0.6,,,,CELSIUS,Degré Celsius (°C),SE,Standard error,0.1,,N,National,,
DATAFLOW,SPC:DF_CLIMATE_CHANGE(1.0),Indicateurs du changement climatique,I,A,Annuel,ST_ANOM,Anomalies des températures de surface,KI,Kiribati,1923,,-0.3,,,,CELSIUS,Degré Celsius (°C),SE,Standard error,0.1,,N,National,,
DATAFLOW,SPC:DF_CLIMATE_CHANGE(1.0),Indicateurs du changement climatique,I,A,Annuel,ST_ANOM,Anomalies des températures de surface,KI,Kiribati,1924,,-0.6,,,,CELSIUS,Degré Celsius (°C),SE,Standard error,0.2,,N,National,,
DATAFLOW,SPC:DF_CLIMATE_CHANGE(1.0),Indicateurs du changement climatique,I,A,Annuel,ST_ANOM,Anomalies des températures de surface,KI,Kiribati,1925,,-0.6,,,,CELSIUS,Degré Celsius (°C),SE,Standard error,0.2,,N,National,,
DATAFLOW,SPC:DF_CLIMATE_CHANGE(1.0),Indicateurs du changement climatique,I,A,Annuel,ST_ANOM,Anomalies des températures de surface,KI,Kiribati,1926,,-0.2,,,,CELSIUS,Degré Celsius (°C),SE,Standard error,0.1,,N,National,,
DATAFLOW,SPC:DF_CLIMATE_CHANGE(1.0),Indicateurs du changement climatique,I,A,Annuel,ST_ANOM,Anomalies des températures de surface,KI,Kiribati,1927,,-0.8,,,,CELSIUS,Degré Celsius (°C),SE,Standard error,0.1,,N,National,,
DATAFLOW,SPC:DF_CLIMATE_CHANGE(1.0),Indicateurs du changement climatique,I,A,Annuel,ST_ANOM,Anomalies des températures de surface,KI,Kiribati,1928,,-0.4,,,,CELSIUS,Degré Celsius (°C),SE,Standard error,0.1,,N,National,,
DATAFLOW,SPC:DF_CLIMATE_CHANGE(1.0),Indicateurs du changement climatique,I,A,Annuel,ST_ANOM,Anomalies des températures de surface,KI,Kiribati,1929,,-0.3,,,,CELSIUS,Degré Celsius (°C),SE,Standard error,0.0,,N,National,,
DATAFLOW,SPC:DF_CLIMATE_CHANGE(1.0),Indicateurs du changement climatique,I,A,Annuel,ST_ANOM,Anomalies des températures de surface,KI,Kiribati,1930,,0.1,,,,CELSIUS,Degré Celsius (°C),SE,Standard error,0.1,,N,National,,
DATAFLOW,SPC:DF_CLIMATE_CHANGE(1.0),Indicateurs du changement climatique,I,A,Annuel,ST_ANOM,Anomalies des températures de surface,KI,Kiribati,1931,,-0.2,,,,CELSIUS,Degré Celsius (°C),SE,Standard error,0.1,,N,National,,
DATAFLOW,SPC:DF_CLIMATE_CHANGE(1.0),Indicateurs du changement climatique,I,A,Annuel,ST_ANOM,Anomalies des températures de surface,KI,Kiribati,1932,,-0.5,,,,CELSIUS,Degré Celsius (°C),SE,Standard error,0.1,,N,National,,
DATAFLOW,SPC:DF_CLIMATE_CHANGE(1.0),Indicateurs du changement climatique,I,A,Annuel,ST_ANOM,Anomalies des températures de surface,KI,Kiribati,1933,,-1.1,,,,CELSIUS,Degré Celsius (°C),SE,Standard error,0.1,,N,National,,
DATAFLOW,SPC:DF_CLIMATE_CHANGE(1.0),Indicateurs du changement climatique,I,A,Annuel,ST_ANOM,Anomalies des températures de surface,KI,Kiribati,1934,,-0.9,,,,CELSIUS,Degré Celsius (°C),SE,Standard error,0.2,,N,National,,
DATAFLOW,SPC:DF_CLIMATE_CHANGE(1.0),Indicateurs du changement climatique,I,A,Annuel,ST_ANOM,Anomalies des températures de surface,KI,Kiribati,1935,,-0.5,,,,CELSIUS,Degré Celsius (°C),SE,Standard error,0.1,,N,National,,
DATAFLOW,SPC:DF_CLIMATE_CHANGE(1.0),Indicateurs du changement climatique,I,A,Annuel,ST_ANOM,Anomalies des températures de surface,KI,Kiribati,1936,,-0.4,,,,CELSIUS,Degré Celsius (°C),SE,Standard error,0.0,,N,National,,
DATAFLOW,SPC:DF_CLIMATE_CHANGE(1.0),Indicateurs du changement climatique,I,A,Annuel,ST_ANOM,Anomalies des températures de surface,KI,Kiribati,1937,,-0.5,,,,CELSIUS,Degré Celsius (°C),SE,Standard error,0.1,,N,National,,
DATAFLOW,SPC:DF_CLIMATE_CHANGE(1.0),Indicateurs du changement climatique,I,A,Annuel,ST_ANOM,Anomalies des températures de surface,KI,Kiribati,1938,,-1.1,,,,CELSIUS,Degré Celsius (°C),SE,Standard error,0.1,,N,National,,
DATAFLOW,SPC:DF_CLIMATE_CHANGE(1.0),Indicateurs du changement climatique,I,A,Annuel,ST_ANOM,Anomalies des températures de surface,KI,Kiribati,1939,,-0.6,,,,CELSIUS,Degré Celsius (°C),SE,Standard error,0.1,,N,National,,
DATAFLOW,SPC:DF_CLIMATE_CHANGE(1.0),Indicateurs du changement climatique,I,A,Annuel,ST_ANOM,Anomalies des températures de surface,KI,Kiribati,1940,,0.4,,,,CELSIUS,Degré Celsius (°C),SE,Standard error,0.1,,N,National,,
DATAFLOW,SPC:DF_CLIMATE_CHANGE(1.0),Indicateurs du changement climatique,I,A,Annuel,ST_ANOM,Anomalies des températures de surface,KI,Kiribati,1941,,0.7,,,,CELSIUS,Degré Celsius (°C),SE,Standard error,0.0,,N,National,,
DATAFLOW,SPC:DF_CLIMATE_CHANGE(1.0),Indicateurs du changement climatique,I,A,Annuel,ST_ANOM,Anomalies des températures de surface,KI,Kiribati,1942,,-0.1,,,,CELSIUS,Degré Celsius (°C),SE,Standard error,0.2,,N,National,,
DATAFLOW,SPC:DF_CLIMATE_CHANGE(1.0),Indicateurs du changement climatique,I,A,Annuel,ST_ANOM,Anomalies des températures de surface,KI,Kiribati,1943,,-0.7,,,,CELSIUS,Degré Celsius (°C),SE,Standard error,0.1,,N,National,,
DATAFLOW,SPC:DF_CLIMATE_CHANGE(1.0),Indicateurs du changement climatique,I,A,Annuel,ST_ANOM,Anomalies des températures de surface,KI,Kiribati,1944,,-0.1,,,,CELSIUS,Degré Celsius (°C),SE,Standard error,0.0,,N,National,,
DATAFLOW,SPC:DF_CLIMATE_CHANGE(1.0),Indicateurs du changement climatique,I,A,Annuel,ST_ANOM,Anomalies des températures de surface,KI,Kiribati,1945,,-0.5,,,,CELSIUS,Degré Celsius (°C),SE,Standard error,0.1,,N,National,,
DATAFLOW,SPC:DF_CLIMATE_CHANGE(1.0),Indicateurs du changement climatique,I,A,Annuel,ST_ANOM,Anomalies des températures de surface,KI,Kiribati,1946,,0.0,,,,CELSIUS,Degré Celsius (°C),SE,Standard error,0.1,,N,National,,
DATAFLOW,SPC:DF_CLIMATE_CHANGE(1.0),Indicateurs du changement climatique,I,A,Annuel,ST_ANOM,Anomalies des températures de surface,KI,Kiribati,1947,,0.0,,,,CELSIUS,Degré Celsius (°C),SE,Standard error,0.1,,N,National,,
DATAFLOW,SPC:DF_CLIMATE_CHANGE(1.0),Indicateurs du changement climatique,I,A,Annuel,ST_ANOM,Anomalies des températures de surface,KI,Kiribati,1948,,-0.6,,,,CELSIUS,Degré Celsius (°C),SE,Standard error,0.3,,N,National,,
DATAFLOW,SPC:DF_CLIMATE_CHANGE(1.0),Indicateurs du changement climatique,I,A,Annuel,ST_ANOM,Anomalies des températures de surface,KI,Kiribati,1949,,-0.8,,,,CELSIUS,Degré Celsius (°C),SE,Standard error,0.1,,N,National,,
DATAFLOW,SPC:DF_CLIMATE_CHANGE(1.0),Indicateurs du changement climatique,I,A,Annuel,ST_ANOM,Anomalies des températures de surface,KI,Kiribati,1950,,-1.1,,,,CELSIUS,Degré Celsius (°C),SE,Standard error,0.1,,N,National,,
DATAFLOW,SPC:DF_CLIMATE_CHANGE(1.0),Indicateurs du changement climatique,I,A,Annuel,ST_ANOM,Anomalies des températures de surface,KI,Kiribati,1951,,-0.1,,,,CELSIUS,Degré Celsius (°C),SE,Standard error,0.1,,N,National,,
DATAFLOW,SPC:DF_CLIMATE_CHANGE(1.0),Indicateurs du changement climatique,I,A,Annuel,ST_ANOM,Anomalies des températures de surface,KI,Kiribati,1952,,-0.2,,,,CELSIUS,Degré Celsius (°C),SE,Standard error,0.1,,N,National,,
DATAFLOW,SPC:DF_CLIMATE_CHANGE(1.0),Indicateurs du changement climatique,I,A,Annuel,ST_ANOM,Anomalies des températures de surface,KI,Kiribati,1953,,0.0,,,,CELSIUS,Degré Celsius (°C),SE,Standard error,0.1,,N,National,,
DATAFLOW,SPC:DF_CLIMATE_CHANGE(1.0),Indicateurs du changement climatique,I,A,Annuel,ST_ANOM,Anomalies des températures de surface,KI,Kiribati,1954,,-0.6,,,,CELSIUS,Degré Celsius (°C),SE,Standard error,0.1,,N,National,,
DATAFLOW,SPC:DF_CLIMATE_CHANGE(1.0),Indicateurs du changement climatique,I,A,Annuel,ST_ANOM,Anomalies des températures de surface,KI,Kiribati,1955,,-1.0,,,,CELSIUS,Degré Celsius (°C),SE,Standard error,0.1,,N,National,,
DATAFLOW,SPC:DF_CLIMATE_CHANGE(1.0),Indicateurs du changement climatique,I,A,Annuel,ST_ANOM,Anomalies des températures de surface,KI,Kiribati,1956,,-0.8,,,,CELSIUS,Degré Celsius (°C),SE,Standard error,0.1,,N,National,,
DATAFLOW,SPC:DF_CLIMATE_CHANGE(1.0),Indicateurs du changement climatique,I,A,Annuel,ST_ANOM,Anomalies des températures de surface,KI,Kiribati,1957,,-0.1,,,,CELSIUS,Degré Celsius (°C),SE,Standard error,0.1,,N,National,,
DATAFLOW,SPC:DF_CLIMATE_CHANGE(1.0),Indicateurs du changement climatique,I,A,Annuel,ST_ANOM,Anomalies des températures de surface,KI,Kiribati,1958,,0.4,,,,CELSIUS,Degré Celsius (°C),SE,Standard error,0.1,,N,National,,
DATAFLOW,SPC:DF_CLIMATE_CHANGE(1.0),Indicateurs du changement climatique,I,A,Annuel,ST_ANOM,Anomalies des températures de surface,KI,Kiribati,1959,,-0.1,,,,CELSIUS,Degré Celsius (°C),SE,Standard error,0.0,,N,National,,
DATAFLOW,SPC:DF_CLIMATE_CHANGE(1.0),Indicateurs du changement climatique,I,A,Annuel,ST_ANOM,Anomalies des températures de surface,KI,Kiribati,1960,,-0.4,,,,CELSIUS,Degré Celsius (°C),SE,Standard error,0.1,,N,National,,
DATAFLOW,SPC:DF_CLIMATE_CHANGE(1.0),Indicateurs du changement climatique,I,A,Annuel,ST_ANOM,Anomalies des températures de surface,KI,Kiribati,1961,,-0.4,,,,CELSIUS,Degré Celsius (°C),SE,Standard error,0.0,,N,National,,
DATAFLOW,SPC:DF_CLIMATE_CHANGE(1.0),Indicateurs du changement climatique,I,A,Annuel,ST_ANOM,Anomalies des températures de surface,KI,Kiribati,1962,,-0.5,,,,CELSIUS,Degré Celsius (°C),SE,Standard error,0.0,,N,National,,
DATAFLOW,SPC:DF_CLIMATE_CHANGE(1.0),Indicateurs du changement climatique,I,A,Annuel,ST_ANOM,Anomalies des températures de surface,KI,Kiribati,1963,,-0.2,,,,CELSIUS,Degré Celsius (°C),SE,Standard error,0.1,,N,National,,
DATAFLOW,SPC:DF_CLIMATE_CHANGE(1.0),Indicateurs du changement climatique,I,A,Annuel,ST_ANOM,Anomalies des températures de surface,KI,Kiribati,1964,,-0.8,,,,CELSIUS,Degré Celsius (°C),SE,Standard error,0.1,,N,National,,
DATAFLOW,SPC:DF_CLIMATE_CHANGE(1.0),Indicateurs du changement climatique,I,A,Annuel,ST_ANOM,Anomalies des températures de surface,KI,Kiribati,1965,,-0.1,,,,CELSIUS,Degré Celsius (°C),SE,Standard error,0.1,,N,National,,
DATAFLOW,SPC:DF_CLIMATE_CHANGE(1.0),Indicateurs du changement climatique,I,A,Annuel,ST_ANOM,Anomalies des températures de surface,KI,Kiribati,1966,,0.3,,,,CELSIUS,Degré Celsius (°C),SE,Standard error,0.1,,N,National,,
DATAFLOW,SPC:DF_CLIMATE_CHANGE(1.0),Indicateurs du changement climatique,I,A,Annuel,ST_ANOM,Anomalies des températures de surface,KI,Kiribati,1967,,-0.2,,,,CELSIUS,Degré Celsius (°C),SE,Standard error,0.1,,N,National,,
DATAFLOW,SPC:DF_CLIMATE_CHANGE(1.0),Indicateurs du changement climatique,I,A,Annuel,ST_ANOM,Anomalies des températures de surface,KI,Kiribati,1968,,-0.1,,,,CELSIUS,Degré Celsius (°C),SE,Standard error,0.1,,N,National,,
DATAFLOW,SPC:DF_CLIMATE_CHANGE(1.0),Indicateurs du changement climatique,I,A,Annuel,ST_ANOM,Anomalies des températures de surface,KI,Kiribati,1969,,0.6,,,,CELSIUS,Degré Celsius (°C),SE,Standard error,0.1,,N,National,,
DATAFLOW,SPC:DF_CLIMATE_CHANGE(1.0),Indicateurs du changement climatique,I,A,Annuel,ST_ANOM,Anomalies des températures de surface,KI,Kiribati,1970,,-0.3,,,,CELSIUS,Degré Celsius (°C),SE,Standard error,0.2,,N,National,,
DATAFLOW,SPC:DF_CLIMATE_CHANGE(1.0),Indicateurs du changement climatique,I,A,Annuel,ST_ANOM,Anomalies des températures de surface,KI,Kiribati,1971,,-1.0,,,,CELSIUS,Degré Celsius (°C),SE,Standard error,0.1,,N,National,,
DATAFLOW,SPC:DF_CLIMATE_CHANGE(1.0),Indicateurs du changement climatique,I,A,Annuel,ST_ANOM,Anomalies des températures de surface,KI,Kiribati,1972,,0.2,,,,CELSIUS,Degré Celsius (°C),SE,Standard error,0.1,,N,National,,
DATAFLOW,SPC:DF_CLIMATE_CHANGE(1.0),Indicateurs du changement climatique,I,A,Annuel,ST_ANOM,Anomalies des températures de surface,KI,Kiribati,1973,,-0.5,,,,CELSIUS,Degré Celsius (°C),SE,Standard error,0.2,,N,National,,
DATAFLOW,SPC:DF_CLIMATE_CHANGE(1.0),Indicateurs du changement climatique,I,A,Annuel,ST_ANOM,Anomalies des températures de surface,KI,Kiribati,1974,,-0.9,,,,CELSIUS,Degré Celsius (°C),SE,Standard error,0.1,,N,National,,
DATAFLOW,SPC:DF_CLIMATE_CHANGE(1.0),Indicateurs du changement climatique,I,A,Annuel,ST_ANOM,Anomalies des températures de surface,KI,Kiribati,1975,,-1.2,,,,CELSIUS,Degré Celsius (°C),SE,Standard error,0.2,,N,National,,
DATAFLOW,SPC:DF_CLIMATE_CHANGE(1.0),Indicateurs du changement climatique,I,A,Annuel,ST_ANOM,Anomalies des températures de surface,KI,Kiribati,1976,,-0.5,,,,CELSIUS,Degré Celsius (°C),SE,Standard error,0.1,,N,National,,
DATAFLOW,SPC:DF_CLIMATE_CHANGE(1.0),Indicateurs du changement climatique,I,A,Annuel,ST_ANOM,Anomalies des températures de surface,KI,Kiribati,1977,,0.2,,,,CELSIUS,Degré Celsius (°C),SE,Standard error,0.1,,N,National,,
DATAFLOW,SPC:DF_CLIMATE_CHANGE(1.0),Indicateurs du changement climatique,I,A,Annuel,ST_ANOM,Anomalies des températures de surface,KI,Kiribati,1978,,0.0,,,,CELSIUS,Degré Celsius (°C),SE,Standard error,0.1,,N,National,,
DATAFLOW,SPC:DF_CLIMATE_CHANGE(1.0),Indicateurs du changement climatique,I,A,Annuel,ST_ANOM,Anomalies des températures de surface,KI,Kiribati,1979,,0.2,,,,CELSIUS,Degré Celsius (°C),SE,Standard error,0.1,,N,National,,
DATAFLOW,SPC:DF_CLIMATE_CHANGE(1.0),Indicateurs du changement climatique,I,A,Annuel,ST_ANOM,Anomalies des températures de surface,KI,Kiribati,1980,,0.4,,,,CELSIUS,Degré Celsius (°C),SE,Standard error,0.0,,N,National,,
DATAFLOW,SPC:DF_CLIMATE_CHANGE(1.0),Indicateurs du changement climatique,I,A,Annuel,ST_ANOM,Anomalies des températures de surface,KI,Kiribati,1981,,-0.1,,,,CELSIUS,Degré Celsius (°C),SE,Standard error,0.1,,N,National,,
DATAFLOW,SPC:DF_CLIMATE_CHANGE(1.0),Indicateurs du changement climatique,I,A,Annuel,ST_ANOM,Anomalies des températures de surface,KI,Kiribati,1982,,0.5,,,,CELSIUS,Degré Celsius (°C),SE,Standard error,0.1,,N,National,,
DATAFLOW,SPC:DF_CLIMATE_CHANGE(1.0),Indicateurs du changement climatique,I,A,Annuel,ST_ANOM,Anomalies des températures de surface,KI,Kiribati,1983,,0.0,,,,CELSIUS,Degré Celsius (°C),SE,Standard error,0.1,,N,National,,
DATAFLOW,SPC:DF_CLIMATE_CHANGE(1.0),Indicateurs du changement climatique,I,A,Annuel,ST_ANOM,Anomalies des températures de surface,KI,Kiribati,1984,,-0.5,,,,CELSIUS,Degré Celsius (°C),SE,Standard error,0.0,,N,National,,
DATAFLOW,SPC:DF_CLIMATE_CHANGE(1.0),Indicateurs du changement climatique,I,A,Annuel,ST_ANOM,Anomalies des températures de surface,KI,Kiribati,1985,,-0.4,,,,CELSIUS,Degré Celsius (°C),SE,Standard error,0.1,,N,National,,
DATAFLOW,SPC:DF_CLIMATE_CHANGE(1.0),Indicateurs du changement climatique,I,A,Annuel,ST_ANOM,Anomalies des températures de surface,KI,Kiribati,1986,,0.2,,,,CELSIUS,Degré Celsius (°C),SE,Standard error,0.1,,N,National,,
DATAFLOW,SPC:DF_CLIMATE_CHANGE(1.0),Indicateurs du changement climatique,I,A,Annuel,ST_ANOM,Anomalies des températures de surface,KI,Kiribati,1987,,0.6,,,,CELSIUS,Degré Celsius (°C),SE,Standard error,0.1,,N,National,,
DATAFLOW,SPC:DF_CLIMATE_CHANGE(1.0),Indicateurs du changement climatique,I,A,Annuel,ST_ANOM,Anomalies des températures de surface,KI,Kiribati,1988,,-0.4,,,,CELSIUS,Degré Celsius (°C),SE,Standard error,0.2,,N,National,,
DATAFLOW,SPC:DF_CLIMATE_CHANGE(1.0),Indicateurs du changement climatique,I,A,Annuel,ST_ANOM,Anomalies des températures de surface,KI,Kiribati,1989,,-0.6,,,,CELSIUS,Degré Celsius (°C),SE,Standard error,0.1,,N,National,,
DATAFLOW,SPC:DF_CLIMATE_CHANGE(1.0),Indicateurs du changement climatique,I,A,Annuel,ST_ANOM,Anomalies des températures de surface,KI,Kiribati,1990,,0.5,,,,CELSIUS,Degré Celsius (°C),SE,Standard error,0.1,,N,National,,
DATAFLOW,SPC:DF_CLIMATE_CHANGE(1.0),Indicateurs du changement climatique,I,A,Annuel,ST_ANOM,Anomalies des températures de surface,KI,Kiribati,1991,,0.7,,,,CELSIUS,Degré Celsius (°C),SE,Standard error,0.0,,N,National,,
DATAFLOW,SPC:DF_CLIMATE_CHANGE(1.0),Indicateurs du changement climatique,I,A,Annuel,ST_ANOM,Anomalies des températures de surface,KI,Kiribati,1992,,0.5,,,,CELSIUS,Degré Celsius (°C),SE,Standard error,0.0,,N,National,,
DATAFLOW,SPC:DF_CLIMATE_CHANGE(1.0),Indicateurs du changement climatique,I,A,Annuel,ST_ANOM,Anomalies des températures de surface,KI,Kiribati,1993,,0.4,,,,CELSIUS,Degré Celsius (°C),SE,Standard error,0.0,,N,National,,
DATAFLOW,SPC:DF_CLIMATE_CHANGE(1.0),Indicateurs du changement climatique,I,A,Annuel,ST_ANOM,Anomalies des températures de surface,KI,Kiribati,1994,,0.6,,,,CELSIUS,Degré Celsius (°C),SE,Standard error,0.1,,N,National,,
DATAFLOW,SPC:DF_CLIMATE_CHANGE(1.0),Indicateurs du changement climatique,I,A,Annuel,ST_ANOM,Anomalies des températures de surface,KI,Kiribati,1995,,0.4,,,,CELSIUS,Degré Celsius (°C),SE,Standard error,0.1,,N,National,,
DATAFLOW,SPC:DF_CLIMATE_CHANGE(1.0),Indicateurs du changement climatique,I,A,Annuel,ST_ANOM,Anomalies des températures de surface,KI,Kiribati,1996,,-0.1,,,,CELSIUS,Degré Celsius (°C),SE,Standard error,0.0,,N,National,,
DATAFLOW,SPC:DF_CLIMATE_CHANGE(1.0),Indicateurs du changement climatique,I,A,Annuel,ST_ANOM,Anomalies des températures de surface,KI,Kiribati,1997,,0.6,,,,CELSIUS,Degré Celsius (°C),SE,Standard error,0.0,,N,National,,
DATAFLOW,SPC:DF_CLIMATE_CHANGE(1.0),Indicateurs du changement climatique,I,A,Annuel,ST_ANOM,Anomalies des températures de surface,KI,Kiribati,1998,,-0.3,,,,CELSIUS,Degré Celsius (°C),SE,Standard error,0.2,,N,National,,
DATAFLOW,SPC:DF_CLIMATE_CHANGE(1.0),Indicateurs du changement climatique,I,A,Annuel,ST_ANOM,Anomalies des températures de surface,KI,Kiribati,1999,,-0.9,,,,CELSIUS,Degré Celsius (°C),SE,Standard error,0.1,,N,National,,
DATAFLOW,SPC:DF_CLIMATE_CHANGE(1.0),Indicateurs du changement climatique,I,A,Annuel,ST_ANOM,Anomalies des températures de surface,KI,Kiribati,2000,,-0.7,,,,CELSIUS,Degré Celsius (°C),SE,Standard error,0.1,,N,National,,
DATAFLOW,SPC:DF_CLIMATE_CHANGE(1.0),Indicateurs du changement climatique,I,A,Annuel,ST_ANOM,Anomalies des températures de surface,KI,Kiribati,2001,,0.0,,,,CELSIUS,Degré Celsius (°C),SE,Standard error,0.1,,N,National,,
DATAFLOW,SPC:DF_CLIMATE_CHANGE(1.0),Indicateurs du changement climatique,I,A,Annuel,ST_ANOM,Anomalies des températures de surface,KI,Kiribati,2002,,0.7,,,,CELSIUS,Degré Celsius (°C),SE,Standard error,0.0,,N,National,,
DATAFLOW,SPC:DF_CLIMATE_CHANGE(1.0),Indicateurs du changement climatique,I,A,Annuel,ST_ANOM,Anomalies des températures de surface,KI,Kiribati,2003,,0.6,,,,CELSIUS,Degré Celsius (°C),SE,Standard error,0.0,,N,National,,
DATAFLOW,SPC:DF_CLIMATE_CHANGE(1.0),Indicateurs du changement climatique,I,A,Annuel,ST_ANOM,Anomalies des températures de surface,KI,Kiribati,2004,,0.7,,,,CELSIUS,Degré Celsius (°C),SE,Standard error,0.1,,N,National,,
DATAFLOW,SPC:DF_CLIMATE_CHANGE(1.0),Indicateurs du changement climatique,I,A,Annuel,ST_ANOM,Anomalies des températures de surface,KI,Kiribati,2005,,0.5,,,,CELSIUS,Degré Celsius (°C),SE,Standard error,0.1,,N,National,,
DATAFLOW,SPC:DF_CLIMATE_CHANGE(1.0),Indicateurs du changement climatique,I,A,Annuel,ST_ANOM,Anomalies des températures de surface,KI,Kiribati,2006,,0.4,,,,CELSIUS,Degré Celsius (°C),SE,Standard error,0.2,,N,National,,
DATAFLOW,SPC:DF_CLIMATE_CHANGE(1.0),Indicateurs du changement climatique,I,A,Annuel,ST_ANOM,Anomalies des températures de surface,KI,Kiribati,2007,,0.1,,,,CELSIUS,Degré Celsius (°C),SE,Standard error,0.2,,N,National,,
DATAFLOW,SPC:DF_CLIMATE_CHANGE(1.0),Indicateurs du changement climatique,I,A,Annuel,ST_ANOM,Anomalies des températures de surface,KI,Kiribati,2008,,-0.8,,,,CELSIUS,Degré Celsius (°C),SE,Standard error,0.1,,N,National,,
DATAFLOW,SPC:DF_CLIMATE_CHANGE(1.0),Indicateurs du changement climatique,I,A,Annuel,ST_ANOM,Anomalies des températures de surface,KI,Kiribati,2009,,0.4,,,,CELSIUS,Degré Celsius (°C),SE,Standard error,0.2,,N,National,,
DATAFLOW,SPC:DF_CLIMATE_CHANGE(1.0),Indicateurs du changement climatique,I,A,Annuel,ST_ANOM,Anomalies des températures de surface,KI,Kiribati,2010,,-0.2,,,,CELSIUS,Degré Celsius (°C),SE,Standard error,0.3,,N,National,,
DATAFLOW,SPC:DF_CLIMATE_CHANGE(1.0),Indicateurs du changement climatique,I,A,Annuel,ST_ANOM,Anomalies des températures de surface,KI,Kiribati,2011,,-0.6,,,,CELSIUS,Degré Celsius (°C),SE,Standard error,0.1,,N,National,,
DATAFLOW,SPC:DF_CLIMATE_CHANGE(1.0),Indicateurs du changement climatique,I,A,Annuel,ST_ANOM,Anomalies des températures de surface,KI,Kiribati,2012,,0.0,,,,CELSIUS,Degré Celsius (°C),SE,Standard error,0.2,,N,National,,
DATAFLOW,SPC:DF_CLIMATE_CHANGE(1.0),Indicateurs du changement climatique,I,A,Annuel,ST_ANOM,Anomalies des températures de surface,KI,Kiribati,2013,,0.1,,,,CELSIUS,Degré Celsius (°C),SE,Standard error,0.0,,N,National,,
DATAFLOW,SPC:DF_CLIMATE_CHANGE(1.0),Indicateurs du changement climatique,I,A,Annuel,ST_ANOM,Anomalies des températures de surface,KI,Kiribati,2014,,0.7,,,,CELSIUS,Degré Celsius (°C),SE,Standard error,0.1,,N,National,,
DATAFLOW,SPC:DF_CLIMATE_CHANGE(1.0),Indicateurs du changement climatique,I,A,Annuel,ST_ANOM,Anomalies des températures de surface,KI,Kiribati,2015,,1.2,,,,CELSIUS,Degré Celsius (°C),SE,Standard error,0.0,,N,National,,
DATAFLOW,SPC:DF_CLIMATE_CHANGE(1.0),Indicateurs du changement climatique,I,A,Annuel,ST_ANOM,Anomalies des températures de surface,KI,Kiribati,2016,,0.7,,,,CELSIUS,Degré Celsius (°C),SE,Standard error,0.1,,N,National,,
DATAFLOW,SPC:DF_CLIMATE_CHANGE(1.0),Indicateurs du changement climatique,I,A,Annuel,ST_ANOM,Anomalies des températures de surface,KI,Kiribati,2017,,0.3,,,,CELSIUS,Degré Celsius (°C),SE,Standard error,0.1,,N,National,,
DATAFLOW,SPC:DF_CLIMATE_CHANGE(1.0),Indicateurs du changement climatique,I,A,Annuel,ST_ANOM,Anomalies des températures de surface,KI,Kiribati,2018,,0.6,,,,CELSIUS,Degré Celsius (°C),SE,Standard error,0.1,,N,National,,
DATAFLOW,SPC:DF_CLIMATE_CHANGE(1.0),Indicateurs du changement climatique,I,A,Annuel,ST_ANOM,Anomalies des températures de surface,KI,Kiribati,2019,,0.9,,,,CELSIUS,Degré Celsius (°C),SE,Standard error,0.0,,N,National,,
DATAFLOW,SPC:DF_CLIMATE_CHANGE(1.0),Indicateurs du changement climatique,I,A,Annuel,ST_ANOM,Anomalies des températures de surface,KI,Kiribati,2020,,0.3,,,,CELSIUS,Degré Celsius (°C),SE,Standard error,0.2,,N,National,,
DATAFLOW,SPC:DF_CLIMATE_CHANGE(1.0),Indicateurs du changement climatique,I,A,Annuel,ST_ANOM,Anomalies des températures de surface,KI,Kiribati,2021,,-0.2,,,,CELSIUS,Degré Celsius (°C),SE,Standard error,0.1,,N,National,,
DATAFLOW,SPC:DF_CLIMATE_CHANGE(1.0),Indicateurs du changement climatique,I,A,Annuel,ST_ANOM,Anomalies des températures de surface,KI,Kiribati,2022,,-0.6,,,,CELSIUS,Degré Celsius (°C),SE,Standard error,0.1,,N,National,,
DATAFLOW,SPC:DF_CLIMATE_CHANGE(1.0),Indicateurs du changement climatique,I,A,Annuel,ST_ANOM,Anomalies des températures de surface,KI,Kiribati,2023,,0.7,,,,CELSIUS,Degré Celsius (°C),SE,Standard error,0.2,,N,National,,
DATAFLOW,SPC:DF_CLIMATE_CHANGE(1.0),Indicateurs du changement climatique,I,A,Annuel,ST_ANOM,Anomalies des températures de surface,KI,Kiribati,2024,,0.9,,,,CELSIUS,Degré Celsius (°C),SE,Standard error,0.1,,N,National,,
DATAFLOW,SPC:DF_CLIMATE_CHANGE(1.0),Indicateurs du changement climatique,I,A,Annuel,ST_ANOM,Anomalies des températures de surface,KI,Kiribati,2025,,0.0,,,,CELSIUS,Degré Celsius (°C),SE,Standard error,0.1,,N,National,,
DATAFLOW,SPC:DF_CLIMATE_CHANGE(1.0),Indicateurs du changement climatique,I,A,Annuel,ST_ANOM,Anomalies des températures de surface,TV,Tuvalu,1850,,0.0,,,,CELSIUS,Degré Celsius (°C),SE,Standard error,0.0,,N,National,,
DATAFLOW,SPC:DF_CLIMATE_CHANGE(1.0),Indicateurs du changement climatique,I,A,Annuel,ST_ANOM,Anomalies des températures de surface,TV,Tuvalu,1851,,-0.4,,,,CELSIUS,Degré Celsius (°C),SE,Standard error,0.1,,N,National,,
DATAFLOW,SPC:DF_CLIMATE_CHANGE(1.0),Indicateurs du changement climatique,I,A,Annuel,ST_ANOM,Anomalies des températures de surface,TV,Tuvalu,1852,,-0.1,,,,CELSIUS,Degré Celsius (°C),SE,Standard error,0.0,,N,National,,
DATAFLOW,SPC:DF_CLIMATE_CHANGE(1.0),Indicateurs du changement climatique,I,A,Annuel,ST_ANOM,Anomalies des températures de surface,TV,Tuvalu,1853,,-0.1,,,,CELSIUS,Degré Celsius (°C),SE,Standard error,0.1,,N,National,,
DATAFLOW,SPC:DF_CLIMATE_CHANGE(1.0),Indicateurs du changement climatique,I,A,Annuel,ST_ANOM,Anomalies des températures de surface,TV,Tuvalu,1854,,0.0,,,,CELSIUS,Degré Celsius (°C),SE,Standard error,0.0,,N,National,,
DATAFLOW,SPC:DF_CLIMATE_CHANGE(1.0),Indicateurs du changement climatique,I,A,Annuel,ST_ANOM,Anomalies des températures de surface,TV,Tuvalu,1855,,-0.2,,,,CELSIUS,Degré Celsius (°C),SE,Standard error,0.1,,N,National,,
DATAFLOW,SPC:DF_CLIMATE_CHANGE(1.0),Indicateurs du changement climatique,I,A,Annuel,ST_ANOM,Anomalies des températures de surface,TV,Tuvalu,1856,,-0.3,,,,CELSIUS,Degré Celsius (°C),SE,Standard error,0.1,,N,National,,
DATAFLOW,SPC:DF_CLIMATE_CHANGE(1.0),Indicateurs du changement climatique,I,A,Annuel,ST_ANOM,Anomalies des températures de surface,TV,Tuvalu,1857,,-0.5,,,,CELSIUS,Degré Celsius (°C),SE,Standard error,0.0,,N,National,,
DATAFLOW,SPC:DF_CLIMATE_CHANGE(1.0),Indicateurs du changement climatique,I,A,Annuel,ST_ANOM,Anomalies des températures de surface,TV,Tuvalu,1858,,-0.2,,,,CELSIUS,Degré Celsius (°C),SE,Standard error,0.1,,N,National,,
DATAFLOW,SPC:DF_CLIMATE_CHANGE(1.0),Indicateurs du changement climatique,I,A,Annuel,ST_ANOM,Anomalies des températures de surface,TV,Tuvalu,1859,,0.2,,,,CELSIUS,Degré Celsius (°C),SE,Standard error,0.0,,N,National,,
DATAFLOW,SPC:DF_CLIMATE_CHANGE(1.0),Indicateurs du changement climatique,I,A,Annuel,ST_ANOM,Anomalies des températures de surface,TV,Tuvalu,1860,,-0.2,,,,CELSIUS,Degré Celsius (°C),SE,Standard error,0.0,,N,National,,
DATAFLOW,SPC:DF_CLIMATE_CHANGE(1.0),Indicateurs du changement climatique,I,A,Annuel,ST_ANOM,Anomalies des températures de surface,TV,Tuvalu,1861,,-0.2,,,,CELSIUS,Degré Celsius (°C),SE,Standard error,0.1,,N,National,,
DATAFLOW,SPC:DF_CLIMATE_CHANGE(1.0),Indicateurs du changement climatique,I,A,Annuel,ST_ANOM,Anomalies des températures de surface,TV,Tuvalu,1862,,-0.1,,,,CELSIUS,Degré Celsius (°C),SE,Standard error,0.0,,N,National,,
DATAFLOW,SPC:DF_CLIMATE_CHANGE(1.0),Indicateurs du changement climatique,I,A,Annuel,ST_ANOM,Anomalies des températures de surface,TV,Tuvalu,1863,,0.0,,,,CELSIUS,Degré Celsius (°C),SE,Standard error,0.0,,N,National,,
DATAFLOW,SPC:DF_CLIMATE_CHANGE(1.0),Indicateurs du changement climatique,I,A,Annuel,ST_ANOM,Anomalies des températures de surface,TV,Tuvalu,1864,,0.0,,,,CELSIUS,Degré Celsius (°C),SE,Standard error,0.0,,N,National,,
DATAFLOW,SPC:DF_CLIMATE_CHANGE(1.0),Indicateurs du changement climatique,I,A,Annuel,ST_ANOM,Anomalies des températures de surface,TV,Tuvalu,1865,,0.0,,,,CELSIUS,Degré Celsius (°C),SE,Standard error,0.0,,N,National,,
DATAFLOW,SPC:DF_CLIMATE_CHANGE(1.0),Indicateurs du changement climatique,I,A,Annuel,ST_ANOM,Anomalies des températures de surface,TV,Tuvalu,1866,,0.0,,,,CELSIUS,Degré Celsius (°C),SE,Standard error,0.0,,N,National,,
DATAFLOW,SPC:DF_CLIMATE_CHANGE(1.0),Indicateurs du changement climatique,I,A,Annuel,ST_ANOM,Anomalies des températures de surface,TV,Tuvalu,1867,,0.0,,,,CELSIUS,Degré Celsius (°C),SE,Standard error,0.0,,N,National,,
DATAFLOW,SPC:DF_CLIMATE_CHANGE(1.0),Indicateurs du changement climatique,I,A,Annuel,ST_ANOM,Anomalies des températures de surface,TV,Tuvalu,1868,,0.1,,,,CELSIUS,Degré Celsius (°C),SE,Standard error,0.0,,N,National,,
DATAFLOW,SPC:DF_CLIMATE_CHANGE(1.0),Indicateurs du changement climatique,I,A,Annuel,ST_ANOM,Anomalies des températures de surface,TV,Tuvalu,1869,,0.2,,,,CELSIUS,Degré Celsius (°C),SE,Standard error,0.1,,N,National,,
DATAFLOW,SPC:DF_CLIMATE_CHANGE(1.0),Indicateurs du changement climatique,I,A,Annuel,ST_ANOM,Anomalies des températures de surface,TV,Tuvalu,1870,,-0.2,,,,CELSIUS,Degré Celsius (°C),SE,Standard error,0.1,,N,National,,
DATAFLOW,SPC:DF_CLIMATE_CHANGE(1.0),Indicateurs du changement climatique,I,A,Annuel,ST_ANOM,Anomalies des températures de surface,TV,Tuvalu,1871,,0.0,,,,CELSIUS,Degré Celsius (°C),SE,Standard error,0.0,,N,National,,
DATAFLOW,SPC:DF_CLIMATE_CHANGE(1.0),Indicateurs du changement climatique,I,A,Annuel,ST_ANOM,Anomalies des températures de surface,TV,Tuvalu,1872,,0.0,,,,CELSIUS,Degré Celsius (°C),SE,Standard error,0.1,,N,National,,
DATAFLOW,SPC:DF_CLIMATE_CHANGE(1.0),Indicateurs du changement climatique,I,A,Annuel,ST_ANOM,Anomalies des températures de surface,TV,Tuvalu,1873,,-0.3,,,,CELSIUS,Degré Celsius (°C),SE,Standard error,0.1,,N,National,,
DATAFLOW,SPC:DF_CLIMATE_CHANGE(1.0),Indicateurs du changement climatique,I,A,Annuel,ST_ANOM,Anomalies des températures de surface,TV,Tuvalu,1874,,-0.1,,,,CELSIUS,Degré Celsius (°C),SE,Standard error,0.1,,N,National,,
DATAFLOW,SPC:DF_CLIMATE_CHANGE(1.0),Indicateurs du changement climatique,I,A,Annuel,ST_ANOM,Anomalies des températures de surface,TV,Tuvalu,1875,,-0.3,,,,CELSIUS,Degré Celsius (°C),SE,Standard error,0.1,,N,National,,
DATAFLOW,SPC:DF_CLIMATE_CHANGE(1.0),Indicateurs du changement climatique,I,A,Annuel,ST_ANOM,Anomalies des températures de surface,TV,Tuvalu,1876,,-0.3,,,,CELSIUS,Degré Celsius (°C),SE,Standard error,0.0,,N,National,,
DATAFLOW,SPC:DF_CLIMATE_CHANGE(1.0),Indicateurs du changement climatique,I,A,Annuel,ST_ANOM,Anomalies des températures de surface,TV,Tuvalu,1877,,-0.2,,,,CELSIUS,Degré Celsius (°C),SE,Standard error,0.0,,N,National,,
DATAFLOW,SPC:DF_CLIMATE_CHANGE(1.0),Indicateurs du changement climatique,I,A,Annuel,ST_ANOM,Anomalies des températures de surface,TV,Tuvalu,1878,,-0.2,,,,CELSIUS,Degré Celsius (°C),SE,Standard error,0.0,,N,National,,
DATAFLOW,SPC:DF_CLIMATE_CHANGE(1.0),Indicateurs du changement climatique,I,A,Annuel,ST_ANOM,Anomalies des températures de surface,TV,Tuvalu,1879,,-0.5,,,,CELSIUS,Degré Celsius (°C),SE,Standard error,0.0,,N,National,,
DATAFLOW,SPC:DF_CLIMATE_CHANGE(1.0),Indicateurs du changement climatique,I,A,Annuel,ST_ANOM,Anomalies des températures de surface,TV,Tuvalu,1880,,-0.5,,,,CELSIUS,Degré Celsius (°C),SE,Standard error,0.0,,N,National,,
DATAFLOW,SPC:DF_CLIMATE_CHANGE(1.0),Indicateurs du changement climatique,I,A,Annuel,ST_ANOM,Anomalies des températures de surface,TV,Tuvalu,1881,,0.1,,,,CELSIUS,Degré Celsius (°C),SE,Standard error,0.1,,N,National,,
DATAFLOW,SPC:DF_CLIMATE_CHANGE(1.0),Indicateurs du changement climatique,I,A,Annuel,ST_ANOM,Anomalies des températures de surface,TV,Tuvalu,1882,,0.2,,,,CELSIUS,Degré Celsius (°C),SE,Standard error,0.1,,N,National,,
DATAFLOW,SPC:DF_CLIMATE_CHANGE(1.0),Indicateurs du changement climatique,I,A,Annuel,ST_ANOM,Anomalies des températures de surface,TV,Tuvalu,1883,,-0.3,,,,CELSIUS,Degré Celsius (°C),SE,Standard error,0.1,,N,National,,
DATAFLOW,SPC:DF_CLIMATE_CHANGE(1.0),Indicateurs du changement climatique,I,A,Annuel,ST_ANOM,Anomalies des températures de surface,TV,Tuvalu,1884,,-0.4,,,,CELSIUS,Degré Celsius (°C),SE,Standard error,0.1,,N,National,,
DATAFLOW,SPC:DF_CLIMATE_CHANGE(1.0),Indicateurs du changement climatique,I,A,Annuel,ST_ANOM,Anomalies des températures de surface,TV,Tuvalu,1885,,-0.4,,,,CELSIUS,Degré Celsius (°C),SE,Standard error,0.1,,N,National,,
DATAFLOW,SPC:DF_CLIMATE_CHANGE(1.0),Indicateurs du changement climatique,I,A,Annuel,ST_ANOM,Anomalies des températures de surface,TV,Tuvalu,1886,,-0.5,,,,CELSIUS,Degré Celsius (°C),SE,Standard error,0.1,,N,National,,
DATAFLOW,SPC:DF_CLIMATE_CHANGE(1.0),Indicateurs du changement climatique,I,A,Annuel,ST_ANOM,Anomalies des températures de surface,TV,Tuvalu,1887,,-0.5,,,,CELSIUS,Degré Celsius (°C),SE,Standard error,0.1,,N,National,,
DATAFLOW,SPC:DF_CLIMATE_CHANGE(1.0),Indicateurs du changement climatique,I,A,Annuel,ST_ANOM,Anomalies des températures de surface,TV,Tuvalu,1888,,-0.1,,,,CELSIUS,Degré Celsius (°C),SE,Standard error,0.1,,N,National,,
DATAFLOW,SPC:DF_CLIMATE_CHANGE(1.0),Indicateurs du changement climatique,I,A,Annuel,ST_ANOM,Anomalies des températures de surface,TV,Tuvalu,1889,,-0.4,,,,CELSIUS,Degré Celsius (°C),SE,Standard error,0.1,,N,National,,
DATAFLOW,SPC:DF_CLIMATE_CHANGE(1.0),Indicateurs du changement climatique,I,A,Annuel,ST_ANOM,Anomalies des températures de surface,TV,Tuvalu,1890,,-0.7,,,,CELSIUS,Degré Celsius (°C),SE,Standard error,0.1,,N,National,,
DATAFLOW,SPC:DF_CLIMATE_CHANGE(1.0),Indicateurs du changement climatique,I,A,Annuel,ST_ANOM,Anomalies des températures de surface,TV,Tuvalu,1891,,-0.4,,,,CELSIUS,Degré Celsius (°C),SE,Standard error,0.1,,N,National,,
DATAFLOW,SPC:DF_CLIMATE_CHANGE(1.0),Indicateurs du changement climatique,I,A,Annuel,ST_ANOM,Anomalies des températures de surface,TV,Tuvalu,1892,,-0.2,,,,CELSIUS,Degré Celsius (°C),SE,Standard error,0.1,,N,National,,
DATAFLOW,SPC:DF_CLIMATE_CHANGE(1.0),Indicateurs du changement climatique,I,A,Annuel,ST_ANOM,Anomalies des températures de surface,TV,Tuvalu,1893,,-0.6,,,,CELSIUS,Degré Celsius (°C),SE,Standard error,0.0,,N,National,,
DATAFLOW,SPC:DF_CLIMATE_CHANGE(1.0),Indicateurs du changement climatique,I,A,Annuel,ST_ANOM,Anomalies des températures de surface,TV,Tuvalu,1894,,-0.3,,,,CELSIUS,Degré Celsius (°C),SE,Standard error,0.0,,N,National,,
DATAFLOW,SPC:DF_CLIMATE_CHANGE(1.0),Indicateurs du changement climatique,I,A,Annuel,ST_ANOM,Anomalies des températures de surface,TV,Tuvalu,1895,,-0.3,,,,CELSIUS,Degré Celsius (°C),SE,Standard error,0.0,,N,National,,
DATAFLOW,SPC:DF_CLIMATE_CHANGE(1.0),Indicateurs du changement climatique,I,A,Annuel,ST_ANOM,Anomalies des températures de surface,TV,Tuvalu,1896,,-0.3,,,,CELSIUS,Degré Celsius (°C),SE,Standard error,0.0,,N,National,,
DATAFLOW,SPC:DF_CLIMATE_CHANGE(1.0),Indicateurs du changement climatique,I,A,Annuel,ST_ANOM,Anomalies des températures de surface,TV,Tuvalu,1897,,-0.1,,,,CELSIUS,Degré Celsius (°C),SE,Standard error,0.1,,N,National,,
DATAFLOW,SPC:DF_CLIMATE_CHANGE(1.0),Indicateurs du changement climatique,I,A,Annuel,ST_ANOM,Anomalies des températures de surface,TV,Tuvalu,1898,,-0.4,,,,CELSIUS,Degré Celsius (°C),SE,Standard error,0.0,,N,National,,
DATAFLOW,SPC:DF_CLIMATE_CHANGE(1.0),Indicateurs du changement climatique,I,A,Annuel,ST_ANOM,Anomalies des températures de surface,TV,Tuvalu,1899,,-0.3,,,,CELSIUS,Degré Celsius (°C),SE,Standard error,0.1,,N,National,,
DATAFLOW,SPC:DF_CLIMATE_CHANGE(1.0),Indicateurs du changement climatique,I,A,Annuel,ST_ANOM,Anomalies des températures de surface,TV,Tuvalu,1900,,0.1,,,,CELSIUS,Degré Celsius (°C),SE,Standard error,0.1,,N,National,,
DATAFLOW,SPC:DF_CLIMATE_CHANGE(1.0),Indicateurs du changement climatique,I,A,Annuel,ST_ANOM,Anomalies des températures de surface,TV,Tuvalu,1901,,0.0,,,,CELSIUS,Degré Celsius (°C),SE,Standard error,0.1,,N,National,,
DATAFLOW,SPC:DF_CLIMATE_CHANGE(1.0),Indicateurs du changement climatique,I,A,Annuel,ST_ANOM,Anomalies des températures de surface,TV,Tuvalu,1902,,-0.4,,,,CELSIUS,Degré Celsius (°C),SE,Standard error,0.1,,N,National,,
DATAFLOW,SPC:DF_CLIMATE_CHANGE(1.0),Indicateurs du changement climatique,I,A,Annuel,ST_ANOM,Anomalies des températures de surface,TV,Tuvalu,1903,,-0.3,,,,CELSIUS,Degré Celsius (°C),SE,Standard error,0.1,,N,National,,
DATAFLOW,SPC:DF_CLIMATE_CHANGE(1.0),Indicateurs du changement climatique,I,A,Annuel,ST_ANOM,Anomalies des températures de surface,TV,Tuvalu,1904,,-0.7,,,,CELSIUS,Degré Celsius (°C),SE,Standard error,0.1,,N,National,,
DATAFLOW,SPC:DF_CLIMATE_CHANGE(1.0),Indicateurs du changement climatique,I,A,Annuel,ST_ANOM,Anomalies des températures de surface,TV,Tuvalu,1905,,-0.3,,,,CELSIUS,Degré Celsius (°C),SE,Standard error,0.1,,N,National,,
DATAFLOW,SPC:DF_CLIMATE_CHANGE(1.0),Indicateurs du changement climatique,I,A,Annuel,ST_ANOM,Anomalies des températures de surface,TV,Tuvalu,1906,,-0.5,,,,CELSIUS,Degré Celsius (°C),SE,Standard error,0.1,,N,National,,
DATAFLOW,SPC:DF_CLIMATE_CHANGE(1.0),Indicateurs du changement climatique,I,A,Annuel,ST_ANOM,Anomalies des températures de surface,TV,Tuvalu,1907,,-0.4,,,,CELSIUS,Degré Celsius (°C),SE,Standard error,0.1,,N,National,,
DATAFLOW,SPC:DF_CLIMATE_CHANGE(1.0),Indicateurs du changement climatique,I,A,Annuel,ST_ANOM,Anomalies des températures de surface,TV,Tuvalu,1908,,-0.6,,,,CELSIUS,Degré Celsius (°C),SE,Standard error,0.1,,N,National,,
DATAFLOW,SPC:DF_CLIMATE_CHANGE(1.0),Indicateurs du changement climatique,I,A,Annuel,ST_ANOM,Anomalies des températures de surface,TV,Tuvalu,1909,,-0.8,,,,CELSIUS,Degré Celsius (°C),SE,Standard error,0.1,,N,National,,
DATAFLOW,SPC:DF_CLIMATE_CHANGE(1.0),Indicateurs du changement climatique,I,A,Annuel,ST_ANOM,Anomalies des températures de surface,TV,Tuvalu,1910,,-1.1,,,,CELSIUS,Degré Celsius (°C),SE,Standard error,0.1,,N,National,,
DATAFLOW,SPC:DF_CLIMATE_CHANGE(1.0),Indicateurs du changement climatique,I,A,Annuel,ST_ANOM,Anomalies des températures de surface,TV,Tuvalu,1911,,-0.7,,,,CELSIUS,Degré Celsius (°C),SE,Standard error,0.1,,N,National,,
DATAFLOW,SPC:DF_CLIMATE_CHANGE(1.0),Indicateurs du changement climatique,I,A,Annuel,ST_ANOM,Anomalies des températures de surface,TV,Tuvalu,1912,,-0.4,,,,CELSIUS,Degré Celsius (°C),SE,Standard error,0.1,,N,National,,
DATAFLOW,SPC:DF_CLIMATE_CHANGE(1.0),Indicateurs du changement climatique,I,A,Annuel,ST_ANOM,Anomalies des températures de surface,TV,Tuvalu,1913,,-0.6,,,,CELSIUS,Degré Celsius (°C),SE,Standard error,0.1,,N,National,,
DATAFLOW,SPC:DF_CLIMATE_CHANGE(1.0),Indicateurs du changement climatique,I,A,Annuel,ST_ANOM,Anomalies des températures de surface,TV,Tuvalu,1914,,-0.4,,,,CELSIUS,Degré Celsius (°C),SE,Standard error,0.1,,N,National,,
DATAFLOW,SPC:DF_CLIMATE_CHANGE(1.0),Indicateurs du changement climatique,I,A,Annuel,ST_ANOM,Anomalies des températures de surface,TV,Tuvalu,1915,,-0.3,,,,CELSIUS,Degré Celsius (°C),SE,Standard error,0.1,,N,National,,
DATAFLOW,SPC:DF_CLIMATE_CHANGE(1.0),Indicateurs du changement climatique,I,A,Annuel,ST_ANOM,Anomalies des températures de surface,TV,Tuvalu,1916,,-1.0,,,,CELSIUS,Degré Celsius (°C),SE,Standard error,0.1,,N,National,,
DATAFLOW,SPC:DF_CLIMATE_CHANGE(1.0),Indicateurs du changement climatique,I,A,Annuel,ST_ANOM,Anomalies des températures de surface,TV,Tuvalu,1917,,-1.5,,,,CELSIUS,Degré Celsius (°C),SE,Standard error,0.2,,N,National,,
DATAFLOW,SPC:DF_CLIMATE_CHANGE(1.0),Indicateurs du changement climatique,I,A,Annuel,ST_ANOM,Anomalies des températures de surface,TV,Tuvalu,1918,,-0.6,,,,CELSIUS,Degré Celsius (°C),SE,Standard error,0.1,,N,National,,
DATAFLOW,SPC:DF_CLIMATE_CHANGE(1.0),Indicateurs du changement climatique,I,A,Annuel,ST_ANOM,Anomalies des températures de surface,TV,Tuvalu,1919,,-0.9,,,,CELSIUS,Degré Celsius (°C),SE,Standard error,0.1,,N,National,,
DATAFLOW,SPC:DF_CLIMATE_CHANGE(1.0),Indicateurs du changement climatique,I,A,Annuel,ST_ANOM,Anomalies des températures de surface,TV,Tuvalu,1920,,-0.5,,,,CELSIUS,Degré Celsius (°C),SE,Standard error,0.1,,N,National,,
DATAFLOW,SPC:DF_CLIMATE_CHANGE(1.0),Indicateurs du changement climatique,I,A,Annuel,ST_ANOM,Anomalies des températures de surface,TV,Tuvalu,1921,,-0.5,,,,CELSIUS,Degré Celsius (°C),SE,Standard error,0.1,,N,National,,
DATAFLOW,SPC:DF_CLIMATE_CHANGE(1.0),Indicateurs du changement climatique,I,A,Annuel,ST_ANOM,Anomalies des températures de surface,TV,Tuvalu,1922,,-0.4,,,,CELSIUS,Degré Celsius (°C),SE,Standard error,0.1,,N,National,,
DATAFLOW,SPC:DF_CLIMATE_CHANGE(1.0),Indicateurs du changement climatique,I,A,Annuel,ST_ANOM,Anomalies des températures de surface,TV,Tuvalu,1923,,-0.4,,,,CELSIUS,Degré Celsius (°C),SE,Standard error,0.0,,N,National,,
DATAFLOW,SPC:DF_CLIMATE_CHANGE(1.0),Indicateurs du changement climatique,I,A,Annuel,ST_ANOM,Anomalies des températures de surface,TV,Tuvalu,1924,,-0.4,,,,CELSIUS,Degré Celsius (°C),SE,Standard error,0.1,,N,National,,
DATAFLOW,SPC:DF_CLIMATE_CHANGE(1.0),Indicateurs du changement climatique,I,A,Annuel,ST_ANOM,Anomalies des températures de surface,TV,Tuvalu,1925,,-0.5,,,,CELSIUS,Degré Celsius (°C),SE,Standard error,0.1,,N,National,,
DATAFLOW,SPC:DF_CLIMATE_CHANGE(1.0),Indicateurs du changement climatique,I,A,Annuel,ST_ANOM,Anomalies des températures de surface,TV,Tuvalu,1926,,-0.3,,,,CELSIUS,Degré Celsius (°C),SE,Standard error,0.1,,N,National,,
DATAFLOW,SPC:DF_CLIMATE_CHANGE(1.0),Indicateurs du changement climatique,I,A,Annuel,ST_ANOM,Anomalies des températures de surface,TV,Tuvalu,1927,,-0.6,,,,CELSIUS,Degré Celsius (°C),SE,Standard error,0.1,,N,National,,
DATAFLOW,SPC:DF_CLIMATE_CHANGE(1.0),Indicateurs du changement climatique,I,A,Annuel,ST_ANOM,Anomalies des températures de surface,TV,Tuvalu,1928,,-0.3,,,,CELSIUS,Degré Celsius (°C),SE,Standard error,0.1,,N,National,,
DATAFLOW,SPC:DF_CLIMATE_CHANGE(1.0),Indicateurs du changement climatique,I,A,Annuel,ST_ANOM,Anomalies des températures de surface,TV,Tuvalu,1929,,-0.3,,,,CELSIUS,Degré Celsius (°C),SE,Standard error,0.0,,N,National,,
DATAFLOW,SPC:DF_CLIMATE_CHANGE(1.0),Indicateurs du changement climatique,I,A,Annuel,ST_ANOM,Anomalies des températures de surface,TV,Tuvalu,1930,,-0.2,,,,CELSIUS,Degré Celsius (°C),SE,Standard error,0.1,,N,National,,
DATAFLOW,SPC:DF_CLIMATE_CHANGE(1.0),Indicateurs du changement climatique,I,A,Annuel,ST_ANOM,Anomalies des températures de surface,TV,Tuvalu,1931,,-0.2,,,,CELSIUS,Degré Celsius (°C),SE,Standard error,0.0,,N,National,,
DATAFLOW,SPC:DF_CLIMATE_CHANGE(1.0),Indicateurs du changement climatique,I,A,Annuel,ST_ANOM,Anomalies des températures de surface,TV,Tuvalu,1932,,-0.3,,,,CELSIUS,Degré Celsius (°C),SE,Standard error,0.1,,N,National,,
DATAFLOW,SPC:DF_CLIMATE_CHANGE(1.0),Indicateurs du changement climatique,I,A,Annuel,ST_ANOM,Anomalies des températures de surface,TV,Tuvalu,1933,,-0.7,,,,CELSIUS,Degré Celsius (°C),SE,Standard error,0.1,,N,National,,
DATAFLOW,SPC:DF_CLIMATE_CHANGE(1.0),Indicateurs du changement climatique,I,A,Annuel,ST_ANOM,Anomalies des températures de surface,TV,Tuvalu,1934,,-0.6,,,,CELSIUS,Degré Celsius (°C),SE,Standard error,0.1,,N,National,,
DATAFLOW,SPC:DF_CLIMATE_CHANGE(1.0),Indicateurs du changement climatique,I,A,Annuel,ST_ANOM,Anomalies des températures de surface,TV,Tuvalu,1935,,-0.4,,,,CELSIUS,Degré Celsius (°C),SE,Standard error,0.0,,N,National,,
DATAFLOW,SPC:DF_CLIMATE_CHANGE(1.0),Indicateurs du changement climatique,I,A,Annuel,ST_ANOM,Anomalies des températures de surface,TV,Tuvalu,1936,,-0.4,,,,CELSIUS,Degré Celsius (°C),SE,Standard error,0.0,,N,National,,
DATAFLOW,SPC:DF_CLIMATE_CHANGE(1.0),Indicateurs du changement climatique,I,A,Annuel,ST_ANOM,Anomalies des températures de surface,TV,Tuvalu,1937,,-0.4,,,,CELSIUS,Degré Celsius (°C),SE,Standard error,0.0,,N,National,,
DATAFLOW,SPC:DF_CLIMATE_CHANGE(1.0),Indicateurs du changement climatique,I,A,Annuel,ST_ANOM,Anomalies des températures de surface,TV,Tuvalu,1938,,-0.6,,,,CELSIUS,Degré Celsius (°C),SE,Standard error,0.1,,N,National,,
DATAFLOW,SPC:DF_CLIMATE_CHANGE(1.0),Indicateurs du changement climatique,I,A,Annuel,ST_ANOM,Anomalies des températures de surface,TV,Tuvalu,1939,,-0.5,,,,CELSIUS,Degré Celsius (°C),SE,Standard error,0.1,,N,National,,
DATAFLOW,SPC:DF_CLIMATE_CHANGE(1.0),Indicateurs du changement climatique,I,A,Annuel,ST_ANOM,Anomalies des températures de surface,TV,Tuvalu,1940,,0.1,,,,CELSIUS,Degré Celsius (°C),SE,Standard error,0.1,,N,National,,
DATAFLOW,SPC:DF_CLIMATE_CHANGE(1.0),Indicateurs du changement climatique,I,A,Annuel,ST_ANOM,Anomalies des températures de surface,TV,Tuvalu,1941,,0.3,,,,CELSIUS,Degré Celsius (°C),SE,Standard error,0.0,,N,National,,
DATAFLOW,SPC:DF_CLIMATE_CHANGE(1.0),Indicateurs du changement climatique,I,A,Annuel,ST_ANOM,Anomalies des températures de surface,TV,Tuvalu,1942,,0.0,,,,CELSIUS,Degré Celsius (°C),SE,Standard error,0.1,,N,National,,
DATAFLOW,SPC:DF_CLIMATE_CHANGE(1.0),Indicateurs du changement climatique,I,A,Annuel,ST_ANOM,Anomalies des températures de surface,TV,Tuvalu,1943,,-0.1,,,,CELSIUS,Degré Celsius (°C),SE,Standard error,0.1,,N,National,,
DATAFLOW,SPC:DF_CLIMATE_CHANGE(1.0),Indicateurs du changement climatique,I,A,Annuel,ST_ANOM,Anomalies des températures de surface,TV,Tuvalu,1944,,0.1,,,,CELSIUS,Degré Celsius (°C),SE,Standard error,0.0,,N,National,,
DATAFLOW,SPC:DF_CLIMATE_CHANGE(1.0),Indicateurs du changement climatique,I,A,Annuel,ST_ANOM,Anomalies des températures de surface,TV,Tuvalu,1945,,0.0,,,,CELSIUS,Degré Celsius (°C),SE,Standard error,0.0,,N,National,,
DATAFLOW,SPC:DF_CLIMATE_CHANGE(1.0),Indicateurs du changement climatique,I,A,Annuel,ST_ANOM,Anomalies des températures de surface,TV,Tuvalu,1946,,0.2,,,,CELSIUS,Degré Celsius (°C),SE,Standard error,0.1,,N,National,,
DATAFLOW,SPC:DF_CLIMATE_CHANGE(1.0),Indicateurs du changement climatique,I,A,Annuel,ST_ANOM,Anomalies des températures de surface,TV,Tuvalu,1947,,0.0,,,,CELSIUS,Degré Celsius (°C),SE,Standard error,0.1,,N,National,,
DATAFLOW,SPC:DF_CLIMATE_CHANGE(1.0),Indicateurs du changement climatique,I,A,Annuel,ST_ANOM,Anomalies des températures de surface,TV,Tuvalu,1948,,-0.3,,,,CELSIUS,Degré Celsius (°C),SE,Standard error,0.2,,N,National,,
DATAFLOW,SPC:DF_CLIMATE_CHANGE(1.0),Indicateurs du changement climatique,I,A,Annuel,ST_ANOM,Anomalies des températures de surface,TV,Tuvalu,1949,,-0.4,,,,CELSIUS,Degré Celsius (°C),SE,Standard error,0.1,,N,National,,
DATAFLOW,SPC:DF_CLIMATE_CHANGE(1.0),Indicateurs du changement climatique,I,A,Annuel,ST_ANOM,Anomalies des températures de surface,TV,Tuvalu,1950,,-0.7,,,,CELSIUS,Degré Celsius (°C),SE,Standard error,0.1,,N,National,,
DATAFLOW,SPC:DF_CLIMATE_CHANGE(1.0),Indicateurs du changement climatique,I,A,Annuel,ST_ANOM,Anomalies des températures de surface,TV,Tuvalu,1951,,-0.2,,,,CELSIUS,Degré Celsius (°C),SE,Standard error,0.1,,N,National,,
DATAFLOW,SPC:DF_CLIMATE_CHANGE(1.0),Indicateurs du changement climatique,I,A,Annuel,ST_ANOM,Anomalies des températures de surface,TV,Tuvalu,1952,,-0.2,,,,CELSIUS,Degré Celsius (°C),SE,Standard error,0.0,,N,National,,
DATAFLOW,SPC:DF_CLIMATE_CHANGE(1.0),Indicateurs du changement climatique,I,A,Annuel,ST_ANOM,Anomalies des températures de surface,TV,Tuvalu,1953,,-0.2,,,,CELSIUS,Degré Celsius (°C),SE,Standard error,0.0,,N,National,,
DATAFLOW,SPC:DF_CLIMATE_CHANGE(1.0),Indicateurs du changement climatique,I,A,Annuel,ST_ANOM,Anomalies des températures de surface,TV,Tuvalu,1954,,-0.5,,,,CELSIUS,Degré Celsius (°C),SE,Standard error,0.1,,N,National,,
DATAFLOW,SPC:DF_CLIMATE_CHANGE(1.0),Indicateurs du changement climatique,I,A,Annuel,ST_ANOM,Anomalies des températures de surface,TV,Tuvalu,1955,,-0.7,,,,CELSIUS,Degré Celsius (°C),SE,Standard error,0.1,,N,National,,
DATAFLOW,SPC:DF_CLIMATE_CHANGE(1.0),Indicateurs du changement climatique,I,A,Annuel,ST_ANOM,Anomalies des températures de surface,TV,Tuvalu,1956,,-0.6,,,,CELSIUS,Degré Celsius (°C),SE,Standard error,0.0,,N,National,,
DATAFLOW,SPC:DF_CLIMATE_CHANGE(1.0),Indicateurs du changement climatique,I,A,Annuel,ST_ANOM,Anomalies des températures de surface,TV,Tuvalu,1957,,-0.4,,,,CELSIUS,Degré Celsius (°C),SE,Standard error,0.0,,N,National,,
DATAFLOW,SPC:DF_CLIMATE_CHANGE(1.0),Indicateurs du changement climatique,I,A,Annuel,ST_ANOM,Anomalies des températures de surface,TV,Tuvalu,1958,,-0.1,,,,CELSIUS,Degré Celsius (°C),SE,Standard error,0.0,,N,National,,
DATAFLOW,SPC:DF_CLIMATE_CHANGE(1.0),Indicateurs du changement climatique,I,A,Annuel,ST_ANOM,Anomalies des températures de surface,TV,Tuvalu,1959,,-0.2,,,,CELSIUS,Degré Celsius (°C),SE,Standard error,0.1,,N,National,,
DATAFLOW,SPC:DF_CLIMATE_CHANGE(1.0),Indicateurs du changement climatique,I,A,Annuel,ST_ANOM,Anomalies des températures de surface,TV,Tuvalu,1960,,-0.3,,,,CELSIUS,Degré Celsius (°C),SE,Standard error,0.1,,N,National,,
DATAFLOW,SPC:DF_CLIMATE_CHANGE(1.0),Indicateurs du changement climatique,I,A,Annuel,ST_ANOM,Anomalies des températures de surface,TV,Tuvalu,1961,,-0.4,,,,CELSIUS,Degré Celsius (°C),SE,Standard error,0.0,,N,National,,
DATAFLOW,SPC:DF_CLIMATE_CHANGE(1.0),Indicateurs du changement climatique,I,A,Annuel,ST_ANOM,Anomalies des températures de surface,TV,Tuvalu,1962,,-0.4,,,,CELSIUS,Degré Celsius (°C),SE,Standard error,0.0,,N,National,,
DATAFLOW,SPC:DF_CLIMATE_CHANGE(1.0),Indicateurs du changement climatique,I,A,Annuel,ST_ANOM,Anomalies des températures de surface,TV,Tuvalu,1963,,-0.3,,,,CELSIUS,Degré Celsius (°C),SE,Standard error,0.0,,N,National,,
DATAFLOW,SPC:DF_CLIMATE_CHANGE(1.0),Indicateurs du changement climatique,I,A,Annuel,ST_ANOM,Anomalies des températures de surface,TV,Tuvalu,1964,,-0.6,,,,CELSIUS,Degré Celsius (°C),SE,Standard error,0.1,,N,National,,
DATAFLOW,SPC:DF_CLIMATE_CHANGE(1.0),Indicateurs du changement climatique,I,A,Annuel,ST_ANOM,Anomalies des températures de surface,TV,Tuvalu,1965,,-0.5,,,,CELSIUS,Degré Celsius (°C),SE,Standard error,0.1,,N,National,,
DATAFLOW,SPC:DF_CLIMATE_CHANGE(1.0),Indicateurs du changement climatique,I,A,Annuel,ST_ANOM,Anomalies des températures de surface,TV,Tuvalu,1966,,-0.1,,,,CELSIUS,Degré Celsius (°C),SE,Standard error,0.0,,N,National,,
DATAFLOW,SPC:DF_CLIMATE_CHANGE(1.0),Indicateurs du changement climatique,I,A,Annuel,ST_ANOM,Anomalies des températures de surface,TV,Tuvalu,1967,,-0.4,,,,CELSIUS,Degré Celsius (°C),SE,Standard error,0.0,,N,National,,
DATAFLOW,SPC:DF_CLIMATE_CHANGE(1.0),Indicateurs du changement climatique,I,A,Annuel,ST_ANOM,Anomalies des températures de surface,TV,Tuvalu,1968,,-0.3,,,,CELSIUS,Degré Celsius (°C),SE,Standard error,0.1,,N,National,,
DATAFLOW,SPC:DF_CLIMATE_CHANGE(1.0),Indicateurs du changement climatique,I,A,Annuel,ST_ANOM,Anomalies des températures de surface,TV,Tuvalu,1969,,0.3,,,,CELSIUS,Degré Celsius (°C),SE,Standard error,0.0,,N,National,,
DATAFLOW,SPC:DF_CLIMATE_CHANGE(1.0),Indicateurs du changement climatique,I,A,Annuel,ST_ANOM,Anomalies des températures de surface,TV,Tuvalu,1970,,-0.2,,,,CELSIUS,Degré Celsius (°C),SE,Standard error,0.1,,N,National,,
DATAFLOW,SPC:DF_CLIMATE_CHANGE(1.0),Indicateurs du changement climatique,I,A,Annuel,ST_ANOM,Anomalies des températures de surface,TV,Tuvalu,1971,,-0.6,,,,CELSIUS,Degré Celsius (°C),SE,Standard error,0.1,,N,National,,
DATAFLOW,SPC:DF_CLIMATE_CHANGE(1.0),Indicateurs du changement climatique,I,A,Annuel,ST_ANOM,Anomalies des températures de surface,TV,Tuvalu,1972,,-0.1,,,,CELSIUS,Degré Celsius (°C),SE,Standard error,0.0,,N,National,,
DATAFLOW,SPC:DF_CLIMATE_CHANGE(1.0),Indicateurs du changement climatique,I,A,Annuel,ST_ANOM,Anomalies des températures de surface,TV,Tuvalu,1973,,-0.2,,,,CELSIUS,Degré Celsius (°C),SE,Standard error,0.1,,N,National,,
DATAFLOW,SPC:DF_CLIMATE_CHANGE(1.0),Indicateurs du changement climatique,I,A,Annuel,ST_ANOM,Anomalies des températures de surface,TV,Tuvalu,1974,,-0.5,,,,CELSIUS,Degré Celsius (°C),SE,Standard error,0.1,,N,National,,
DATAFLOW,SPC:DF_CLIMATE_CHANGE(1.0),Indicateurs du changement climatique,I,A,Annuel,ST_ANOM,Anomalies des températures de surface,TV,Tuvalu,1975,,-0.7,,,,CELSIUS,Degré Celsius (°C),SE,Standard error,0.1,,N,National,,
DATAFLOW,SPC:DF_CLIMATE_CHANGE(1.0),Indicateurs du changement climatique,I,A,Annuel,ST_ANOM,Anomalies des températures de surface,TV,Tuvalu,1976,,-0.4,,,,CELSIUS,Degré Celsius (°C),SE,Standard error,0.1,,N,National,,
DATAFLOW,SPC:DF_CLIMATE_CHANGE(1.0),Indicateurs du changement climatique,I,A,Annuel,ST_ANOM,Anomalies des températures de surface,TV,Tuvalu,1977,,0.1,,,,CELSIUS,Degré Celsius (°C),SE,Standard error,0.0,,N,National,,
DATAFLOW,SPC:DF_CLIMATE_CHANGE(1.0),Indicateurs du changement climatique,I,A,Annuel,ST_ANOM,Anomalies des températures de surface,TV,Tuvalu,1978,,0.0,,,,CELSIUS,Degré Celsius (°C),SE,Standard error,0.0,,N,National,,
DATAFLOW,SPC:DF_CLIMATE_CHANGE(1.0),Indicateurs du changement climatique,I,A,Annuel,ST_ANOM,Anomalies des températures de surface,TV,Tuvalu,1979,,0.1,,,,CELSIUS,Degré Celsius (°C),SE,Standard error,0.0,,N,National,,
DATAFLOW,SPC:DF_CLIMATE_CHANGE(1.0),Indicateurs du changement climatique,I,A,Annuel,ST_ANOM,Anomalies des températures de surface,TV,Tuvalu,1980,,0.2,,,,CELSIUS,Degré Celsius (°C),SE,Standard error,0.0,,N,National,,
DATAFLOW,SPC:DF_CLIMATE_CHANGE(1.0),Indicateurs du changement climatique,I,A,Annuel,ST_ANOM,Anomalies des températures de surface,TV,Tuvalu,1981,,-0.1,,,,CELSIUS,Degré Celsius (°C),SE,Standard error,0.1,,N,National,,
DATAFLOW,SPC:DF_CLIMATE_CHANGE(1.0),Indicateurs du changement climatique,I,A,Annuel,ST_ANOM,Anomalies des températures de surface,TV,Tuvalu,1982,,0.1,,,,CELSIUS,Degré Celsius (°C),SE,Standard error,0.0,,N,National,,
DATAFLOW,SPC:DF_CLIMATE_CHANGE(1.0),Indicateurs du changement climatique,I,A,Annuel,ST_ANOM,Anomalies des températures de surface,TV,Tuvalu,1983,,-0.2,,,,CELSIUS,Degré Celsius (°C),SE,Standard error,0.0,,N,National,,
DATAFLOW,SPC:DF_CLIMATE_CHANGE(1.0),Indicateurs du changement climatique,I,A,Annuel,ST_ANOM,Anomalies des températures de surface,TV,Tuvalu,1984,,-0.1,,,,CELSIUS,Degré Celsius (°C),SE,Standard error,0.0,,N,National,,
DATAFLOW,SPC:DF_CLIMATE_CHANGE(1.0),Indicateurs du changement climatique,I,A,Annuel,ST_ANOM,Anomalies des températures de surface,TV,Tuvalu,1985,,-0.2,,,,CELSIUS,Degré Celsius (°C),SE,Standard error,0.0,,N,National,,
DATAFLOW,SPC:DF_CLIMATE_CHANGE(1.0),Indicateurs du changement climatique,I,A,Annuel,ST_ANOM,Anomalies des températures de surface,TV,Tuvalu,1986,,0.0,,,,CELSIUS,Degré Celsius (°C),SE,Standard error,0.0,,N,National,,
DATAFLOW,SPC:DF_CLIMATE_CHANGE(1.0),Indicateurs du changement climatique,I,A,Annuel,ST_ANOM,Anomalies des températures de surface,TV,Tuvalu,1987,,0.1,,,,CELSIUS,Degré Celsius (°C),SE,Standard error,0.1,,N,National,,
DATAFLOW,SPC:DF_CLIMATE_CHANGE(1.0),Indicateurs du changement climatique,I,A,Annuel,ST_ANOM,Anomalies des températures de surface,TV,Tuvalu,1988,,0.0,,,,CELSIUS,Degré Celsius (°C),SE,Standard error,0.1,,N,National,,
DATAFLOW,SPC:DF_CLIMATE_CHANGE(1.0),Indicateurs du changement climatique,I,A,Annuel,ST_ANOM,Anomalies des températures de surface,TV,Tuvalu,1989,,-0.2,,,,CELSIUS,Degré Celsius (°C),SE,Standard error,0.1,,N,National,,
DATAFLOW,SPC:DF_CLIMATE_CHANGE(1.0),Indicateurs du changement climatique,I,A,Annuel,ST_ANOM,Anomalies des températures de surface,TV,Tuvalu,1990,,0.3,,,,CELSIUS,Degré Celsius (°C),SE,Standard error,0.0,,N,National,,
DATAFLOW,SPC:DF_CLIMATE_CHANGE(1.0),Indicateurs du changement climatique,I,A,Annuel,ST_ANOM,Anomalies des températures de surface,TV,Tuvalu,1991,,0.4,,,,CELSIUS,Degré Celsius (°C),SE,Standard error,0.0,,N,National,,
DATAFLOW,SPC:DF_CLIMATE_CHANGE(1.0),Indicateurs du changement climatique,I,A,Annuel,ST_ANOM,Anomalies des températures de surface,TV,Tuvalu,1992,,0.2,,,,CELSIUS,Degré Celsius (°C),SE,Standard error,0.1,,N,National,,
DATAFLOW,SPC:DF_CLIMATE_CHANGE(1.0),Indicateurs du changement climatique,I,A,Annuel,ST_ANOM,Anomalies des températures de surface,TV,Tuvalu,1993,,0.1,,,,CELSIUS,Degré Celsius (°C),SE,Standard error,0.0,,N,National,,
DATAFLOW,SPC:DF_CLIMATE_CHANGE(1.0),Indicateurs du changement climatique,I,A,Annuel,ST_ANOM,Anomalies des températures de surface,TV,Tuvalu,1994,,0.3,,,,CELSIUS,Degré Celsius (°C),SE,Standard error,0.0,,N,National,,
DATAFLOW,SPC:DF_CLIMATE_CHANGE(1.0),Indicateurs du changement climatique,I,A,Annuel,ST_ANOM,Anomalies des températures de surface,TV,Tuvalu,1995,,0.4,,,,CELSIUS,Degré Celsius (°C),SE,Standard error,0.0,,N,National,,
DATAFLOW,SPC:DF_CLIMATE_CHANGE(1.0),Indicateurs du changement climatique,I,A,Annuel,ST_ANOM,Anomalies des températures de surface,TV,Tuvalu,1996,,0.1,,,,CELSIUS,Degré Celsius (°C),SE,Standard error,0.0,,N,National,,
DATAFLOW,SPC:DF_CLIMATE_CHANGE(1.0),Indicateurs du changement climatique,I,A,Annuel,ST_ANOM,Anomalies des températures de surface,TV,Tuvalu,1997,,0.1,,,,CELSIUS,Degré Celsius (°C),SE,Standard error,0.0,,N,National,,
DATAFLOW,SPC:DF_CLIMATE_CHANGE(1.0),Indicateurs du changement climatique,I,A,Annuel,ST_ANOM,Anomalies des températures de surface,TV,Tuvalu,1998,,-0.1,,,,CELSIUS,Degré Celsius (°C),SE,Standard error,0.1,,N,National,,
DATAFLOW,SPC:DF_CLIMATE_CHANGE(1.0),Indicateurs du changement climatique,I,A,Annuel,ST_ANOM,Anomalies des températures de surface,TV,Tuvalu,1999,,-0.2,,,,CELSIUS,Degré Celsius (°C),SE,Standard error,0.0,,N,National,,
DATAFLOW,SPC:DF_CLIMATE_CHANGE(1.0),Indicateurs du changement climatique,I,A,Annuel,ST_ANOM,Anomalies des températures de surface,TV,Tuvalu,2000,,-0.1,,,,CELSIUS,Degré Celsius (°C),SE,Standard error,0.1,,N,National,,
DATAFLOW,SPC:DF_CLIMATE_CHANGE(1.0),Indicateurs du changement climatique,I,A,Annuel,ST_ANOM,Anomalies des températures de surface,TV,Tuvalu,2001,,0.2,,,,CELSIUS,Degré Celsius (°C),SE,Standard error,0.0,,N,National,,
DATAFLOW,SPC:DF_CLIMATE_CHANGE(1.0),Indicateurs du changement climatique,I,A,Annuel,ST_ANOM,Anomalies des températures de surface,TV,Tuvalu,2002,,0.5,,,,CELSIUS,Degré Celsius (°C),SE,Standard error,0.0,,N,National,,
DATAFLOW,SPC:DF_CLIMATE_CHANGE(1.0),Indicateurs du changement climatique,I,A,Annuel,ST_ANOM,Anomalies des températures de surface,TV,Tuvalu,2003,,0.6,,,,CELSIUS,Degré Celsius (°C),SE,Standard error,0.0,,N,National,,
DATAFLOW,SPC:DF_CLIMATE_CHANGE(1.0),Indicateurs du changement climatique,I,A,Annuel,ST_ANOM,Anomalies des températures de surface,TV,Tuvalu,2004,,0.6,,,,CELSIUS,Degré Celsius (°C),SE,Standard error,0.0,,N,National,,
DATAFLOW,SPC:DF_CLIMATE_CHANGE(1.0),Indicateurs du changement climatique,I,A,Annuel,ST_ANOM,Anomalies des températures de surface,TV,Tuvalu,2005,,0.5,,,,CELSIUS,Degré Celsius (°C),SE,Standard error,0.0,,N,National,,
DATAFLOW,SPC:DF_CLIMATE_CHANGE(1.0),Indicateurs du changement climatique,I,A,Annuel,ST_ANOM,Anomalies des températures de surface,TV,Tuvalu,2006,,0.5,,,,CELSIUS,Degré Celsius (°C),SE,Standard error,0.1,,N,National,,
DATAFLOW,SPC:DF_CLIMATE_CHANGE(1.0),Indicateurs du changement climatique,I,A,Annuel,ST_ANOM,Anomalies des températures de surface,TV,Tuvalu,2007,,0.4,,,,CELSIUS,Degré Celsius (°C),SE,Standard error,0.1,,N,National,,
DATAFLOW,SPC:DF_CLIMATE_CHANGE(1.0),Indicateurs du changement climatique,I,A,Annuel,ST_ANOM,Anomalies des températures de surface,TV,Tuvalu,2008,,-0.1,,,,CELSIUS,Degré Celsius (°C),SE,Standard error,0.1,,N,National,,
DATAFLOW,SPC:DF_CLIMATE_CHANGE(1.0),Indicateurs du changement climatique,I,A,Annuel,ST_ANOM,Anomalies des températures de surface,TV,Tuvalu,2009,,0.4,,,,CELSIUS,Degré Celsius (°C),SE,Standard error,0.1,,N,National,,
DATAFLOW,SPC:DF_CLIMATE_CHANGE(1.0),Indicateurs du changement climatique,I,A,Annuel,ST_ANOM,Anomalies des températures de surface,TV,Tuvalu,2010,,0.2,,,,CELSIUS,Degré Celsius (°C),SE,Standard error,0.1,,N,National,,
DATAFLOW,SPC:DF_CLIMATE_CHANGE(1.0),Indicateurs du changement climatique,I,A,Annuel,ST_ANOM,Anomalies des températures de surface,TV,Tuvalu,2011,,-0.2,,,,CELSIUS,Degré Celsius (°C),SE,Standard error,0.1,,N,National,,
DATAFLOW,SPC:DF_CLIMATE_CHANGE(1.0),Indicateurs du changement climatique,I,A,Annuel,ST_ANOM,Anomalies des températures de surface,TV,Tuvalu,2012,,0.3,,,,CELSIUS,Degré Celsius (°C),SE,Standard error,0.1,,N,National,,
DATAFLOW,SPC:DF_CLIMATE_CHANGE(1.0),Indicateurs du changement climatique,I,A,Annuel,ST_ANOM,Anomalies des températures de surface,TV,Tuvalu,2013,,0.4,,,,CELSIUS,Degré Celsius (°C),SE,Standard error,0.0,,N,National,,
DATAFLOW,SPC:DF_CLIMATE_CHANGE(1.0),Indicateurs du changement climatique,I,A,Annuel,ST_ANOM,Anomalies des températures de surface,TV,Tuvalu,2014,,0.6,,,,CELSIUS,Degré Celsius (°C),SE,Standard error,0.0,,N,National,,
DATAFLOW,SPC:DF_CLIMATE_CHANGE(1.0),Indicateurs du changement climatique,I,A,Annuel,ST_ANOM,Anomalies des températures de surface,TV,Tuvalu,2015,,0.6,,,,CELSIUS,Degré Celsius (°C),SE,Standard error,0.1,,N,National,,
DATAFLOW,SPC:DF_CLIMATE_CHANGE(1.0),Indicateurs du changement climatique,I,A,Annuel,ST_ANOM,Anomalies des températures de surface,TV,Tuvalu,2016,,0.7,,,,CELSIUS,Degré Celsius (°C),SE,Standard error,0.0,,N,National,,
DATAFLOW,SPC:DF_CLIMATE_CHANGE(1.0),Indicateurs du changement climatique,I,A,Annuel,ST_ANOM,Anomalies des températures de surface,TV,Tuvalu,2017,,0.5,,,,CELSIUS,Degré Celsius (°C),SE,Standard error,0.0,,N,National,,
DATAFLOW,SPC:DF_CLIMATE_CHANGE(1.0),Indicateurs du changement climatique,I,A,Annuel,ST_ANOM,Anomalies des températures de surface,TV,Tuvalu,2018,,0.6,,,,CELSIUS,Degré Celsius (°C),SE,Standard error,0.1,,N,National,,
DATAFLOW,SPC:DF_CLIMATE_CHANGE(1.0),Indicateurs du changement climatique,I,A,Annuel,ST_ANOM,Anomalies des températures de surface,TV,Tuvalu,2019,,0.8,,,,CELSIUS,Degré Celsius (°C),SE,Standard error,0.0,,N,National,,
DATAFLOW,SPC:DF_CLIMATE_CHANGE(1.0),Indicateurs du changement climatique,I,A,Annuel,ST_ANOM,Anomalies des températures de surface,TV,Tuvalu,2020,,0.6,,,,CELSIUS,Degré Celsius (°C),SE,Standard error,0.1,,N,National,,
DATAFLOW,SPC:DF_CLIMATE_CHANGE(1.0),Indicateurs du changement climatique,I,A,Annuel,ST_ANOM,Anomalies des températures de surface,TV,Tuvalu,2021,,0.2,,,,CELSIUS,Degré Celsius (°C),SE,Standard error,0.0,,N,National,,
DATAFLOW,SPC:DF_CLIMATE_CHANGE(1.0),Indicateurs du changement climatique,I,A,Annuel,ST_ANOM,Anomalies des températures de surface,TV,Tuvalu,2022,,0.0,,,,CELSIUS,Degré Celsius (°C),SE,Standard error,0.1,,N,National,,
DATAFLOW,SPC:DF_CLIMATE_CHANGE(1.0),Indicateurs du changement climatique,I,A,Annuel,ST_ANOM,Anomalies des températures de surface,TV,Tuvalu,2023,,0.7,,,,CELSIUS,Degré Celsius (°C),SE,Standard error,0.1,,N,National,,
DATAFLOW,SPC:DF_CLIMATE_CHANGE(1.0),Indicateurs du changement climatique,I,A,Annuel,ST_ANOM,Anomalies des températures de surface,TV,Tuvalu,2024,,0.9,,,,CELSIUS,Degré Celsius (°C),SE,Standard error,0.0,,N,National,,
DATAFLOW,SPC:DF_CLIMATE_CHANGE(1.0),Indicateurs du changement climatique,I,A,Annuel,ST_ANOM,Anomalies des températures de surface,TV,Tuvalu,2025,,0.5,,,,CELSIUS,Degré Celsius (°C),SE,Standard error,0.0,,N,National,,
DATAFLOW,SPC:DF_CLIMATE_CHANGE(1.0),Indicateurs du changement climatique,I,A,Annuel,ST_ANOM,Anomalies des températures de surface,PG,Papouasie-Nouvelle-Guinée,1850,,-0.1,,,,CELSIUS,Degré Celsius (°C),SE,Standard error,0.1,,N,National,,
DATAFLOW,SPC:DF_CLIMATE_CHANGE(1.0),Indicateurs du changement climatique,I,A,Annuel,ST_ANOM,Anomalies des températures de surface,PG,Papouasie-Nouvelle-Guinée,1851,,0.3,,,,CELSIUS,Degré Celsius (°C),SE,Standard error,0.1,,N,National,,
DATAFLOW,SPC:DF_CLIMATE_CHANGE(1.0),Indicateurs du changement climatique,I,A,Annuel,ST_ANOM,Anomalies des températures de surface,PG,Papouasie-Nouvelle-Guinée,1852,,0.1,,,,CELSIUS,Degré Celsius (°C),SE,Standard error,0.1,,N,National,,
DATAFLOW,SPC:DF_CLIMATE_CHANGE(1.0),Indicateurs du changement climatique,I,A,Annuel,ST_ANOM,Anomalies des températures de surface,PG,Papouasie-Nouvelle-Guinée,1853,,0.1,,,,CELSIUS,Degré Celsius (°C),SE,Standard error,0.1,,N,National,,
DATAFLOW,SPC:DF_CLIMATE_CHANGE(1.0),Indicateurs du changement climatique,I,A,Annuel,ST_ANOM,Anomalies des températures de surface,PG,Papouasie-Nouvelle-Guinée,1854,,-0.2,,,,CELSIUS,Degré Celsius (°C),SE,Standard error,0.1,,N,National,,
DATAFLOW,SPC:DF_CLIMATE_CHANGE(1.0),Indicateurs du changement climatique,I,A,Annuel,ST_ANOM,Anomalies des températures de surface,PG,Papouasie-Nouvelle-Guinée,1855,,-0.5,,,,CELSIUS,Degré Celsius (°C),SE,Standard error,0.1,,N,National,,
DATAFLOW,SPC:DF_CLIMATE_CHANGE(1.0),Indicateurs du changement climatique,I,A,Annuel,ST_ANOM,Anomalies des températures de surface,PG,Papouasie-Nouvelle-Guinée,1856,,-0.4,,,,CELSIUS,Degré Celsius (°C),SE,Standard error,0.1,,N,National,,
DATAFLOW,SPC:DF_CLIMATE_CHANGE(1.0),Indicateurs du changement climatique,I,A,Annuel,ST_ANOM,Anomalies des températures de surface,PG,Papouasie-Nouvelle-Guinée,1857,,-0.3,,,,CELSIUS,Degré Celsius (°C),SE,Standard error,0.1,,N,National,,
DATAFLOW,SPC:DF_CLIMATE_CHANGE(1.0),Indicateurs du changement climatique,I,A,Annuel,ST_ANOM,Anomalies des températures de surface,PG,Papouasie-Nouvelle-Guinée,1858,,-0.5,,,,CELSIUS,Degré Celsius (°C),SE,Standard error,0.1,,N,National,,
DATAFLOW,SPC:DF_CLIMATE_CHANGE(1.0),Indicateurs du changement climatique,I,A,Annuel,ST_ANOM,Anomalies des températures de surface,PG,Papouasie-Nouvelle-Guinée,1859,,-0.1,,,,CELSIUS,Degré Celsius (°C),SE,Standard error,0.1,,N,National,,
DATAFLOW,SPC:DF_CLIMATE_CHANGE(1.0),Indicateurs du changement climatique,I,A,Annuel,ST_ANOM,Anomalies des températures de surface,PG,Papouasie-Nouvelle-Guinée,1860,,-0.4,,,,CELSIUS,Degré Celsius (°C),SE,Standard error,0.1,,N,National,,
DATAFLOW,SPC:DF_CLIMATE_CHANGE(1.0),Indicateurs du changement climatique,I,A,Annuel,ST_ANOM,Anomalies des températures de surface,PG,Papouasie-Nouvelle-Guinée,1861,,-0.9,,,,CELSIUS,Degré Celsius (°C),SE,Standard error,0.2,,N,National,,
DATAFLOW,SPC:DF_CLIMATE_CHANGE(1.0),Indicateurs du changement climatique,I,A,Annuel,ST_ANOM,Anomalies des températures de surface,PG,Papouasie-Nouvelle-Guinée,1862,,-0.5,,,,CELSIUS,Degré Celsius (°C),SE,Standard error,0.1,,N,National,,
DATAFLOW,SPC:DF_CLIMATE_CHANGE(1.0),Indicateurs du changement climatique,I,A,Annuel,ST_ANOM,Anomalies des températures de surface,PG,Papouasie-Nouvelle-Guinée,1863,,-0.3,,,,CELSIUS,Degré Celsius (°C),SE,Standard error,0.1,,N,National,,
DATAFLOW,SPC:DF_CLIMATE_CHANGE(1.0),Indicateurs du changement climatique,I,A,Annuel,ST_ANOM,Anomalies des températures de surface,PG,Papouasie-Nouvelle-Guinée,1864,,0.0,,,,CELSIUS,Degré Celsius (°C),SE,Standard error,0.1,,N,National,,
DATAFLOW,SPC:DF_CLIMATE_CHANGE(1.0),Indicateurs du changement climatique,I,A,Annuel,ST_ANOM,Anomalies des températures de surface,PG,Papouasie-Nouvelle-Guinée,1865,,-0.2,,,,CELSIUS,Degré Celsius (°C),SE,Standard error,0.1,,N,National,,
DATAFLOW,SPC:DF_CLIMATE_CHANGE(1.0),Indicateurs du changement climatique,I,A,Annuel,ST_ANOM,Anomalies des températures de surface,PG,Papouasie-Nouvelle-Guinée,1866,,-0.3,,,,CELSIUS,Degré Celsius (°C),SE,Standard error,0.2,,N,National,,
DATAFLOW,SPC:DF_CLIMATE_CHANGE(1.0),Indicateurs du changement climatique,I,A,Annuel,ST_ANOM,Anomalies des températures de surface,PG,Papouasie-Nouvelle-Guinée,1867,,-0.4,,,,CELSIUS,Degré Celsius (°C),SE,Standard error,0.1,,N,National,,
DATAFLOW,SPC:DF_CLIMATE_CHANGE(1.0),Indicateurs du changement climatique,I,A,Annuel,ST_ANOM,Anomalies des températures de surface,PG,Papouasie-Nouvelle-Guinée,1868,,-0.5,,,,CELSIUS,Degré Celsius (°C),SE,Standard error,0.2,,N,National,,
DATAFLOW,SPC:DF_CLIMATE_CHANGE(1.0),Indicateurs du changement climatique,I,A,Annuel,ST_ANOM,Anomalies des températures de surface,PG,Papouasie-Nouvelle-Guinée,1869,,0.0,,,,CELSIUS,Degré Celsius (°C),SE,Standard error,0.1,,N,National,,
DATAFLOW,SPC:DF_CLIMATE_CHANGE(1.0),Indicateurs du changement climatique,I,A,Annuel,ST_ANOM,Anomalies des températures de surface,PG,Papouasie-Nouvelle-Guinée,1870,,-0.2,,,,CELSIUS,Degré Celsius (°C),SE,Standard error,0.1,,N,National,,
DATAFLOW,SPC:DF_CLIMATE_CHANGE(1.0),Indicateurs du changement climatique,I,A,Annuel,ST_ANOM,Anomalies des températures de surface,PG,Papouasie-Nouvelle-Guinée,1871,,-0.3,,,,CELSIUS,Degré Celsius (°C),SE,Standard error,0.1,,N,National,,
DATAFLOW,SPC:DF_CLIMATE_CHANGE(1.0),Indicateurs du changement climatique,I,A,Annuel,ST_ANOM,Anomalies des températures de surface,PG,Papouasie-Nouvelle-Guinée,1872,,-0.2,,,,CELSIUS,Degré Celsius (°C),SE,Standard error,0.1,,N,National,,
DATAFLOW,SPC:DF_CLIMATE_CHANGE(1.0),Indicateurs du changement climatique,I,A,Annuel,ST_ANOM,Anomalies des températures de surface,PG,Papouasie-Nouvelle-Guinée,1873,,-0.3,,,,CELSIUS,Degré Celsius (°C),SE,Standard error,0.1,,N,National,,
DATAFLOW,SPC:DF_CLIMATE_CHANGE(1.0),Indicateurs du changement climatique,I,A,Annuel,ST_ANOM,Anomalies des températures de surface,PG,Papouasie-Nouvelle-Guinée,1874,,0.0,,,,CELSIUS,Degré Celsius (°C),SE,Standard error,0.1,,N,National,,
DATAFLOW,SPC:DF_CLIMATE_CHANGE(1.0),Indicateurs du changement climatique,I,A,Annuel,ST_ANOM,Anomalies des températures de surface,PG,Papouasie-Nouvelle-Guinée,1875,,-0.1,,,,CELSIUS,Degré Celsius (°C),SE,Standard error,0.1,,N,National,,
DATAFLOW,SPC:DF_CLIMATE_CHANGE(1.0),Indicateurs du changement climatique,I,A,Annuel,ST_ANOM,Anomalies des températures de surface,PG,Papouasie-Nouvelle-Guinée,1876,,-0.1,,,,CELSIUS,Degré Celsius (°C),SE,Standard error,0.1,,N,National,,
DATAFLOW,SPC:DF_CLIMATE_CHANGE(1.0),Indicateurs du changement climatique,I,A,Annuel,ST_ANOM,Anomalies des températures de surface,PG,Papouasie-Nouvelle-Guinée,1877,,-0.3,,,,CELSIUS,Degré Celsius (°C),SE,Standard error,0.1,,N,National,,
DATAFLOW,SPC:DF_CLIMATE_CHANGE(1.0),Indicateurs du changement climatique,I,A,Annuel,ST_ANOM,Anomalies des températures de surface,PG,Papouasie-Nouvelle-Guinée,1878,,0.3,,,,CELSIUS,Degré Celsius (°C),SE,Standard error,0.1,,N,National,,
DATAFLOW,SPC:DF_CLIMATE_CHANGE(1.0),Indicateurs du changement climatique,I,A,Annuel,ST_ANOM,Anomalies des températures de surface,PG,Papouasie-Nouvelle-Guinée,1879,,-0.1,,,,CELSIUS,Degré Celsius (°C),SE,Standard error,0.1,,N,National,,
DATAFLOW,SPC:DF_CLIMATE_CHANGE(1.0),Indicateurs du changement climatique,I,A,Annuel,ST_ANOM,Anomalies des températures de surface,PG,Papouasie-Nouvelle-Guinée,1880,,-0.2,,,,CELSIUS,Degré Celsius (°C),SE,Standard error,0.0,,N,National,,
DATAFLOW,SPC:DF_CLIMATE_CHANGE(1.0),Indicateurs du changement climatique,I,A,Annuel,ST_ANOM,Anomalies des températures de surface,PG,Papouasie-Nouvelle-Guinée,1881,,-0.1,,,,CELSIUS,Degré Celsius (°C),SE,Standard error,0.1,,N,National,,
DATAFLOW,SPC:DF_CLIMATE_CHANGE(1.0),Indicateurs du changement climatique,I,A,Annuel,ST_ANOM,Anomalies des températures de surface,PG,Papouasie-Nouvelle-Guinée,1882,,-0.1,,,,CELSIUS,Degré Celsius (°C),SE,Standard error,0.1,,N,National,,
DATAFLOW,SPC:DF_CLIMATE_CHANGE(1.0),Indicateurs du changement climatique,I,A,Annuel,ST_ANOM,Anomalies des températures de surface,PG,Papouasie-Nouvelle-Guinée,1883,,-0.5,,,,CELSIUS,Degré Celsius (°C),SE,Standard error,0.1,,N,National,,
DATAFLOW,SPC:DF_CLIMATE_CHANGE(1.0),Indicateurs du changement climatique,I,A,Annuel,ST_ANOM,Anomalies des températures de surface,PG,Papouasie-Nouvelle-Guinée,1884,,-0.7,,,,CELSIUS,Degré Celsius (°C),SE,Standard error,0.1,,N,National,,
DATAFLOW,SPC:DF_CLIMATE_CHANGE(1.0),Indicateurs du changement climatique,I,A,Annuel,ST_ANOM,Anomalies des températures de surface,PG,Papouasie-Nouvelle-Guinée,1885,,-0.8,,,,CELSIUS,Degré Celsius (°C),SE,Standard error,0.1,,N,National,,
DATAFLOW,SPC:DF_CLIMATE_CHANGE(1.0),Indicateurs du changement climatique,I,A,Annuel,ST_ANOM,Anomalies des températures de surface,PG,Papouasie-Nouvelle-Guinée,1886,,-0.3,,,,CELSIUS,Degré Celsius (°C),SE,Standard error,0.1,,N,National,,
DATAFLOW,SPC:DF_CLIMATE_CHANGE(1.0),Indicateurs du changement climatique,I,A,Annuel,ST_ANOM,Anomalies des températures de surface,PG,Papouasie-Nouvelle-Guinée,1887,,-0.3,,,,CELSIUS,Degré Celsius (°C),SE,Standard error,0.1,,N,National,,
DATAFLOW,SPC:DF_CLIMATE_CHANGE(1.0),Indicateurs du changement climatique,I,A,Annuel,ST_ANOM,Anomalies des températures de surface,PG,Papouasie-Nouvelle-Guinée,1888,,-0.7,,,,CELSIUS,Degré Celsius (°C),SE,Standard error,0.1,,N,National,,
DATAFLOW,SPC:DF_CLIMATE_CHANGE(1.0),Indicateurs du changement climatique,I,A,Annuel,ST_ANOM,Anomalies des températures de surface,PG,Papouasie-Nouvelle-Guinée,1889,,-0.1,,,,CELSIUS,Degré Celsius (°C),SE,Standard error,0.1,,N,National,,
DATAFLOW,SPC:DF_CLIMATE_CHANGE(1.0),Indicateurs du changement climatique,I,A,Annuel,ST_ANOM,Anomalies des températures de surface,PG,Papouasie-Nouvelle-Guinée,1890,,-0.2,,,,CELSIUS,Degré Celsius (°C),SE,Standard error,0.1,,N,National,,
DATAFLOW,SPC:DF_CLIMATE_CHANGE(1.0),Indicateurs du changement climatique,I,A,Annuel,ST_ANOM,Anomalies des températures de surface,PG,Papouasie-Nouvelle-Guinée,1891,,-0.4,,,,CELSIUS,Degré Celsius (°C),SE,Standard error,0.1,,N,National,,
DATAFLOW,SPC:DF_CLIMATE_CHANGE(1.0),Indicateurs du changement climatique,I,A,Annuel,ST_ANOM,Anomalies des températures de surface,PG,Papouasie-Nouvelle-Guinée,1892,,-0.2,,,,CELSIUS,Degré Celsius (°C),SE,Standard error,0.1,,N,National,,
DATAFLOW,SPC:DF_CLIMATE_CHANGE(1.0),Indicateurs du changement climatique,I,A,Annuel,ST_ANOM,Anomalies des températures de surface,PG,Papouasie-Nouvelle-Guinée,1893,,-0.1,,,,CELSIUS,Degré Celsius (°C),SE,Standard error,0.0,,N,National,,
DATAFLOW,SPC:DF_CLIMATE_CHANGE(1.0),Indicateurs du changement climatique,I,A,Annuel,ST_ANOM,Anomalies des températures de surface,PG,Papouasie-Nouvelle-Guinée,1894,,-0.3,,,,CELSIUS,Degré Celsius (°C),SE,Standard error,0.1,,N,National,,
DATAFLOW,SPC:DF_CLIMATE_CHANGE(1.0),Indicateurs du changement climatique,I,A,Annuel,ST_ANOM,Anomalies des températures de surface,PG,Papouasie-Nouvelle-Guinée,1895,,-0.4,,,,CELSIUS,Degré Celsius (°C),SE,Standard error,0.1,,N,National,,
DATAFLOW,SPC:DF_CLIMATE_CHANGE(1.0),Indicateurs du changement climatique,I,A,Annuel,ST_ANOM,Anomalies des températures de surface,PG,Papouasie-Nouvelle-Guinée,1896,,-0.4,,,,CELSIUS,Degré Celsius (°C),SE,Standard error,0.1,,N,National,,
DATAFLOW,SPC:DF_CLIMATE_CHANGE(1.0),Indicateurs du changement climatique,I,A,Annuel,ST_ANOM,Anomalies des températures de surface,PG,Papouasie-Nouvelle-Guinée,1897,,-0.1,,,,CELSIUS,Degré Celsius (°C),SE,Standard error,0.1,,N,National,,
DATAFLOW,SPC:DF_CLIMATE_CHANGE(1.0),Indicateurs du changement climatique,I,A,Annuel,ST_ANOM,Anomalies des températures de surface,PG,Papouasie-Nouvelle-Guinée,1898,,-0.5,,,,CELSIUS,Degré Celsius (°C),SE,Standard error,0.1,,N,National,,
DATAFLOW,SPC:DF_CLIMATE_CHANGE(1.0),Indicateurs du changement climatique,I,A,Annuel,ST_ANOM,Anomalies des températures de surface,PG,Papouasie-Nouvelle-Guinée,1899,,-0.7,,,,CELSIUS,Degré Celsius (°C),SE,Standard error,0.1,,N,National,,
DATAFLOW,SPC:DF_CLIMATE_CHANGE(1.0),Indicateurs du changement climatique,I,A,Annuel,ST_ANOM,Anomalies des températures de surface,PG,Papouasie-Nouvelle-Guinée,1900,,-0.1,,,,CELSIUS,Degré Celsius (°C),SE,Standard error,0.1,,N,National,,
DATAFLOW,SPC:DF_CLIMATE_CHANGE(1.0),Indicateurs du changement climatique,I,A,Annuel,ST_ANOM,Anomalies des températures de surface,PG,Papouasie-Nouvelle-Guinée,1901,,-0.5,,,,CELSIUS,Degré Celsius (°C),SE,Standard error,0.1,,N,National,,
DATAFLOW,SPC:DF_CLIMATE_CHANGE(1.0),Indicateurs du changement climatique,I,A,Annuel,ST_ANOM,Anomalies des températures de surface,PG,Papouasie-Nouvelle-Guinée,1902,,-1.0,,,,CELSIUS,Degré Celsius (°C),SE,Standard error,0.1,,N,National,,
DATAFLOW,SPC:DF_CLIMATE_CHANGE(1.0),Indicateurs du changement climatique,I,A,Annuel,ST_ANOM,Anomalies des températures de surface,PG,Papouasie-Nouvelle-Guinée,1903,,-0.7,,,,CELSIUS,Degré Celsius (°C),SE,Standard error,0.1,,N,National,,
DATAFLOW,SPC:DF_CLIMATE_CHANGE(1.0),Indicateurs du changement climatique,I,A,Annuel,ST_ANOM,Anomalies des températures de surface,PG,Papouasie-Nouvelle-Guinée,1904,,-0.9,,,,CELSIUS,Degré Celsius (°C),SE,Standard error,0.1,,N,National,,
DATAFLOW,SPC:DF_CLIMATE_CHANGE(1.0),Indicateurs du changement climatique,I,A,Annuel,ST_ANOM,Anomalies des températures de surface,PG,Papouasie-Nouvelle-Guinée,1905,,-0.9,,,,CELSIUS,Degré Celsius (°C),SE,Standard error,0.1,,N,National,,
DATAFLOW,SPC:DF_CLIMATE_CHANGE(1.0),Indicateurs du changement climatique,I,A,Annuel,ST_ANOM,Anomalies des températures de surface,PG,Papouasie-Nouvelle-Guinée,1906,,-0.5,,,,CELSIUS,Degré Celsius (°C),SE,Standard error,0.1,,N,National,,
DATAFLOW,SPC:DF_CLIMATE_CHANGE(1.0),Indicateurs du changement climatique,I,A,Annuel,ST_ANOM,Anomalies des températures de surface,PG,Papouasie-Nouvelle-Guinée,1907,,-0.4,,,,CELSIUS,Degré Celsius (°C),SE,Standard error,0.1,,N,National,,
DATAFLOW,SPC:DF_CLIMATE_CHANGE(1.0),Indicateurs du changement climatique,I,A,Annuel,ST_ANOM,Anomalies des températures de surface,PG,Papouasie-Nouvelle-Guinée,1908,,-0.4,,,,CELSIUS,Degré Celsius (°C),SE,Standard error,0.1,,N,National,,
DATAFLOW,SPC:DF_CLIMATE_CHANGE(1.0),Indicateurs du changement climatique,I,A,Annuel,ST_ANOM,Anomalies des températures de surface,PG,Papouasie-Nouvelle-Guinée,1909,,-0.3,,,,CELSIUS,Degré Celsius (°C),SE,Standard error,0.1,,N,National,,
DATAFLOW,SPC:DF_CLIMATE_CHANGE(1.0),Indicateurs du changement climatique,I,A,Annuel,ST_ANOM,Anomalies des températures de surface,PG,Papouasie-Nouvelle-Guinée,1910,,-0.3,,,,CELSIUS,Degré Celsius (°C),SE,Standard error,0.1,,N,National,,
DATAFLOW,SPC:DF_CLIMATE_CHANGE(1.0),Indicateurs du changement climatique,I,A,Annuel,ST_ANOM,Anomalies des températures de surface,PG,Papouasie-Nouvelle-Guinée,1911,,-0.9,,,,CELSIUS,Degré Celsius (°C),SE,Standard error,0.1,,N,National,,
DATAFLOW,SPC:DF_CLIMATE_CHANGE(1.0),Indicateurs du changement climatique,I,A,Annuel,ST_ANOM,Anomalies des températures de surface,PG,Papouasie-Nouvelle-Guinée,1912,,-0.6,,,,CELSIUS,Degré Celsius (°C),SE,Standard error,0.1,,N,National,,
DATAFLOW,SPC:DF_CLIMATE_CHANGE(1.0),Indicateurs du changement climatique,I,A,Annuel,ST_ANOM,Anomalies des températures de surface,PG,Papouasie-Nouvelle-Guinée,1913,,-0.7,,,,CELSIUS,Degré Celsius (°C),SE,Standard error,0.1,,N,National,,
DATAFLOW,SPC:DF_CLIMATE_CHANGE(1.0),Indicateurs du changement climatique,I,A,Annuel,ST_ANOM,Anomalies des températures de surface,PG,Papouasie-Nouvelle-Guinée,1914,,-0.8,,,,CELSIUS,Degré Celsius (°C),SE,Standard error,0.1,,N,National,,
DATAFLOW,SPC:DF_CLIMATE_CHANGE(1.0),Indicateurs du changement climatique,I,A,Annuel,ST_ANOM,Anomalies des températures de surface,PG,Papouasie-Nouvelle-Guinée,1915,,-0.4,,,,CELSIUS,Degré Celsius (°C),SE,Standard error,0.1,,N,National,,
DATAFLOW,SPC:DF_CLIMATE_CHANGE(1.0),Indicateurs du changement climatique,I,A,Annuel,ST_ANOM,Anomalies des températures de surface,PG,Papouasie-Nouvelle-Guinée,1916,,-0.3,,,,CELSIUS,Degré Celsius (°C),SE,Standard error,0.1,,N,National,,
DATAFLOW,SPC:DF_CLIMATE_CHANGE(1.0),Indicateurs du changement climatique,I,A,Annuel,ST_ANOM,Anomalies des températures de surface,PG,Papouasie-Nouvelle-Guinée,1917,,-0.7,,,,CELSIUS,Degré Celsius (°C),SE,Standard error,0.1,,N,National,,
DATAFLOW,SPC:DF_CLIMATE_CHANGE(1.0),Indicateurs du changement climatique,I,A,Annuel,ST_ANOM,Anomalies des températures de surface,PG,Papouasie-Nouvelle-Guinée,1918,,-0.9,,,,CELSIUS,Degré Celsius (°C),SE,Standard error,0.1,,N,National,,
DATAFLOW,SPC:DF_CLIMATE_CHANGE(1.0),Indicateurs du changement climatique,I,A,Annuel,ST_ANOM,Anomalies des températures de surface,PG,Papouasie-Nouvelle-Guinée,1919,,-1.0,,,,CELSIUS,Degré Celsius (°C),SE,Standard error,0.1,,N,National,,
DATAFLOW,SPC:DF_CLIMATE_CHANGE(1.0),Indicateurs du changement climatique,I,A,Annuel,ST_ANOM,Anomalies des températures de surface,PG,Papouasie-Nouvelle-Guinée,1920,,-0.7,,,,CELSIUS,Degré Celsius (°C),SE,Standard error,0.1,,N,National,,
DATAFLOW,SPC:DF_CLIMATE_CHANGE(1.0),Indicateurs du changement climatique,I,A,Annuel,ST_ANOM,Anomalies des températures de surface,PG,Papouasie-Nouvelle-Guinée,1921,,-0.3,,,,CELSIUS,Degré Celsius (°C),SE,Standard error,0.1,,N,National,,
DATAFLOW,SPC:DF_CLIMATE_CHANGE(1.0),Indicateurs du changement climatique,I,A,Annuel,ST_ANOM,Anomalies des températures de surface,PG,Papouasie-Nouvelle-Guinée,1922,,-0.4,,,,CELSIUS,Degré Celsius (°C),SE,Standard error,0.1,,N,National,,
DATAFLOW,SPC:DF_CLIMATE_CHANGE(1.0),Indicateurs du changement climatique,I,A,Annuel,ST_ANOM,Anomalies des températures de surface,PG,Papouasie-Nouvelle-Guinée,1923,,-0.7,,,,CELSIUS,Degré Celsius (°C),SE,Standard error,0.1,,N,National,,
DATAFLOW,SPC:DF_CLIMATE_CHANGE(1.0),Indicateurs du changement climatique,I,A,Annuel,ST_ANOM,Anomalies des températures de surface,PG,Papouasie-Nouvelle-Guinée,1924,,-0.4,,,,CELSIUS,Degré Celsius (°C),SE,Standard error,0.1,,N,National,,
DATAFLOW,SPC:DF_CLIMATE_CHANGE(1.0),Indicateurs du changement climatique,I,A,Annuel,ST_ANOM,Anomalies des températures de surface,PG,Papouasie-Nouvelle-Guinée,1925,,-0.7,,,,CELSIUS,Degré Celsius (°C),SE,Standard error,0.1,,N,National,,
DATAFLOW,SPC:DF_CLIMATE_CHANGE(1.0),Indicateurs du changement climatique,I,A,Annuel,ST_ANOM,Anomalies des températures de surface,PG,Papouasie-Nouvelle-Guinée,1926,,-0.4,,,,CELSIUS,Degré Celsius (°C),SE,Standard error,0.1,,N,National,,
DATAFLOW,SPC:DF_CLIMATE_CHANGE(1.0),Indicateurs du changement climatique,I,A,Annuel,ST_ANOM,Anomalies des températures de surface,PG,Papouasie-Nouvelle-Guinée,1927,,-0.4,,,,CELSIUS,Degré Celsius (°C),SE,Standard error,0.1,,N,National,,
DATAFLOW,SPC:DF_CLIMATE_CHANGE(1.0),Indicateurs du changement climatique,I,A,Annuel,ST_ANOM,Anomalies des températures de surface,PG,Papouasie-Nouvelle-Guinée,1928,,-0.4,,,,CELSIUS,Degré Celsius (°C),SE,Standard error,0.1,,N,National,,
DATAFLOW,SPC:DF_CLIMATE_CHANGE(1.0),Indicateurs du changement climatique,I,A,Annuel,ST_ANOM,Anomalies des températures de surface,PG,Papouasie-Nouvelle-Guinée,1929,,-0.6,,,,CELSIUS,Degré Celsius (°C),SE,Standard error,0.1,,N,National,,
DATAFLOW,SPC:DF_CLIMATE_CHANGE(1.0),Indicateurs du changement climatique,I,A,Annuel,ST_ANOM,Anomalies des températures de surface,PG,Papouasie-Nouvelle-Guinée,1930,,-0.6,,,,CELSIUS,Degré Celsius (°C),SE,Standard error,0.0,,N,National,,
DATAFLOW,SPC:DF_CLIMATE_CHANGE(1.0),Indicateurs du changement climatique,I,A,Annuel,ST_ANOM,Anomalies des températures de surface,PG,Papouasie-Nouvelle-Guinée,1931,,-0.3,,,,CELSIUS,Degré Celsius (°C),SE,Standard error,0.0,,N,National,,
DATAFLOW,SPC:DF_CLIMATE_CHANGE(1.0),Indicateurs du changement climatique,I,A,Annuel,ST_ANOM,Anomalies des températures de surface,PG,Papouasie-Nouvelle-Guinée,1932,,-0.6,,,,CELSIUS,Degré Celsius (°C),SE,Standard error,0.1,,N,National,,
DATAFLOW,SPC:DF_CLIMATE_CHANGE(1.0),Indicateurs du changement climatique,I,A,Annuel,ST_ANOM,Anomalies des températures de surface,PG,Papouasie-Nouvelle-Guinée,1933,,-0.3,,,,CELSIUS,Degré Celsius (°C),SE,Standard error,0.0,,N,National,,
DATAFLOW,SPC:DF_CLIMATE_CHANGE(1.0),Indicateurs du changement climatique,I,A,Annuel,ST_ANOM,Anomalies des températures de surface,PG,Papouasie-Nouvelle-Guinée,1934,,-0.3,,,,CELSIUS,Degré Celsius (°C),SE,Standard error,0.0,,N,National,,
DATAFLOW,SPC:DF_CLIMATE_CHANGE(1.0),Indicateurs du changement climatique,I,A,Annuel,ST_ANOM,Anomalies des températures de surface,PG,Papouasie-Nouvelle-Guinée,1935,,-0.4,,,,CELSIUS,Degré Celsius (°C),SE,Standard error,0.0,,N,National,,
DATAFLOW,SPC:DF_CLIMATE_CHANGE(1.0),Indicateurs du changement climatique,I,A,Annuel,ST_ANOM,Anomalies des températures de surface,PG,Papouasie-Nouvelle-Guinée,1936,,-0.4,,,,CELSIUS,Degré Celsius (°C),SE,Standard error,0.0,,N,National,,
DATAFLOW,SPC:DF_CLIMATE_CHANGE(1.0),Indicateurs du changement climatique,I,A,Annuel,ST_ANOM,Anomalies des températures de surface,PG,Papouasie-Nouvelle-Guinée,1937,,-0.5,,,,CELSIUS,Degré Celsius (°C),SE,Standard error,0.1,,N,National,,
DATAFLOW,SPC:DF_CLIMATE_CHANGE(1.0),Indicateurs du changement climatique,I,A,Annuel,ST_ANOM,Anomalies des températures de surface,PG,Papouasie-Nouvelle-Guinée,1938,,-0.3,,,,CELSIUS,Degré Celsius (°C),SE,Standard error,0.1,,N,National,,
DATAFLOW,SPC:DF_CLIMATE_CHANGE(1.0),Indicateurs du changement climatique,I,A,Annuel,ST_ANOM,Anomalies des températures de surface,PG,Papouasie-Nouvelle-Guinée,1939,,-0.5,,,,CELSIUS,Degré Celsius (°C),SE,Standard error,0.0,,N,National,,
DATAFLOW,SPC:DF_CLIMATE_CHANGE(1.0),Indicateurs du changement climatique,I,A,Annuel,ST_ANOM,Anomalies des températures de surface,PG,Papouasie-Nouvelle-Guinée,1940,,-0.6,,,,CELSIUS,Degré Celsius (°C),SE,Standard error,0.1,,N,National,,
DATAFLOW,SPC:DF_CLIMATE_CHANGE(1.0),Indicateurs du changement climatique,I,A,Annuel,ST_ANOM,Anomalies des températures de surface,PG,Papouasie-Nouvelle-Guinée,1941,,-0.5,,,,CELSIUS,Degré Celsius (°C),SE,Standard error,0.1,,N,National,,
DATAFLOW,SPC:DF_CLIMATE_CHANGE(1.0),Indicateurs du changement climatique,I,A,Annuel,ST_ANOM,Anomalies des températures de surface,PG,Papouasie-Nouvelle-Guinée,1942,,-0.2,,,,CELSIUS,Degré Celsius (°C),SE,Standard error,0.1,,N,National,,
DATAFLOW,SPC:DF_CLIMATE_CHANGE(1.0),Indicateurs du changement climatique,I,A,Annuel,ST_ANOM,Anomalies des températures de surface,PG,Papouasie-Nouvelle-Guinée,1943,,-0.1,,,,CELSIUS,Degré Celsius (°C),SE,Standard error,0.1,,N,National,,
DATAFLOW,SPC:DF_CLIMATE_CHANGE(1.0),Indicateurs du changement climatique,I,A,Annuel,ST_ANOM,Anomalies des températures de surface,PG,Papouasie-Nouvelle-Guinée,1944,,-0.2,,,,CELSIUS,Degré Celsius (°C),SE,Standard error,0.0,,N,National,,
DATAFLOW,SPC:DF_CLIMATE_CHANGE(1.0),Indicateurs du changement climatique,I,A,Annuel,ST_ANOM,Anomalies des températures de surface,PG,Papouasie-Nouvelle-Guinée,1945,,-0.1,,,,CELSIUS,Degré Celsius (°C),SE,Standard error,0.1,,N,National,,
DATAFLOW,SPC:DF_CLIMATE_CHANGE(1.0),Indicateurs du changement climatique,I,A,Annuel,ST_ANOM,Anomalies des températures de surface,PG,Papouasie-Nouvelle-Guinée,1946,,-0.4,,,,CELSIUS,Degré Celsius (°C),SE,Standard error,0.2,,N,National,,
DATAFLOW,SPC:DF_CLIMATE_CHANGE(1.0),Indicateurs du changement climatique,I,A,Annuel,ST_ANOM,Anomalies des températures de surface,PG,Papouasie-Nouvelle-Guinée,1947,,-0.5,,,,CELSIUS,Degré Celsius (°C),SE,Standard error,0.1,,N,National,,
DATAFLOW,SPC:DF_CLIMATE_CHANGE(1.0),Indicateurs du changement climatique,I,A,Annuel,ST_ANOM,Anomalies des températures de surface,PG,Papouasie-Nouvelle-Guinée,1948,,-0.6,,,,CELSIUS,Degré Celsius (°C),SE,Standard error,0.1,,N,National,,
DATAFLOW,SPC:DF_CLIMATE_CHANGE(1.0),Indicateurs du changement climatique,I,A,Annuel,ST_ANOM,Anomalies des températures de surface,PG,Papouasie-Nouvelle-Guinée,1949,,-0.8,,,,CELSIUS,Degré Celsius (°C),SE,Standard error,0.0,,N,National,,
DATAFLOW,SPC:DF_CLIMATE_CHANGE(1.0),Indicateurs du changement climatique,I,A,Annuel,ST_ANOM,Anomalies des températures de surface,PG,Papouasie-Nouvelle-Guinée,1950,,-0.3,,,,CELSIUS,Degré Celsius (°C),SE,Standard error,0.1,,N,National,,
DATAFLOW,SPC:DF_CLIMATE_CHANGE(1.0),Indicateurs du changement climatique,I,A,Annuel,ST_ANOM,Anomalies des températures de surface,PG,Papouasie-Nouvelle-Guinée,1951,,-0.5,,,,CELSIUS,Degré Celsius (°C),SE,Standard error,0.0,,N,National,,
DATAFLOW,SPC:DF_CLIMATE_CHANGE(1.0),Indicateurs du changement climatique,I,A,Annuel,ST_ANOM,Anomalies des températures de surface,PG,Papouasie-Nouvelle-Guinée,1952,,-0.4,,,,CELSIUS,Degré Celsius (°C),SE,Standard error,0.1,,N,National,,
DATAFLOW,SPC:DF_CLIMATE_CHANGE(1.0),Indicateurs du changement climatique,I,A,Annuel,ST_ANOM,Anomalies des températures de surface,PG,Papouasie-Nouvelle-Guinée,1953,,-0.5,,,,CELSIUS,Degré Celsius (°C),SE,Standard error,0.0,,N,National,,
DATAFLOW,SPC:DF_CLIMATE_CHANGE(1.0),Indicateurs du changement climatique,I,A,Annuel,ST_ANOM,Anomalies des températures de surface,PG,Papouasie-Nouvelle-Guinée,1954,,-0.4,,,,CELSIUS,Degré Celsius (°C),SE,Standard error,0.1,,N,National,,
DATAFLOW,SPC:DF_CLIMATE_CHANGE(1.0),Indicateurs du changement climatique,I,A,Annuel,ST_ANOM,Anomalies des températures de surface,PG,Papouasie-Nouvelle-Guinée,1955,,-0.4,,,,CELSIUS,Degré Celsius (°C),SE,Standard error,0.1,,N,National,,
DATAFLOW,SPC:DF_CLIMATE_CHANGE(1.0),Indicateurs du changement climatique,I,A,Annuel,ST_ANOM,Anomalies des températures de surface,PG,Papouasie-Nouvelle-Guinée,1956,,-0.1,,,,CELSIUS,Degré Celsius (°C),SE,Standard error,0.0,,N,National,,
DATAFLOW,SPC:DF_CLIMATE_CHANGE(1.0),Indicateurs du changement climatique,I,A,Annuel,ST_ANOM,Anomalies des températures de surface,PG,Papouasie-Nouvelle-Guinée,1957,,-0.4,,,,CELSIUS,Degré Celsius (°C),SE,Standard error,0.0,,N,National,,
DATAFLOW,SPC:DF_CLIMATE_CHANGE(1.0),Indicateurs du changement climatique,I,A,Annuel,ST_ANOM,Anomalies des températures de surface,PG,Papouasie-Nouvelle-Guinée,1958,,-0.2,,,,CELSIUS,Degré Celsius (°C),SE,Standard error,0.1,,N,National,,
DATAFLOW,SPC:DF_CLIMATE_CHANGE(1.0),Indicateurs du changement climatique,I,A,Annuel,ST_ANOM,Anomalies des températures de surface,PG,Papouasie-Nouvelle-Guinée,1959,,-0.4,,,,CELSIUS,Degré Celsius (°C),SE,Standard error,0.1,,N,National,,
DATAFLOW,SPC:DF_CLIMATE_CHANGE(1.0),Indicateurs du changement climatique,I,A,Annuel,ST_ANOM,Anomalies des températures de surface,PG,Papouasie-Nouvelle-Guinée,1960,,-0.3,,,,CELSIUS,Degré Celsius (°C),SE,Standard error,0.0,,N,National,,
DATAFLOW,SPC:DF_CLIMATE_CHANGE(1.0),Indicateurs du changement climatique,I,A,Annuel,ST_ANOM,Anomalies des températures de surface,PG,Papouasie-Nouvelle-Guinée,1961,,-0.4,,,,CELSIUS,Degré Celsius (°C),SE,Standard error,0.1,,N,National,,
DATAFLOW,SPC:DF_CLIMATE_CHANGE(1.0),Indicateurs du changement climatique,I,A,Annuel,ST_ANOM,Anomalies des températures de surface,PG,Papouasie-Nouvelle-Guinée,1962,,0.0,,,,CELSIUS,Degré Celsius (°C),SE,Standard error,0.1,,N,National,,
DATAFLOW,SPC:DF_CLIMATE_CHANGE(1.0),Indicateurs du changement climatique,I,A,Annuel,ST_ANOM,Anomalies des températures de surface,PG,Papouasie-Nouvelle-Guinée,1963,,-0.2,,,,CELSIUS,Degré Celsius (°C),SE,Standard error,0.1,,N,National,,
DATAFLOW,SPC:DF_CLIMATE_CHANGE(1.0),Indicateurs du changement climatique,I,A,Annuel,ST_ANOM,Anomalies des températures de surface,PG,Papouasie-Nouvelle-Guinée,1964,,-0.1,,,,CELSIUS,Degré Celsius (°C),SE,Standard error,0.1,,N,National,,
DATAFLOW,SPC:DF_CLIMATE_CHANGE(1.0),Indicateurs du changement climatique,I,A,Annuel,ST_ANOM,Anomalies des températures de surface,PG,Papouasie-Nouvelle-Guinée,1965,,-0.8,,,,CELSIUS,Degré Celsius (°C),SE,Standard error,0.1,,N,National,,
DATAFLOW,SPC:DF_CLIMATE_CHANGE(1.0),Indicateurs du changement climatique,I,A,Annuel,ST_ANOM,Anomalies des températures de surface,PG,Papouasie-Nouvelle-Guinée,1966,,-0.5,,,,CELSIUS,Degré Celsius (°C),SE,Standard error,0.0,,N,National,,
DATAFLOW,SPC:DF_CLIMATE_CHANGE(1.0),Indicateurs du changement climatique,I,A,Annuel,ST_ANOM,Anomalies des températures de surface,PG,Papouasie-Nouvelle-Guinée,1967,,-0.5,,,,CELSIUS,Degré Celsius (°C),SE,Standard error,0.0,,N,National,,
DATAFLOW,SPC:DF_CLIMATE_CHANGE(1.0),Indicateurs du changement climatique,I,A,Annuel,ST_ANOM,Anomalies des températures de surface,PG,Papouasie-Nouvelle-Guinée,1968,,-0.2,,,,CELSIUS,Degré Celsius (°C),SE,Standard error,0.1,,N,National,,
DATAFLOW,SPC:DF_CLIMATE_CHANGE(1.0),Indicateurs du changement climatique,I,A,Annuel,ST_ANOM,Anomalies des températures de surface,PG,Papouasie-Nouvelle-Guinée,1969,,-0.1,,,,CELSIUS,Degré Celsius (°C),SE,Standard error,0.1,,N,National,,
DATAFLOW,SPC:DF_CLIMATE_CHANGE(1.0),Indicateurs du changement climatique,I,A,Annuel,ST_ANOM,Anomalies des températures de surface,PG,Papouasie-Nouvelle-Guinée,1970,,0.1,,,,CELSIUS,Degré Celsius (°C),SE,Standard error,0.0,,N,National,,
DATAFLOW,SPC:DF_CLIMATE_CHANGE(1.0),Indicateurs du changement climatique,I,A,Annuel,ST_ANOM,Anomalies des températures de surface,PG,Papouasie-Nouvelle-Guinée,1971,,-0.1,,,,CELSIUS,Degré Celsius (°C),SE,Standard error,0.1,,N,National,,
DATAFLOW,SPC:DF_CLIMATE_CHANGE(1.0),Indicateurs du changement climatique,I,A,Annuel,ST_ANOM,Anomalies des températures de surface,PG,Papouasie-Nouvelle-Guinée,1972,,-0.5,,,,CELSIUS,Degré Celsius (°C),SE,Standard error,0.1,,N,National,,
DATAFLOW,SPC:DF_CLIMATE_CHANGE(1.0),Indicateurs du changement climatique,I,A,Annuel,ST_ANOM,Anomalies des températures de surface,PG,Papouasie-Nouvelle-Guinée,1973,,0.1,,,,CELSIUS,Degré Celsius (°C),SE,Standard error,0.0,,N,National,,
DATAFLOW,SPC:DF_CLIMATE_CHANGE(1.0),Indicateurs du changement climatique,I,A,Annuel,ST_ANOM,Anomalies des températures de surface,PG,Papouasie-Nouvelle-Guinée,1974,,-0.2,,,,CELSIUS,Degré Celsius (°C),SE,Standard error,0.0,,N,National,,
DATAFLOW,SPC:DF_CLIMATE_CHANGE(1.0),Indicateurs du changement climatique,I,A,Annuel,ST_ANOM,Anomalies des températures de surface,PG,Papouasie-Nouvelle-Guinée,1975,,-0.1,,,,CELSIUS,Degré Celsius (°C),SE,Standard error,0.1,,N,National,,
DATAFLOW,SPC:DF_CLIMATE_CHANGE(1.0),Indicateurs du changement climatique,I,A,Annuel,ST_ANOM,Anomalies des températures de surface,PG,Papouasie-Nouvelle-Guinée,1976,,-0.3,,,,CELSIUS,Degré Celsius (°C),SE,Standard error,0.1,,N,National,,
DATAFLOW,SPC:DF_CLIMATE_CHANGE(1.0),Indicateurs du changement climatique,I,A,Annuel,ST_ANOM,Anomalies des températures de surface,PG,Papouasie-Nouvelle-Guinée,1977,,-0.3,,,,CELSIUS,Degré Celsius (°C),SE,Standard error,0.1,,N,National,,
DATAFLOW,SPC:DF_CLIMATE_CHANGE(1.0),Indicateurs du changement climatique,I,A,Annuel,ST_ANOM,Anomalies des températures de surface,PG,Papouasie-Nouvelle-Guinée,1978,,0.0,,,,CELSIUS,Degré Celsius (°C),SE,Standard error,0.1,,N,National,,
DATAFLOW,SPC:DF_CLIMATE_CHANGE(1.0),Indicateurs du changement climatique,I,A,Annuel,ST_ANOM,Anomalies des températures de surface,PG,Papouasie-Nouvelle-Guinée,1979,,-0.1,,,,CELSIUS,Degré Celsius (°C),SE,Standard error,0.0,,N,National,,
DATAFLOW,SPC:DF_CLIMATE_CHANGE(1.0),Indicateurs du changement climatique,I,A,Annuel,ST_ANOM,Anomalies des températures de surface,PG,Papouasie-Nouvelle-Guinée,1980,,-0.2,,,,CELSIUS,Degré Celsius (°C),SE,Standard error,0.0,,N,National,,
DATAFLOW,SPC:DF_CLIMATE_CHANGE(1.0),Indicateurs du changement climatique,I,A,Annuel,ST_ANOM,Anomalies des températures de surface,PG,Papouasie-Nouvelle-Guinée,1981,,0.1,,,,CELSIUS,Degré Celsius (°C),SE,Standard error,0.0,,N,National,,
DATAFLOW,SPC:DF_CLIMATE_CHANGE(1.0),Indicateurs du changement climatique,I,A,Annuel,ST_ANOM,Anomalies des températures de surface,PG,Papouasie-Nouvelle-Guinée,1982,,-0.5,,,,CELSIUS,Degré Celsius (°C),SE,Standard error,0.1,,N,National,,
DATAFLOW,SPC:DF_CLIMATE_CHANGE(1.0),Indicateurs du changement climatique,I,A,Annuel,ST_ANOM,Anomalies des températures de surface,PG,Papouasie-Nouvelle-Guinée,1983,,0.0,,,,CELSIUS,Degré Celsius (°C),SE,Standard error,0.0,,N,National,,
DATAFLOW,SPC:DF_CLIMATE_CHANGE(1.0),Indicateurs du changement climatique,I,A,Annuel,ST_ANOM,Anomalies des températures de surface,PG,Papouasie-Nouvelle-Guinée,1984,,-0.1,,,,CELSIUS,Degré Celsius (°C),SE,Standard error,0.1,,N,National,,
DATAFLOW,SPC:DF_CLIMATE_CHANGE(1.0),Indicateurs du changement climatique,I,A,Annuel,ST_ANOM,Anomalies des températures de surface,PG,Papouasie-Nouvelle-Guinée,1985,,0.0,,,,CELSIUS,Degré Celsius (°C),SE,Standard error,0.0,,N,National,,
DATAFLOW,SPC:DF_CLIMATE_CHANGE(1.0),Indicateurs du changement climatique,I,A,Annuel,ST_ANOM,Anomalies des températures de surface,PG,Papouasie-Nouvelle-Guinée,1986,,0.0,,,,CELSIUS,Degré Celsius (°C),SE,Standard error,0.1,,N,National,,
DATAFLOW,SPC:DF_CLIMATE_CHANGE(1.0),Indicateurs du changement climatique,I,A,Annuel,ST_ANOM,Anomalies des températures de surface,PG,Papouasie-Nouvelle-Guinée,1987,,-0.1,,,,CELSIUS,Degré Celsius (°C),SE,Standard error,0.1,,N,National,,
DATAFLOW,SPC:DF_CLIMATE_CHANGE(1.0),Indicateurs du changement climatique,I,A,Annuel,ST_ANOM,Anomalies des températures de surface,PG,Papouasie-Nouvelle-Guinée,1988,,0.3,,,,CELSIUS,Degré Celsius (°C),SE,Standard error,0.1,,N,National,,
DATAFLOW,SPC:DF_CLIMATE_CHANGE(1.0),Indicateurs du changement climatique,I,A,Annuel,ST_ANOM,Anomalies des températures de surface,PG,Papouasie-Nouvelle-Guinée,1989,,0.2,,,,CELSIUS,Degré Celsius (°C),SE,Standard error,0.1,,N,National,,
DATAFLOW,SPC:DF_CLIMATE_CHANGE(1.0),Indicateurs du changement climatique,I,A,Annuel,ST_ANOM,Anomalies des températures de surface,PG,Papouasie-Nouvelle-Guinée,1990,,0.0,,,,CELSIUS,Degré Celsius (°C),SE,Standard error,0.1,,N,National,,
DATAFLOW,SPC:DF_CLIMATE_CHANGE(1.0),Indicateurs du changement climatique,I,A,Annuel,ST_ANOM,Anomalies des températures de surface,PG,Papouasie-Nouvelle-Guinée,1991,,-0.1,,,,CELSIUS,Degré Celsius (°C),SE,Standard error,0.1,,N,National,,
DATAFLOW,SPC:DF_CLIMATE_CHANGE(1.0),Indicateurs du changement climatique,I,A,Annuel,ST_ANOM,Anomalies des températures de surface,PG,Papouasie-Nouvelle-Guinée,1992,,-0.2,,,,CELSIUS,Degré Celsius (°C),SE,Standard error,0.1,,N,National,,
DATAFLOW,SPC:DF_CLIMATE_CHANGE(1.0),Indicateurs du changement climatique,I,A,Annuel,ST_ANOM,Anomalies des températures de surface,PG,Papouasie-Nouvelle-Guinée,1993,,-0.4,,,,CELSIUS,Degré Celsius (°C),SE,Standard error,0.0,,N,National,,
DATAFLOW,SPC:DF_CLIMATE_CHANGE(1.0),Indicateurs du changement climatique,I,A,Annuel,ST_ANOM,Anomalies des températures de surface,PG,Papouasie-Nouvelle-Guinée,1994,,-0.2,,,,CELSIUS,Degré Celsius (°C),SE,Standard error,0.1,,N,National,,
DATAFLOW,SPC:DF_CLIMATE_CHANGE(1.0),Indicateurs du changement climatique,I,A,Annuel,ST_ANOM,Anomalies des températures de surface,PG,Papouasie-Nouvelle-Guinée,1995,,0.2,,,,CELSIUS,Degré Celsius (°C),SE,Standard error,0.0,,N,National,,
DATAFLOW,SPC:DF_CLIMATE_CHANGE(1.0),Indicateurs du changement climatique,I,A,Annuel,ST_ANOM,Anomalies des températures de surface,PG,Papouasie-Nouvelle-Guinée,1996,,0.4,,,,CELSIUS,Degré Celsius (°C),SE,Standard error,0.0,,N,National,,
DATAFLOW,SPC:DF_CLIMATE_CHANGE(1.0),Indicateurs du changement climatique,I,A,Annuel,ST_ANOM,Anomalies des températures de surface,PG,Papouasie-Nouvelle-Guinée,1997,,-0.2,,,,CELSIUS,Degré Celsius (°C),SE,Standard error,0.1,,N,National,,
DATAFLOW,SPC:DF_CLIMATE_CHANGE(1.0),Indicateurs du changement climatique,I,A,Annuel,ST_ANOM,Anomalies des températures de surface,PG,Papouasie-Nouvelle-Guinée,1998,,0.6,,,,CELSIUS,Degré Celsius (°C),SE,Standard error,0.1,,N,National,,
DATAFLOW,SPC:DF_CLIMATE_CHANGE(1.0),Indicateurs du changement climatique,I,A,Annuel,ST_ANOM,Anomalies des températures de surface,PG,Papouasie-Nouvelle-Guinée,1999,,0.2,,,,CELSIUS,Degré Celsius (°C),SE,Standard error,0.1,,N,National,,
DATAFLOW,SPC:DF_CLIMATE_CHANGE(1.0),Indicateurs du changement climatique,I,A,Annuel,ST_ANOM,Anomalies des températures de surface,PG,Papouasie-Nouvelle-Guinée,2000,,0.2,,,,CELSIUS,Degré Celsius (°C),SE,Standard error,0.1,,N,National,,
DATAFLOW,SPC:DF_CLIMATE_CHANGE(1.0),Indicateurs du changement climatique,I,A,Annuel,ST_ANOM,Anomalies des températures de surface,PG,Papouasie-Nouvelle-Guinée,2001,,0.3,,,,CELSIUS,Degré Celsius (°C),SE,Standard error,0.1,,N,National,,
DATAFLOW,SPC:DF_CLIMATE_CHANGE(1.0),Indicateurs du changement climatique,I,A,Annuel,ST_ANOM,Anomalies des températures de surface,PG,Papouasie-Nouvelle-Guinée,2002,,0.3,,,,CELSIUS,Degré Celsius (°C),SE,Standard error,0.0,,N,National,,
DATAFLOW,SPC:DF_CLIMATE_CHANGE(1.0),Indicateurs du changement climatique,I,A,Annuel,ST_ANOM,Anomalies des températures de surface,PG,Papouasie-Nouvelle-Guinée,2003,,0.3,,,,CELSIUS,Degré Celsius (°C),SE,Standard error,0.0,,N,National,,
DATAFLOW,SPC:DF_CLIMATE_CHANGE(1.0),Indicateurs du changement climatique,I,A,Annuel,ST_ANOM,Anomalies des températures de surface,PG,Papouasie-Nouvelle-Guinée,2004,,0.1,,,,CELSIUS,Degré Celsius (°C),SE,Standard error,0.1,,N,National,,
DATAFLOW,SPC:DF_CLIMATE_CHANGE(1.0),Indicateurs du changement climatique,I,A,Annuel,ST_ANOM,Anomalies des températures de surface,PG,Papouasie-Nouvelle-Guinée,2005,,0.3,,,,CELSIUS,Degré Celsius (°C),SE,Standard error,0.0,,N,National,,
DATAFLOW,SPC:DF_CLIMATE_CHANGE(1.0),Indicateurs du changement climatique,I,A,Annuel,ST_ANOM,Anomalies des températures de surface,PG,Papouasie-Nouvelle-Guinée,2006,,0.1,,,,CELSIUS,Degré Celsius (°C),SE,Standard error,0.1,,N,National,,
DATAFLOW,SPC:DF_CLIMATE_CHANGE(1.0),Indicateurs du changement climatique,I,A,Annuel,ST_ANOM,Anomalies des températures de surface,PG,Papouasie-Nouvelle-Guinée,2007,,0.3,,,,CELSIUS,Degré Celsius (°C),SE,Standard error,0.0,,N,National,,
DATAFLOW,SPC:DF_CLIMATE_CHANGE(1.0),Indicateurs du changement climatique,I,A,Annuel,ST_ANOM,Anomalies des températures de surface,PG,Papouasie-Nouvelle-Guinée,2008,,0.2,,,,CELSIUS,Degré Celsius (°C),SE,Standard error,0.1,,N,National,,
DATAFLOW,SPC:DF_CLIMATE_CHANGE(1.0),Indicateurs du changement climatique,I,A,Annuel,ST_ANOM,Anomalies des températures de surface,PG,Papouasie-Nouvelle-Guinée,2009,,0.4,,,,CELSIUS,Degré Celsius (°C),SE,Standard error,0.1,,N,National,,
DATAFLOW,SPC:DF_CLIMATE_CHANGE(1.0),Indicateurs du changement climatique,I,A,Annuel,ST_ANOM,Anomalies des températures de surface,PG,Papouasie-Nouvelle-Guinée,2010,,0.7,,,,CELSIUS,Degré Celsius (°C),SE,Standard error,0.1,,N,National,,
DATAFLOW,SPC:DF_CLIMATE_CHANGE(1.0),Indicateurs du changement climatique,I,A,Annuel,ST_ANOM,Anomalies des températures de surface,PG,Papouasie-Nouvelle-Guinée,2011,,0.3,,,,CELSIUS,Degré Celsius (°C),SE,Standard error,0.1,,N,National,,
DATAFLOW,SPC:DF_CLIMATE_CHANGE(1.0),Indicateurs du changement climatique,I,A,Annuel,ST_ANOM,Anomalies des températures de surface,PG,Papouasie-Nouvelle-Guinée,2012,,0.2,,,,CELSIUS,Degré Celsius (°C),SE,Standard error,0.0,,N,National,,
DATAFLOW,SPC:DF_CLIMATE_CHANGE(1.0),Indicateurs du changement climatique,I,A,Annuel,ST_ANOM,Anomalies des températures de surface,PG,Papouasie-Nouvelle-Guinée,2013,,0.4,,,,CELSIUS,Degré Celsius (°C),SE,Standard error,0.0,,N,National,,
DATAFLOW,SPC:DF_CLIMATE_CHANGE(1.0),Indicateurs du changement climatique,I,A,Annuel,ST_ANOM,Anomalies des températures de surface,PG,Papouasie-Nouvelle-Guinée,2014,,0.2,,,,CELSIUS,Degré Celsius (°C),SE,Standard error,0.0,,N,National,,
DATAFLOW,SPC:DF_CLIMATE_CHANGE(1.0),Indicateurs du changement climatique,I,A,Annuel,ST_ANOM,Anomalies des températures de surface,PG,Papouasie-Nouvelle-Guinée,2015,,0.2,,,,CELSIUS,Degré Celsius (°C),SE,Standard error,0.1,,N,National,,
DATAFLOW,SPC:DF_CLIMATE_CHANGE(1.0),Indicateurs du changement climatique,I,A,Annuel,ST_ANOM,Anomalies des températures de surface,PG,Papouasie-Nouvelle-Guinée,2016,,0.8,,,,CELSIUS,Degré Celsius (°C),SE,Standard error,0.1,,N,National,,
DATAFLOW,SPC:DF_CLIMATE_CHANGE(1.0),Indicateurs du changement climatique,I,A,Annuel,ST_ANOM,Anomalies des températures de surface,PG,Papouasie-Nouvelle-Guinée,2017,,0.7,,,,CELSIUS,Degré Celsius (°C),SE,Standard error,0.0,,N,National,,
DATAFLOW,SPC:DF_CLIMATE_CHANGE(1.0),Indicateurs du changement climatique,I,A,Annuel,ST_ANOM,Anomalies des températures de surface,PG,Papouasie-Nouvelle-Guinée,2018,,0.5,,,,CELSIUS,Degré Celsius (°C),SE,Standard error,0.0,,N,National,,
DATAFLOW,SPC:DF_CLIMATE_CHANGE(1.0),Indicateurs du changement climatique,I,A,Annuel,ST_ANOM,Anomalies des températures de surface,PG,Papouasie-Nouvelle-Guinée,2019,,0.2,,,,CELSIUS,Degré Celsius (°C),SE,Standard error,0.0,,N,National,,
DATAFLOW,SPC:DF_CLIMATE_CHANGE(1.0),Indicateurs du changement climatique,I,A,Annuel,ST_ANOM,Anomalies des températures de surface,PG,Papouasie-Nouvelle-Guinée,2020,,0.7,,,,CELSIUS,Degré Celsius (°C),SE,Standard error,0.0,,N,National,,
DATAFLOW,SPC:DF_CLIMATE_CHANGE(1.0),Indicateurs du changement climatique,I,A,Annuel,ST_ANOM,Anomalies des températures de surface,PG,Papouasie-Nouvelle-Guinée,2021,,0.7,,,,CELSIUS,Degré Celsius (°C),SE,Standard error,0.1,,N,National,,
DATAFLOW,SPC:DF_CLIMATE_CHANGE(1.0),Indicateurs du changement climatique,I,A,Annuel,ST_ANOM,Anomalies des températures de surface,PG,Papouasie-Nouvelle-Guinée,2022,,0.9,,,,CELSIUS,Degré Celsius (°C),SE,Standard error,0.1,,N,National,,
DATAFLOW,SPC:DF_CLIMATE_CHANGE(1.0),Indicateurs du changement climatique,I,A,Annuel,ST_ANOM,Anomalies des températures de surface,PG,Papouasie-Nouvelle-Guinée,2023,,0.6,,,,CELSIUS,Degré Celsius (°C),SE,Standard error,0.1,,N,National,,
DATAFLOW,SPC:DF_CLIMATE_CHANGE(1.0),Indicateurs du changement climatique,I,A,Annuel,ST_ANOM,Anomalies des températures de surface,PG,Papouasie-Nouvelle-Guinée,2024,,1.0,,,,CELSIUS,Degré Celsius (°C),SE,Standard error,0.0,,N,National,,
DATAFLOW,SPC:DF_CLIMATE_CHANGE(1.0),Indicateurs du changement climatique,I,A,Annuel,ST_ANOM,Anomalies des températures de surface,PG,Papouasie-Nouvelle-Guinée,2025,,1.1,,,,CELSIUS,Degré Celsius (°C),SE,Standard error,0.0,,N,National,,
DATAFLOW,SPC:DF_CLIMATE_CHANGE(1.0),Indicateurs du changement climatique,I,A,Annuel,ST_ANOM,Anomalies des températures de surface,WS,Samoa,1850,,0.1,,,,CELSIUS,Degré Celsius (°C),SE,Standard error,0.0,,N,National,,
DATAFLOW,SPC:DF_CLIMATE_CHANGE(1.0),Indicateurs du changement climatique,I,A,Annuel,ST_ANOM,Anomalies des températures de surface,WS,Samoa,1851,,-0.3,,,,CELSIUS,Degré Celsius (°C),SE,Standard error,0.0,,N,National,,
DATAFLOW,SPC:DF_CLIMATE_CHANGE(1.0),Indicateurs du changement climatique,I,A,Annuel,ST_ANOM,Anomalies des températures de surface,WS,Samoa,1852,,0.0,,,,CELSIUS,Degré Celsius (°C),SE,Standard error,0.0,,N,National,,
DATAFLOW,SPC:DF_CLIMATE_CHANGE(1.0),Indicateurs du changement climatique,I,A,Annuel,ST_ANOM,Anomalies des températures de surface,WS,Samoa,1853,,0.3,,,,CELSIUS,Degré Celsius (°C),SE,Standard error,0.1,,N,National,,
DATAFLOW,SPC:DF_CLIMATE_CHANGE(1.0),Indicateurs du changement climatique,I,A,Annuel,ST_ANOM,Anomalies des températures de surface,WS,Samoa,1854,,0.1,,,,CELSIUS,Degré Celsius (°C),SE,Standard error,0.1,,N,National,,
DATAFLOW,SPC:DF_CLIMATE_CHANGE(1.0),Indicateurs du changement climatique,I,A,Annuel,ST_ANOM,Anomalies des températures de surface,WS,Samoa,1855,,-0.2,,,,CELSIUS,Degré Celsius (°C),SE,Standard error,0.0,,N,National,,
DATAFLOW,SPC:DF_CLIMATE_CHANGE(1.0),Indicateurs du changement climatique,I,A,Annuel,ST_ANOM,Anomalies des températures de surface,WS,Samoa,1856,,-0.2,,,,CELSIUS,Degré Celsius (°C),SE,Standard error,0.1,,N,National,,
DATAFLOW,SPC:DF_CLIMATE_CHANGE(1.0),Indicateurs du changement climatique,I,A,Annuel,ST_ANOM,Anomalies des températures de surface,WS,Samoa,1857,,-0.5,,,,CELSIUS,Degré Celsius (°C),SE,Standard error,0.0,,N,National,,
DATAFLOW,SPC:DF_CLIMATE_CHANGE(1.0),Indicateurs du changement climatique,I,A,Annuel,ST_ANOM,Anomalies des températures de surface,WS,Samoa,1858,,-0.2,,,,CELSIUS,Degré Celsius (°C),SE,Standard error,0.1,,N,National,,
DATAFLOW,SPC:DF_CLIMATE_CHANGE(1.0),Indicateurs du changement climatique,I,A,Annuel,ST_ANOM,Anomalies des températures de surface,WS,Samoa,1859,,0.1,,,,CELSIUS,Degré Celsius (°C),SE,Standard error,0.0,,N,National,,
DATAFLOW,SPC:DF_CLIMATE_CHANGE(1.0),Indicateurs du changement climatique,I,A,Annuel,ST_ANOM,Anomalies des températures de surface,WS,Samoa,1860,,-0.3,,,,CELSIUS,Degré Celsius (°C),SE,Standard error,0.0,,N,National,,
DATAFLOW,SPC:DF_CLIMATE_CHANGE(1.0),Indicateurs du changement climatique,I,A,Annuel,ST_ANOM,Anomalies des températures de surface,WS,Samoa,1861,,-0.6,,,,CELSIUS,Degré Celsius (°C),SE,Standard error,0.1,,N,National,,
DATAFLOW,SPC:DF_CLIMATE_CHANGE(1.0),Indicateurs du changement climatique,I,A,Annuel,ST_ANOM,Anomalies des températures de surface,WS,Samoa,1862,,-0.4,,,,CELSIUS,Degré Celsius (°C),SE,Standard error,0.0,,N,National,,
DATAFLOW,SPC:DF_CLIMATE_CHANGE(1.0),Indicateurs du changement climatique,I,A,Annuel,ST_ANOM,Anomalies des températures de surface,WS,Samoa,1863,,-0.4,,,,CELSIUS,Degré Celsius (°C),SE,Standard error,0.0,,N,National,,
DATAFLOW,SPC:DF_CLIMATE_CHANGE(1.0),Indicateurs du changement climatique,I,A,Annuel,ST_ANOM,Anomalies des températures de surface,WS,Samoa,1864,,-0.3,,,,CELSIUS,Degré Celsius (°C),SE,Standard error,0.0,,N,National,,
DATAFLOW,SPC:DF_CLIMATE_CHANGE(1.0),Indicateurs du changement climatique,I,A,Annuel,ST_ANOM,Anomalies des températures de surface,WS,Samoa,1865,,-0.3,,,,CELSIUS,Degré Celsius (°C),SE,Standard error,0.0,,N,National,,
DATAFLOW,SPC:DF_CLIMATE_CHANGE(1.0),Indicateurs du changement climatique,I,A,Annuel,ST_ANOM,Anomalies des températures de surface,WS,Samoa,1866,,-0.3,,,,CELSIUS,Degré Celsius (°C),SE,Standard error,0.0,,N,National,,
DATAFLOW,SPC:DF_CLIMATE_CHANGE(1.0),Indicateurs du changement climatique,I,A,Annuel,ST_ANOM,Anomalies des températures de surface,WS,Samoa,1867,,-0.2,,,,CELSIUS,Degré Celsius (°C),SE,Standard error,0.0,,N,National,,
DATAFLOW,SPC:DF_CLIMATE_CHANGE(1.0),Indicateurs du changement climatique,I,A,Annuel,ST_ANOM,Anomalies des températures de surface,WS,Samoa,1868,,-0.2,,,,CELSIUS,Degré Celsius (°C),SE,Standard error,0.1,,N,National,,
DATAFLOW,SPC:DF_CLIMATE_CHANGE(1.0),Indicateurs du changement climatique,I,A,Annuel,ST_ANOM,Anomalies des températures de surface,WS,Samoa,1869,,-0.1,,,,CELSIUS,Degré Celsius (°C),SE,Standard error,0.1,,N,National,,
DATAFLOW,SPC:DF_CLIMATE_CHANGE(1.0),Indicateurs du changement climatique,I,A,Annuel,ST_ANOM,Anomalies des températures de surface,WS,Samoa,1870,,-0.4,,,,CELSIUS,Degré Celsius (°C),SE,Standard error,0.0,,N,National,,
DATAFLOW,SPC:DF_CLIMATE_CHANGE(1.0),Indicateurs du changement climatique,I,A,Annuel,ST_ANOM,Anomalies des températures de surface,WS,Samoa,1871,,-0.1,,,,CELSIUS,Degré Celsius (°C),SE,Standard error,0.0,,N,National,,
DATAFLOW,SPC:DF_CLIMATE_CHANGE(1.0),Indicateurs du changement climatique,I,A,Annuel,ST_ANOM,Anomalies des températures de surface,WS,Samoa,1872,,-0.1,,,,CELSIUS,Degré Celsius (°C),SE,Standard error,0.1,,N,National,,
DATAFLOW,SPC:DF_CLIMATE_CHANGE(1.0),Indicateurs du changement climatique,I,A,Annuel,ST_ANOM,Anomalies des températures de surface,WS,Samoa,1873,,-0.5,,,,CELSIUS,Degré Celsius (°C),SE,Standard error,0.0,,N,National,,
DATAFLOW,SPC:DF_CLIMATE_CHANGE(1.0),Indicateurs du changement climatique,I,A,Annuel,ST_ANOM,Anomalies des températures de surface,WS,Samoa,1874,,-0.1,,,,CELSIUS,Degré Celsius (°C),SE,Standard error,0.1,,N,National,,
DATAFLOW,SPC:DF_CLIMATE_CHANGE(1.0),Indicateurs du changement climatique,I,A,Annuel,ST_ANOM,Anomalies des températures de surface,WS,Samoa,1875,,-0.2,,,,CELSIUS,Degré Celsius (°C),SE,Standard error,0.1,,N,National,,
DATAFLOW,SPC:DF_CLIMATE_CHANGE(1.0),Indicateurs du changement climatique,I,A,Annuel,ST_ANOM,Anomalies des températures de surface,WS,Samoa,1876,,-0.2,,,,CELSIUS,Degré Celsius (°C),SE,Standard error,0.0,,N,National,,
DATAFLOW,SPC:DF_CLIMATE_CHANGE(1.0),Indicateurs du changement climatique,I,A,Annuel,ST_ANOM,Anomalies des températures de surface,WS,Samoa,1877,,-0.2,,,,CELSIUS,Degré Celsius (°C),SE,Standard error,0.0,,N,National,,
DATAFLOW,SPC:DF_CLIMATE_CHANGE(1.0),Indicateurs du changement climatique,I,A,Annuel,ST_ANOM,Anomalies des températures de surface,WS,Samoa,1878,,-0.2,,,,CELSIUS,Degré Celsius (°C),SE,Standard error,0.1,,N,National,,
DATAFLOW,SPC:DF_CLIMATE_CHANGE(1.0),Indicateurs du changement climatique,I,A,Annuel,ST_ANOM,Anomalies des températures de surface,WS,Samoa,1879,,-0.4,,,,CELSIUS,Degré Celsius (°C),SE,Standard error,0.1,,N,National,,
DATAFLOW,SPC:DF_CLIMATE_CHANGE(1.0),Indicateurs du changement climatique,I,A,Annuel,ST_ANOM,Anomalies des températures de surface,WS,Samoa,1880,,-0.3,,,,CELSIUS,Degré Celsius (°C),SE,Standard error,0.0,,N,National,,
DATAFLOW,SPC:DF_CLIMATE_CHANGE(1.0),Indicateurs du changement climatique,I,A,Annuel,ST_ANOM,Anomalies des températures de surface,WS,Samoa,1881,,0.1,,,,CELSIUS,Degré Celsius (°C),SE,Standard error,0.1,,N,National,,
DATAFLOW,SPC:DF_CLIMATE_CHANGE(1.0),Indicateurs du changement climatique,I,A,Annuel,ST_ANOM,Anomalies des températures de surface,WS,Samoa,1882,,0.0,,,,CELSIUS,Degré Celsius (°C),SE,Standard error,0.1,,N,National,,
DATAFLOW,SPC:DF_CLIMATE_CHANGE(1.0),Indicateurs du changement climatique,I,A,Annuel,ST_ANOM,Anomalies des températures de surface,WS,Samoa,1883,,-0.4,,,,CELSIUS,Degré Celsius (°C),SE,Standard error,0.1,,N,National,,
DATAFLOW,SPC:DF_CLIMATE_CHANGE(1.0),Indicateurs du changement climatique,I,A,Annuel,ST_ANOM,Anomalies des températures de surface,WS,Samoa,1884,,-0.4,,,,CELSIUS,Degré Celsius (°C),SE,Standard error,0.1,,N,National,,
DATAFLOW,SPC:DF_CLIMATE_CHANGE(1.0),Indicateurs du changement climatique,I,A,Annuel,ST_ANOM,Anomalies des températures de surface,WS,Samoa,1885,,-0.5,,,,CELSIUS,Degré Celsius (°C),SE,Standard error,0.1,,N,National,,
DATAFLOW,SPC:DF_CLIMATE_CHANGE(1.0),Indicateurs du changement climatique,I,A,Annuel,ST_ANOM,Anomalies des températures de surface,WS,Samoa,1886,,-0.4,,,,CELSIUS,Degré Celsius (°C),SE,Standard error,0.1,,N,National,,
DATAFLOW,SPC:DF_CLIMATE_CHANGE(1.0),Indicateurs du changement climatique,I,A,Annuel,ST_ANOM,Anomalies des températures de surface,WS,Samoa,1887,,-0.4,,,,CELSIUS,Degré Celsius (°C),SE,Standard error,0.1,,N,National,,
DATAFLOW,SPC:DF_CLIMATE_CHANGE(1.0),Indicateurs du changement climatique,I,A,Annuel,ST_ANOM,Anomalies des températures de surface,WS,Samoa,1888,,-0.1,,,,CELSIUS,Degré Celsius (°C),SE,Standard error,0.0,,N,National,,
DATAFLOW,SPC:DF_CLIMATE_CHANGE(1.0),Indicateurs du changement climatique,I,A,Annuel,ST_ANOM,Anomalies des températures de surface,WS,Samoa,1889,,-0.2,,,,CELSIUS,Degré Celsius (°C),SE,Standard error,0.0,,N,National,,
DATAFLOW,SPC:DF_CLIMATE_CHANGE(1.0),Indicateurs du changement climatique,I,A,Annuel,ST_ANOM,Anomalies des températures de surface,WS,Samoa,1890,,-0.5,,,,CELSIUS,Degré Celsius (°C),SE,Standard error,0.1,,N,National,,
DATAFLOW,SPC:DF_CLIMATE_CHANGE(1.0),Indicateurs du changement climatique,I,A,Annuel,ST_ANOM,Anomalies des températures de surface,WS,Samoa,1891,,-0.4,,,,CELSIUS,Degré Celsius (°C),SE,Standard error,0.1,,N,National,,
DATAFLOW,SPC:DF_CLIMATE_CHANGE(1.0),Indicateurs du changement climatique,I,A,Annuel,ST_ANOM,Anomalies des températures de surface,WS,Samoa,1892,,-0.3,,,,CELSIUS,Degré Celsius (°C),SE,Standard error,0.1,,N,National,,
DATAFLOW,SPC:DF_CLIMATE_CHANGE(1.0),Indicateurs du changement climatique,I,A,Annuel,ST_ANOM,Anomalies des températures de surface,WS,Samoa,1893,,-0.7,,,,CELSIUS,Degré Celsius (°C),SE,Standard error,0.1,,N,National,,
DATAFLOW,SPC:DF_CLIMATE_CHANGE(1.0),Indicateurs du changement climatique,I,A,Annuel,ST_ANOM,Anomalies des températures de surface,WS,Samoa,1894,,-0.3,,,,CELSIUS,Degré Celsius (°C),SE,Standard error,0.1,,N,National,,
DATAFLOW,SPC:DF_CLIMATE_CHANGE(1.0),Indicateurs du changement climatique,I,A,Annuel,ST_ANOM,Anomalies des températures de surface,WS,Samoa,1895,,-0.2,,,,CELSIUS,Degré Celsius (°C),SE,Standard error,0.1,,N,National,,
DATAFLOW,SPC:DF_CLIMATE_CHANGE(1.0),Indicateurs du changement climatique,I,A,Annuel,ST_ANOM,Anomalies des températures de surface,WS,Samoa,1896,,-0.3,,,,CELSIUS,Degré Celsius (°C),SE,Standard error,0.1,,N,National,,
DATAFLOW,SPC:DF_CLIMATE_CHANGE(1.0),Indicateurs du changement climatique,I,A,Annuel,ST_ANOM,Anomalies des températures de surface,WS,Samoa,1897,,-0.2,,,,CELSIUS,Degré Celsius (°C),SE,Standard error,0.1,,N,National,,
DATAFLOW,SPC:DF_CLIMATE_CHANGE(1.0),Indicateurs du changement climatique,I,A,Annuel,ST_ANOM,Anomalies des températures de surface,WS,Samoa,1898,,-0.3,,,,CELSIUS,Degré Celsius (°C),SE,Standard error,0.0,,N,National,,
DATAFLOW,SPC:DF_CLIMATE_CHANGE(1.0),Indicateurs du changement climatique,I,A,Annuel,ST_ANOM,Anomalies des températures de surface,WS,Samoa,1899,,-0.2,,,,CELSIUS,Degré Celsius (°C),SE,Standard error,0.1,,N,National,,
DATAFLOW,SPC:DF_CLIMATE_CHANGE(1.0),Indicateurs du changement climatique,I,A,Annuel,ST_ANOM,Anomalies des températures de surface,WS,Samoa,1900,,0.2,,,,CELSIUS,Degré Celsius (°C),SE,Standard error,0.1,,N,National,,
DATAFLOW,SPC:DF_CLIMATE_CHANGE(1.0),Indicateurs du changement climatique,I,A,Annuel,ST_ANOM,Anomalies des températures de surface,WS,Samoa,1901,,0.1,,,,CELSIUS,Degré Celsius (°C),SE,Standard error,0.1,,N,National,,
DATAFLOW,SPC:DF_CLIMATE_CHANGE(1.0),Indicateurs du changement climatique,I,A,Annuel,ST_ANOM,Anomalies des températures de surface,WS,Samoa,1902,,-0.4,,,,CELSIUS,Degré Celsius (°C),SE,Standard error,0.1,,N,National,,
DATAFLOW,SPC:DF_CLIMATE_CHANGE(1.0),Indicateurs du changement climatique,I,A,Annuel,ST_ANOM,Anomalies des températures de surface,WS,Samoa,1903,,-0.2,,,,CELSIUS,Degré Celsius (°C),SE,Standard error,0.1,,N,National,,
DATAFLOW,SPC:DF_CLIMATE_CHANGE(1.0),Indicateurs du changement climatique,I,A,Annuel,ST_ANOM,Anomalies des températures de surface,WS,Samoa,1904,,-0.6,,,,CELSIUS,Degré Celsius (°C),SE,Standard error,0.1,,N,National,,
DATAFLOW,SPC:DF_CLIMATE_CHANGE(1.0),Indicateurs du changement climatique,I,A,Annuel,ST_ANOM,Anomalies des températures de surface,WS,Samoa,1905,,-0.4,,,,CELSIUS,Degré Celsius (°C),SE,Standard error,0.0,,N,National,,
DATAFLOW,SPC:DF_CLIMATE_CHANGE(1.0),Indicateurs du changement climatique,I,A,Annuel,ST_ANOM,Anomalies des températures de surface,WS,Samoa,1906,,-0.3,,,,CELSIUS,Degré Celsius (°C),SE,Standard error,0.1,,N,National,,
DATAFLOW,SPC:DF_CLIMATE_CHANGE(1.0),Indicateurs du changement climatique,I,A,Annuel,ST_ANOM,Anomalies des températures de surface,WS,Samoa,1907,,-0.4,,,,CELSIUS,Degré Celsius (°C),SE,Standard error,0.1,,N,National,,
DATAFLOW,SPC:DF_CLIMATE_CHANGE(1.0),Indicateurs du changement climatique,I,A,Annuel,ST_ANOM,Anomalies des températures de surface,WS,Samoa,1908,,-0.5,,,,CELSIUS,Degré Celsius (°C),SE,Standard error,0.1,,N,National,,
DATAFLOW,SPC:DF_CLIMATE_CHANGE(1.0),Indicateurs du changement climatique,I,A,Annuel,ST_ANOM,Anomalies des températures de surface,WS,Samoa,1909,,-0.8,,,,CELSIUS,Degré Celsius (°C),SE,Standard error,0.1,,N,National,,
DATAFLOW,SPC:DF_CLIMATE_CHANGE(1.0),Indicateurs du changement climatique,I,A,Annuel,ST_ANOM,Anomalies des températures de surface,WS,Samoa,1910,,-0.9,,,,CELSIUS,Degré Celsius (°C),SE,Standard error,0.0,,N,National,,
DATAFLOW,SPC:DF_CLIMATE_CHANGE(1.0),Indicateurs du changement climatique,I,A,Annuel,ST_ANOM,Anomalies des températures de surface,WS,Samoa,1911,,-0.6,,,,CELSIUS,Degré Celsius (°C),SE,Standard error,0.1,,N,National,,
DATAFLOW,SPC:DF_CLIMATE_CHANGE(1.0),Indicateurs du changement climatique,I,A,Annuel,ST_ANOM,Anomalies des températures de surface,WS,Samoa,1912,,-0.3,,,,CELSIUS,Degré Celsius (°C),SE,Standard error,0.0,,N,National,,
DATAFLOW,SPC:DF_CLIMATE_CHANGE(1.0),Indicateurs du changement climatique,I,A,Annuel,ST_ANOM,Anomalies des températures de surface,WS,Samoa,1913,,-0.5,,,,CELSIUS,Degré Celsius (°C),SE,Standard error,0.0,,N,National,,
DATAFLOW,SPC:DF_CLIMATE_CHANGE(1.0),Indicateurs du changement climatique,I,A,Annuel,ST_ANOM,Anomalies des températures de surface,WS,Samoa,1914,,-0.3,,,,CELSIUS,Degré Celsius (°C),SE,Standard error,0.1,,N,National,,
DATAFLOW,SPC:DF_CLIMATE_CHANGE(1.0),Indicateurs du changement climatique,I,A,Annuel,ST_ANOM,Anomalies des températures de surface,WS,Samoa,1915,,-0.2,,,,CELSIUS,Degré Celsius (°C),SE,Standard error,0.1,,N,National,,
DATAFLOW,SPC:DF_CLIMATE_CHANGE(1.0),Indicateurs du changement climatique,I,A,Annuel,ST_ANOM,Anomalies des températures de surface,WS,Samoa,1916,,-0.5,,,,CELSIUS,Degré Celsius (°C),SE,Standard error,0.1,,N,National,,
DATAFLOW,SPC:DF_CLIMATE_CHANGE(1.0),Indicateurs du changement climatique,I,A,Annuel,ST_ANOM,Anomalies des températures de surface,WS,Samoa,1917,,-1.1,,,,CELSIUS,Degré Celsius (°C),SE,Standard error,0.1,,N,National,,
DATAFLOW,SPC:DF_CLIMATE_CHANGE(1.0),Indicateurs du changement climatique,I,A,Annuel,ST_ANOM,Anomalies des températures de surface,WS,Samoa,1918,,-0.6,,,,CELSIUS,Degré Celsius (°C),SE,Standard error,0.1,,N,National,,
DATAFLOW,SPC:DF_CLIMATE_CHANGE(1.0),Indicateurs du changement climatique,I,A,Annuel,ST_ANOM,Anomalies des températures de surface,WS,Samoa,1919,,-0.8,,,,CELSIUS,Degré Celsius (°C),SE,Standard error,0.1,,N,National,,
DATAFLOW,SPC:DF_CLIMATE_CHANGE(1.0),Indicateurs du changement climatique,I,A,Annuel,ST_ANOM,Anomalies des températures de surface,WS,Samoa,1920,,-0.5,,,,CELSIUS,Degré Celsius (°C),SE,Standard error,0.1,,N,National,,
DATAFLOW,SPC:DF_CLIMATE_CHANGE(1.0),Indicateurs du changement climatique,I,A,Annuel,ST_ANOM,Anomalies des températures de surface,WS,Samoa,1921,,-0.5,,,,CELSIUS,Degré Celsius (°C),SE,Standard error,0.1,,N,National,,
DATAFLOW,SPC:DF_CLIMATE_CHANGE(1.0),Indicateurs du changement climatique,I,A,Annuel,ST_ANOM,Anomalies des températures de surface,WS,Samoa,1922,,-0.2,,,,CELSIUS,Degré Celsius (°C),SE,Standard error,0.1,,N,National,,
DATAFLOW,SPC:DF_CLIMATE_CHANGE(1.0),Indicateurs du changement climatique,I,A,Annuel,ST_ANOM,Anomalies des températures de surface,WS,Samoa,1923,,-0.4,,,,CELSIUS,Degré Celsius (°C),SE,Standard error,0.0,,N,National,,
DATAFLOW,SPC:DF_CLIMATE_CHANGE(1.0),Indicateurs du changement climatique,I,A,Annuel,ST_ANOM,Anomalies des températures de surface,WS,Samoa,1924,,-0.2,,,,CELSIUS,Degré Celsius (°C),SE,Standard error,0.1,,N,National,,
DATAFLOW,SPC:DF_CLIMATE_CHANGE(1.0),Indicateurs du changement climatique,I,A,Annuel,ST_ANOM,Anomalies des températures de surface,WS,Samoa,1925,,-0.3,,,,CELSIUS,Degré Celsius (°C),SE,Standard error,0.1,,N,National,,
DATAFLOW,SPC:DF_CLIMATE_CHANGE(1.0),Indicateurs du changement climatique,I,A,Annuel,ST_ANOM,Anomalies des températures de surface,WS,Samoa,1926,,-0.2,,,,CELSIUS,Degré Celsius (°C),SE,Standard error,0.1,,N,National,,
DATAFLOW,SPC:DF_CLIMATE_CHANGE(1.0),Indicateurs du changement climatique,I,A,Annuel,ST_ANOM,Anomalies des températures de surface,WS,Samoa,1927,,-0.4,,,,CELSIUS,Degré Celsius (°C),SE,Standard error,0.1,,N,National,,
DATAFLOW,SPC:DF_CLIMATE_CHANGE(1.0),Indicateurs du changement climatique,I,A,Annuel,ST_ANOM,Anomalies des températures de surface,WS,Samoa,1928,,-0.3,,,,CELSIUS,Degré Celsius (°C),SE,Standard error,0.1,,N,National,,
DATAFLOW,SPC:DF_CLIMATE_CHANGE(1.0),Indicateurs du changement climatique,I,A,Annuel,ST_ANOM,Anomalies des températures de surface,WS,Samoa,1929,,-0.3,,,,CELSIUS,Degré Celsius (°C),SE,Standard error,0.0,,N,National,,
DATAFLOW,SPC:DF_CLIMATE_CHANGE(1.0),Indicateurs du changement climatique,I,A,Annuel,ST_ANOM,Anomalies des températures de surface,WS,Samoa,1930,,-0.3,,,,CELSIUS,Degré Celsius (°C),SE,Standard error,0.1,,N,National,,
DATAFLOW,SPC:DF_CLIMATE_CHANGE(1.0),Indicateurs du changement climatique,I,A,Annuel,ST_ANOM,Anomalies des températures de surface,WS,Samoa,1931,,-0.2,,,,CELSIUS,Degré Celsius (°C),SE,Standard error,0.0,,N,National,,
DATAFLOW,SPC:DF_CLIMATE_CHANGE(1.0),Indicateurs du changement climatique,I,A,Annuel,ST_ANOM,Anomalies des températures de surface,WS,Samoa,1932,,-0.2,,,,CELSIUS,Degré Celsius (°C),SE,Standard error,0.0,,N,National,,
DATAFLOW,SPC:DF_CLIMATE_CHANGE(1.0),Indicateurs du changement climatique,I,A,Annuel,ST_ANOM,Anomalies des températures de surface,WS,Samoa,1933,,-0.6,,,,CELSIUS,Degré Celsius (°C),SE,Standard error,0.1,,N,National,,
DATAFLOW,SPC:DF_CLIMATE_CHANGE(1.0),Indicateurs du changement climatique,I,A,Annuel,ST_ANOM,Anomalies des températures de surface,WS,Samoa,1934,,-0.4,,,,CELSIUS,Degré Celsius (°C),SE,Standard error,0.1,,N,National,,
DATAFLOW,SPC:DF_CLIMATE_CHANGE(1.0),Indicateurs du changement climatique,I,A,Annuel,ST_ANOM,Anomalies des températures de surface,WS,Samoa,1935,,-0.4,,,,CELSIUS,Degré Celsius (°C),SE,Standard error,0.1,,N,National,,
DATAFLOW,SPC:DF_CLIMATE_CHANGE(1.0),Indicateurs du changement climatique,I,A,Annuel,ST_ANOM,Anomalies des températures de surface,WS,Samoa,1936,,-0.3,,,,CELSIUS,Degré Celsius (°C),SE,Standard error,0.0,,N,National,,
DATAFLOW,SPC:DF_CLIMATE_CHANGE(1.0),Indicateurs du changement climatique,I,A,Annuel,ST_ANOM,Anomalies des températures de surface,WS,Samoa,1937,,-0.3,,,,CELSIUS,Degré Celsius (°C),SE,Standard error,0.0,,N,National,,
DATAFLOW,SPC:DF_CLIMATE_CHANGE(1.0),Indicateurs du changement climatique,I,A,Annuel,ST_ANOM,Anomalies des températures de surface,WS,Samoa,1938,,-0.4,,,,CELSIUS,Degré Celsius (°C),SE,Standard error,0.0,,N,National,,
DATAFLOW,SPC:DF_CLIMATE_CHANGE(1.0),Indicateurs du changement climatique,I,A,Annuel,ST_ANOM,Anomalies des températures de surface,WS,Samoa,1939,,-0.6,,,,CELSIUS,Degré Celsius (°C),SE,Standard error,0.0,,N,National,,
DATAFLOW,SPC:DF_CLIMATE_CHANGE(1.0),Indicateurs du changement climatique,I,A,Annuel,ST_ANOM,Anomalies des températures de surface,WS,Samoa,1940,,0.0,,,,CELSIUS,Degré Celsius (°C),SE,Standard error,0.1,,N,National,,
DATAFLOW,SPC:DF_CLIMATE_CHANGE(1.0),Indicateurs du changement climatique,I,A,Annuel,ST_ANOM,Anomalies des températures de surface,WS,Samoa,1941,,0.1,,,,CELSIUS,Degré Celsius (°C),SE,Standard error,0.0,,N,National,,
DATAFLOW,SPC:DF_CLIMATE_CHANGE(1.0),Indicateurs du changement climatique,I,A,Annuel,ST_ANOM,Anomalies des températures de surface,WS,Samoa,1942,,0.0,,,,CELSIUS,Degré Celsius (°C),SE,Standard error,0.1,,N,National,,
DATAFLOW,SPC:DF_CLIMATE_CHANGE(1.0),Indicateurs du changement climatique,I,A,Annuel,ST_ANOM,Anomalies des températures de surface,WS,Samoa,1943,,-0.1,,,,CELSIUS,Degré Celsius (°C),SE,Standard error,0.1,,N,National,,
DATAFLOW,SPC:DF_CLIMATE_CHANGE(1.0),Indicateurs du changement climatique,I,A,Annuel,ST_ANOM,Anomalies des températures de surface,WS,Samoa,1944,,0.1,,,,CELSIUS,Degré Celsius (°C),SE,Standard error,0.1,,N,National,,
DATAFLOW,SPC:DF_CLIMATE_CHANGE(1.0),Indicateurs du changement climatique,I,A,Annuel,ST_ANOM,Anomalies des températures de surface,WS,Samoa,1945,,0.1,,,,CELSIUS,Degré Celsius (°C),SE,Standard error,0.0,,N,National,,
DATAFLOW,SPC:DF_CLIMATE_CHANGE(1.0),Indicateurs du changement climatique,I,A,Annuel,ST_ANOM,Anomalies des températures de surface,WS,Samoa,1946,,0.2,,,,CELSIUS,Degré Celsius (°C),SE,Standard error,0.1,,N,National,,
DATAFLOW,SPC:DF_CLIMATE_CHANGE(1.0),Indicateurs du changement climatique,I,A,Annuel,ST_ANOM,Anomalies des températures de surface,WS,Samoa,1947,,0.1,,,,CELSIUS,Degré Celsius (°C),SE,Standard error,0.1,,N,National,,
DATAFLOW,SPC:DF_CLIMATE_CHANGE(1.0),Indicateurs du changement climatique,I,A,Annuel,ST_ANOM,Anomalies des températures de surface,WS,Samoa,1948,,-0.2,,,,CELSIUS,Degré Celsius (°C),SE,Standard error,0.1,,N,National,,
DATAFLOW,SPC:DF_CLIMATE_CHANGE(1.0),Indicateurs du changement climatique,I,A,Annuel,ST_ANOM,Anomalies des températures de surface,WS,Samoa,1949,,-0.2,,,,CELSIUS,Degré Celsius (°C),SE,Standard error,0.0,,N,National,,
DATAFLOW,SPC:DF_CLIMATE_CHANGE(1.0),Indicateurs du changement climatique,I,A,Annuel,ST_ANOM,Anomalies des températures de surface,WS,Samoa,1950,,-0.4,,,,CELSIUS,Degré Celsius (°C),SE,Standard error,0.1,,N,National,,
DATAFLOW,SPC:DF_CLIMATE_CHANGE(1.0),Indicateurs du changement climatique,I,A,Annuel,ST_ANOM,Anomalies des températures de surface,WS,Samoa,1951,,-0.1,,,,CELSIUS,Degré Celsius (°C),SE,Standard error,0.0,,N,National,,
DATAFLOW,SPC:DF_CLIMATE_CHANGE(1.0),Indicateurs du changement climatique,I,A,Annuel,ST_ANOM,Anomalies des températures de surface,WS,Samoa,1952,,0.0,,,,CELSIUS,Degré Celsius (°C),SE,Standard error,0.0,,N,National,,
DATAFLOW,SPC:DF_CLIMATE_CHANGE(1.0),Indicateurs du changement climatique,I,A,Annuel,ST_ANOM,Anomalies des températures de surface,WS,Samoa,1953,,0.1,,,,CELSIUS,Degré Celsius (°C),SE,Standard error,0.1,,N,National,,
DATAFLOW,SPC:DF_CLIMATE_CHANGE(1.0),Indicateurs du changement climatique,I,A,Annuel,ST_ANOM,Anomalies des températures de surface,WS,Samoa,1954,,-0.1,,,,CELSIUS,Degré Celsius (°C),SE,Standard error,0.1,,N,National,,
DATAFLOW,SPC:DF_CLIMATE_CHANGE(1.0),Indicateurs du changement climatique,I,A,Annuel,ST_ANOM,Anomalies des températures de surface,WS,Samoa,1955,,-0.4,,,,CELSIUS,Degré Celsius (°C),SE,Standard error,0.1,,N,National,,
DATAFLOW,SPC:DF_CLIMATE_CHANGE(1.0),Indicateurs du changement climatique,I,A,Annuel,ST_ANOM,Anomalies des températures de surface,WS,Samoa,1956,,-0.4,,,,CELSIUS,Degré Celsius (°C),SE,Standard error,0.1,,N,National,,
DATAFLOW,SPC:DF_CLIMATE_CHANGE(1.0),Indicateurs du changement climatique,I,A,Annuel,ST_ANOM,Anomalies des températures de surface,WS,Samoa,1957,,-0.2,,,,CELSIUS,Degré Celsius (°C),SE,Standard error,0.0,,N,National,,
DATAFLOW,SPC:DF_CLIMATE_CHANGE(1.0),Indicateurs du changement climatique,I,A,Annuel,ST_ANOM,Anomalies des températures de surface,WS,Samoa,1958,,0.0,,,,CELSIUS,Degré Celsius (°C),SE,Standard error,0.0,,N,National,,
DATAFLOW,SPC:DF_CLIMATE_CHANGE(1.0),Indicateurs du changement climatique,I,A,Annuel,ST_ANOM,Anomalies des températures de surface,WS,Samoa,1959,,0.1,,,,CELSIUS,Degré Celsius (°C),SE,Standard error,0.1,,N,National,,
DATAFLOW,SPC:DF_CLIMATE_CHANGE(1.0),Indicateurs du changement climatique,I,A,Annuel,ST_ANOM,Anomalies des températures de surface,WS,Samoa,1960,,-0.1,,,,CELSIUS,Degré Celsius (°C),SE,Standard error,0.1,,N,National,,
DATAFLOW,SPC:DF_CLIMATE_CHANGE(1.0),Indicateurs du changement climatique,I,A,Annuel,ST_ANOM,Anomalies des températures de surface,WS,Samoa,1961,,0.0,,,,CELSIUS,Degré Celsius (°C),SE,Standard error,0.1,,N,National,,
DATAFLOW,SPC:DF_CLIMATE_CHANGE(1.0),Indicateurs du changement climatique,I,A,Annuel,ST_ANOM,Anomalies des températures de surface,WS,Samoa,1962,,-0.1,,,,CELSIUS,Degré Celsius (°C),SE,Standard error,0.0,,N,National,,
DATAFLOW,SPC:DF_CLIMATE_CHANGE(1.0),Indicateurs du changement climatique,I,A,Annuel,ST_ANOM,Anomalies des températures de surface,WS,Samoa,1963,,0.0,,,,CELSIUS,Degré Celsius (°C),SE,Standard error,0.0,,N,National,,
DATAFLOW,SPC:DF_CLIMATE_CHANGE(1.0),Indicateurs du changement climatique,I,A,Annuel,ST_ANOM,Anomalies des températures de surface,WS,Samoa,1964,,-0.2,,,,CELSIUS,Degré Celsius (°C),SE,Standard error,0.1,,N,National,,
DATAFLOW,SPC:DF_CLIMATE_CHANGE(1.0),Indicateurs du changement climatique,I,A,Annuel,ST_ANOM,Anomalies des températures de surface,WS,Samoa,1965,,-0.3,,,,CELSIUS,Degré Celsius (°C),SE,Standard error,0.0,,N,National,,
DATAFLOW,SPC:DF_CLIMATE_CHANGE(1.0),Indicateurs du changement climatique,I,A,Annuel,ST_ANOM,Anomalies des températures de surface,WS,Samoa,1966,,0.1,,,,CELSIUS,Degré Celsius (°C),SE,Standard error,0.0,,N,National,,
DATAFLOW,SPC:DF_CLIMATE_CHANGE(1.0),Indicateurs du changement climatique,I,A,Annuel,ST_ANOM,Anomalies des températures de surface,WS,Samoa,1967,,-0.3,,,,CELSIUS,Degré Celsius (°C),SE,Standard error,0.0,,N,National,,
DATAFLOW,SPC:DF_CLIMATE_CHANGE(1.0),Indicateurs du changement climatique,I,A,Annuel,ST_ANOM,Anomalies des températures de surface,WS,Samoa,1968,,-0.1,,,,CELSIUS,Degré Celsius (°C),SE,Standard error,0.1,,N,National,,
DATAFLOW,SPC:DF_CLIMATE_CHANGE(1.0),Indicateurs du changement climatique,I,A,Annuel,ST_ANOM,Anomalies des températures de surface,WS,Samoa,1969,,0.3,,,,CELSIUS,Degré Celsius (°C),SE,Standard error,0.0,,N,National,,
DATAFLOW,SPC:DF_CLIMATE_CHANGE(1.0),Indicateurs du changement climatique,I,A,Annuel,ST_ANOM,Anomalies des températures de surface,WS,Samoa,1970,,0.0,,,,CELSIUS,Degré Celsius (°C),SE,Standard error,0.1,,N,National,,
DATAFLOW,SPC:DF_CLIMATE_CHANGE(1.0),Indicateurs du changement climatique,I,A,Annuel,ST_ANOM,Anomalies des températures de surface,WS,Samoa,1971,,-0.3,,,,CELSIUS,Degré Celsius (°C),SE,Standard error,0.1,,N,National,,
DATAFLOW,SPC:DF_CLIMATE_CHANGE(1.0),Indicateurs du changement climatique,I,A,Annuel,ST_ANOM,Anomalies des températures de surface,WS,Samoa,1972,,-0.2,,,,CELSIUS,Degré Celsius (°C),SE,Standard error,0.0,,N,National,,
DATAFLOW,SPC:DF_CLIMATE_CHANGE(1.0),Indicateurs du changement climatique,I,A,Annuel,ST_ANOM,Anomalies des températures de surface,WS,Samoa,1973,,0.0,,,,CELSIUS,Degré Celsius (°C),SE,Standard error,0.1,,N,National,,
DATAFLOW,SPC:DF_CLIMATE_CHANGE(1.0),Indicateurs du changement climatique,I,A,Annuel,ST_ANOM,Anomalies des températures de surface,WS,Samoa,1974,,-0.4,,,,CELSIUS,Degré Celsius (°C),SE,Standard error,0.1,,N,National,,
DATAFLOW,SPC:DF_CLIMATE_CHANGE(1.0),Indicateurs du changement climatique,I,A,Annuel,ST_ANOM,Anomalies des températures de surface,WS,Samoa,1975,,-0.4,,,,CELSIUS,Degré Celsius (°C),SE,Standard error,0.1,,N,National,,
DATAFLOW,SPC:DF_CLIMATE_CHANGE(1.0),Indicateurs du changement climatique,I,A,Annuel,ST_ANOM,Anomalies des températures de surface,WS,Samoa,1976,,-0.4,,,,CELSIUS,Degré Celsius (°C),SE,Standard error,0.1,,N,National,,
DATAFLOW,SPC:DF_CLIMATE_CHANGE(1.0),Indicateurs du changement climatique,I,A,Annuel,ST_ANOM,Anomalies des températures de surface,WS,Samoa,1977,,0.0,,,,CELSIUS,Degré Celsius (°C),SE,Standard error,0.0,,N,National,,
DATAFLOW,SPC:DF_CLIMATE_CHANGE(1.0),Indicateurs du changement climatique,I,A,Annuel,ST_ANOM,Anomalies des températures de surface,WS,Samoa,1978,,0.0,,,,CELSIUS,Degré Celsius (°C),SE,Standard error,0.1,,N,National,,
DATAFLOW,SPC:DF_CLIMATE_CHANGE(1.0),Indicateurs du changement climatique,I,A,Annuel,ST_ANOM,Anomalies des températures de surface,WS,Samoa,1979,,0.0,,,,CELSIUS,Degré Celsius (°C),SE,Standard error,0.0,,N,National,,
DATAFLOW,SPC:DF_CLIMATE_CHANGE(1.0),Indicateurs du changement climatique,I,A,Annuel,ST_ANOM,Anomalies des températures de surface,WS,Samoa,1980,,0.2,,,,CELSIUS,Degré Celsius (°C),SE,Standard error,0.0,,N,National,,
DATAFLOW,SPC:DF_CLIMATE_CHANGE(1.0),Indicateurs du changement climatique,I,A,Annuel,ST_ANOM,Anomalies des températures de surface,WS,Samoa,1981,,-0.1,,,,CELSIUS,Degré Celsius (°C),SE,Standard error,0.1,,N,National,,
DATAFLOW,SPC:DF_CLIMATE_CHANGE(1.0),Indicateurs du changement climatique,I,A,Annuel,ST_ANOM,Anomalies des températures de surface,WS,Samoa,1982,,0.0,,,,CELSIUS,Degré Celsius (°C),SE,Standard error,0.1,,N,National,,
DATAFLOW,SPC:DF_CLIMATE_CHANGE(1.0),Indicateurs du changement climatique,I,A,Annuel,ST_ANOM,Anomalies des températures de surface,WS,Samoa,1983,,-0.2,,,,CELSIUS,Degré Celsius (°C),SE,Standard error,0.1,,N,National,,
DATAFLOW,SPC:DF_CLIMATE_CHANGE(1.0),Indicateurs du changement climatique,I,A,Annuel,ST_ANOM,Anomalies des températures de surface,WS,Samoa,1984,,0.0,,,,CELSIUS,Degré Celsius (°C),SE,Standard error,0.1,,N,National,,
DATAFLOW,SPC:DF_CLIMATE_CHANGE(1.0),Indicateurs du changement climatique,I,A,Annuel,ST_ANOM,Anomalies des températures de surface,WS,Samoa,1985,,-0.2,,,,CELSIUS,Degré Celsius (°C),SE,Standard error,0.0,,N,National,,
DATAFLOW,SPC:DF_CLIMATE_CHANGE(1.0),Indicateurs du changement climatique,I,A,Annuel,ST_ANOM,Anomalies des températures de surface,WS,Samoa,1986,,0.0,,,,CELSIUS,Degré Celsius (°C),SE,Standard error,0.0,,N,National,,
DATAFLOW,SPC:DF_CLIMATE_CHANGE(1.0),Indicateurs du changement climatique,I,A,Annuel,ST_ANOM,Anomalies des températures de surface,WS,Samoa,1987,,0.0,,,,CELSIUS,Degré Celsius (°C),SE,Standard error,0.1,,N,National,,
DATAFLOW,SPC:DF_CLIMATE_CHANGE(1.0),Indicateurs du changement climatique,I,A,Annuel,ST_ANOM,Anomalies des températures de surface,WS,Samoa,1988,,0.1,,,,CELSIUS,Degré Celsius (°C),SE,Standard error,0.1,,N,National,,
DATAFLOW,SPC:DF_CLIMATE_CHANGE(1.0),Indicateurs du changement climatique,I,A,Annuel,ST_ANOM,Anomalies des températures de surface,WS,Samoa,1989,,-0.2,,,,CELSIUS,Degré Celsius (°C),SE,Standard error,0.1,,N,National,,
DATAFLOW,SPC:DF_CLIMATE_CHANGE(1.0),Indicateurs du changement climatique,I,A,Annuel,ST_ANOM,Anomalies des températures de surface,WS,Samoa,1990,,0.1,,,,CELSIUS,Degré Celsius (°C),SE,Standard error,0.1,,N,National,,
DATAFLOW,SPC:DF_CLIMATE_CHANGE(1.0),Indicateurs du changement climatique,I,A,Annuel,ST_ANOM,Anomalies des températures de surface,WS,Samoa,1991,,0.4,,,,CELSIUS,Degré Celsius (°C),SE,Standard error,0.0,,N,National,,
DATAFLOW,SPC:DF_CLIMATE_CHANGE(1.0),Indicateurs du changement climatique,I,A,Annuel,ST_ANOM,Anomalies des températures de surface,WS,Samoa,1992,,0.2,,,,CELSIUS,Degré Celsius (°C),SE,Standard error,0.1,,N,National,,
DATAFLOW,SPC:DF_CLIMATE_CHANGE(1.0),Indicateurs du changement climatique,I,A,Annuel,ST_ANOM,Anomalies des températures de surface,WS,Samoa,1993,,0.1,,,,CELSIUS,Degré Celsius (°C),SE,Standard error,0.0,,N,National,,
DATAFLOW,SPC:DF_CLIMATE_CHANGE(1.0),Indicateurs du changement climatique,I,A,Annuel,ST_ANOM,Anomalies des températures de surface,WS,Samoa,1994,,0.3,,,,CELSIUS,Degré Celsius (°C),SE,Standard error,0.0,,N,National,,
DATAFLOW,SPC:DF_CLIMATE_CHANGE(1.0),Indicateurs du changement climatique,I,A,Annuel,ST_ANOM,Anomalies des températures de surface,WS,Samoa,1995,,0.3,,,,CELSIUS,Degré Celsius (°C),SE,Standard error,0.0,,N,National,,
DATAFLOW,SPC:DF_CLIMATE_CHANGE(1.0),Indicateurs du changement climatique,I,A,Annuel,ST_ANOM,Anomalies des températures de surface,WS,Samoa,1996,,0.1,,,,CELSIUS,Degré Celsius (°C),SE,Standard error,0.0,,N,National,,
DATAFLOW,SPC:DF_CLIMATE_CHANGE(1.0),Indicateurs du changement climatique,I,A,Annuel,ST_ANOM,Anomalies des températures de surface,WS,Samoa,1997,,-0.1,,,,CELSIUS,Degré Celsius (°C),SE,Standard error,0.1,,N,National,,
DATAFLOW,SPC:DF_CLIMATE_CHANGE(1.0),Indicateurs du changement climatique,I,A,Annuel,ST_ANOM,Anomalies des températures de surface,WS,Samoa,1998,,-0.2,,,,CELSIUS,Degré Celsius (°C),SE,Standard error,0.0,,N,National,,
DATAFLOW,SPC:DF_CLIMATE_CHANGE(1.0),Indicateurs du changement climatique,I,A,Annuel,ST_ANOM,Anomalies des températures de surface,WS,Samoa,1999,,0.0,,,,CELSIUS,Degré Celsius (°C),SE,Standard error,0.0,,N,National,,
DATAFLOW,SPC:DF_CLIMATE_CHANGE(1.0),Indicateurs du changement climatique,I,A,Annuel,ST_ANOM,Anomalies des températures de surface,WS,Samoa,2000,,0.2,,,,CELSIUS,Degré Celsius (°C),SE,Standard error,0.0,,N,National,,
DATAFLOW,SPC:DF_CLIMATE_CHANGE(1.0),Indicateurs du changement climatique,I,A,Annuel,ST_ANOM,Anomalies des températures de surface,WS,Samoa,2001,,0.2,,,,CELSIUS,Degré Celsius (°C),SE,Standard error,0.0,,N,National,,
DATAFLOW,SPC:DF_CLIMATE_CHANGE(1.0),Indicateurs du changement climatique,I,A,Annuel,ST_ANOM,Anomalies des températures de surface,WS,Samoa,2002,,0.4,,,,CELSIUS,Degré Celsius (°C),SE,Standard error,0.0,,N,National,,
DATAFLOW,SPC:DF_CLIMATE_CHANGE(1.0),Indicateurs du changement climatique,I,A,Annuel,ST_ANOM,Anomalies des températures de surface,WS,Samoa,2003,,0.5,,,,CELSIUS,Degré Celsius (°C),SE,Standard error,0.0,,N,National,,
DATAFLOW,SPC:DF_CLIMATE_CHANGE(1.0),Indicateurs du changement climatique,I,A,Annuel,ST_ANOM,Anomalies des températures de surface,WS,Samoa,2004,,0.5,,,,CELSIUS,Degré Celsius (°C),SE,Standard error,0.0,,N,National,,
DATAFLOW,SPC:DF_CLIMATE_CHANGE(1.0),Indicateurs du changement climatique,I,A,Annuel,ST_ANOM,Anomalies des températures de surface,WS,Samoa,2005,,0.6,,,,CELSIUS,Degré Celsius (°C),SE,Standard error,0.0,,N,National,,
DATAFLOW,SPC:DF_CLIMATE_CHANGE(1.0),Indicateurs du changement climatique,I,A,Annuel,ST_ANOM,Anomalies des températures de surface,WS,Samoa,2006,,0.5,,,,CELSIUS,Degré Celsius (°C),SE,Standard error,0.0,,N,National,,
DATAFLOW,SPC:DF_CLIMATE_CHANGE(1.0),Indicateurs du changement climatique,I,A,Annuel,ST_ANOM,Anomalies des températures de surface,WS,Samoa,2007,,0.5,,,,CELSIUS,Degré Celsius (°C),SE,Standard error,0.1,,N,National,,
DATAFLOW,SPC:DF_CLIMATE_CHANGE(1.0),Indicateurs du changement climatique,I,A,Annuel,ST_ANOM,Anomalies des températures de surface,WS,Samoa,2008,,0.0,,,,CELSIUS,Degré Celsius (°C),SE,Standard error,0.1,,N,National,,
DATAFLOW,SPC:DF_CLIMATE_CHANGE(1.0),Indicateurs du changement climatique,I,A,Annuel,ST_ANOM,Anomalies des températures de surface,WS,Samoa,2009,,0.4,,,,CELSIUS,Degré Celsius (°C),SE,Standard error,0.0,,N,National,,
DATAFLOW,SPC:DF_CLIMATE_CHANGE(1.0),Indicateurs du changement climatique,I,A,Annuel,ST_ANOM,Anomalies des températures de surface,WS,Samoa,2010,,0.4,,,,CELSIUS,Degré Celsius (°C),SE,Standard error,0.1,,N,National,,
DATAFLOW,SPC:DF_CLIMATE_CHANGE(1.0),Indicateurs du changement climatique,I,A,Annuel,ST_ANOM,Anomalies des températures de surface,WS,Samoa,2011,,0.0,,,,CELSIUS,Degré Celsius (°C),SE,Standard error,0.1,,N,National,,
DATAFLOW,SPC:DF_CLIMATE_CHANGE(1.0),Indicateurs du changement climatique,I,A,Annuel,ST_ANOM,Anomalies des températures de surface,WS,Samoa,2012,,0.4,,,,CELSIUS,Degré Celsius (°C),SE,Standard error,0.1,,N,National,,
DATAFLOW,SPC:DF_CLIMATE_CHANGE(1.0),Indicateurs du changement climatique,I,A,Annuel,ST_ANOM,Anomalies des températures de surface,WS,Samoa,2013,,0.5,,,,CELSIUS,Degré Celsius (°C),SE,Standard error,0.0,,N,National,,
DATAFLOW,SPC:DF_CLIMATE_CHANGE(1.0),Indicateurs du changement climatique,I,A,Annuel,ST_ANOM,Anomalies des températures de surface,WS,Samoa,2014,,0.6,,,,CELSIUS,Degré Celsius (°C),SE,Standard error,0.0,,N,National,,
DATAFLOW,SPC:DF_CLIMATE_CHANGE(1.0),Indicateurs du changement climatique,I,A,Annuel,ST_ANOM,Anomalies des températures de surface,WS,Samoa,2015,,0.5,,,,CELSIUS,Degré Celsius (°C),SE,Standard error,0.1,,N,National,,
DATAFLOW,SPC:DF_CLIMATE_CHANGE(1.0),Indicateurs du changement climatique,I,A,Annuel,ST_ANOM,Anomalies des températures de surface,WS,Samoa,2016,,0.6,,,,CELSIUS,Degré Celsius (°C),SE,Standard error,0.0,,N,National,,
DATAFLOW,SPC:DF_CLIMATE_CHANGE(1.0),Indicateurs du changement climatique,I,A,Annuel,ST_ANOM,Anomalies des températures de surface,WS,Samoa,2017,,0.6,,,,CELSIUS,Degré Celsius (°C),SE,Standard error,0.0,,N,National,,
DATAFLOW,SPC:DF_CLIMATE_CHANGE(1.0),Indicateurs du changement climatique,I,A,Annuel,ST_ANOM,Anomalies des températures de surface,WS,Samoa,2018,,0.6,,,,CELSIUS,Degré Celsius (°C),SE,Standard error,0.1,,N,National,,
DATAFLOW,SPC:DF_CLIMATE_CHANGE(1.0),Indicateurs du changement climatique,I,A,Annuel,ST_ANOM,Anomalies des températures de surface,WS,Samoa,2019,,0.7,,,,CELSIUS,Degré Celsius (°C),SE,Standard error,0.0,,N,National,,
DATAFLOW,SPC:DF_CLIMATE_CHANGE(1.0),Indicateurs du changement climatique,I,A,Annuel,ST_ANOM,Anomalies des températures de surface,WS,Samoa,2020,,0.6,,,,CELSIUS,Degré Celsius (°C),SE,Standard error,0.1,,N,National,,
DATAFLOW,SPC:DF_CLIMATE_CHANGE(1.0),Indicateurs du changement climatique,I,A,Annuel,ST_ANOM,Anomalies des températures de surface,WS,Samoa,2021,,0.3,,,,CELSIUS,Degré Celsius (°C),SE,Standard error,0.0,,N,National,,
DATAFLOW,SPC:DF_CLIMATE_CHANGE(1.0),Indicateurs du changement climatique,I,A,Annuel,ST_ANOM,Anomalies des températures de surface,WS,Samoa,2022,,0.2,,,,CELSIUS,Degré Celsius (°C),SE,Standard error,0.0,,N,National,,
DATAFLOW,SPC:DF_CLIMATE_CHANGE(1.0),Indicateurs du changement climatique,I,A,Annuel,ST_ANOM,Anomalies des températures de surface,WS,Samoa,2023,,0.6,,,,CELSIUS,Degré Celsius (°C),SE,Standard error,0.0,,N,National,,
DATAFLOW,SPC:DF_CLIMATE_CHANGE(1.0),Indicateurs du changement climatique,I,A,Annuel,ST_ANOM,Anomalies des températures de surface,WS,Samoa,2024,,0.8,,,,CELSIUS,Degré Celsius (°C),SE,Standard error,0.1,,N,National,,
DATAFLOW,SPC:DF_CLIMATE_CHANGE(1.0),Indicateurs du changement climatique,I,A,Annuel,ST_ANOM,Anomalies des températures de surface,WS,Samoa,2025,,0.5,,,,CELSIUS,Degré Celsius (°C),SE,Standard error,0.0,,N,National,,
